DG1 3JD,
DG1 3JE,
DG1 3JF,
DG1 3JG,
DG1 3JH,
DG1 3JJ,
DG1 3JL,
DG1 3JN,
DG1 3JP,
DG1 3JQ,
DG1 3JR,
DG1 3JS,
DG1 3JT,
DG1 3JU,
DG1 3JW,
DG1 3JX,
DG1 3JY,
DG1 3JZ,
DG1 3LA,
DG1 3LB,
DG1 3LD,
DG1 3LF,
DG1 3LG,
DG1 3LH,
DG1 3LJ,
DG1 3LL,
DG1 3LN,
DG1 3LP,
DG1 3LQ,
DG1 3LR,
DG1 3LS,
DG1 3LT,
DG1 3LU,
DG1 3LW,
DG1 3LX,
DG1 3LY,
DG1 3LZ,
DG1 3NA,
DG1 3NB,
DG1 3ND,
DG1 3NE,
DG1 3NF,
DG1 3NG,
DG1 3NH,
DG1 3NJ,
DG1 3NL,
DG1 3NN,
DG1 3NP,
DG1 3NQ,
DG1 3NR,
DG1 3NS,
DG1 3NT,
DG1 3NU,
DG1 3NW,
DG1 3NX,
DG1 3NY,
DG1 3NZ,
DG1 3PA,
DG1 3PB,
DG1 3PD,
DG1 3PE,
DG1 3PF,
DG1 3PG,
DG1 3PH,
DG1 3PJ,
DG1 3PL,
DG1 3PN,
DG1 3PP,
DG1 3PQ,
DG1 3PR,
DG1 3PS,
DG1 3PT,
DG1 3PU,
DG1 3PW,
DG1 3PX,
DG1 3PY,
DG1 3PZ,
DG1 3QA,
DG1 3QB,
DG1 3QD,
DG1 3QE,
DG1 3QF,
DG1 3QG,
DG1 3QH,
DG1 3QJ,
DG1 3QL,
DG1 3QN,
DG1 3QP,
DG1 3QQ,
DG1 3QR,
DG1 3QS,
DG1 3QT,
DG1 3QU,
DG1 3QW,
DG1 3QX,
DG1 3QY,
DG1 3QZ,
DG1 3RA,
DG1 3RB,
DG1 3RD,
DG1 3RE,
DG1 3RF,
DG1 3RG,
DG1 3RH,
DG1 3RJ,
DG1 3RL,
DG1 3RN,
DG1 3RP,
DG1 3RQ,
DG1 3RR,
DG1 3RS,
DG1 3RT,
DG1 3RU,
DG1 3RW,
DG1 3RX,
DG1 3RY,
DG1 3RZ,
DG1 3SA,
DG1 3SB,
DG1 3SD,
DG1 3SE,
DG1 3SF,
DG1 3SG,
DG1 3SH,
DG1 3SJ,
DG1 3SL,
DG1 3SN,
DG1 3SP,
DG1 3SQ,
DG1 3SR,
DG1 3SS,
DG1 3ST,
DG1 3SU,
DG1 3SW,
DG1 3SX,
DG1 3SY,
DG1 3SZ,
DG1 3TA,
DG1 3TB,
DG1 3TE,
DG1 3TF,
DG1 3TG,
DG1 3TH,
DG1 3TJ,
DG1 3TL,
DG1 3TN,
DG1 3TP,
DG1 3TQ,
DG1 3TR,
DG1 3TS,
DG1 3TT,
DG1 3TX,
DG1 3TY,
DG1 3UA,
DG1 3UB,
DG1 3UQ,
DG1 3UT,
DG1 3UU,
DG1 3UX,
DG1 3UY,
DG1 3WA,
DG1 3WB,
DG1 3WX,
DG1 3YA,
DG1 3YB,
DG1 3YD,
DG1 3YE,
DG1 3YF,
DG1 3YG,
DG1 3YH,
DG1 3YJ,
DG1 3YL,
DG1 4AA,
DG1 4AB,
DG1 4AD,
DG1 4AE,
DG1 4AF,
DG1 4AG,
DG1 4AH,
DG1 4AJ,
DG1 4AL,
DG1 4AN,
DG1 4AP,
DG1 4AQ,
DG1 4AR,
DG1 4AS,
DG1 4AT,
DG1 4AU,
DG1 4AW,
DG1 4AX,
DG1 4AY,
DG1 4AZ,
DG1 4BA,
DG1 4BB,
DG1 4BD,
DG1 4BE,
DG1 4BF,
DG1 4BG,
DG1 4BH,
DG1 4BJ,
DG1 4BL,
DG1 4BN,
DG1 4BP,
DG1 4BQ,
DG1 4BS,
DG1 4BT,
DG1 4BU,
DG1 4BW,
DG1 4BX,
DG1 4BY,
DG1 4BZ,
DG1 4DA,
DG1 4DB,
DG1 4DD,
DG1 4DE,
DG1 4DF,
DG1 4DG,
DG1 4DH,
DG1 4DJ,
DG1 4DL,
DG1 4DN,
DG1 4DP,
DG1 4DQ,
DG1 4DR,
DG1 4DS,
DG1 4DT,
DG1 4DU,
DG1 4DW,
DG1 4DX,
DG1 4DY,
DG1 4DZ,
DG1 4EA,
DG1 4EB,
DG1 4ED,
DG1 4EE,
DG1 4EF,
DG1 4EG,
DG1 4EH,
DG1 4EJ,
DG1 4EL,
DG1 4EN,
DG1 4EP,
DG1 4EQ,
DG1 4ER,
DG1 4ES,
DG1 4ET,
DG1 4EU,
DG1 4EW,
DG1 4EX,
DG1 4EY,
DG1 4EZ,
DG1 4FD,
DG1 4FF,
DG1 4GA,
DG1 4GB,
DG1 4GD,
DG1 4GE,
DG1 4GG,
DG1 4GW,
DG1 4GX,
DG1 4GY,
DG1 4GZ,
DG1 4HA,
DG1 4HB,
DG1 4HD,
DG1 4HE,
DG1 4HF,
DG1 4HG,
DG1 4HH,
DG1 4HJ,
DG1 4HL,
DG1 4HN,
DG1 4HP,
DG1 4HQ,
DG1 4HR,
DG1 4HS,
DG1 4HT,
DG1 4HU,
DG1 4HW,
DG1 4HX,
DG1 4HY,
DG1 4HZ,
DG1 4JA,
DG1 4JB,
DG1 4JD,
DG1 4JE,
DG1 4JF,
DG1 4JG,
DG1 4JH,
DG1 4JJ,
DG1 4JL,
DG1 4JN,
DG1 4JP,
DG1 4JQ,
DG1 4JR,
DG1 4JS,
DG1 4JT,
DG1 4JU,
DG1 4JW,
DG1 4JX,
DG1 4JY,
DG1 4JZ,
DG1 4LA,
DG1 4LB,
DG1 4LD,
DG1 4LE,
DG1 4LF,
DG1 4LG,
DG1 4LH,
DG1 4LJ,
DG1 4LL,
DG1 4LN,
DG1 4LP,
DG1 4LQ,
DG1 4LR,
DG1 4LS,
DG1 4LT,
DG1 4LU,
DG1 4LW,
DG1 4LX,
DG1 4LY,
DG1 4LZ,
DG1 4NA,
DG1 4NB,
DG1 4ND,
DG1 4NE,
DG1 4NF,
DG1 4NG,
DG1 4NH,
DG1 4NJ,
DG1 4NL,
DG1 4NN,
DG1 4NP,
DG1 4NQ,
DG1 4NR,
DG1 4NS,
DG1 4NT,
DG1 4NU,
DG1 4NW,
DG1 4NX,
DG1 4NY,
DG1 4NZ,
DG1 4PA,
DG1 4PB,
DG1 4PD,
DG1 4PE,
DG1 4PF,
DG1 4PG,
DG1 4PH,
DG1 4PJ,
DG1 4PL,
DG1 4PN,
DG1 4PP,
DG1 4PQ,
DG1 4PR,
DG1 4PS,
DG1 4PT,
DG1 4PU,
DG1 4PW,
DG1 4PX,
DG1 4PY,
DG1 4PZ,
DG1 4QA,
DG1 4QB,
DG1 4QD,
DG1 4QE,
DG1 4QF,
DG1 4QG,
DG1 4QH,
DG1 4QJ,
DG1 4QL,
DG1 4QN,
DG1 4QP,
DG1 4QQ,
DG1 4QR,
DG1 4QS,
DG1 4QT,
DG1 4QU,
DG1 4QW,
DG1 4QX,
DG1 4QY,
DG1 4QZ,
DG1 4RA,
DG1 4RB,
DG1 4RD,
DG1 4RE,
DG1 4RF,
DG1 4RG,
DG1 4RH,
DG1 4RJ,
DG1 4RL,
DG1 4RN,
DG1 4RP,
DG1 4RQ,
DG1 4RR,
DG1 4RS,
DG1 4RT,
DG1 4RU,
DG1 4RW,
DG1 4RX,
DG1 4RY,
DG1 4RZ,
DG1 4SA,
DG1 4SB,
DG1 4SD,
DG1 4SE,
DG1 4SF,
DG1 4SG,
DG1 4SH,
DG1 4SJ,
DG1 4SL,
DG1 4SN,
DG1 4SP,
DG1 4SQ,
DG1 4SR,
DG1 4SS,
DG1 4ST,
DG1 4SU,
DG1 4SW,
DG1 4SX,
DG1 4SY,
DG1 4SZ,
DG1 4TA,
DG1 4TB,
DG1 4TD,
DG1 4TE,
DG1 4TF,
DG1 4TG,
DG1 4TH,
DG1 4TJ,
DG1 4TL,
DG1 4TN,
DG1 4TP,
DG1 4TQ,
DG1 4TR,
DG1 4TS,
DG1 4TT,
DG1 4TU,
DG1 4TW,
DG1 4TX,
DG1 4TY,
DG1 4TZ,
DG1 4UA,
DG1 4UB,
DG1 4UD,
DG1 4UE,
DG1 4UF,
DG1 4UG,
DG1 4UH,
DG1 4UJ,
DG1 4UL,
DG1 4UN,
DG1 4UP,
DG1 4UQ,
DG1 4UR,
DG1 4US,
DG1 4UT,
DG1 4UU,
DG1 4UW,
DG1 4UX,
DG1 4UY,
DG1 4UZ,
DG1 4WA,
DG1 4WB,
DG1 4WD,
DG1 4WE,
DG1 4WF,
DG1 4WG,
DG1 4WH,
DG1 4WJ,
DG1 4WL,
DG1 4WN,
DG1 4WP,
DG1 4WQ,
DG1 4WR,
DG1 4WS,
DG1 4WT,
DG1 4WU,
DG1 4WW,
DG1 4WX,
DG1 4XA,
DG1 4XB,
DG1 4XD,
DG1 4XE,
DG1 4XF,
DG1 4XG,
DG1 4XH,
DG1 4XJ,
DG1 4XL,
DG1 4XN,
DG1 4XP,
DG1 4XQ,
DG1 4XR,
DG1 4XS,
DG1 4XT,
DG1 4XU,
DG1 4XW,
DG1 4XX,
DG1 4XY,
DG1 4XZ,
DG1 4YA,
DG1 4YB,
DG1 4YD,
DG1 4YE,
DG1 4YF,
DG1 4YG,
DG1 4YH,
DG1 4YJ,
DG1 4YL,
DG1 4YN,
DG1 4YP,
DG1 4YQ,
DG1 4YR,
DG1 4YS,
DG1 4YT,
DG1 4YU,
DG1 4YW,
DG1 4YX,
DG1 4YY,
DG1 4YZ,
DG1 4ZA,
DG1 4ZB,
DG1 4ZD,
DG1 4ZE,
DG1 4ZF,
DG1 4ZG,
DG1 4ZH,
DG1 4ZJ,
DG1 4ZL,
DG1 4ZN,
DG1 4ZP,
DG1 4ZQ,
DG1 4ZR,
DG1 4ZS,
DG1 4ZT,
DG1 4ZU,
DG1 4ZW,
DG1 4ZY,
DG1 4ZZ,
DG1 9AB,
DG1 9AD,
DG1 9AE,
DG1 9AF,
DG1 9AG,
DG1 9AH,
DG1 9AJ,
DG1 9AL,
DG1 9AN,
DG1 9AP,
DG1 9AQ,
DG1 9AR,
DG1 9AS,
DG1 9AT,
DG1 9AU,
DG1 9AW,
DG1 9AX,
DG1 9DA,
DG1 9DB,
DG1 9DD,
DG1 9DE,
DG1 9DF,
DG1 9DG,
DG1 9DH,
DG1 9DJ,
DG1 9DL,
DG1 9DN,
DG1 9DP,
DG1 9DQ,
DG1 9DR,
DG1 9DS,
DG1 9DT,
DG1 9DU,
DG1 9DW,
DG1 9DX,
DG1 9DY,
DG1 9DZ,
DG1 9SA,
DG1 9SB,
DG1 9SD,
DG1 9SE,
DG1 9SF,
DG1 9SG,
DG1 9SH,
DG1 9SJ,
DG1 9SL,
DG1 9SN,
DG1 9SP,
DG1 9SQ,
DG1 9SR,
DG1 9SS,
DG1 9ST,
DG1 9SU,
DG1 9SW,
DG1 9SX,
DG1 9SY,
DG1 9SZ,
DG1 9TA,
DG1 9TB,
DG1 9TD,
DG1 9TE,
DG1 9TF,
DG1 9TG,
DG1 9TH,
DG1 9TJ,
DG1 9TL,
DG1 9TN,
DG1 9TP,
DG1 9TQ,
DG1 9TR,
DG1 9TS,
DG1 9TT,
DG1 9TU,
DG1 9TW,
DG1 9TX,
DG1 9TY,
DG1 9TZ,
DG1 9UA,
DG1 9UB,
DG1 9UD,
DG1 9UE,
DG1 9UF,
DG1 9UG,
DG1 9UH,
DG1 9UJ,
DG1 9UL,
DG1 9UN,
DG1 9UP,
DG1 9UQ,
DG1 9UR,
DG1 9US,
DG1 9UT,
DG1 9UU,
DG1 9UW,
DG1 9UX,
DG1 9UY,
DG1 9UZ,
DG1 9ZZ,
DG100AA,
DG100AB,
DG109AA,
DG109AB,
DG109AD,
DG109AE,
DG109AF,
DG109AG,
DG109AH,
DG109AJ,
DG109AL,
DG109AN,
DG109AP,
DG109AQ,
DG109AR,
DG109AS,
DG109AT,
DG109AU,
DG109AW,
DG109AX,
DG109AY,
DG109AZ,
DG109BA,
DG109BB,
DG109BD,
DG109BE,
DG109BF,
DG109BG,
DG109BH,
DG109BJ,
DG109BL,
DG109BN,
DG109BP,
DG109BQ,
DG109BS,
DG109BT,
DG109BU,
DG109BW,
DG109BX,
DG109BY,
DG109BZ,
DG109DA,
DG109DB,
DG109DD,
DG109DE,
DG109DF,
DG109DG,
DG109DH,
DG109DJ,
DG109DL,
DG109DN,
DG109DP,
DG109DQ,
DG109DR,
DG109DS,
DG109DT,
DG109DU,
DG109DW,
DG109DX,
DG109DY,
DG109DZ,
DG109EA,
DG109EB,
DG109ED,
DG109EE,
DG109EF,
DG109EG,
DG109EH,
DG109EJ,
DG109EL,
DG109EN,
DG109EP,
DG109EQ,
DG109ER,
DG109ES,
DG109ET,
DG109EU,
DG109EW,
DG109EX,
DG109EY,
DG109EZ,
DG109FA,
DG109GZ,
DG109HA,
DG109HB,
DG109HD,
DG109HE,
DG109HF,
DG109HG,
DG109HH,
DG109HJ,
DG109HL,
DG109HN,
DG109HP,
DG109HQ,
DG109HR,
DG109HS,
DG109HT,
DG109HU,
DG109HW,
DG109HX,
DG109HY,
DG109HZ,
DG109JA,
DG109JB,
DG109JD,
DG109JE,
DG109JF,
DG109JG,
DG109JH,
DG109JJ,
DG109JL,
DG109JN,
DG109JP,
DG109JQ,
DG109JR,
DG109JT,
DG109JU,
DG109JW,
DG109JX,
DG109JY,
DG109JZ,
DG109LA,
DG109LB,
DG109LD,
DG109LE,
DG109LF,
DG109LG,
DG109LH,
DG109LJ,
DG109LL,
DG109LN,
DG109LP,
DG109LQ,
DG109LR,
DG109LS,
DG109LT,
DG109LU,
DG109LW,
DG109LX,
DG109LY,
DG109LZ,
DG109NA,
DG109NB,
DG109ND,
DG109NE,
DG109NF,
DG109NG,
DG109NH,
DG109NJ,
DG109NL,
DG109NN,
DG109NP,
DG109NQ,
DG109NR,
DG109NS,
DG109NT,
DG109NU,
DG109NW,
DG109NX,
DG109PA,
DG109PB,
DG109PD,
DG109PE,
DG109PF,
DG109PG,
DG109PH,
DG109PJ,
DG109PL,
DG109PN,
DG109PP,
DG109PQ,
DG109PR,
DG109PS,
DG109PT,
DG109PU,
DG109PW,
DG109PX,
DG109PY,
DG109PZ,
DG109QA,
DG109QB,
DG109QD,
DG109QE,
DG109QF,
DG109QG,
DG109QH,
DG109QJ,
DG109QL,
DG109QN,
DG109QP,
DG109QQ,
DG109QR,
DG109QS,
DG109QT,
DG109QU,
DG109QW,
DG109QX,
DG109QY,
DG109QZ,
DG109RA,
DG109RB,
DG109RD,
DG109RE,
DG109RF,
DG109RG,
DG109RH,
DG109RJ,
DG109RL,
DG109RN,
DG109RP,
DG109RQ,
DG109RR,
DG109RS,
DG109RT,
DG109RU,
DG109RX,
DG109RY,
DG109RZ,
DG109SA,
DG109SB,
DG109SD,
DG109SE,
DG109SF,
DG109SG,
DG109SH,
DG109SJ,
DG109SL,
DG109SN,
DG109SP,
DG109SQ,
DG109SR,
DG109SS,
DG109ST,
DG109SU,
DG109SW,
DG109WA,
DG109WN,
DG109WS,
DG109WT,
DG109WU,
DG109WW,
DG109WX,
DG109YA,
DG109YB,
DG109YD,
DG111AA,
DG111AB,
DG111AD,
DG111AE,
DG111AF,
DG111AG,
DG111AH,
DG111AJ,
DG111AL,
DG111AN,
DG111AP,
DG111AQ,
DG111AR,
DG111AS,
DG111AT,
DG111AU,
DG111AW,
DG111AX,
DG111AY,
DG111AZ,
DG111BA,
DG111BB,
DG111BD,
DG111BE,
DG111BF,
DG111BG,
DG111BH,
DG111BJ,
DG111BL,
DG111BN,
DG111BP,
DG111BS,
DG111BT,
DG111BU,
DG111BW,
DG111BX,
DG111BY,
DG111BZ,
DG111DA,
DG111DB,
DG111DD,
DG111DE,
DG111DF,
DG111DG,
DG111DH,
DG111DJ,
DG111DL,
DG111DN,
DG111DP,
DG111DQ,
DG111DR,
DG111DS,
DG111DT,
DG111DU,
DG111DW,
DG111DX,
DG111DY,
DG111DZ,
DG111EA,
DG111ED,
DG111EE,
DG111EG,
DG111EH,
DG111EJ,
DG111EL,
DG111EN,
DG111EP,
DG111EQ,
DG111ER,
DG111ES,
DG111ET,
DG111EU,
DG111EW,
DG111EX,
DG111EY,
DG111GA,
DG111GB,
DG111GD,
DG111GE,
DG111GF,
DG111HA,
DG111HB,
DG111HD,
DG111HE,
DG111HF,
DG111HG,
DG111HH,
DG111HJ,
DG111HL,
DG111HN,
DG111HP,
DG111HQ,
DG111HR,
DG111HS,
DG111HW,
DG111HY,
DG111HZ,
DG111JA,
DG111JB,
DG111JD,
DG111JE,
DG111JF,
DG111JG,
DG111JH,
DG111JJ,
DG111JL,
DG111JN,
DG111JP,
DG111JQ,
DG111JR,
DG111JS,
DG111JT,
DG111JU,
DG111JW,
DG111JX,
DG111JY,
DG111JZ,
DG1 1AA,
DG1 1AD,
DG1 1AE,
DG1 1AG,
DG1 1AU,
DG1 1AX,
DG1 1BA,
DG1 1BB,
DG1 1BD,
DG1 1BF,
DG1 1BG,
DG1 1BH,
DG1 1BJ,
DG1 1BL,
DG1 1BN,
DG1 1BQ,
DG1 1BS,
DG1 1BT,
DG1 1BU,
DG1 1BW,
DG1 1BX,
DG1 1BY,
DG1 1BZ,
DG1 1DA,
DG1 1DB,
DG1 1DD,
DG1 1DE,
DG1 1DF,
DG1 1DG,
DG1 1DH,
DG1 1DJ,
DG1 1DL,
DG1 1DN,
DG1 1DP,
DG1 1DQ,
DG1 1DR,
DG1 1DS,
DG1 1DT,
DG1 1DU,
DG1 1DX,
DG1 1DY,
DG1 1DZ,
DG1 1EA,
DG1 1EB,
DG1 1ED,
DG1 1EE,
DG1 1EF,
DG1 1EG,
DG1 1EH,
DG1 1EJ,
DG1 1EL,
DG1 1EN,
DG1 1EQ,
DG1 1ER,
DG1 1ES,
DG1 1ET,
DG1 1EW,
DG1 1EX,
DG1 1EY,
DG1 1EZ,
DG1 1FA,
DG1 1GL,
DG1 1GN,
DG1 1GP,
DG1 1GQ,
DG1 1GZ,
DG1 1HA,
DG1 1HB,
DG1 1HD,
DG1 1HE,
DG1 1HF,
DG1 1HH,
DG1 1HJ,
DG1 1HL,
DG1 1HN,
DG1 1HP,
DG1 1HQ,
DG1 1HR,
DG1 1HS,
DG1 1HT,
DG1 1HU,
DG1 1HW,
DG1 1HX,
DG1 1HY,
DG1 1HZ,
DG1 1JA,
DG1 1JB,
DG1 1JD,
DG1 1JE,
DG1 1JF,
DG1 1JG,
DG1 1JL,
DG1 1JN,
DG1 1JP,
DG1 1JQ,
DG1 1JR,
DG1 1JS,
DG1 1JU,
DG1 1JW,
DG1 1JX,
DG1 1JY,
DG1 1JZ,
DG1 1LA,
DG1 1LB,
DG1 1LD,
DG1 1LF,
DG1 1LG,
DG1 1LJ,
DG1 1LL,
DG1 1LN,
DG1 1LP,
DG1 1LQ,
DG1 1LR,
DG1 1LS,
DG1 1LT,
DG1 1LU,
DG1 1LW,
DG1 1LX,
DG1 1LY,
DG1 1LZ,
DG1 1NA,
DG1 1NB,
DG1 1ND,
DG1 1NE,
DG1 1NF,
DG1 1NH,
DG1 1NJ,
DG1 1NL,
DG1 1NN,
DG1 1NP,
DG1 1NQ,
DG1 1NR,
DG1 1NS,
DG1 1NT,
DG1 1NU,
DG1 1NW,
DG1 1NX,
DG1 1NY,
DG1 1NZ,
DG1 1PA,
DG1 1PB,
DG1 1PD,
DG1 1PE,
DG1 1PF,
DG1 1PG,
DG1 1PH,
DG1 1PJ,
DG1 1PL,
DG1 1PN,
DG1 1PP,
DG1 1PQ,
DG1 1PS,
DG1 1PW,
DG1 1PX,
DG1 1PY,
DG1 1PZ,
DG1 1QA,
DG1 1QB,
DG1 1QD,
DG1 1QE,
DG1 1QF,
DG1 1QG,
DG1 1QH,
DG1 1QJ,
DG1 1QL,
DG1 1QN,
DG1 1QP,
DG1 1QQ,
DG1 1QR,
DG1 1QS,
DG1 1QT,
DG1 1QU,
DG1 1QW,
DG1 1QX,
DG1 1QY,
DG1 1QZ,
DG1 1RA,
DG1 1RB,
DG1 1RD,
DG1 1RE,
DG1 1RF,
DG1 1RG,
DG1 1RH,
DG1 1RJ,
DG1 1RL,
DG1 1RN,
DG1 1RP,
DG1 1RQ,
DG1 1RR,
DG1 1RS,
DG1 1RT,
DG1 1RU,
DG1 1RW,
DG1 1RX,
DG1 1RY,
DG1 1RZ,
DG1 1SA,
DG1 1SB,
DG1 1SD,
DG1 1SE,
DG1 1SF,
DG1 1SG,
DG1 1SH,
DG1 1SJ,
DG1 1SL,
DG1 1SN,
DG1 1SP,
DG1 1SQ,
DG1 1SR,
DG1 1SS,
DG1 1ST,
DG1 1SU,
DG1 1SW,
DG1 1SX,
DG1 1SY,
DG1 1SZ,
DG1 1TA,
DG1 1TB,
DG1 1TD,
DG1 1TE,
DG1 1TF,
DG1 1TG,
DG1 1TH,
DG1 1TJ,
DG1 1TL,
DG1 1TN,
DG1 1TP,
DG1 1TQ,
DG1 1TR,
DG1 1TS,
DG1 1TT,
DG1 1TU,
DG1 1TW,
DG1 1TX,
DG1 1TY,
DG1 1TZ,
DG1 1UA,
DG1 1UB,
DG1 1UD,
DG1 1UE,
DG1 1UF,
DG1 1UG,
DG1 1UH,
DG1 1UJ,
DG1 1UL,
DG1 1UN,
DG1 1UP,
DG1 1UQ,
DG1 1UR,
DG1 1US,
DG1 1UT,
DG1 1UU,
DG1 1UW,
DG1 1UX,
DG1 1UY,
DG1 1UZ,
DG1 1WB,
DG1 1WD,
DG1 1WT,
DG1 1WU,
DG1 1WW,
DG1 1WX,
DG1 1XA,
DG1 1XB,
DG1 1XD,
DG1 1XE,
DG1 1XF,
DG1 1XG,
DG1 1XH,
DG1 1XJ,
DG1 1XL,
DG1 1XN,
DG1 1XP,
DG1 1XQ,
DG1 1XR,
DG1 1XS,
DG1 1XT,
DG1 1XU,
DG1 1XW,
DG1 1XX,
DG1 1YA,
DG1 1YB,
DG1 1YD,
DG1 1YE,
DG1 1YF,
DG1 1YG,
DG1 1YH,
DG1 1YL,
DG1 1YN,
DG1 1YP,
DG1 1YQ,
DG1 1YR,
DG1 2AA,
DG1 2AB,
DG1 2AD,
DG1 2AF,
DG1 2AG,
DG1 2AH,
DG1 2AL,
DG1 2AN,
DG1 2AP,
DG1 2AQ,
DG1 2AS,
DG1 2AT,
DG1 2AU,
DG1 2AW,
DG1 2AX,
DG1 2AY,
DG1 2BA,
DG1 2BB,
DG1 2BD,
DG1 2BG,
DG1 2BH,
DG1 2BJ,
DG1 2BL,
DG1 2BN,
DG1 2BP,
DG1 2BQ,
DG1 2BS,
DG1 2BT,
DG1 2BU,
DG1 2BW,
DG1 2BX,
DG1 2BY,
DG1 2BZ,
DG1 2DA,
DG1 2DB,
DG1 2DD,
DG1 2DE,
DG1 2DF,
DG1 2DG,
DG1 2DH,
DG1 2DJ,
DG1 2DL,
DG1 2DN,
DG1 2DP,
DG1 2DQ,
DG1 2DR,
DG1 2DS,
DG1 2DT,
DG1 2DU,
DG1 2DW,
DG1 2DX,
DG1 2DY,
DG1 2DZ,
DG1 2EA,
DG1 2EB,
DG1 2ED,
DG1 2EE,
DG1 2EF,
DG1 2EG,
DG1 2EH,
DG1 2EJ,
DG1 2EL,
DG1 2EN,
DG1 2EP,
DG1 2EQ,
DG1 2ER,
DG1 2ES,
DG1 2ET,
DG1 2EU,
DG1 2EW,
DG1 2EX,
DG1 2EY,
DG1 2EZ,
DG1 2GB,
DG1 2HA,
DG1 2HB,
DG1 2HD,
DG1 2HE,
DG1 2HF,
DG1 2HG,
DG1 2HH,
DG1 2HJ,
DG1 2HL,
DG1 2HN,
DG1 2HP,
DG1 2HQ,
DG1 2HR,
DG1 2HS,
DG1 2HT,
DG1 2HU,
DG1 2HW,
DG1 2JA,
DG1 2JB,
DG1 2JD,
DG1 2JE,
DG1 2JF,
DG1 2JG,
DG1 2JH,
DG1 2JJ,
DG1 2JL,
DG1 2JN,
DG1 2JP,
DG1 2JQ,
DG1 2JR,
DG1 2JS,
DG1 2JT,
DG1 2JU,
DG1 2JW,
DG1 2JX,
DG1 2JY,
DG1 2JZ,
DG1 2LA,
DG1 2LB,
DG1 2LD,
DG1 2LE,
DG1 2LF,
DG1 2LG,
DG1 2LH,
DG1 2LJ,
DG1 2LL,
DG1 2LN,
DG1 2LP,
DG1 2LQ,
DG1 2LR,
DG1 2LS,
DG1 2LT,
DG1 2LU,
DG1 2LW,
DG1 2LX,
DG1 2LZ,
DG1 2NF,
DG1 2NJ,
DG1 2NN,
DG1 2NP,
DG1 2NS,
DG1 2NT,
DG1 2NU,
DG1 2NW,
DG1 2NX,
DG1 2NY,
DG1 2NZ,
DG1 2PA,
DG1 2PB,
DG1 2PD,
DG1 2PE,
DG1 2PF,
DG1 2PG,
DG1 2PH,
DG1 2PJ,
DG1 2PL,
DG1 2PN,
DG1 2PP,
DG1 2PQ,
DG1 2PR,
DG1 2PS,
DG1 2PT,
DG1 2PU,
DG1 2PW,
DG1 2PX,
DG1 2PY,
DG1 2PZ,
DG1 2QA,
DG1 2QB,
DG1 2QD,
DG1 2QE,
DG1 2QF,
DG1 2QG,
DG1 2QH,
DG1 2QJ,
DG1 2QL,
DG1 2QN,
DG1 2QP,
DG1 2QQ,
DG1 2QR,
DG1 2QS,
DG1 2QT,
DG1 2QU,
DG1 2QY,
DG1 2QZ,
DG1 2RA,
DG1 2RB,
DG1 2RD,
DG1 2RE,
DG1 2RF,
DG1 2RG,
DG1 2RJ,
DG1 2RL,
DG1 2RN,
DG1 2RP,
DG1 2RQ,
DG1 2RR,
DG1 2RS,
DG1 2RT,
DG1 2RU,
DG1 2RW,
DG1 2RX,
DG1 2RY,
DG1 2RZ,
DG1 2SA,
DG1 2SB,
DG1 2SD,
DG1 2SE,
DG1 2SG,
DG1 2SH,
DG1 2YA,
DG1 2YB,
DG1 2YF,
DG1 2YG,
DG1 2YH,
DG1 2YJ,
DG1 2YL,
DG1 2YN,
DG1 2YP,
DG1 3AA,
DG1 3AB,
DG1 3AD,
DG1 3AE,
DG1 3AF,
DG1 3AG,
DG1 3AH,
DG1 3AJ,
DG1 3AL,
DG1 3AN,
DG1 3AP,
DG1 3AQ,
DG1 3AR,
DG1 3AS,
DG1 3AT,
DG1 3AU,
DG1 3AW,
DG1 3AX,
DG1 3AY,
DG1 3AZ,
DG1 3BA,
DG1 3BB,
DG1 3BD,
DG1 3BE,
DG1 3BF,
DG1 3BG,
DG1 3BH,
DG1 3BJ,
DG1 3BL,
DG1 3BN,
DG1 3BP,
DG1 3BQ,
DG1 3BS,
DG1 3BW,
DG1 3BX,
DG1 3BY,
DG1 3BZ,
DG1 3DA,
DG1 3DB,
DG1 3DD,
DG1 3DF,
DG1 3DG,
DG1 3DH,
DG1 3DJ,
DG1 3DL,
DG1 3DN,
DG1 3DP,
DG1 3DQ,
DG1 3DR,
DG1 3DS,
DG1 3DT,
DG1 3DU,
DG1 3DW,
DG1 3DX,
DG1 3DY,
DG1 3EA,
DG1 3EB,
DG1 3ED,
DG1 3EE,
DG1 3EF,
DG1 3EG,
DG1 3EH,
DG1 3EJ,
DG1 3EL,
DG1 3EN,
DG1 3EP,
DG1 3EQ,
DG1 3ER,
DG1 3ES,
DG1 3ET,
DG1 3EU,
DG1 3EW,
DG1 3EX,
DG1 3EY,
DG1 3EZ,
DG1 3FB,
DG1 3FD,
DG1 3FE,
DG1 3FF,
DG1 3FG,
DG1 3FH,
DG1 3FJ,
DG1 3FL,
DG1 3FN,
DG1 3FP,
DG1 3FQ,
DG1 3FR,
DG1 3FS,
DG1 3FT,
DG1 3FU,
DG1 3FW,
DG1 3FX,
DG1 3FY,
DG1 3FZ,
DG1 3GA,
DG1 3GB,
DG1 3GD,
DG1 3GE,
DG1 3GF,
DG1 3GG,
DG1 3GJ,
DG1 3GP,
DG1 3GQ,
DG1 3GR,
DG1 3GS,
DG1 3GT,
DG1 3GU,
DG1 3GW,
DG1 3GX,
DG1 3GY,
DG1 3GZ,
DG1 3HA,
DG1 3HB,
DG1 3HD,
DG1 3HE,
DG1 3HF,
DG1 3HG,
DG1 3HH,
DG1 3HJ,
DG1 3HL,
DG1 3HN,
DG1 3HP,
DG1 3HQ,
DG1 3HR,
DG1 3HS,
DG1 3HT,
DG1 3HU,
DG1 3HW,
DG1 3HX,
DG1 3HY,
DG1 3HZ,
DG1 3JA,
DG1 3JB,
DG126PY,
DG126PZ,
DG126QA,
DG126QB,
DG126QD,
DG126QE,
DG126QF,
DG126QG,
DG126QH,
DG126QJ,
DG126QL,
DG126QN,
DG126QP,
DG126QQ,
DG126QR,
DG126QS,
DG126QT,
DG126QU,
DG126QW,
DG126QX,
DG126QY,
DG126QZ,
DG126RA,
DG126RB,
DG126RD,
DG126RE,
DG126RF,
DG126RG,
DG126RH,
DG126RJ,
DG126RL,
DG126RN,
DG126RP,
DG126RQ,
DG126RR,
DG126RS,
DG126RU,
DG126RW,
DG126RX,
DG126RY,
DG126RZ,
DG126SA,
DG126SB,
DG126SD,
DG126SE,
DG126SF,
DG126SG,
DG126SH,
DG126SJ,
DG126SL,
DG126SN,
DG126SP,
DG126SQ,
DG126SR,
DG126SS,
DG126ST,
DG126SU,
DG126SW,
DG126SX,
DG126SY,
DG126SZ,
DG126TA,
DG126TB,
DG126TD,
DG126TE,
DG126TF,
DG126TG,
DG126TH,
DG126TJ,
DG126TL,
DG126TN,
DG126TP,
DG126TQ,
DG126TR,
DG126TS,
DG126TT,
DG126TU,
DG126TW,
DG126TX,
DG126TY,
DG126TZ,
DG126UA,
DG126UB,
DG126UD,
DG126UH,
DG126WA,
DG126WB,
DG126WW,
DG126WX,
DG126YA,
DG126YB,
DG126YD,
DG126YE,
DG126YF,
DG126YG,
DG126YH,
DG126YJ,
DG126YL,
DG126YN,
DG126YP,
DG129AA,
DG129AB,
DG129AD,
DG130AA,
DG130AB,
DG130AD,
DG130AE,
DG130AF,
DG130AG,
DG130AH,
DG130AJ,
DG130AL,
DG130AN,
DG130AP,
DG130AQ,
DG130AR,
DG130AS,
DG130AT,
DG130AU,
DG130AW,
DG130AX,
DG130AY,
DG130AZ,
DG130BA,
DG130BB,
DG130BD,
DG130BE,
DG130BF,
DG130BG,
DG130BH,
DG130BJ,
DG130BL,
DG130BN,
DG130BQ,
DG130BZ,
DG130DG,
DG130DH,
DG130DJ,
DG130DL,
DG130DN,
DG130DP,
DG130DQ,
DG130DR,
DG130DS,
DG130DT,
DG130DU,
DG130DW,
DG130DX,
DG130DY,
DG130DZ,
DG130EA,
DG130EB,
DG130ED,
DG130EE,
DG130EF,
DG130EG,
DG130EH,
DG130EJ,
DG130EL,
DG130EN,
DG130EP,
DG130EQ,
DG130ER,
DG130ES,
DG130ET,
DG130HG,
DG130HH,
DG130HJ,
DG130HL,
DG130HN,
DG130HP,
DG130HQ,
DG130HR,
DG130HS,
DG130HT,
DG130HU,
DG130HW,
DG130HX,
DG130JA,
DG130JD,
DG130JE,
DG130JF,
DG130JG,
DG130JH,
DG130JJ,
DG130JL,
DG130JN,
DG130JP,
DG130JQ,
DG130JR,
DG130JS,
DG130JT,
DG130JU,
DG130JW,
DG130JX,
DG130JY,
DG130JZ,
DG130LA,
DG130LB,
DG130LH,
DG130LJ,
DG130LL,
DG130LN,
DG130LP,
DG130LR,
DG130LS,
DG130LT,
DG130LU,
DG130LW,
DG130LX,
DG130LY,
DG130ND,
DG130NE,
DG130NF,
DG130NG,
DG130NH,
DG130NJ,
DG130NL,
DG130NN,
DG130NQ,
DG130NW,
DG130NX,
DG130NY,
DG130NZ,
DG130PA,
DG130PB,
DG130PD,
DG130PE,
DG130PF,
DG130PG,
DG130PH,
DG130PJ,
DG130PL,
DG130PN,
DG130PP,
DG130PQ,
DG130PR,
DG130PS,
DG130PT,
DG130PU,
DG130PW,
DG130PX,
DG130PZ,
DG130QF,
DG130QG,
DG130QH,
DG130QJ,
DG130QL,
DG130QN,
DG130QP,
DG130QQ,
DG130QR,
DG130QS,
DG130QT,
DG130QW,
DG130QZ,
DG130WU,
DG130WW,
DG130WX,
DG130YA,
DG130YB,
DG130YD,
DG130YE,
DG140AB,
DG140RA,
DG140RD,
DG140RE,
DG140RF,
DG140RG,
DG140RL,
DG140RN,
DG140RP,
DG140RQ,
DG140RR,
DG140RS,
DG140RT,
DG140RU,
DG140RW,
DG140RX,
DG140RY,
DG140RZ,
DG140SA,
DG140SB,
DG140SD,
DG140SE,
DG140SF,
DG140SG,
DG140SH,
DG140SQ,
DG140SY,
DG140SZ,
DG140TA,
DG140TB,
DG140TD,
DG140TE,
DG140TF,
DG140TG,
DG140TH,
DG140TJ,
DG140TL,
DG140TN,
DG140TP,
DG140TQ,
DG140TR,
DG140TS,
DG140TT,
DG140TU,
DG140TW,
DG140TX,
DG140UP,
DG140UR,
DG140UT,
DG140UU,
DG140UX,
DG140UY,
DG140WX,
DG140XA,
DG140XB,
DG140XD,
DG140XE,
DG140XF,
DG140XH,
DG140XJ,
DG140XL,
DG140XN,
DG140XP,
DG140XQ,
DG140XR,
DG140XS,
DG140XT,
DG140XU,
DG140XW,
DG140XX,
DG140XY,
DG140XZ,
DG140YA,
DG140YB,
DG140YD,
DG140YE,
DG140YF,
DG140YG,
DG140YH,
DG140YJ,
DG140YL,
DG140YN,
DG140YP,
DG140ZA,
DG165AA,
DG165AB,
DG165AD,
DG165AE,
DG165AF,
DG165AG,
DG165AH,
DG165AJ,
DG165AL,
DG165AN,
DG165AP,
DG165AQ,
DG165AR,
DG165AS,
DG165AT,
DG165AU,
DG165AW,
DG165AX,
DG165AY,
DG165AZ,
DG165BA,
DG165BB,
DG165BD,
DG165BE,
DG165BF,
DG165BG,
DG165BH,
DG165BJ,
DG165BL,
DG165BN,
DG165BP,
DG165BQ,
DG165BS,
DG165BT,
DG165BU,
DG165BW,
DG165BX,
DG165BY,
DG165BZ,
DG165DA,
DG165DB,
DG165DD,
DG165DE,
DG165DF,
DG165DG,
DG165DH,
DG165DJ,
DG165DL,
DG165DN,
DG165DP,
DG165DQ,
DG165DR,
DG165DS,
DG165DT,
DG165DU,
DG165DW,
DG165DX,
DG165DY,
DG165DZ,
DG165EA,
DG165EB,
DG165ED,
DG165EE,
DG165EF,
DG165EG,
DG165EH,
DG165EJ,
DG165EL,
DG165EN,
DG165EP,
DG165EQ,
DG165ER,
DG165ES,
DG165ET,
DG165EU,
DG165EW,
DG165EX,
DG165EY,
DG165EZ,
DG165FA,
DG165FB,
DG165FD,
DG165FE,
DG165FF,
DG165FG,
DG165FZ,
DG165GA,
DG165GD,
DG165GG,
DG165HA,
DG165HB,
DG165HD,
DG165HE,
DG165HF,
DG165HG,
DG165HH,
DG165HJ,
DG165HL,
DG165HN,
DG165HP,
DG165HQ,
DG165HR,
DG165HS,
DG165HT,3
DG165HU,3
DG165HW,
DG165HX,
DG165HY,
DG165HZ,3
DG165JA,3
DG165JB,3
DG165JD,
DG165JE,
DG165JF,
DG165JG,
DG165JH,
DG165JJ,
DG165JL,
DG165JN,
DG165JP,
DG165JQ,
DG165JR,
DG165JS,
DG165JT,
DG165JU,
DG165JW,
DG165JX,
DG165JY,
DG165JZ,
DG165LA,
DG165LB,
DG165LD,
DG165LE,
DG165LF,
DG165LG,
DG165LN,
DG165LQ,
DG165NA,
DG165NB,
DG165QA,
DG165QB,
DG165UP,
DG165WA,
DG165WX,
DG165XA,
DG165YA,
DG165YB,
DG165YD,
DG165YE,
DG165YF,
DG165YG,
DG165YH,
DG165YJ,
DG165YL,
DG2 0AA,
DG2 0AB,
DG2 0AD,
DG2 0AE,
DG2 0AF,
DG2 0AG,
DG2 0AH,
DG2 0AJ,
DG2 0AL,
DG2 0AN,
DG2 0AP,
DG2 0AQ,
DG2 0AR,
DG2 0AS,
DG2 0AT,
DG2 0AU,
DG2 0AW,
DG2 0AX,
DG2 0AY,
DG2 0AZ,
DG2 0BA,
DG2 0BB,
DG2 0BD,
DG2 0BE,
DG2 0BF,
DG2 0BG,
DG2 0BH,
DG2 0BJ,
DG2 0BQ,
DG2 0BS,
DG2 0BU,
DG2 0BX,
DG2 0BY,
DG2 0BZ,
DG2 0DA,
DG2 0DB,
DG2 0DD,
DG2 0DE,
DG2 0DF,
DG2 0DG,
DG2 0DH,
DG2 0DJ,
DG2 0DL,
DG2 0DQ,
DG2 0DS,
DG2 0DY,
DG2 0DZ,
DG2 0EA,
DG2 0EB,
DG2 0ED,
DG2 0EE,
DG2 0EF,
DG2 0EG,
DG2 0EH,
DG2 0EJ,
DG2 0EL,
DG2 0EP,
DG2 0EQ,
DG2 0ER,
DG2 0GY,
DG2 0GZ,
DG2 0HA,
DG2 0HB,
DG2 0HD,
DG2 0HE,
DG2 0HF,
DG2 0HG,
DG2 0HH,
DG2 0HJ,
DG2 0HL,
DG2 0HN,
DG2 0HP,
DG2 0HQ,
DG2 0HR,
DG2 0HS,
DG2 0HT,
DG2 0HU,
DG2 0HW,
DG2 0HX,
DG2 0HY,
DG2 0HZ,
DG2 0JA,
DG2 0JB,
DG2 0JD,
DG2 0JE,
DG2 0JF,
DG2 0JG,
DG2 0JH,
DG2 0JJ,
DG2 0JL,
DG2 0JN,
DG2 0JP,
DG2 0JQ,
DG2 0JR,
DG2 0JS,
DG2 0JT,
DG2 0JU,
DG2 0JW,
DG2 0JX,
DG2 0JY,
DG2 0JZ,
DG2 0LA,
DG2 0LB,
DG2 0LD,
DG2 0LE,
DG2 0LF,
DG2 0LG,
DG2 0LH,
DG2 0LJ,
DG2 0LL,
DG2 0LN,
DG2 0LP,
DG2 0LQ,
DG2 0LR,
DG2 0LS,
DG2 0LT,
DG2 0LU,
DG2 0LW,
DG2 0LX,
DG2 0LY,
DG2 0LZ,
DG2 0NA,
DG2 0NB,
DG2 0ND,
DG2 0NE,
DG2 0NF,
DG2 0NG,
DG2 0NH,
DG2 0NJ,
DG2 0NL,
DG2 0NN,
DG2 0NP,
DG2 0NQ,
DG2 0NR,
DG2 0NS,
DG2 0NT,
DG2 0NU,
DG2 0NW,
DG2 0NX,
DG2 0NY,
DG2 0NZ,
DG2 0PA,
DG2 0PB,
DG2 0PD,
DG2 0PE,
DG2 0PF,
DG2 0PG,
DG2 0PH,
DG2 0PJ,
DG2 0PL,
DG2 0PN,
DG2 0PP,
DG2 0PQ,
DG2 0PR,
DG2 0PS,
DG2 0PT,
DG2 0PU,
DG2 0PW,
DG2 0PX,
DG2 0PY,
DG2 0PZ,
DG2 0QA,
DG2 0QB,
DG2 0QD,
DG2 0QE,
DG2 0QF,
DG2 0QG,
DG2 0QH,
DG2 0QJ,
DG2 0QL,
DG2 0QN,
DG2 0QP,
DG2 0QQ,
DG2 0QR,
DG2 0QT,
DG2 0QU,
DG2 0QX,
DG2 0QY,
DG2 0QZ,
DG2 0RA,
DG2 0RB,
DG2 0RD,
DG2 0RE,
DG2 0RF,
DG2 0RG,
DG2 0RH,
DG2 0RJ,
DG2 0RL,
DG2 0RN,
DG2 0RP,
DG2 0RQ,
DG2 0RR,
DG2 0RS,
DG2 0RT,
DG2 0RU,
DG2 0RW,
DG2 0RX,
DG2 0RY,
DG2 0RZ,
DG2 0SA,
DG2 0SB,
DG2 0SD,
DG2 0SE,
DG2 0SF,
DG2 0SG,
DG2 0SH,
DG2 0SJ,
DG2 0SN,
DG2 0SP,
DG2 0SQ,
DG2 0SR,
DG2 0SS,
DG2 0ST,
DG2 0SU,
DG2 0SW,
DG2 0SX,
DG2 0SY,
DG2 0SZ,
DG2 0TA,
DG2 0TB,
DG2 0TD,
DG2 0TE,
DG2 0TF,
DG2 0TG,
DG2 0TH,
DG2 0TJ,
DG2 0TL,
DG2 0TN,
DG2 0TP,
DG2 0TQ,
DG2 0TR,
DG2 0TS,
DG2 0UA,
DG2 0UB,
DG2 0UD,
DG2 0UE,
DG2 0UF,
DG2 0UG,
DG2 0UH,
DG2 0UJ,
DG2 0UL,
DG2 0UN,
DG2 0UP,
DG2 0UQ,
DG2 0UR,
DG2 0UT,
DG2 0UU,
DG2 0UW,
DG2 0UX,
DG2 0UY,
DG2 0UZ,
DG2 0XA,
DG2 0XE,
DG2 0XG,
DG2 0XH,
DG2 0XJ,
DG2 0XL,
DG2 0XN,
DG2 0XP,
DG2 0XQ,
DG2 0XR,
DG2 0XS,
DG2 0XT,
DG2 0XU,
DG2 0XW,
DG2 0XX,
DG2 0XY,
DG2 0XZ,
DG2 0YA,
DG2 0YB,
DG2 0YD,
DG2 0YE,
DG2 0YF,
DG2 0YG,
DG2 0YH,
DG2 0YJ,
DG2 0YL,
DG2 0YN,
DG2 0YP,
DG2 0YQ,
DG2 0YR,
DG2 0YS,
DG2 0YT,
DG2 7AA,
DG2 7AB,
DG2 7AD,
DG2 7AE,
DG2 7AF,
DG2 7AG,
DG2 7AH,
DG2 7AJ,
DG2 7AL,
DG2 7AN,
DG2 7AP,
DG2 7AQ,
DG2 7AR,
DG2 7AS,
DG2 7AT,
DG2 7AU,
DG2 7AW,
DG2 7AX,
DG2 7AY,
DG2 7AZ,
DG2 7BA,
DG2 7BB,
DG2 7BD,
DG2 7BE,
DG2 7BF,
DG2 7BG,
DG2 7BH,
DG2 7BJ,
DG2 7BL,
DG2 7BN,
DG2 7BP,
DG2 7BQ,
DG2 7DA,
DG2 7DB,
DG2 7DD,
DG2 7DE,
DG2 7DF,
DG2 7DG,
DG2 7DH,
DG2 7DJ,
DG2 7DL,
DG2 7DN,
DG2 7DP,
DG2 7DQ,
DG2 7DR,
DG2 7DS,
DG2 7DT,
DG2 7DU,
DG2 7DW,
DG2 7DX,
DG2 7DY,
DG2 7DZ,
DG2 7EA,
DG2 7EB,
DG2 7ED,
DG2 7EE,
DG2 7EF,
DG2 7EG,
DG2 7EH,
DG2 7EJ,
DG2 7EL,
DG2 7EN,
DG2 7EP,
DG2 7EQ,
DG2 7ER,
DG2 7ES,
DG2 7ET,
DG2 7EU,
DG2 7EW,
DG2 7EX,
DG2 7EY,
DG2 7EZ,
DG2 7FB,
DG2 7FD,
DG2 7FE,
DG2 7GZ,
DG2 7HA,
DG2 7HB,
DG2 7HD,
DG2 7HE,
DG2 7HF,
DG2 7HG,
DG2 7HH,
DG2 7HJ,
DG2 7HL,
DG2 7HN,
DG2 7HP,
DG2 7HQ,
DG2 7HR,
DG2 7HS,
DG2 7HT,
DG2 7HU,
DG2 7HW,
DG2 7HX,
DG2 7HY,
DG2 7HZ,
DG2 7JJ,
DG2 7JL,
DG2 7JN,
DG2 7JP,
DG2 7JR,
DG2 7JS,
DG2 7JT,
DG2 7JU,
DG2 7JW,
DG2 7JX,
DG2 7JY,
DG2 7JZ,
DG2 7LA,
DG2 7LB,
DG2 7LD,
DG2 7LE,
DG2 7LG,
DG2 7LH,
DG2 7LJ,
DG2 7LP,
DG2 7LQ,
DG2 7LR,
DG2 7LS,
DG2 7LT,
DG2 7LU,
DG2 7LW,
DG2 7LZ,
DG2 7NA,
DG2 7NB,
DG2 7ND,
DG2 7NE,
DG2 7NG,
DG2 7NS,
DG2 7NT,
DG2 7NU,
DG2 7NX,
DG2 7NY,
DG2 7NZ,
DG2 7PA,
DG2 7PD,
DG2 7PE,
DG2 7PF,
DG2 7PH,
DG2 7PJ,
DG2 7PL,
DG2 7PN,
DG2 7PQ,
DG2 7PT,
DG2 7PU,
DG2 7PW,
DG2 7PX,
DG2 7PY,
DG2 7PZ,
DG2 7QA,
DG2 7QB,
DG2 7QD,
DG2 7QE,
DG2 7QF,
DG2 7QG,
DG2 7QH,
DG2 7QJ,
DG2 7QQ,
DG2 7QU,
DG2 7QX,
DG2 7QY,
DG2 7QZ,
DG2 7RA,
DG2 7RD,
DG2 7RE,
DG2 7RF,
DG2 7RG,
DG2 7RH,
DG2 7RJ,
DG2 7RL,
DG2 7RN,
DG2 7RP,
DG2 7RQ,
DG2 7RR,
DG2 7RS,
DG2 7RT,
DG2 7RU,
DG2 7RW,
DG2 7RX,
DG2 7RY,
DG2 7RZ,
DG2 7SA,
DG2 7SB,
DG2 7SD,
DG2 7SE,
DG2 7SF,
DG2 7SG,
DG2 7SL,
DG2 7SN,
DG2 7SP,
DG2 7SQ,
DG2 7SR,
DG2 7SS,
DG2 7ST,
DG2 7SU,
DG2 7SW,
DG2 7TH,
DG2 7TJ,
DG2 7TL,
DG2 7TN,
DG2 7YA,
DG2 7YB,
DG2 7YD,
DG2 7YE,
DG2 7YF,
DG2 7YG,
DG2 7YH,
DG2 7YL,
DG2 8AA,
DG2 8AB,
DG2 8AD,
DG2 8AE,
DG2 8AF,
DG2 8AG,
DG2 8AH,
DG2 8AJ,
DG111LA,
DG111LB,
DG111LD,
DG111LE,
DG111LG,
DG111LH,
DG111LJ,
DG111LL,
DG111LN,
DG111LP,
DG111LQ,
DG111LR,
DG111LS,
DG111LT,
DG111LU,
DG111LW,
DG111LX,
DG111LY,
DG111LZ,
DG111NA,
DG111NB,
DG111ND,
DG111NE,
DG111NF,
DG111NG,
DG111NH,
DG111NJ,
DG111NL,
DG111NN,
DG111NP,
DG111NQ,
DG111NR,
DG111NS,
DG111NT,
DG111NU,
DG111NW,
DG111NX,
DG111NY,
DG111NZ,
DG111PA,
DG111PB,
DG111PD,
DG111PE,
DG111PF,
DG111PG,
DG111PH,
DG111PJ,
DG111PL,
DG111PN,
DG111PP,
DG111PQ,
DG111PR,
DG111PS,
DG111PT,
DG111PU,
DG111PW,
DG111PX,
DG111PY,
DG111PZ,
DG111QA,
DG111QB,
DG111QD,
DG111QE,
DG111QF,
DG111QG,
DG111QH,
DG111QJ,
DG111QL,
DG111QN,
DG111QP,
DG111QQ,
DG111QR,
DG111QS,
DG111QT,
DG111QU,
DG111QW,
DG111QX,
DG111QY,
DG111QZ,
DG111RA,
DG111RB,
DG111RD,
DG111RE,
DG111RF,
DG111RG,
DG111RH,
DG111RJ,
DG111RL,
DG111RN,
DG111RP,
DG111RQ,
DG111RR,
DG111RS,
DG111RT,
DG111RU,
DG111RW,
DG111RX,
DG111RY,
DG111RZ,
DG111SA,
DG111SB,
DG111SD,
DG111SE,
DG111SF,
DG111SG,
DG111SH,
DG111SJ,
DG111SL,
DG111SN,
DG111SP,
DG111SQ,
DG111SR,
DG111SS,
DG111ST,
DG111SU,
DG111SW,
DG111SX,
DG111SY,
DG111SZ,
DG111TA,
DG111TB,
DG111TD,
DG111TE,
DG111TF,
DG111TG,
DG111TH,
DG111TJ,
DG111TL,
DG111TN,
DG111TP,
DG111TQ,
DG111TR,
DG111TS,
DG111TT,
DG111TU,
DG111TW,
DG111TX,
DG111TY,
DG111TZ,
DG111UA,
DG111UB,
DG111UD,
DG111UE,
DG111UF,
DG111UG,
DG111WB,
DG111WD,
DG111WP,
DG111WQ,
DG111WR,
DG111WS,
DG111WT,
DG111WU,
DG111WW,
DG111WX,
DG111XA,
DG111YA,
DG111YB,
DG111YD,
DG111YE,
DG111YF,
DG111YG,
DG112AA,
DG112AB,
DG112AD,
DG112AE,
DG112AF,
DG112AG,
DG112AH,
DG112AJ,
DG112AL,
DG112AN,
DG112AP,
DG112AQ,
DG112AR,
DG112AS,
DG112AT,
DG112AU,
DG112AW,
DG112AX,
DG112AY,
DG112AZ,
DG112BA,
DG112BB,
DG112BD,
DG112BE,
DG112BF,
DG112BG,
DG112BH,
DG112BJ,
DG112BL,
DG112BN,
DG112BP,
DG112BQ,
DG112BS,
DG112BT,
DG112BU,
DG112BW,
DG112BX,
DG112BY,
DG112BZ,
DG112DA,
DG112DB,
DG112DD,
DG112DE,
DG112DF,
DG112DG,
DG112DH,
DG112DJ,
DG112DL,
DG112DN,
DG112DP,
DG112DQ,
DG112DR,
DG112DS,
DG112DT,
DG112DU,
DG112DW,
DG112DX,
DG112DY,
DG112DZ,
DG112EA,
DG112EB,
DG112ED,
DG112EE,
DG112EF,
DG112EG,
DG112EH,
DG112EJ,
DG112EL,
DG112EN,
DG112EP,
DG112EQ,
DG112ER,
DG112ES,
DG112ET,
DG112EU,
DG112EW,
DG112EX,
DG112EY,
DG112EZ,
DG112FA,
DG112FB,
DG112FD,
DG112FE,
DG112FF,
DG112FG,
DG112FH,
DG112GA,
DG112GB,
DG112GD,
DG112GZ,
DG112HA,
DG112HB,
DG112HD,
DG112HE,
DG112HF,
DG112HG,
DG112HH,
DG112HJ,
DG112HL,
DG112HN,
DG112HP,
DG112HQ,
DG112HR,
DG112HS,
DG112HT,
DG112HU,
DG112HW,
DG112HX,
DG112HY,
DG112HZ,
DG112JA,
DG112JB,
DG112JD,
DG112JE,
DG112JF,
DG112JG,
DG112JH,
DG112JJ,
DG112JL,
DG112JN,
DG112JP,
DG112JQ,
DG112JR,
DG112JS,
DG112JT,
DG112JU,
DG112JW,
DG112JX,
DG112JY,
DG112JZ,
DG112LA,
DG112LB,
DG112LD,
DG112LE,
DG112LF,
DG112LG,
DG112LH,
DG112LJ,
DG112LL,
DG112LN,
DG112LP,
DG112LQ,
DG112LR,
DG112LS,
DG112LT,
DG112LU,
DG112LW,
DG112LX,
DG112LY,
DG112LZ,
DG112NA,
DG112NB,
DG112ND,
DG112NE,
DG112NF,
DG112NG,
DG112NH,
DG112NJ,
DG112NL,
DG112NN,
DG112NP,
DG112NQ,
DG112NR,
DG112NS,
DG112NT,
DG112NU,
DG112NW,
DG112NX,
DG112NY,
DG112NZ,
DG112PA,
DG112PB,
DG112PD,
DG112PE,
DG112PF,
DG112PG,
DG112PH,
DG112PJ,
DG112PL,
DG112PN,
DG112PP,
DG112PQ,
DG112PR,
DG112PS,
DG112PT,
DG112PU,
DG112PW,
DG112PX,
DG112PY,
DG112PZ,
DG112QA,
DG112QB,
DG112QD,
DG112QE,
DG112QF,
DG112QG,
DG112QH,
DG112QJ,
DG112QL,
DG112QN,
DG112QP,
DG112QQ,
DG112QR,
DG112QS,
DG112QT,
DG112QU,
DG112QW,
DG112QX,
DG112QY,
DG112QZ,
DG112RA,
DG112RB,
DG112RD,
DG112RE,
DG112RF,
DG112RG,
DG112RH,
DG112RJ,
DG112RL,
DG112RN,
DG112RP,
DG112RQ,
DG112RR,
DG112RS,
DG112RT,
DG112RU,
DG112RW,
DG112RX,
DG112RY,
DG112RZ,
DG112SA,
DG112SB,
DG112SD,
DG112SE,
DG112SF,
DG112SG,
DG112SH,
DG112SJ,
DG112SL,
DG112SQ,
DG112SS,
DG112UA,
DG112WS,
DG112WT,
DG112WW,
DG112WX,
DG112YA,
DG112YB,
DG112YD,
DG112YE,
DG112YF,
DG112YG,
DG112YH,
DG112YJ,
DG112YL,
DG112YN,
DG112YX,
DG112YY,
DG113AA,
DG113AB,
DG113AD,
DG113AE,
DG113AF,
DG113AG,
DG113AH,
DG113AJ,
DG113AL,
DG113AN,
DG113AP,
DG113AQ,
DG113AR,
DG113AS,
DG113AT,
DG113AU,
DG113AW,
DG113AX,
DG113AY,
DG113AZ,
DG113BA,
DG113BB,
DG113BD,
DG113BE,
DG113BF,
DG113BG,
DG113BH,
DG113BJ,
DG113BL,
DG113BN,
DG113BQ,
DG113BT,
DG113BU,
DG113BW,
DG113BX,
DG113BY,
DG113BZ,
DG113DA,
DG113DB,
DG113DD,
DG113DE,
DG113DF,
DG113DG,
DG113DH,
DG113DJ,
DG113DL,
DG113DN,
DG113DP,
DG113DQ,
DG113DR,
DG113DS,
DG113DT,
DG113DU,
DG113DW,
DG113DX,
DG113DY,
DG113DZ,
DG113EA,
DG113EB,
DG113ED,
DG113EE,
DG113EF,
DG113EG,
DG113EH,
DG113EJ,
DG113EL,
DG113EN,
DG113EP,
DG113EQ,
DG113ER,
DG113ES,
DG113ET,
DG113EU,
DG113EW,
DG113EX,
DG113EY,
DG113EZ,
DG113FW,
DG113HA,
DG113HB,
DG113HD,
DG113HE,
DG113HF,
DG113HG,
DG113HH,
DG113HJ,
DG113HL,
DG113HN,
DG113HP,
DG113HQ,
DG113HR,
DG113HS,
DG113HT,
DG113HW,
DG113JA,
DG113JB,
DG113JD,
DG113JE,
DG113JF,
DG113JG,
DG113JH,
DG113JJ,
DG113JL,
DG113JN,
DG113JP,
DG113JQ,
DG113JR,
DG113JS,
DG113JT,
DG113JU,
DG113JW,
DG113JX,
DG113JY,
DG113JZ,
DG113LE,
DG113LG,
DG113LH,
DG113LJ,
DG113LL,
DG113LN,
DG113LP,
DG113LQ,
DG113LR,
DG113LS,
DG113LT,
DG113LU,
DG113LW,
DG113LX,
DG113LY,
DG113LZ,
DG113NA,
DG113NB,
DG113ND,
DG113NE,
DG113NF,
DG113NG,
DG113NH,
DG113NJ,
DG113NL,
DG113NN,
DG113NQ,
DG113NS,
DG113NT,
DG113NU,
DG113NX,
DG113NY,
DG113NZ,
DG113PA,
DG113PB,
DG113PD,
DG113PE,
DG113PF,
DG113PG,
DG113PH,
DG113PJ,
DG113PL,
DG113PN,
DG113PP,
DG113PQ,
DG113PR,
DG113PW,
DG113PZ,
DG113WU,
DG113WW,
DG113WX,
DG113YA,
DG113YB,
DG113YD,
DG113YE,
DG113YF,
DG113YG,
DG113YH,
DG119AA,
DG119AB,
DG119AD,
DG119AE,
DG125AA,
DG125AB,
DG125AD,
DG125AE,
DG125AG,
DG125AH,
DG125AJ,
DG125AL,
DG125AN,
DG125AP,
DG125AQ,
DG125AR,
DG125AS,
DG125AT,
DG125AU,
DG125AW,
DG125AX,
DG125AY,
DG125AZ,
DG125BA,
DG125BB,
DG125BD,
DG125BE,
DG125BG,
DG125BH,
DG125BJ,
DG125BL,
DG125BN,
DG125BP,
DG125BQ,
DG125BT,
DG125BW,
DG125DA,
DG125DB,
DG125DD,
DG125DE,
DG125DF,
DG125DG,
DG125DH,
DG125DJ,
DG125DL,
DG125DN,
DG125DP,
DG125DQ,
DG125DR,
DG125DS,
DG125DT,
DG125DU,
DG125DW,
DG125DX,
DG125DY,
DG125DZ,
DG125EA,
DG125EB,
DG125ED,
DG125EE,
DG125EF,
DG125EG,
DG125EH,
DG125EJ,
DG125EL,
DG125EN,
DG125EP,
DG125EQ,
DG125ER,
DG125ES,
DG125ET,
DG125EU,
DG125EW,
DG125EX,
DG125EY,
DG125EZ,
DG125FA,
DG125FB,
DG125GZ,
DG125HA,
DG125HB,
DG125HD,
DG125HE,
DG125HF,
DG125HG,
DG125HH,
DG125HJ,
DG125HL,
DG125HN,
DG125HP,
DG125HQ,
DG125HR,
DG125HS,
DG125HT,
DG125HU,
DG125HW,
DG125HX,
DG125HY,
DG125HZ,
DG125JA,
DG125JB,
DG125JD,
DG125JE,
DG125JF,
DG125JG,
DG125JH,
DG125JJ,
DG125JL,
DG125JN,
DG125JP,
DG125JQ,
DG125JR,
DG125JS,
DG125JT,
DG125JU,
DG125JW,
DG125JX,
DG125JY,
DG125JZ,
DG125LA,
DG125LB,
DG125LD,
DG125LE,
DG125LF,
DG125LG,
DG125LH,
DG125LJ,
DG125LL,
DG125LN,
DG125LP,
DG125LQ,
DG125LR,
DG125LS,
DG125LT,
DG125LU,
DG125LW,
DG125LX,
DG125LY,
DG125LZ,
DG125NA,
DG125NB,
DG125ND,
DG125NE,
DG125NF,
DG125NG,
DG125NH,
DG125NJ,
DG125NL,
DG125NN,
DG125NP,
DG125NQ,
DG125NR,
DG125NS,
DG125NW,
DG125NX,
DG125NY,
DG125NZ,
DG125PA,
DG125PB,
DG125PD,
DG125PE,
DG125PF,
DG125PG,
DG125PH,
DG125PJ,
DG125PL,
DG125PN,
DG125PP,
DG125PQ,
DG125PR,
DG125PS,
DG125PT,
DG125PU,
DG125PW,
DG125PX,
DG125PY,
DG125PZ,
DG125QA,
DG125QB,
DG125QD,
DG125QE,
DG125QF,
DG125QG,
DG125QH,
DG125QJ,
DG125QL,
DG125QN,
DG125QP,
DG125QQ,
DG125QR,
DG125QS,
DG125QT,
DG125QU,
DG125QW,
DG125QX,
DG125QY,
DG125QZ,
DG125RA,
DG125RB,
DG125RD,
DG125RE,
DG125RF,
DG125RG,
DG125RH,
DG125RJ,
DG125RL,
DG125RN,
DG125RP,
DG125RQ,
DG125RR,
DG125RS,
DG125RT,
DG125RW,
DG125WW,
DG125WX,
DG125YA,
DG125YB,
DG125YD,
DG125YE,
DG125YF,
DG125YH,
DG126AA,
DG126AB,
DG126AD,
DG126AE,
DG126AG,
DG126AH,
DG126AJ,
DG126AL,
DG126AN,
DG126AP,
DG126AQ,
DG126AR,
DG126AS,
DG126AT,
DG126AU,
DG126AW,
DG126AX,
DG126AY,
DG126AZ,
DG126BA,
DG126BB,
DG126BD,
DG126BE,
DG126BF,
DG126BG,
DG126BH,
DG126BJ,
DG126BL,
DG126BN,
DG126BP,
DG126BQ,
DG126BR,
DG126BS,
DG126BT,
DG126BU,
DG126BW,
DG126BX,
DG126BY,
DG126BZ,
DG126DA,
DG126DB,
DG126DD,
DG126DE,
DG126DF,
DG126DG,
DG126DH,
DG126DJ,
DG126DL,
DG126DP,
DG126DQ,
DG126DR,
DG126DS,
DG126DT,
DG126DU,
DG126DW,
DG126DX,
DG126DY,
DG126DZ,
DG126EA,
DG126EB,
DG126ED,
DG126EE,
DG126EF,
DG126EG,
DG126EH,
DG126EJ,
DG126EL,
DG126EN,
DG126EP,
DG126EQ,
DG126ER,
DG126ES,
DG126ET,
DG126EU,
DG126EW,
DG126EX,
DG126EY,
DG126EZ,
DG126FB,
DG126FD,
DG126FE,
DG126FF,
DG126GA,
DG126GB,
DG126GN,
DG126GS,
DG126GT,
DG126GX,
DG126GY,
DG126HA,
DG126HB,
DG126HD,
DG126HE,
DG126HF,
DG126HG,
DG126HH,
DG126HJ,
DG126HL,
DG126HN,
DG126HP,
DG126HQ,
DG126HR,
DG126HS,
DG126HT,
DG126HU,
DG126HW,
DG126HX,
DG126HY,
DG126HZ,
DG126JA,
DG126JB,
DG126JD,
DG126JE,
DG126JF,
DG126JG,
DG126JH,
DG126JJ,
DG126JL,
DG126JN,
DG126JP,
DG126JQ,
DG126JR,
DG126JS,
DG126JT,
DG126JU,
DG126JW,
DG126JX,
DG126JY,
DG126JZ,
DG126LA,
DG126LB,
DG126LD,
DG126LE,
DG126LF,
DG126LG,
DG126LH,
DG126LJ,
DG126LL,
DG126LN,
DG126LP,
DG126LQ,
DG126LR,
DG126LS,
DG126LT,
DG126LU,
DG126LW,
DG126LX,
DG126LY,
DG126LZ,
DG126NA,
DG126NB,
DG126ND,
DG126NE,
DG126NF,
DG126NG,
DG126NH,
DG126NJ,
DG126NL,
DG126NN,
DG126NP,
DG126NQ,
DG126NR,
DG126NS,
DG126NT,
DG126NU,
DG126NW,
DG126NX,
DG126NY,
DG126NZ,
DG126PA,
DG126PB,
DG126PD,
DG126PE,
DG126PF,
DG126PG,
DG126PH,
DG126PJ,
DG126PL,
DG126PN,
DG126PP,
DG126PQ,
DG126PR,
DG126PS,
DG126PT,
DG126PU,
DG126PW,
DG126PX,
DG2 8AL,
DG2 8AN,
DG2 8AP,
DG2 8AQ,
DG2 8AR,
DG2 8AS,
DG2 8AT,
DG2 8AU,
DG2 8AW,
DG2 8AX,
DG2 8AY,
DG2 8AZ,
DG2 8BA,
DG2 8BB,
DG2 8BD,
DG2 8BE,
DG2 8BF,
DG2 8BG,
DG2 8BH,
DG2 8BJ,
DG2 8BL,
DG2 8BN,
DG2 8BP,
DG2 8BQ,
DG2 8BU,
DG2 8BW,
DG2 8BX,
DG2 8BY,
DG2 8BZ,
DG2 8DA,
DG2 8DB,
DG2 8DD,
DG2 8DE,
DG2 8DF,
DG2 8DG,
DG2 8DH,
DG2 8DJ,
DG2 8DL,
DG2 8DN,
DG2 8DP,
DG2 8DQ,
DG2 8DR,
DG2 8DS,
DG2 8DT,
DG2 8DU,
DG2 8DW,
DG2 8DX,
DG2 8DY,
DG2 8DZ,
DG2 8EA,
DG2 8EB,
DG2 8ED,
DG2 8EE,
DG2 8EF,
DG2 8EG,
DG2 8EH,
DG2 8EJ,
DG2 8EL,
DG2 8EN,
DG2 8EP,
DG2 8EQ,
DG2 8ER,
DG2 8ES,
DG2 8ET,
DG2 8EU,
DG2 8EW,
DG2 8EX,
DG2 8EY,
DG2 8EZ,
DG2 8FA,
DG2 8HA,
DG2 8HB,
DG2 8HD,
DG2 8HE,
DG2 8HF,
DG2 8HG,
DG2 8HH,
DG2 8HJ,
DG2 8HL,
DG2 8HN,
DG2 8HP,
DG2 8HQ,
DG2 8HW,
DG2 8HY,
DG2 8HZ,
DG2 8JA,
DG2 8JB,
DG2 8JD,
DG2 8JE,
DG2 8JF,
DG2 8JG,
DG2 8JH,
DG2 8JJ,
DG2 8JL,
DG2 8JN,
DG2 8JP,
DG2 8JQ,
DG2 8JR,
DG2 8JS,
DG2 8JT,
DG2 8JU,
DG2 8JW,
DG2 8JX,
DG2 8JY,
DG2 8JZ,
DG2 8LA,
DG2 8LB,
DG2 8LD,
DG2 8LE,
DG2 8LF,
DG2 8LG,
DG2 8LH,
DG2 8LJ,
DG2 8LL,
DG2 8LN,
DG2 8LP,
DG2 8LQ,
DG2 8LR,
DG2 8LS,
DG2 8LT,
DG2 8LU,
DG2 8LW,
DG2 8LX,
DG2 8LY,
DG2 8LZ,
DG2 8NA,
DG2 8NB,
DG2 8ND,
DG2 8NE,
DG2 8NF,
DG2 8NG,
DG2 8NH,
DG2 8NJ,
DG2 8NL,
DG2 8NN,
DG2 8NP,
DG2 8NQ,
DG2 8NR,
DG2 8NS,
DG2 8NT,
DG2 8NU,
DG2 8NW,
DG2 8NX,
DG2 8NY,
DG2 8NZ,
DG2 8PA,
DG2 8PB,
DG2 8PD,
DG2 8PE,
DG2 8PF,
DG2 8PG,
DG2 8PH,
DG2 8PJ,
DG2 8PL,
DG2 8PN,
DG2 8PP,
DG2 8PQ,
DG2 8PR,
DG2 8PS,
DG2 8PT,
DG2 8PU,
DG2 8PX,
DG2 8PY,
DG2 8PZ,
DG2 8QA,
DG2 8QB,
DG2 8QD,
DG2 8QE,
DG2 8QF,
DG2 8QG,
DG2 8QH,
DG2 8QJ,
DG2 8QL,
DG2 8QN,
DG2 8QP,
DG2 8QQ,
DG2 8QR,
DG2 8QS,
DG2 8QT,
DG2 8QU,
DG2 8QW,
DG2 8QX,
DG2 8QY,
DG2 8QZ,
DG2 8RA,
DG2 8RB,
DG2 8RD,
DG2 8RE,
DG2 8RF,
DG2 8RG,
DG2 8RH,
DG2 8RJ,
DG2 8RL,
DG2 8RN,
DG2 8RP,
DG2 8RQ,
DG2 8RR,
DG2 8RS,
DG2 8RT,
DG2 8RU,
DG2 8RW,
DG2 8RX,
DG2 8WA,
DG2 8WX,
DG2 8YA,
DG2 8YB,
DG2 8YD,
DG2 8YE,
DG2 8YF,
DG2 8YG,
DG2 8YH,
DG2 8ZZ,
DG2 9AA,
DG2 9AB,
DG2 9AE,
DG2 9AF,
DG2 9AG,
DG2 9AH,
DG2 9AJ,
DG2 9AL,
DG2 9AN,
DG2 9AP,
DG2 9AQ,
DG2 9AR,
DG2 9AS,
DG2 9AT,
DG2 9AU,
DG2 9AW,
DG2 9AX,
DG2 9AY,
DG2 9AZ,
DG2 9BA,
DG2 9BB,
DG2 9BD,
DG2 9BE,
DG2 9BF,
DG2 9BG,
DG2 9BH,
DG2 9BJ,
DG2 9BL,
DG2 9BN,
DG2 9BP,
DG2 9BQ,
DG2 9BS,
DG2 9BT,
DG2 9BU,
DG2 9BW,
DG2 9BX,
DG2 9BY,
DG2 9BZ,
DG2 9DA,
DG2 9DB,
DG2 9DD,
DG2 9DE,
DG2 9DF,
DG2 9DG,
DG2 9DL,
DG2 9DN,
DG2 9DP,
DG2 9DR,
DG2 9DS,
DG2 9DT,
DG2 9DU,
DG2 9DW,
DG2 9DX,
DG2 9DY,
DG2 9DZ,
DG2 9EA,
DG2 9EB,
DG2 9ED,
DG2 9EE,
DG2 9EF,
DG2 9EG,
DG2 9EH,
DG2 9EJ,
DG2 9EL,
DG2 9EN,
DG2 9EP,
DG2 9ER,
DG2 9ES,
DG2 9ET,
DG2 9EU,
DG2 9EW,
DG2 9EX,
DG2 9EY,
DG2 9EZ,
DG2 9FB,
DG2 9FD,
DG2 9FE,
DG2 9FF,
DG2 9FG,
DG2 9FH,
DG2 9FJ,
DG2 9FL,
DG2 9FN,
DG2 9FP,
DG2 9FQ,
DG2 9FR,
DG2 9HA,
DG2 9HB,
DG2 9HD,
DG2 9HE,
DG2 9HF,
DG2 9HG,
DG2 9HH,
DG2 9HJ,
DG2 9HL,
DG2 9HN,
DG2 9HP,
DG2 9HQ,
DG2 9HR,
DG2 9HS,
DG2 9HT,
DG2 9HU,
DG2 9HW,
DG2 9HX,
DG2 9HY,
DG2 9HZ,
DG2 9JA,
DG2 9JB,
DG2 9JD,
DG2 9JE,
DG2 9JF,
DG2 9JG,
DG2 9JH,
DG2 9JJ,
DG2 9JL,
DG2 9JN,
DG2 9JP,
DG2 9JQ,
DG2 9JR,
DG2 9JS,
DG2 9JT,
DG2 9JU,
DG2 9JW,
DG2 9JX,
DG2 9JY,
DG2 9LL,
DG2 9LR,
DG2 9LS,
DG2 9LT,
DG2 9LU,
DG2 9LX,
DG2 9NA,
DG2 9NB,
DG2 9ND,
DG2 9NE,
DG2 9NF,
DG2 9NG,
DG2 9NH,
DG2 9NJ,
DG2 9NL,
DG2 9NN,
DG2 9NP,
DG2 9NQ,
DG2 9NR,
DG2 9NS,
DG2 9NT,
DG2 9NU,
DG2 9NW,
DG2 9NX,
DG2 9NY,
DG2 9NZ,
DG2 9PA,
DG2 9PB,
DG2 9PD,
DG2 9PE,
DG2 9PF,
DG2 9PG,
DG2 9PH,
DG2 9PN,
DG2 9PP,
DG2 9PR,
DG2 9PS,
DG2 9PT,
DG2 9PU,
DG2 9PW,
DG2 9PX,
DG2 9PY,
DG2 9PZ,
DG2 9QA,
DG2 9QB,
DG2 9QD,
DG2 9QE,
DG2 9QF,
DG2 9QG,
DG2 9QH,
DG2 9QJ,
DG2 9QL,
DG2 9QN,
DG2 9QP,
DG2 9QQ,
DG2 9QR,
DG2 9QU,
DG2 9QW,
DG2 9RA,
DG2 9RB,
DG2 9RD,
DG2 9RE,
DG2 9RF,
DG2 9RG,
DG2 9RH,
DG2 9RJ,
DG2 9RL,
DG2 9RN,
DG2 9RP,
DG2 9RQ,
DG2 9RR,
DG2 9RS,
DG2 9RT,
DG2 9RU,
DG2 9RW,
DG2 9RX,
DG2 9RY,
DG2 9RZ,
DG2 9SA,
DG2 9SB,
DG2 9SD,
DG2 9SE,
DG2 9SF,
DG2 9SG,
DG2 9SH,
DG2 9SJ,
DG2 9SL,
DG2 9SN,
DG2 9SQ,
DG2 9SR,
DG2 9SS,
DG2 9ST,
DG2 9SW,
DG2 9TA,
DG2 9TG,
DG2 9TH,
DG2 9TJ,
DG2 9TN,
DG2 9TP,
DG2 9TQ,
DG2 9TR,
DG2 9TS,
DG2 9TT,
DG2 9TU,
DG2 9TX,
DG2 9TY,
DG2 9TZ,
DG2 9UA,
DG2 9UB,
DG2 9UD,
DG2 9UE,
DG2 9UF,
DG2 9UG,
DG2 9UQ,
DG2 9UW,
DG2 9WW,
DG2 9WX,
DG2 9YA,
DG2 9YB,
DG2 9YD,
DG2 9YE,
DG2 9YF,
DG2 9YG,
DG2 9YH,
DG2 9YL,
DG3 4AA,
DG3 4AB,
DG3 4AD,
DG3 4AE,
DG3 4AF,
DG3 4AG,
DG3 4AH,
DG3 4AJ,
DG3 4AL,
DG3 4AN,
DG3 4AP,
DG3 4AQ,
DG3 4AR,
DG3 4AS,
DG3 4AT,
DG3 4AU,
DG3 4AW,
DG3 4AX,
DG3 4BA,
DG3 4BD,
DG3 4BE,
DG3 4BG,
DG3 4BH,
DG3 4BJ,
DG3 4BL,
DG3 4BN,
DG3 4BP,
DG3 4BQ,
DG3 4BS,
DG3 4BT,
DG3 4BU,
DG3 4BW,
DG3 4BX,
DG3 4BY,
DG3 4BZ,
DG3 4DA,
DG3 4DB,
DG3 4DD,
DG3 4DE,
DG3 4DF,
DG3 4DG,
DG3 4DH,
DG3 4DJ,
DG3 4DL,
DG3 4DQ,
DG3 4DS,
DG3 4DT,
DG3 4DU,
DG3 4DX,
DG3 4DZ,
DG3 4EA,
DG3 4EB,
DG3 4ED,
DG3 4EE,
DG3 4EF,
DG3 4EG,
DG3 4EH,
DG3 4EJ,
DG3 4EN,
DG3 4EP,
DG3 4EQ,
DG3 4ER,
DG3 4ES,
DG3 4EW,
DG3 4GZ,
DG3 4HA,
DG3 4HB,
DG3 4HD,
DG3 4HE,
DG3 4HF,
DG3 4HG,
DG3 4HH,
DG3 4HJ,
DG3 4HL,
DG3 4HN,
DG3 4HP,
DG3 4HQ,
DG3 4HR,
DG3 4HS,
DG3 4HT,
DG3 4HU,
DG3 4HW,
DG3 4HX,
DG3 4HY,
DG3 4HZ,
DG3 4JA,
DG3 4JB,
DG3 4JD,
DG3 4JE,
DG3 4JF,
DG3 4JH,
DG3 4JL,
DG3 4JN,
DG3 4JS,
DG3 4JT,
DG3 4JU,
DG3 4JW,
DG3 4JX,
DG3 4JY,
DG3 4JZ,
DG3 4LA,
DG3 4LB,
DG3 4LD,
DG3 4LE,
DG3 4LF,
DG3 4LG,
DG3 4LN,
DG3 4LP,
DG3 4LR,
DG3 4LU,
DG3 4LW,
DG3 4LX,
DG3 4LZ,
DG3 4NB,
DG3 4ND,
DG3 4NE,
DG3 4NF,
DG3 4NG,
DG3 4NH,
DG3 4NJ,
DG3 4NL,
DG3 4NN,
DG3 4NQ,
DG3 4NW,
DG3 4WW,
DG3 4WX,
DG3 4YA,
DG3 4YB,
DG3 4YD,
DG3 4YE,
DG3 4YF,
DG3 5AA,
DG3 5AB,
DG3 5AD,
DG3 5AE,
DG3 5AF,
DG3 5AG,
DG3 5AH,
DG3 5AJ,
DG3 5AL,
DG3 5AN,
DG3 5AP,
DG3 5AQ,
DG3 5AR,
DG3 5AS,
DG3 5AT,
DG3 5AU,
DG3 5AW,
DG3 5AX,
DG3 5AY,
DG3 5AZ,
DG3 5BA,
DG3 5BB,
DG3 5BD,
DG3 5BE,
DG3 5BF,
DG3 5BG,
DG3 5BH,
DG3 5BJ,
DG3 5BL,
DG3 5BN,
DG3 5BP,
DG3 5BQ,
DG3 5BR,
DG3 5BS,
DG3 5BT,
DG3 5BU,
DG3 5BW,
DG3 5BX,
DG3 5BY,
DG3 5BZ,
DG3 5DA,
DG3 5DB,
DG3 5DD,
DG3 5DE,
DG3 5DF,
DG3 5DG,
DG3 5DH,
DG3 5DJ,
DG3 5DL,
DG3 5DN,
DG3 5DP,
DG3 5DR,
DG3 5DS,
DG3 5DT,
DG3 5DU,
DG3 5DW,
DG3 5DX,
DG3 5DY,
DG3 5DZ,
DG3 5EA,
DG3 5EB,
DG3 5ED,
DG3 5EE,
DG3 5EF,
DG3 5EG,
DG3 5EH,
DG3 5EJ,
DG3 5EL,
DG3 5EN,
DG3 5EQ,
DG3 5ER,
DG3 5EW,
DG3 5EX,
DG3 5EY,
DG3 5EZ,
DG3 5HA,
DG3 5HB,
DG3 5HD,
DG3 5HE,
DG3 5HF,
DG3 5HG,
DG3 5HH,
DG3 5HJ,
DG3 5HL,
DG3 5HN,
DG3 5HP,
DG3 5HQ,
DG3 5HR,
DG3 5HS,
DG3 5HT,
DG3 5HU,
DG3 5HW,
DG3 5HX,
DG3 5HY,
DG3 5HZ,
DG3 5JA,
DG3 5JB,
DG3 5JD,
DG3 5JE,
DG3 5JF,
DG3 5JG,
DG3 5JH,
DG3 5JJ,
DG3 5JL,
DG3 5JP,
DG3 5JQ,
DG3 5JR,
DG3 5JS,
DG3 5JT,
DG3 5JU,
DG3 5JW,
DG3 5JX,
DG3 5JY,
DG3 5JZ,
DG3 5LA,
DG3 5LB,
DG3 5LH,
DG3 5LJ,
DG3 5LL,
DG3 5LN,
DG3 5LP,
DG3 5LR,
DG3 5LS,
DG3 5LT,
DG3 5LU,
DG3 5LW,
DG3 5LX,
DG3 5LY,
DG3 5LZ,
DG3 5NA,
DG3 5NB,
DG3 5ND,
DG3 5NE,
DG3 5NF,
DG3 5NG,
DG3 5NH,
DG3 5NJ,
DG3 5NL,
DG3 5NN,
DG3 5NP,
DG3 5NQ,
DG3 5NR,
DG3 5NS,
DG3 5NT,
DG3 5NU,
DG3 5NW,
DG3 5NX,
DG3 5NY,
DG3 5NZ,
DG3 5PA,
DG3 5PB,
DG3 5PD,
DG3 5PE,
DG3 5PG,
DG3 5PJ,
DG3 5PL,
DG3 5WA,
DG3 5WX,
DG3 5YA,
DG3 5YB,
DG3 5YD,
DG3 5YE,
DG3 5YF,
DG3 9AA,
DG3 9AB,
DG3 9AD,
DG4 6AA,
DG4 6AB,
DG4 6AD,
DG4 6AE,
DG4 6AF,
DG4 6AG,
DG4 6AH,
DG4 6AJ,
DG4 6AL,
DG4 6AN,
DG4 6AP,
DG4 6AQ,
DG4 6AR,
DG4 6AS,
DG4 6AT,
DG4 6AU,
DG4 6AW,
DG4 6AX,
DG4 6AY,
DG4 6AZ,
DG4 6BA,
DG4 6BB,
DG4 6BD,
DG4 6BE,
DG4 6BF,
DG4 6BG,
DG4 6BH,
DG4 6BJ,
DG4 6BL,
DG4 6BN,
DG4 6BP,
DG4 6BQ,
DG4 6BS,
DG4 6BT,
DG4 6BU,
DG4 6BW,
DG4 6BX,
DG4 6BY,
DG4 6BZ,
DG4 6DA,
DG4 6DB,
DG4 6DD,
DG4 6DE,
DG4 6DF,
DG4 6DG,
DG4 6DH,
DG4 6DJ,
DG4 6DL,
DG4 6DN,
DG4 6DP,
DG4 6DQ,
DG4 6DR,
DG4 6DS,
DG4 6DT,
DG4 6DU,
DG4 6DW,
DG4 6DX,
DG4 6DY,
DG4 6DZ,
DG4 6EA,
DG4 6EB,
DG4 6EE,
DG4 6EF,
DG4 6EH,
DG4 6EL,
DG4 6EN,
DG4 6EP,
DG4 6ER,
DG4 6ES,
DG4 6ET,
DG4 6EU,
DG4 6EW,
DG4 6EX,
DG4 6EY,
DG4 6EZ,
DG4 6HA,
DG4 6HB,
DG4 6HD,
DG4 6HE,
DG4 6HL,
DG4 6HN,
DG4 6HP,
DG4 6HR,
DG4 6HS,
DG4 6HT,
DG4 6HU,
DG4 6HW,
DG4 6HX,
DG4 6HY,
DG4 6HZ,
DG4 6JA,
DG4 6JB,
DG4 6JD,
DG4 6JJ,
DG4 6JL,
DG4 6JN,
DG4 6JP,
DG4 6JR,
DG4 6JS,
DG4 6JT,
DG4 6JU,
DG4 6JW,
DG4 6JX,
DG4 6JY,
DG4 6JZ,
DG4 6LA,
DG4 6LB,
DG4 6LD,
DG4 6LE,
DG4 6LF,
DG4 6LG,
DG4 6LH,
DG4 6LJ,
DG4 6LL,
DG4 6LQ,
DG4 6LS,
DG4 6LT,
DG4 6LU,
DG4 6LX,
DG4 6LY,
DG4 6LZ,
DG4 6NA,
DG4 6NB,
DG4 6ND,
DG4 6NE,
DG4 6NF,
DG4 6NG,
DG4 6NH,
DG4 6NJ,
DG4 6NL,
DG4 6NN,
DG4 6NP,
DG4 6NQ,
DG4 6NR,
DG4 6NS,
DG4 6NU,
DG4 6NW,
DG4 6NX,
DG4 6NY,
DG4 6PH,
DG4 6PJ,
DG4 6PL,
DG4 6PN,
DG4 6PP,
DG4 6PS,
DG4 6PT,
DG4 6PW,
DG4 6PX,
DG4 6PZ,
DG4 6QA,
DG4 6QB,
DG4 6QD,
DG4 6QE,
DG4 6QF,
DG4 6QG,
DG4 6QH,
DG4 6QJ,
DG4 6QL,
DG4 6QN,
DG4 6QP,
DG4 6QQ,
DG4 6QR,
DG4 6QS,
DG4 6QT,
DG4 6QU,
DG4 6QW,
DG4 6QX,
DG4 6QY,
DG4 6QZ,
DG4 6RA,
DG4 6RB,
DG4 6RP,
DG4 6RR,
DG4 6RS,
DG4 6RT,
DG4 6RU,
DG4 6RW,
DG4 6RX,
DG4 6RY,
DG4 6RZ,
DG4 6SA,
DG4 6SB,
DG4 6SD,
DG4 6SE,
DG4 6SG,
DG4 6SH,
DG4 6SJ,
DG4 6SL,
DG4 6SN,
DG4 6SQ,
DG4 6SR,
DG4 6SS,
DG4 6ST,
DG4 6SU,
DG4 6SX,
DG4 6WU,
DG4 6WW,
DG4 6WX,
DG4 6YA,
DG4 6YB,
DG4 6YD,
DG4 6YE,
DG5 4AA,
DG5 4AB,
DG5 4AD,
DG5 4AE,
DG5 4AF,
DG5 4AG,
DG5 4AH,
DG5 4AJ,
DG5 4AL,
DG5 4AN,
DG5 4AP,
DG5 4AQ,
DG5 4AR,
DG5 4AS,
DG5 4AT,
DG5 4AU,
DG5 4AW,
DG5 4AX,
DG5 4AY,
DG5 4AZ,
DG5 4BA,
DG5 4BB,
DG5 4BD,
DG5 4BE,
DG5 4BF,
DG5 4BG,
DG5 4BH,
DG5 4BJ,
DG5 4BL,
DG5 4BN,
DG5 4BP,
DG5 4BQ,
DG5 4BS,
DG5 4BT,
DG5 4BU,
DG5 4BW,
DG5 4BX,
DG5 4BY,
DG5 4BZ,
DG5 4DA,
DG5 4DB,
DG5 4DD,
DG5 4DE,
DG5 4DF,
DG5 4DG,
DG5 4DH,
DG5 4DJ,
DG5 4DL,
DG5 4DN,
DG5 4DP,
DG5 4DQ,
DG5 4DR,
DG5 4DS,
DG5 4DT,
DG5 4DU,
DG5 4DW,
DG5 4DX,
DG5 4DY,
DG5 4DZ,
DG5 4EA,
DG5 4EB,
DG5 4ED,
DG5 4EE,
DG5 4EF,
DG5 4EG,
DG5 4EH,
DG5 4EJ,
DG5 4EL,
DG5 4EN,
DG5 4EP,
DG5 4EQ,
DG5 4ER,
DG5 4ES,
DG5 4ET,
DG5 4EU,
DG5 4EW,
DG5 4EX,
DG5 4EY,
DG5 4EZ,
DG5 4FA,
DG5 4FB,
DG5 4FD,
DG5 4FE,
DG5 4FF,
DG5 4FG,
DG5 4GA,
DG5 4GH,
DG5 4GX,
DG5 4GY,
DG5 4GZ,
DG5 4HA,
DG5 4HB,
DG5 4HD,
DG5 4HE,
DG5 4HF,
DG5 4HG,
DG5 4HH,
DG5 4HJ,
DG5 4HL,
DG5 4HN,
DG5 4HP,
DG5 4HQ,
DG5 4HR,
DG5 4HS,
DG5 4HT,
DG5 4HU,
DG5 4HW,
DG5 4HX,
DG5 4HY,
DG5 4HZ,
DG5 4JA,
DG5 4JB,
DG5 4JD,
DG5 4JE,
DG5 4JF,
DG5 4JG,
DG5 4JH,
DG5 4JJ,
DG5 4JL,
DG5 4JN,
DG5 4JP,
DG5 4JQ,
DG5 4JR,
DG5 4JS,
DG5 4JT,
DG5 4JU,
DG5 4JW,
DG5 4JX,
DG5 4JY,
DG5 4JZ,
DG5 4LA,
DG5 4LB,
DG5 4LD,
DG5 4LE,
DG5 4LF,
DG5 4LG,
DG5 4LH,
DG5 4LJ,
DG5 4LL,
DG5 4LN,
DG5 4LP,
DG5 4LQ,
DG5 4LR,
DG5 4LS,
DG5 4LT,
DG5 4LU,
DG5 4LW,
DG5 4LX,
DG5 4LY,
DG5 4LZ,
DG5 4NA,
DG5 4NB,
DG5 4ND,
DG5 4NE,
DG5 4NF,
DG5 4NG,
DG5 4NH,
DG5 4NJ,
DG5 4NL,
DG5 4NN,
DG5 4NP,
DG5 4NQ,
DG5 4NR,
DG5 4NS,
DG5 4NT,
DG5 4NU,
DG5 4NW,
DG5 4NX,
DG5 4NY,
DG5 4NZ,
DG5 4PA,
DG5 4PB,
DG5 4PD,
DG5 4PE,
DG5 4PF,
DG5 4PG,
DG5 4PH,
DG5 4PJ,
DG5 4PL,
DG5 4PN,
DG5 4PP,
DG5 4PQ,
DG5 4PR,
DG5 4PT,
DG5 4PU,
DG5 4PW,
DG5 4PX,
DG5 4PY,
DG5 4PZ,
DG5 4QA,
DG5 4QB,
DG5 4QD,
DG5 4QE,
DG5 4QF,
DG5 4QG,
DG5 4QH,
DG5 4QJ,
DG5 4QL,
DG5 4QN,
DG5 4QP,
DG5 4QQ,
DG5 4QR,
DG5 4QS,
DG5 4QT,
DG5 4QU,
DG5 4QW,
DG5 4QX,
DG5 4QY,
DG5 4QZ,
DG5 4RA,
DG5 4RB,
DG5 4RD,
DG5 4RE,
DG5 4RF,
DG5 4RG,
DG5 4RH,
DG5 4RJ,
DG5 4RQ,
DG5 4TA,
DG5 4TB,
DG5 4UL,
DG5 4UN,
DG5 4UP,
DG5 4UQ,
DG5 4WA,
DG5 4WX,
DG5 4XL,
DG5 4YA,
DG5 4YB,
DG5 4YD,
DG5 4YE,
DG5 4YF,
DG5 4YG,
DG5 4YH,
DG5 4YL,
DG6 4AA,
DG6 4AB,
DG6 4AD,
DG6 4AE,
DG6 4AF,
DG6 4AG,
DG6 4AH,
DG6 4AJ,
DG6 4AL,
DG6 4AN,
DG6 4AP,
DG6 4AQ,
DG6 4AR,
DG6 4AS,
DG6 4AT,
DG6 4AU,
DG6 4AW,
DG6 4AX,
DG6 4AY,
DG6 4AZ,
DG6 4BA,
DG6 4BB,
DG6 4BD,
DG6 4BE,
DG6 4BF,
DG6 4BG,
DG6 4BH,
DG6 4BJ,
DG6 4BL,
DG6 4BN,
DG6 4BP,
DG6 4BQ,
DG6 4BS,
DG6 4BT,
DG6 4BU,
DG6 4BW,
DG6 4BX,
DG6 4BY,
DG6 4BZ,
DG6 4DA,
DG6 4DB,
DG6 4DD,
DG6 4DE,
DG6 4DG,
DG6 4DH,
DG6 4DJ,
DG6 4DL,
DG6 4DN,
DG6 4DP,
DG6 4DQ,
DG6 4DR,
DG6 4DS,
DG6 4DT,
DG6 4DU,
DG6 4DW,
DG6 4DX,
DG6 4DY,
DG6 4DZ,
DG6 4EA,
DG6 4EB,
DG6 4ED,
DG6 4EE,
DG6 4EF,
DG6 4EG,
DG6 4EH,
DG6 4EJ,
DG6 4EL,
DG6 4EN,
DG6 4EP,
DG6 4EQ,
DG6 4ER,
DG6 4ES,
DG6 4ET,
DG6 4EU,
DG6 4EW,
DG6 4EX,
DG6 4EY,
DG6 4EZ,
DG6 4GS,
DG6 4HA,
DG6 4HB,
DG6 4HD,
DG6 4HE,
DG6 4HF,
DG6 4HG,
DG6 4HH,
DG6 4HJ,
DG6 4HL,
DG6 4HN,
DG6 4HP,
DG6 4HQ,
DG6 4HR,
DG6 4HS,
DG6 4HT,
DG6 4HU,
DG6 4HW,
DG6 4HX,
DG6 4HY,
DG6 4HZ,
DG6 4JA,
DG6 4JB,
DG6 4JD,
DG6 4JE,
DG6 4JF,
DG6 4JG,
DG6 4JH,
DG6 4JJ,
DG6 4JL,
DG6 4JN,
DG6 4JP,
DG6 4JQ,
DG6 4JR,
DG6 4JS,
DG6 4JT,
DG6 4JU,
DG6 4JW,
DG6 4JX,
DG6 4JY,
DG6 4JZ,
DG6 4LA,
DG6 4LB,
DG6 4LD,
DG6 4LE,
DG6 4LF,
DG6 4LG,
DG6 4LH,
DG6 4LJ,
DG6 4LL,
DG6 4LN,
DG6 4LP,
DG6 4LQ,
DG6 4LR,
DG6 4LS,
DG6 4LT,
DG6 4LU,
DG6 4LW,
DG6 4LX,
DG6 4LY,
DG6 4LZ,
DG6 4NA,
DG6 4NB,
DG6 4ND,
DG6 4NE,
DG6 4NF,
DG6 4NG,
DG6 4NH,
DG6 4NJ,
DG6 4NL,
DG6 4NN,
DG6 4NP,
DG6 4NQ,
DG6 4NR,
DG6 4NS,
DG6 4NT,
DG6 4NU,
DG6 4NW,
DG6 4NX,
DG6 4NY,
DG6 4NZ,
DG6 4PA,
DG6 4PB,
DG6 4PD,
DG6 4PE,
DG6 4PF,
DG6 4PG,
DG6 4PH,
DG6 4PJ,
DG6 4PL,
DG6 4PN,
DG6 4PP,
DG6 4PQ,
DG6 4PR,
DG6 4PS,
DG6 4PT,
DG6 4PU,
DG6 4PW,
DG6 4PX,
DG6 4QA,
DG6 4QB,
DG6 4QD,
DG6 4QE,
DG6 4QF,
DG6 4QG,
DG6 4QH,
DG6 4QJ,
DG6 4QN,
DG6 4QP,
DG6 4QQ,
DG6 4QR,
DG6 4QS,
DG6 4QT,
DG6 4QU,
DG6 4QW,
DG6 4QX,
DG6 4QY,
DG6 4QZ,
DG6 4RA,
DG6 4RB,
DG6 4RD,
DG6 4RE,
DG6 4RF,
DG6 4RG,
DG6 4RL,
DG6 4RN,
DG6 4RP,
DG6 4RR,
DG6 4RS,
DG6 4RT,
DG6 4RU,
DG6 4RW,
DG6 4RX,
DG6 4RY,
DG6 4SA,
DG6 4SB,
DG6 4SD,
DG6 4SE,
DG6 4SF,
DG6 4SG,
DG6 4SH,
DG6 4SJ,
DG6 4SN,
DG6 4SP,
DG6 4SQ,
DG6 4SR,
DG6 4SS,
DG6 4ST,
DG6 4SU,
DG6 4SW,
DG6 4SX,
DG6 4SY,
DG6 4SZ,
DG6 4TA,
DG6 4TB,
DG6 4TH,
DG6 4TJ,
DG6 4TL,
DG6 4TN,
DG6 4TP,
DG6 4TQ,
DG6 4TR,
DG6 4TS,
DG6 4TT,
DG6 4TU,
DG6 4TW,
DG6 4TX,
DG6 4TY,
DG6 4TZ,
DG6 4UA,
DG6 4UB,
DG6 4UD,
DG6 4UE,
DG6 4UF,
DG6 4UG,
DG6 4UQ,
DG6 4UR,
DG6 4UT,
DG6 4UU,
DG6 4UY,
DG6 4UZ,
DG6 4WA,
DG6 4WS,
DG6 4WT,
DG6 4WU,
DG6 4WW,
DG6 4WX,
DG6 4XA,
DG6 4XB,
DG6 4XD,
DG6 4XE,
DG6 4XF,
DG6 4XG,
DG6 4XH,
DG6 4XJ,
DG6 4XL,
DG6 4XN,
DG6 4XP,
DG6 4XQ,
DG6 4XR,
DG6 4XS,
DG6 4XT,
DG6 4XU,
DG6 4XW,
DG6 4XX,
DG6 4XY,
DG6 4XZ,
DG6 4YA,
DG6 4YB,
DG6 4YD,
DG6 4YE,
DG6 4YF,
DG6 4YH,
DG6 4YJ,
DG6 4YL,
DG6 9AA,
DG7 1AA,
DG7 1AB,
DG7 1AD,
DG7 1AE,
DG7 1AF,
DG7 1AG,
DG7 1AH,
DG7 1AJ,
DG7 1AL,
DG7 1AN,
DG7 1AP,
DG7 1AQ,
DG7 1AR,
DG7 1AS,
DG7 1AT,
DG7 1AU,
DG7 1AW,
DG7 1AX,
DG7 1AY,
DG7 1AZ,
DG7 1BA,
DG7 1BB,
DG7 1BD,
DG7 1BE,
DG7 1BF,
DG7 1BG,
DG7 1BH,
DG7 1BJ,
DG7 1BL,
DG7 1BN,
DG7 1BP,
DG7 1BQ,
DG7 1BS,
DG7 1BT,
DG7 1BU,
DG7 1BW,
DG7 1BX,
DG7 1BY,
DG7 1BZ,
DG7 1DA,
DG7 1DB,
DG7 1DD,
DG7 1DE,
DG7 1DF,
DG7 1DG,
DG7 1DH,
DG7 1DJ,
DG7 1DL,
DG7 1DN,
DG7 1DP,
DG7 1DQ,
DG7 1DR,
DG7 1DS,
DG7 1DT,
DG7 1DU,
DG7 1DW,
DG7 1DX,
DG7 1DY,
DG7 1DZ,
DG7 1EA,
DG7 1EB,
DG7 1ED,
DG7 1EE,
DG7 1EF,
DG7 1EG,
DG7 1EH,
DG7 1EJ,
DG7 1EL,
DG7 1EN,
DG7 1EP,
DG7 1EQ,
DG7 1ER,
DG7 1ES,
DG7 1ET,
DG7 1EU,
DG7 1EW,
DG7 1EX,
DG7 1EY,
DG7 1EZ,
DG7 1FB,
DG7 1FD,
DG7 1GA,
DG7 1GB,
DG7 1GD,
DG7 1GE,
DG7 1GF,
DG7 1HA,
DG7 1HB,
DG7 1HD,
DG7 1HE,
DG7 1HF,
DG7 1HG,
DG7 1HH,
DG7 1HJ,
DG7 1HL,
DG7 1HN,
DG7 1HP,
DG7 1HQ,
DG7 1HR,
DG7 1HS,
DG7 1HT,
DG7 1HU,
DG7 1HW,
DG7 1HX,
DG7 1HY,
DG7 1HZ,
DG7 1JA,
DG7 1JB,
DG7 1JF,
DG7 1JG,
DG7 1JH,
DG7 1JJ,
DG7 1JL,
DG7 1JN,
DG7 1JP,
DG7 1JQ,
DG7 1JR,
DG7 1JT,
DG7 1JU,
DG7 1JW,
DG7 1JX,
DG7 1JY,
DG7 1JZ,
DG7 1LA,
DG7 1LB,
DG7 1LD,
DG7 1LE,
DG7 1LF,
DG7 1LG,
DG7 1LH,
DG7 1LJ,
DG7 1LL,
DG7 1LN,
DG7 1LP,
DG7 1LQ,
DG7 1LU,
DG7 1LW,
DG7 1LX,
DG7 1LY,
DG7 1LZ,
DG7 1NA,
DG7 1NB,
DG7 1NE,
DG7 1NF,
DG7 1NG,
DG7 1NH,
DG7 1NJ,
DG7 1NL,
DG7 1NN,
DG7 1NP,
DG7 1NQ,
DG7 1NR,
DG7 1NS,
DG7 1NT,
DG7 1NU,
DG7 1NW,
DG7 1NX,
DG7 1NY,
DG7 1NZ,
DG7 1PA,
DG7 1PB,
DG7 1PD,
DG7 1PE,
DG7 1PF,
DG7 1PG,
DG7 1PH,
DG7 1PJ,
DG7 1PL,
DG7 1PN,
DG7 1PP,
DG7 1PQ,
DG7 1PR,
DG7 1PS,
DG7 1PW,
DG7 1PZ,
DG7 1QA,
DG7 1QB,
DG7 1QD,
DG7 1QE,
DG7 1QF,
DG7 1QG,
DG7 1QH,
DG7 1QJ,
DG7 1QL,
DG7 1QN,
DG7 1QP,
DG7 1QQ,
DG7 1QR,
DG7 1QS,
DG7 1QT,
DG7 1QU,
DG7 1QW,
DG7 1QX,
DG7 1QY,
DG7 1QZ,
DG7 1RA,
DG7 1RB,
DG7 1RD,
DG7 1RE,
DG7 1RF,
DG7 1RG,
DG7 1RH,
DG7 1RJ,
DG7 1RL,
DG7 1RN,
DG7 1RQ,
DG7 1RR,
DG7 1RS,
DG7 1RT,
DG7 1RU,
DG7 1RW,
DG7 1RX,
DG7 1RY,
DG7 1RZ,
DG7 1SA,
DG7 1SB,
DG7 1SD,
DG7 1SE,
DG7 1SF,
DG7 1SG,
DG7 1SH,
DG7 1SJ,
DG7 1SL,
DG7 1SN,
DG7 1SP,
DG7 1SQ,
DG7 1SR,
DG7 1SS,
DG7 1ST,
DG7 1SU,
DG7 1SW,
DG7 1SX,
DG7 1SY,
DG7 1SZ,
DG7 1TA,
DG7 1TB,
DG7 1TD,
DG7 1TH,
DG7 1TJ,
DG7 1TL,
DG7 1TN,
DG7 1TP,
DG7 1TR,
DG7 1TS,
DG7 1TT,
DG7 1TU,
DG7 1TW,
DG7 1TX,
DG7 1TY,
DG7 1TZ,
DG7 1UA,
DG7 1UB,
DG7 1UE,
DG7 1UF,
DG7 1UG,
DG7 1UN,
DG7 1UQ,
DG7 1WA,
DG7 1WB,
DG7 1WW,
DG7 1WX,
DG7 1YA,
DG7 1YB,
DG7 1YD,
DG7 1YE,
DG7 1YH,
DG7 2AA,
DG7 2AB,
DG7 2AD,
DG7 2AE,
DG7 2AF,
DG7 2AG,
DG7 2AH,
DG7 2AJ,
DG7 2AL,
DG7 2AN,
DG7 2AP,
DG7 2AQ,
DG7 2AR,
DG7 2AS,
DG7 2AT,
DG7 2AU,
DG7 2AW,
DG7 2AX,
DG7 2AY,
DG7 2AZ,
DG7 2BA,
DG7 2BB,
DG7 2BD,
DG7 2BE,
DG7 2BG,
DG7 2BH,
DG7 2BJ,
DG7 2BL,
DG7 2BN,
DG7 2BP,
DG7 2BQ,
DG7 2BS,
DG7 2BW,
DG7 2DA,
DG7 2DB,
DG7 2DD,
DG7 2DE,
DG7 2DF,
DG7 2DG,
DG7 2DH,
DG7 2DJ,
DG7 2DL,
DG7 2DN,
DG7 2DP,
DG7 2DQ,
DG7 2DR,
DG7 2DS,
DG7 2DT,
DG7 2DU,
DG7 2DW,
DG7 2EA,
DG7 2EB,
DG7 2ED,
DG7 2EE,
DG7 2EF,
DG7 2EG,
DG7 2EH,
DG7 2EJ,
DG7 2EL,
DG7 2EN,
DG7 2EP,
DG7 2EQ,
DG7 2ER,
DG7 2ES,
DG7 2ET,
DG7 2EU,
DG7 2EW,
DG7 2EX,
DG7 2EY,
DG7 2EZ,
DG7 2FA,
DG7 2FB,
DG7 2HA,
DG7 2HB,
DG7 2HD,
DG7 2HE,
DG7 2HF,
DG7 2HG,
DG7 2HH,
DG7 2HJ,
DG7 2HL,
DG7 2HN,
DG7 2HP,
DG7 2HQ,
DG7 2HR,
DG7 2HS,
DG7 2HT,
DG7 2HU,
DG7 2HW,
DG7 2HX,
DG7 2HY,
DG7 2HZ,
DG7 2JA,
DG7 2JB,
DG7 2JD,
DG7 2JE,
DG7 2JF,
DG7 2JG,
DG7 2JH,
DG7 2JJ,
DG7 2JL,
DG7 2JN,
DG7 2JP,
DG7 2JQ,
DG7 2JR,
DG7 2JS,
DG7 2JT,
DG7 2JU,
DG7 2JW,
DG7 2JX,
DG7 2JY,
DG7 2JZ,
DG7 2LA,
DG7 2LB,
DG7 2LD,
DG7 2LE,
DG7 2LF,
DG7 2LG,
DG7 2LH,
DG7 2LJ,
DG7 2LL,
DG7 2LN,
DG7 2LP,
DG7 2LQ,
DG7 2LR,
DG7 2LS,
DG7 2LT,
DG7 2LU,
DG7 2LW,
DG7 2LX,
DG7 2LY,
DG7 2LZ,
DG7 2NA,
DG7 2NB,
DG7 2ND,
DG7 2NE,
DG7 2NF,
DG7 2NG,
DG7 2NH,
DG7 2NJ,
DG7 2NL,
DG7 2NN,
DG7 2NP,
DG7 2NQ,
DG7 2NR,
DG7 2NS,
DG7 2NT,
DG7 2NU,
DG7 2NX,
DG7 2NY,
DG7 2NZ,
DG7 2PA,
DG7 2PB,
DG7 2PD,
DG7 2PE,
DG7 2PF,
DG7 2PG,
DG7 2PH,
DG7 2PJ,
DG7 2PL,
DG7 2PN,
DG7 2PP,
DG7 2PQ,
DG7 2PR,
DG7 2PS,
DG7 2PT,
DG7 2PU,
DG7 2PW,
DG7 2PX,
DG7 2PY,
DG7 2PZ,
DG7 2WA,
DG7 2WB,
DG7 2YA,
DG7 2YB,
DG7 2YD,
DG7 2YE,
DG7 2YF,
DG7 2YH,
DG7 2YL,
DG7 3AA,
DG7 3AB,
DG7 3AD,
DG7 3AE,
DG7 3AF,
DG7 3AG,
DG7 3AH,
DG7 3AJ,
DG7 3AL,
DG7 3AN,
DG7 3AP,
DG7 3AQ,
DG7 3AR,
DG7 3AS,
DG7 3AT,
DG7 3AU,
DG7 3AW,
DG7 3AX,
DG7 3AY,
DG7 3AZ,
DG7 3BA,
DG7 3BB,
DG7 3BD,
DG7 3BE,
DG7 3BF,
DG7 3BG,
DG7 3BH,
DG7 3BJ,
DG7 3BL,
DG7 3BN,
DG7 3BQ,
DG7 3BU,
DG7 3BX,
DG7 3BY,
DG7 3BZ,
DG7 3DA,
DG7 3DB,
DG7 3DD,
DG7 3DE,
DG7 3DF,
DG7 3DG,
DG7 3DH,
DG7 3DJ,
DG7 3DL,
DG7 3DN,
DG7 3DP,
DG7 3DQ,
DG7 3DR,
DG7 3DS,
DG7 3DT,
DG7 3DU,
DG7 3DW,
DG7 3DX,
DG7 3DY,
DG7 3DZ,
DG7 3EA,
DG7 3EB,
DG7 3ED,
DG7 3EE,
DG7 3EF,
DG7 3EG,
DG7 3EH,
DG7 3EJ,
DG7 3EL,
DG8 9ET,
DG8 9EU,
DG8 9EW,
DG8 9HA,
DG8 9HG,
DG8 9HH,
DG8 9HJ,
DG8 9HL,
DG8 9HN,
DG8 9HP,
DG8 9HQ,
DG8 9HR,
DG8 9HS,
DG8 9HT,
DG8 9HU,
DG8 9HW,
DG8 9HX,
DG8 9HY,
DG8 9HZ,
DG8 9JA,
DG8 9JB,
DG8 9JD,
DG8 9JE,
DG8 9JF,
DG8 9JG,
DG8 9JH,
DG8 9JJ,
DG8 9JL,
DG8 9JN,
DG8 9JP,
DG8 9JQ,
DG8 9JS,
DG8 9JX,
DG8 9JY,
DG8 9JZ,
DG8 9LA,
DG8 9LB,
DG8 9LD,
DG8 9LE,
DG8 9LF,
DG8 9LG,
DG8 9LH,
DG8 9LJ,
DG8 9LL,
DG8 9LN,
DG8 9LP,
DG8 9LQ,
DG8 9LR,
DG8 9LS,
DG8 9LT,
DG8 9LU,
DG8 9LW,
DG8 9LX,
DG8 9LY,
DG8 9LZ,
DG8 9NA,
DG8 9NB,
DG8 9ND,
DG8 9NE,
DG8 9NF,
DG8 9NG,
DG8 9NN,
DG8 9NP,
DG8 9NQ,
DG8 9NR,
DG8 9NS,
DG8 9NT,
DG8 9NU,
DG8 9NX,
DG8 9NY,
DG8 9NZ,
DG8 9PA,
DG8 9PB,
DG8 9PD,
DG8 9PE,
DG8 9PF,
DG8 9PG,
DG8 9PH,
DG8 9PJ,
DG8 9PL,
DG8 9PN,
DG8 9PP,
DG8 9PQ,
DG8 9PR,
DG8 9PS,
DG8 9PT,
DG8 9PU,
DG8 9PW,
DG8 9PX,
DG8 9PY,
DG8 9PZ,
DG8 9QA,
DG8 9QB,
DG8 9QD,
DG8 9QE,
DG8 9QF,
DG8 9QH,
DG8 9QJ,
DG8 9QL,
DG8 9QN,
DG8 9QP,
DG8 9QR,
DG8 9QS,
DG8 9QT,
DG8 9QU,
DG8 9QX,
DG8 9QY,
DG8 9QZ,
DG8 9RA,
DG8 9RB,
DG8 9RD,
DG8 9RE,
DG8 9RF,
DG8 9RG,
DG8 9RH,
DG8 9RJ,
DG8 9RL,
DG8 9RN,
DG8 9RP,
DG8 9RQ,
DG8 9RR,
DG8 9RS,
DG8 9RT,
DG8 9RU,
DG8 9RW,
DG8 9SA,
DG8 9SB,
DG8 9SD,
DG8 9SE,
DG8 9SF,
DG8 9SG,
DG8 9SH,
DG8 9SJ,
DG8 9SL,
DG8 9SN,
DG8 9SP,
DG8 9SQ,
DG8 9SR,
DG8 9SW,
DG8 9TA,
DG8 9TB,
DG8 9TD,
DG8 9TE,
DG8 9TF,
DG8 9TG,
DG8 9TH,
DG8 9TJ,
DG8 9TL,
DG8 9TQ,
DG8 9WA,
DG8 9WB,
DG8 9WX,
DG8 9YA,
DG8 9YB,
DG8 9YD,
DG8 9YE,
DG8 9ZY,
DG9 0AA,
DG9 0AB,
DG9 0AD,
DG9 0AE,
DG9 0AF,
DG9 0AG,
DG9 0AH,
DG9 0AJ,
DG9 0AL,
DG9 0AN,
DG9 0AP,
DG9 0AQ,
DG9 0AR,
DG9 0AS,
DG9 0AT,
DG9 0AU,
DG9 0AW,
DG9 0AX,
DG9 0AY,
DG9 0AZ,
DG9 0BA,
DG9 0BB,
DG9 0BD,
DG9 0BE,
DG9 0BG,
DG9 0BH,
DG9 0BJ,
DG9 0BL,
DG9 0BN,
DG9 0BP,
DG9 0BQ,
DG9 0BS,
DG9 0BT,
DG9 0BU,
DG9 0BW,
DG9 0BX,
DG9 0BY,
DG9 0BZ,
DG9 0DA,
DG9 0DB,
DG9 0DD,
DG9 0DE,
DG9 0DF,
DG9 0DG,
DG9 0DH,
DG9 0DJ,
DG9 0DL,
DG9 0DN,
DG9 0DQ,
DG9 0DS,
DG9 0DT,
DG9 0DU,
DG9 0DX,
DG9 0DY,
DG9 0DZ,
DG9 0EA,
DG9 0EB,
DG9 0ED,
DG9 0EE,
DG9 0EF,
DG9 0EG,
DG9 0EH,
DG9 0EJ,
DG9 0EL,
DG9 0EN,
DG9 0EP,
DG9 0EQ,
DG9 0ER,
DG9 0ES,
DG9 0ET,
DG9 0EU,
DG9 0EW,
DG9 0EX,
DG9 0EY,
DG9 0EZ,
DG9 0HA,
DG9 0HB,
DG9 0HD,
DG9 0HE,
DG9 0HF,
DG9 0HG,
DG9 0HH,
DG9 0HL,
DG9 0HN,
DG9 0HQ,
DG9 0HS,
DG9 0HW,
DG9 0HX,
DG9 0HY,
DG9 0HZ,
DG9 0JA,
DG9 0JB,
DG9 0JD,
DG9 0JE,
DG9 0JF,
DG9 0JG,
DG9 0JH,
DG9 0JJ,
DG9 0JL,
DG9 0JN,
DG9 0JP,
DG9 0JQ,
DG9 0JT,
DG9 0JW,
DG9 0JZ,
DG9 0LA,
DG9 0LB,
DG9 0LD,
DG9 0LE,
DG9 0LF,
DG9 0LG,
DG9 0LH,
DG9 0LJ,
DG9 0LL,
DG9 0LN,
DG9 0LP,
DG9 0LQ,
DG9 0LR,
DG9 0LS,
DG9 0LT,
DG9 0LU,
DG9 0LW,
DG9 0LX,
DG9 0LY,
DG9 0LZ,
DG9 0NA,
DG9 0NB,
DG9 0ND,
DG9 0NE,
DG9 0NL,
DG9 0NN,
DG9 0NP,
DG9 0NS,
DG9 0NT,
DG9 0NU,
DG9 0NW,
DG9 0NX,
DG9 0NY,
DG9 0NZ,
DG9 0PA,
DG9 0PB,
DG9 0PD,
DG9 0PE,
DG9 0PL,
DG9 0PN,
DG9 0PP,
DG9 0PR,
DG9 0PS,
DG9 0PT,
DG9 0PU,
DG9 0PW,
DG9 0PX,
DG9 0PY,
DG9 0PZ,
DG9 0QA,
DG9 0QB,
DG9 0QD,
DG9 0QE,
DG9 0QF,
DG9 0QG,
DG9 0QP,
DG9 0QQ,
DG9 0QR,
DG9 0QS,
DG9 0QT,
DG9 0QU,
DG9 0QX,
DG9 0QY,
DG9 0QZ,
DG9 0RA,
DG9 0RB,
DG9 0RD,
DG9 0RE,
DG9 0RF,
DG9 0RG,
DG9 0RH,
DG9 0RJ,
DG9 0RL,
DG9 0RN,
DG9 0RP,
DG9 0RQ,
DG9 0RR,
DG9 0RS,
DG9 0RT,
DG9 0RU,
DG9 0RW,
DG9 0RX,
DG9 0RY,
DG9 0RZ,
DG9 0WA,
DG9 0YA,
DG9 0YB,
DG9 0YD,
DG9 0YE,
DG9 0YF,
DG9 0YG,
DG9 0YH,
DG9 1AA,
DG9 1AB,
DG9 1AD,
DG9 7AA,
DG9 7AB,
DG9 7AD,
DG9 7AE,
DG9 7AF,
DG9 7AG,
DG9 7AH,
DG9 7AJ,
DG9 7AL,
DG9 7AN,
DG9 7AP,
DG9 7AQ,
DG9 7AR,
DG9 7AS,
DG9 7AT,
DG9 7AU,
DG9 7AW,
DG9 7AX,
DG9 7AY,
DG9 7AZ,
DG9 7BA,
DG9 7BB,
DG9 7BD,
DG9 7BE,
DG9 7BF,
DG9 7BG,
DG9 7BH,
DG9 7BJ,
DG9 7BL,
DG9 7BN,
DG9 7BP,
DG9 7BQ,
DG9 7BS,
DG9 7BT,
DG9 7BU,
DG9 7BW,
DG9 7BX,
DG9 7BY,
DG9 7BZ,
DG9 7DA,
DG9 7DB,
DG9 7DD,
DG9 7DE,
DG9 7DF,
DG9 7DG,
DG9 7DH,
DG9 7DJ,
DG9 7DL,
DG9 7DN,
DG9 7DP,
DG9 7DQ,
DG9 7DR,
DG9 7DS,
DG9 7DT,
DG9 7DU,
DG9 7DW,
DG9 7DX,
DG9 7DY,
DG9 7DZ,
DG9 7EA,
DG9 7EB,
DG9 7ED,
DG9 7EE,
DG9 7EF,
DG9 7EG,
DG9 7EH,
DG9 7EJ,
DG9 7EL,
DG9 7EN,
DG9 7EP,
DG9 7EQ,
DG9 7ER,
DG9 7ES,
DG9 7ET,
DG9 7EU,
DG9 7EW,
DG9 7EX,
DG9 7EY,
DG9 7EZ,
DG9 7FB,
DG9 7FD,
DG9 7FE,
DG9 7FG,
DG9 7FH,
DG9 7FJ,
DG9 7GA,
DG9 7HA,
DG9 7HB,
DG9 7HD,
DG9 7HE,
DG9 7HF,
DG9 7HG,
DG9 7HH,
DG9 7HJ,
DG9 7HL,
DG9 7HN,
DG9 7HP,
DG9 7HQ,
DG9 7HR,
DG9 7HS,
DG9 7HT,
DG9 7HU,
DG9 7HW,
DG9 7HX,
DG9 7HY,
DG9 7HZ,
DG9 7JA,
DG9 7JB,
DG9 7JD,
DG9 7JE,
DG9 7JF,
DG9 7JG,
DG9 7JH,
DG9 7JJ,
DG9 7JL,
DG9 7JN,
DG9 7JP,
DG9 7JQ,
DG9 7JR,
DG9 7JS,
DG9 7JT,
DG9 7JU,
DG9 7JW,
DG9 7JX,
DG9 7JY,
DG9 7JZ,
DG9 7LA,
DG9 7LB,
DG9 7LD,
DG9 7LE,
DG9 7LF,
DG9 7LG,
DG9 7LH,
DG9 7LJ,
DG9 7LL,
DG9 7LN,
DG9 7LP,
DG9 7LQ,
DG9 7LR,
DG9 7LS,
DG9 7LT,
DG9 7LU,
DG9 7LW,
DG9 7LX,
DG9 7LY,
DG9 7LZ,
DG9 7NA,
DG9 7NB,
DG9 7ND,
DG9 7NE,
DG9 7NF,
DG9 7NG,
DG9 7NH,
DG9 7NJ,
DG9 7NL,
DG9 7NN,
DG9 7NP,
DG9 7NQ,
DG9 7NR,
DG9 7NS,
DG9 7NT,
DG9 7NU,
DG9 7NW,
DG9 7NX,
DG9 7NY,
DG9 7NZ,
DG9 7PA,
DG9 7PB,
DG9 7PD,
DG9 7PE,
DG9 7PF,
DG9 7PG,
DG9 7PH,
DG9 7PJ,
DG9 7PL,
DG9 7PN,
DG9 7PP,
DG9 7PQ,
DG9 7PR,
DG9 7PS,
DG9 7PT,
DG9 7PU,
DG9 7PW,
DG9 7PX,
DG9 7PY,
DG9 7PZ,
DG9 7QA,
DG9 7QB,
DG9 7QD,
DG9 7QE,
DG9 7QF,
DG9 7QG,
DG9 7QH,
DG9 7QJ,
DG9 7QL,
DG9 7QN,
DG9 7QP,
DG9 7QQ,
DG9 7QR,
DG9 7QS,
DG9 7QT,
DG9 7QU,
DG9 7QW,
DG9 7QX,
DG9 7QY,
DG9 7QZ,
DG9 7RA,
DG9 7RB,
DG9 7RD,
DG9 7RE,
DG9 7RF,
DG9 7RG,
DG9 7RH,
DG9 7RJ,
DG9 7RL,
DG9 7RN,
DG9 7RP,
DG9 7RQ,
DG9 7RR,
DG9 7RS,
DG9 7RT,
DG9 7RU,
DG9 7RW,
DG9 7RX,
DG9 7RY,
DG9 7RZ,
DG9 7SA,
DG9 7SB,
DG9 7SD,
DG9 7SE,
DG9 7SF,
DG9 7SG,
DG9 7SH,
DG9 7SJ,
DG9 7SL,
DG9 7SN,
DG9 7SP,
DG9 7SQ,
DG9 7SR,
DG9 7SS,
DG9 7ST,
DG9 7SU,
DG9 7SW,
DG9 7SX,
DG9 7SY,
DG9 7SZ,
DG9 7TA,
DG9 7TB,
DG9 7TD,
DG9 7TE,
DG9 7TF,
DG9 7TG,
DG9 7TH,
DG9 7TJ,
DG9 7TL,
DG9 7TN,
DG9 7TP,
DG9 7TQ,
DG9 7TR,
DG9 7TS,
DG9 7TT,
DG9 7TU,
DG9 7TW,
DG9 7TX,
DG9 7TY,
DG9 7TZ,
DG9 7UA,
DG9 7UB,
DG9 7UD,
DG9 7UE,
DG9 7UF,
DG9 7WA,
DG9 7YA,
DG9 7YB,
DG9 7YD,
DG9 7YE,
DG9 7YH,
DG9 8AA,
DG9 8AB,
DG9 8AD,
DG9 8AE,
DG9 8AF,
DG9 8AG,
DG9 8AH,
DG9 8AJ,
DG9 8AN,
DG9 8AP,
DG9 8AQ,
DG9 8AR,
DG9 8AS,
DG9 8AT,
DG9 8AU,
DG9 8AW,
DG9 8AX,
DG9 8AY,
DG9 8AZ,
DG9 8BA,
DG9 8BB,
DG9 8BD,
DG9 8BE,
DG9 8BF,
DG9 8BG,
DG9 8BH,
DG9 8BJ,
DG9 8BL,
DG9 8BN,
DG9 8BP,
DG9 8BQ,
DG9 8BS,
DG9 8BT,
DG9 8BU,
DG9 8BW,
DG9 8BX,
DG9 8BY,
DG9 8BZ,
DG9 8DA,
DG9 8DB,
DG9 8DD,
DG9 8DE,
DG9 8DF,
DG9 8DG,
DG9 8DH,
DG9 8DJ,
DG9 8DL,
DG9 8DN,
DG9 8DP,
DG9 8DQ,
DG9 8DR,
DG9 8DS,
DG9 8DT,
DG9 8DU,
DG9 8DX,
DG9 8DY,
DG9 8EA,
DG9 8ED,
DG9 8EE,
DG9 8EF,
DG9 8EG,
DG9 8EH,
DG9 8EJ,
DG9 8EL,
DG9 8EN,
DG9 8EP,
DG9 8EQ,
DG9 8ER,
DG9 8ES,
DG9 8ET,
DG9 8EU,
DG9 8EX,
DG9 8EY,
DG9 8EZ,
DG9 8HA,
DG9 8HB,
DG9 8HG,
DG9 8HH,
DG9 8HJ,
DG9 8HL,
DG9 8HN,
DG9 8HP,
DG9 8HQ,
DG9 8HT,
DG9 8HU,
DG9 8HW,
DG9 8HX,
DG9 8HY,
DG9 8HZ,
DG9 8JA,
DG9 8JB,
DG9 8JD,
DG9 8JE,
DG9 8JF,
DG9 8JG,
DG9 8JH,
DG9 8JJ,
DG9 8JL,
DG9 8JN,
DG9 8JP,
DG9 8JQ,
DG9 8JR,
DG9 8JS,
DG9 8JT,
DG9 8JU,
DG9 8JW,
DG9 8JX,
DG9 8JY,
DG9 8JZ,
DG9 8LA,
DG9 8LB,
DG9 8LD,
DG9 8LE,
DG9 8LF,
DG9 8LG,
DG9 8LH,
DG9 8LJ,
DG9 8LL,
DG9 8LN,
DG9 8LP,
DG9 8LQ,
DG9 8LR,
DG9 8LX,
DG9 8LY,
DG9 8LZ,
DG9 8NA,
DG9 8NB,
DG9 8ND,
DG9 8NE,
DG9 8NH,
DG9 8NJ,
DG9 8NL,
DG9 8NN,
DG9 8NP,
DG9 8NR,
DG9 8NU,
DG9 8NW,
DG9 8NX,
DG9 8NY,
DG9 8NZ,
DG9 8PA,
DG9 8PB,
DG9 8PD,
DG9 8PE,
DG9 8PF,
DG9 8PG,
DG9 8PH,
DG9 8PJ,
DG9 8PL,
DG9 8PN,
DG9 8PP,
DG9 8PQ,
DG9 8PR,
DG9 8PS,
DG9 8PT,
DG9 8PU,
DG9 8PW,
DG9 8PX,
DG9 8PY,
DG9 8PZ,
DG9 8QA,
DG9 8QB,
DG9 8QH,
DG9 8QJ,
DG9 8QL,
DG9 8QN,
DG9 8QP,
DG9 8QR,
DG9 8QS,
DG9 8QT,
DG9 8QU,
DG9 8QW,
DG9 8QX,
DG9 8QY,
DG9 8QZ,
DG9 8RA,
DG9 8RB,
DG9 8RD,
DG9 8RE,
DG9 8RF,
DG9 8RG,
DG9 8RL,
DG9 8RN,
DG9 8RP,
DG9 8RQ,
DG9 8RR,
DG9 8RS,
DG9 8RT,
DG9 8RU,
DG9 8RW,
DG9 8RX,
DG9 8RY,
DG9 8RZ,
DG9 8SA,
DG9 8SB,
DG9 8SD,
DG9 8SE,
DG9 8SF,
DG9 8SG,
DG9 8SH,
DG9 8SJ,
DG9 8SL,
DG9 8SN,
DG9 8SP,
DG9 8SQ,
DG9 8SR,
DG9 8SU,
DG9 8SW,
DG9 8SX,
DG9 8SY,
DG9 8SZ,
DG9 8TA,
DG9 8TB,
DG9 8TD,
DG9 8TE,
DG9 8TF,
DG9 8TG,
DG9 8TH,
DG9 8TJ,
DG9 8TL,
DG9 8TN,
DG9 8TP,
DG9 8TQ,
DG9 8TR,
DG9 8TS,
DG9 8TT,
DG9 8TU,
DG9 8TW,
DG9 8TX,
DG9 8TY,
DG9 8TZ,
DG9 8UA,
DG9 8UB,
DG9 8WA,
DG9 8WX,
DG9 8YA,
DG9 8YB,
DG9 8YD,
DG9 8YE,
DG9 8YF,
DG9 9AA,
DG9 9AB,
DG9 9AD,
DG9 9AE,
DG9 9AF,
DG9 9AG,
DG9 9AH,
DG9 9AJ,
DG9 9AL,
DG9 9AN,
DG9 9AP,
DG9 9AQ,
DG9 9AR,
DG9 9AS,
DG9 9AT,
DG9 9AU,
DG9 9AW,
DG9 9AX,
DG9 9AY,
DG9 9AZ,
DG9 9BA,
DG9 9BB,
DG9 9BD,
DG9 9BE,
DG9 9BG,
DG9 9BH,
DG9 9BJ,
DG9 9BL,
DG9 9BN,
DG9 9BP,
DG9 9BQ,
DG9 9BS,
DG9 9BT,
DG9 9BU,
DG9 9BW,
DG9 9BX,
DG9 9BY,
DG9 9BZ,
DG9 9DB,
DG9 9DE,
DG9 9DF,
DG9 9DG,
DG9 9DH,
DG9 9DJ,
DG9 9DL,
DG9 9DN,
DG9 9DP,
DG9 9DQ,
DG9 9DR,
DG9 9DS,
DG9 9DT,
DG9 9DU,
DG9 9DW,
DG9 9DX,
DG9 9DY,
DG9 9DZ,
DG9 9EA,
DG9 9EB,
DG9 9ED,
DG9 9EE,
DG9 9EF,
DG9 9EG,
DG9 9EH,
DG9 9EN,
DG9 9EQ,
DG9 9ES,
DG9 9ET,
DG9 9EU,
DG9 9EX,
DG9 9HA,
DG9 9HB,
DG9 9HD,
DG9 9HE,
DG9 9HF,
DG9 9HG,
DG9 9HH,
DG9 9HJ,
DG9 9HL,
DG9 9HN,
DG9 9HP,
DG9 9HQ,
DG9 9HR,
DG9 9HS,
DG9 9HT,
DG9 9HW,
DG9 9HY,
DG9 9JA,
DG9 9JB,
DG9 9JD,
DG9 9JE,
DG9 9JF,
DG9 9JG,
DG9 9JH,
DG9 9JJ,
DG9 9JL,
DG9 9JN,
DG9 9JP,
DG9 9JQ,
DG9 9JR,
DG9 9JS,
DG9 9JT,
DG9 9JU,
DG9 9JW,
DG9 9JX,
DG9 9JY,
DG9 9JZ,
DG9 9LA,
DG9 9LB,
DG9 9LD,
DG9 9LE,
DG9 9LF,
DG9 9LG,
DG9 9LH,
DG9 9LJ,
DG9 9LL,
DG9 9LQ,
DG9 9LS,
DG9 9LT,
DG9 9LU,
DG9 9LX,
DG9 9LY,
DG9 9LZ,
DG9 9NA,
DG9 9NB,
DG9 9ND,
DG9 9NE,
DG7 3EN,
DG7 3EP,
DG7 3ER,
DG7 3ES,
DG7 3ET,
DG7 3EU,
DG7 3EW,
DG7 3EX,
DG7 3EY,
DG7 3EZ,
DG7 3HA,
DG7 3HB,
DG7 3HD,
DG7 3HE,
DG7 3HF,
DG7 3HG,
DG7 3HL,
DG7 3HN,
DG7 3HP,
DG7 3HQ,
DG7 3HR,
DG7 3HS,
DG7 3HT,
DG7 3HU,
DG7 3HW,
DG7 3HX,
DG7 3HY,
DG7 3HZ,
DG7 3JF,
DG7 3JG,
DG7 3JH,
DG7 3JJ,
DG7 3JL,
DG7 3JN,
DG7 3JP,
DG7 3JQ,
DG7 3JR,
DG7 3JS,
DG7 3JT,
DG7 3JU,
DG7 3JW,
DG7 3JX,
DG7 3JY,
DG7 3JZ,
DG7 3LA,
DG7 3LB,
DG7 3LD,
DG7 3LE,
DG7 3LF,
DG7 3LG,
DG7 3LH,
DG7 3LJ,
DG7 3LL,
DG7 3LN,
DG7 3LP,
DG7 3LQ,
DG7 3LR,
DG7 3LS,
DG7 3LT,
DG7 3LU,
DG7 3LW,
DG7 3LX,
DG7 3LY,
DG7 3LZ,
DG7 3NA,
DG7 3NB,
DG7 3ND,
DG7 3NE,
DG7 3NF,
DG7 3NG,
DG7 3NH,
DG7 3NJ,
DG7 3NL,
DG7 3NN,
DG7 3NP,
DG7 3NQ,
DG7 3NR,
DG7 3NS,
DG7 3NT,
DG7 3NU,
DG7 3NW,
DG7 3NX,
DG7 3NY,
DG7 3NZ,
DG7 3PA,
DG7 3PB,
DG7 3PD,
DG7 3PE,
DG7 3PG,
DG7 3PH,
DG7 3PJ,
DG7 3PL,
DG7 3PN,
DG7 3PP,
DG7 3PQ,
DG7 3PR,
DG7 3PS,
DG7 3PT,
DG7 3PU,
DG7 3PW,
DG7 3PX,
DG7 3PY,
DG7 3PZ,
DG7 3QA,
DG7 3QB,
DG7 3QD,
DG7 3QE,
DG7 3QF,
DG7 3QG,
DG7 3QH,
DG7 3QJ,
DG7 3QL,
DG7 3QN,
DG7 3QP,
DG7 3QQ,
DG7 3QR,
DG7 3QS,
DG7 3QW,
DG7 3RA,
DG7 3RB,
DG7 3RD,
DG7 3RE,
DG7 3RF,
DG7 3RG,
DG7 3RH,
DG7 3RJ,
DG7 3RL,
DG7 3RN,
DG7 3RP,
DG7 3RQ,
DG7 3RR,
DG7 3RS,
DG7 3RT,
DG7 3RU,
DG7 3RW,
DG7 3RX,
DG7 3RY,
DG7 3RZ,
DG7 3SA,
DG7 3SB,
DG7 3SD,
DG7 3SE,
DG7 3SF,
DG7 3SG,
DG7 3SH,
DG7 3SJ,
DG7 3SL,
DG7 3SN,
DG7 3SP,
DG7 3SQ,
DG7 3SR,
DG7 3SS,
DG7 3ST,
DG7 3SU,
DG7 3SW,
DG7 3SX,
DG7 3SY,
DG7 3SZ,
DG7 3TA,
DG7 3TB,
DG7 3TD,
DG7 3TE,
DG7 3TF,
DG7 3TG,
DG7 3TH,
DG7 3TJ,
DG7 3TQ,
DG7 3TR,
DG7 3TS,
DG7 3TT,
DG7 3TU,
DG7 3TX,
DG7 3TY,
DG7 3TZ,
DG7 3UA,
DG7 3UB,
DG7 3UD,
DG7 3UE,
DG7 3UF,
DG7 3UG,
DG7 3UJ,
DG7 3UL,
DG7 3UP,
DG7 3UQ,
DG7 3UR,
DG7 3US,
DG7 3UT,
DG7 3UU,
DG7 3UW,
DG7 3UX,
DG7 3UY,
DG7 3UZ,
DG7 3WA,
DG7 3WT,
DG7 3WU,
DG7 3WW,
DG7 3WX,
DG7 3XE,
DG7 3XF,
DG7 3XG,
DG7 3XH,
DG7 3XJ,
DG7 3XL,
DG7 3XN,
DG7 3XP,
DG7 3XQ,
DG7 3XR,
DG7 3XS,
DG7 3XW,
DG7 3YA,
DG7 3YB,
DG7 3YD,
DG7 3YE,
DG7 3YF,
DG7 3YG,
DG7 3YH,
DG7 3YJ,
DG7 3YL,
DG7 3YT,
DG7 9AA,
DG7 9AB,
DG7 9AD,
DG7 9AE,
DG7 9AF,
DG7 9AG,
DG7 9AH,
DG7 9AJ,
DG8 0AA,
DG8 0AB,
DG8 0AD,
DG8 0AE,
DG8 0AF,
DG8 0AG,
DG8 0AH,
DG8 0AJ,
DG8 0AL,
DG8 0AN,
DG8 0AP,
DG8 0AQ,
DG8 0AR,
DG8 0AT,
DG8 0AU,
DG8 0AW,
DG8 0AX,
DG8 0AY,
DG8 0AZ,
DG8 0BA,
DG8 0BH,
DG8 0BJ,
DG8 0BL,
DG8 0BN,
DG8 0BP,
DG8 0BS,
DG8 0BT,
DG8 0BU,
DG8 0BW,
DG8 0BX,
DG8 0BY,
DG8 0BZ,
DG8 0DA,
DG8 0DB,
DG8 0DD,
DG8 0DE,
DG8 0DF,
DG8 0DG,
DG8 0DH,
DG8 0DJ,
DG8 0DL,
DG8 0DN,
DG8 0DP,
DG8 0DQ,
DG8 0DR,
DG8 0DW,
DG8 0EA,
DG8 0EB,
DG8 0ED,
DG8 0EE,
DG8 0EF,
DG8 0EG,
DG8 0EH,
DG8 0EJ,
DG8 0EL,
DG8 0EN,
DG8 0EP,
DG8 0EQ,
DG8 0ER,
DG8 0ES,
DG8 0ET,
DG8 0EW,
DG8 0HA,
DG8 0HB,
DG8 0HD,
DG8 0HE,
DG8 0HF,
DG8 0HG,
DG8 0HH,
DG8 0HJ,
DG8 0HL,
DG8 0HN,
DG8 0HP,
DG8 0HQ,
DG8 0HR,
DG8 0HS,
DG8 0HT,
DG8 0HU,
DG8 0HW,
DG8 0HX,
DG8 0HY,
DG8 0JE,
DG8 0JF,
DG8 0JG,
DG8 0JH,
DG8 0JJ,
DG8 0JL,
DG8 0JN,
DG8 0JP,
DG8 0JQ,
DG8 0JR,
DG8 0JS,
DG8 0JT,
DG8 0JU,
DG8 0JW,
DG8 0JX,
DG8 0JY,
DG8 0JZ,
DG8 0LA,
DG8 0LB,
DG8 0LD,
DG8 0LE,
DG8 0LF,
DG8 0LG,
DG8 0LP,
DG8 0LQ,
DG8 0LR,
DG8 0LS,
DG8 0LT,
DG8 0LU,
DG8 0LW,
DG8 0LX,
DG8 0LY,
DG8 0LZ,
DG8 0NA,
DG8 0NB,
DG8 0NH,
DG8 0NJ,
DG8 0NL,
DG8 0NN,
DG8 0NP,
DG8 0NR,
DG8 0NS,
DG8 0NT,
DG8 0NU,
DG8 0NW,
DG8 0NX,
DG8 0NY,
DG8 0NZ,
DG8 0PA,
DG8 0PB,
DG8 0PD,
DG8 0PE,
DG8 0PF,
DG8 0PG,
DG8 0PL,
DG8 0PN,
DG8 0PP,
DG8 0PR,
DG8 0PS,
DG8 0PT,
DG8 0PU,
DG8 0PW,
DG8 0PX,
DG8 0PY,
DG8 0PZ,
DG8 0QA,
DG8 0QB,
DG8 0QD,
DG8 0QE,
DG8 0QF,
DG8 0QG,
DG8 0QH,
DG8 0QJ,
DG8 0QL,
DG8 0QN,
DG8 0QP,
DG8 0QQ,
DG8 0QR,
DG8 0QS,
DG8 0QW,
DG8 0QY,
DG8 0QZ,
DG8 0WA,
DG8 0YA,
DG8 0YB,
DG8 0YD,
DG8 0YE,
DG8 0YF,
DG8 0YG,
DG8 1AA,
DG8 1AB,
DG8 1AD,
DG8 1AE,
DG8 6AA,
DG8 6AB,
DG8 6AD,
DG8 6AE,
DG8 6AF,
DG8 6AG,
DG8 6AH,
DG8 6AJ,
DG8 6AL,
DG8 6AN,
DG8 6AP,
DG8 6AQ,
DG8 6AR,
DG8 6AS,
DG8 6AT,
DG8 6AU,
DG8 6AW,
DG8 6AX,
DG8 6AY,
DG8 6AZ,
DG8 6BA,
DG8 6BB,
DG8 6BD,
DG8 6BE,
DG8 6BF,
DG8 6BG,
DG8 6BH,
DG8 6BJ,
DG8 6BL,
DG8 6BN,
DG8 6BP,
DG8 6BQ,
DG8 6BS,
DG8 6BT,
DG8 6BU,
DG8 6BX,
DG8 6BY,
DG8 6BZ,
DG8 6DA,
DG8 6DB,
DG8 6DD,
DG8 6DE,
DG8 6DF,
DG8 6DG,
DG8 6DH,
DG8 6DJ,
DG8 6DL,
DG8 6DN,
DG8 6DP,
DG8 6DQ,
DG8 6DR,
DG8 6DS,
DG8 6DT,
DG8 6DU,
DG8 6DW,
DG8 6DX,
DG8 6DY,
DG8 6DZ,
DG8 6EA,
DG8 6EB,
DG8 6ED,
DG8 6EE,
DG8 6EF,
DG8 6EG,
DG8 6EH,
DG8 6EJ,
DG8 6EL,
DG8 6EN,
DG8 6EP,
DG8 6EQ,
DG8 6ER,
DG8 6ES,
DG8 6ET,
DG8 6EU,
DG8 6EW,
DG8 6EX,
DG8 6EY,
DG8 6EZ,
DG8 6FA,
DG8 6GY,
DG8 6GZ,
DG8 6HA,
DG8 6HB,
DG8 6HD,
DG8 6HE,
DG8 6HF,
DG8 6HG,
DG8 6HH,
DG8 6HJ,
DG8 6HL,
DG8 6HN,
DG8 6HP,
DG8 6HQ,
DG8 6HR,
DG8 6HS,
DG8 6HT,
DG8 6HU,
DG8 6HW,
DG8 6HX,
DG8 6HY,
DG8 6HZ,
DG8 6JA,
DG8 6JB,
DG8 6JD,
DG8 6JE,
DG8 6JF,
DG8 6JG,
DG8 6JH,
DG8 6JJ,
DG8 6JL,
DG8 6JN,
DG8 6JP,
DG8 6JQ,
DG8 6JR,
DG8 6JS,
DG8 6JT,
DG8 6JU,
DG8 6JW,
DG8 6JX,
DG8 6JY,
DG8 6JZ,
DG8 6LA,
DG8 6LB,
DG8 6LD,
DG8 6LE,
DG8 6LF,
DG8 6LG,
DG8 6LH,
DG8 6LJ,
DG8 6LL,
DG8 6LN,
DG8 6LP,
DG8 6LQ,
DG8 6LR,
DG8 6LS,
DG8 6LT,
DG8 6LU,
DG8 6LW,
DG8 6LX,
DG8 6LY,
DG8 6LZ,
DG8 6NA,
DG8 6NB,
DG8 6ND,
DG8 6NE,
DG8 6NF,
DG8 6NG,
DG8 6NH,
DG8 6NJ,
DG8 6NL,
DG8 6NN,
DG8 6NP,
DG8 6NQ,
DG8 6NR,
DG8 6NS,
DG8 6NT,
DG8 6NU,
DG8 6NW,
DG8 6NX,
DG8 6NY,
DG8 6NZ,
DG8 6PA,
DG8 6PB,
DG8 6PD,
DG8 6PE,
DG8 6PF,
DG8 6PG,
DG8 6PH,
DG8 6PJ,
DG8 6PL,
DG8 6PN,
DG8 6PP,
DG8 6PQ,
DG8 6PR,
DG8 6PS,
DG8 6PT,
DG8 6PU,
DG8 6PW,
DG8 6PX,
DG8 6PY,
DG8 6PZ,
DG8 6QA,
DG8 6QB,
DG8 6QD,
DG8 6QE,
DG8 6QF,
DG8 6QG,
DG8 6QH,
DG8 6QJ,
DG8 6QL,
DG8 6QN,
DG8 6QP,
DG8 6QQ,
DG8 6QR,
DG8 6QS,
DG8 6QT,
DG8 6QU,
DG8 6QW,
DG8 6QX,
DG8 6QY,
DG8 6QZ,
DG8 6RA,
DG8 6RB,
DG8 6RD,
DG8 6RE,
DG8 6RF,
DG8 6RG,
DG8 6RH,
DG8 6RJ,
DG8 6RL,
DG8 6RN,
DG8 6RP,
DG8 6RR,
DG8 6RS,
DG8 6RT,
DG8 6RU,
DG8 6RW,
DG8 6RX,
DG8 6RY,
DG8 6RZ,
DG8 6SA,
DG8 6SH,
DG8 6SJ,
DG8 6SL,
DG8 6SN,
DG8 6SP,
DG8 6SQ,
DG8 6SR,
DG8 6SS,
DG8 6ST,
DG8 6SU,
DG8 6SW,
DG8 6SX,
DG8 6SY,
DG8 6SZ,
DG8 6TA,
DG8 6TB,
DG8 6TD,
DG8 6TG,
DG8 6TH,
DG8 6TJ,
DG8 6TQ,
DG8 6UA,
DG8 6WA,
DG8 6WB,
DG8 6WU,
DG8 6WW,
DG8 6WX,
DG8 6YA,
DG8 6YB,
DG8 6YD,
DG8 6YE,
DG8 6YF,
DG8 6YG,
DG8 6YH,
DG8 6YJ,
DG8 6YL,
DG8 7AA,
DG8 7AB,
DG8 7AD,
DG8 7AE,
DG8 7AF,
DG8 7AG,
DG8 7AJ,
DG8 7AL,
DG8 7AN,
DG8 7AP,
DG8 7AR,
DG8 7AS,
DG8 7AT,
DG8 7AU,
DG8 7AW,
DG8 7AX,
DG8 7AY,
DG8 7AZ,
DG8 7BA,
DG8 7BB,
DG8 7BD,
DG8 7BE,
DG8 7BG,
DG8 7BH,
DG8 7BJ,
DG8 7BL,
DG8 7BN,
DG8 7BQ,
DG8 7BW,
DG8 7BX,
DG8 7BY,
DG8 7BZ,
DG8 7DA,
DG8 7DB,
DG8 7DD,
DG8 7DE,
DG8 7DF,
DG8 7DG,
DG8 7DJ,
DG8 7DL,
DG8 7DN,
DG8 7DP,
DG8 7DQ,
DG8 7DR,
DG8 7DS,
DG8 7DT,
DG8 7DU,
DG8 7DW,
DG8 7DX,
DG8 7DY,
DG8 7DZ,
DG8 7EA,
DG8 7EB,
DG8 7EN,
DG8 7EP,
DG8 7ER,
DG8 7ES,
DG8 7ET,
DG8 7EU,
DG8 7EW,
DG8 7EX,
DG8 7EY,
DG8 7HB,
DG8 7HF,
DG8 7HG,
DG8 7HH,
DG8 7HJ,
DG8 7HL,
DG8 7HN,
DG8 7HP,
DG8 7HQ,
DG8 7HR,
DG8 7HS,
DG8 7HT,
DG8 7HU,
DG8 7HW,
DG8 7HX,
DG8 7HY,
DG8 7HZ,
DG8 7JA,
DG8 7JB,
DG8 7JD,
DG8 7JE,
DG8 7JF,
DG8 7JG,
DG8 7JH,
DG8 7JJ,
DG8 7JL,
DG8 7JN,
DG8 7JP,
DG8 7JQ,
DG8 7JR,
DG8 7JS,
DG8 7JT,
DG8 7JW,
DG8 7JX,
DG8 7JY,
DG8 7WA,
DG8 7YA,
DG8 7YB,
DG8 7YD,
DG8 8AA,
DG8 8AB,
DG8 8AD,
DG8 8AE,
DG8 8AF,
DG8 8AG,
DG8 8AH,
DG8 8AJ,
DG8 8AL,
DG8 8AN,
DG8 8AP,
DG8 8AQ,
DG8 8AR,
DG8 8AS,
DG8 8AT,
DG8 8AW,
DG8 8BA,
DG8 8BB,
DG8 8BD,
DG8 8BE,
DG8 8BG,
DG8 8BH,
DG8 8BJ,
DG8 8BL,
DG8 8BN,
DG8 8BP,
DG8 8BQ,
DG8 8BR,
DG8 8BS,
DG8 8BT,
DG8 8BU,
DG8 8BW,
DG8 8BX,
DG8 8BY,
DG8 8BZ,
DG8 8DD,
DG8 8DE,
DG8 8DF,
DG8 8DG,
DG8 8DH,
DG8 8DJ,
DG8 8DL,
DG8 8DN,
DG8 8DP,
DG8 8DQ,
DG8 8DR,
DG8 8DS,
DG8 8DT,
DG8 8DU,
DG8 8DW,
DG8 8DX,
DG8 8DY,
DG8 8DZ,
DG8 8EG,
DG8 8EH,
DG8 8EJ,
DG8 8EL,
DG8 8EN,
DG8 8EP,
DG8 8EQ,
DG8 8ER,
DG8 8ES,
DG8 8EW,
DG8 8EX,
DG8 8EY,
DG8 8EZ,
DG8 8HA,
DG8 8HB,
DG8 8HD,
DG8 8HE,
DG8 8HF,
DG8 8HH,
DG8 8HJ,
DG8 8HL,
DG8 8HN,
DG8 8HP,
DG8 8HQ,
DG8 8HR,
DG8 8HS,
DG8 8HT,
DG8 8HU,
DG8 8HW,
DG8 8HX,
DG8 8HY,
DG8 8HZ,
DG8 8JA,
DG8 8JB,
DG8 8JD,
DG8 8JE,
DG8 8JF,
DG8 8JG,
DG8 8JH,
DG8 8JQ,
DG8 8JS,
DG8 8JT,
DG8 8JU,
DG8 8JW,
DG8 8JX,
DG8 8JY,
DG8 8JZ,
DG8 8LA,
DG8 8LB,
DG8 8LD,
DG8 8LE,
DG8 8LF,
DG8 8LG,
DG8 8LH,
DG8 8LJ,
DG8 8LL,
DG8 8LN,
DG8 8LP,
DG8 8LQ,
DG8 8LR,
DG8 8LS,
DG8 8LT,
DG8 8LU,
DG8 8LW,
DG8 8LX,
DG8 8LY,
DG8 8LZ,
DG8 8NA,
DG8 8NB,
DG8 8ND,
DG8 8NE,
DG8 8NF,
DG8 8NG,
DG8 8NH,
DG8 8NJ,
DG8 8NL,
DG8 8NQ,
DG8 8NS,
DG8 8NT,
DG8 8NU,
DG8 8NX,
DG8 8NY,
DG8 8NZ,
DG8 8PA,
DG8 8PB,
DG8 8PD,
DG8 8PE,
DG8 8PF,
DG8 8PG,
DG8 8PH,
DG8 8PJ,
DG8 8PL,
DG8 8PN,
DG8 8PP,
DG8 8PQ,
DG8 8PR,
DG8 8PS,
DG8 8PT,
DG8 8PU,
DG8 8PW,
DG8 8PY,
DG8 8PZ,
DG8 8QA,
DG8 8QB,
DG8 8QD,
DG8 8QE,
DG8 8QF,
DG8 8QG,
DG8 8QH,
DG8 8QJ,
DG8 8QL,
DG8 8QN,
DG8 8QP,
DG8 8QQ,
DG8 8QW,
DG8 8WA,
DG8 8WB,
DG8 8WD,
DG8 8WE,
DG8 8YA,
DG8 8YB,
DG8 8YD,
DG8 8YE,
DG8 8YF,
DG8 8YG,
DG8 8YH,
DG8 9AA,
DG8 9AB,
DG8 9AD,
DG8 9AE,
DG8 9AF,
DG8 9AG,
DG8 9AH,
DG8 9AJ,
DG8 9AL,
DG8 9AN,
DG8 9AP,
DG8 9AQ,
DG8 9AR,
DG8 9AS,
DG8 9AT,
DG8 9AU,
DG8 9AW,
DG8 9AX,
DG8 9AY,
DG8 9AZ,
DG8 9BA,
DG8 9BB,
DG8 9BD,
DG8 9BE,
DG8 9BF,
DG8 9BG,
DG8 9BH,
DG8 9BJ,
DG8 9BL,
DG8 9BQ,
DG8 9BT,
DG8 9BX,
DG8 9BY,
DG8 9BZ,
DG8 9DA,
DG8 9DB,
DG8 9DD,
DG8 9DE,
DG8 9DF,
DG8 9DG,
DG8 9DH,
DG8 9DJ,
DG8 9DL,
DG8 9DQ,
DG8 9DS,
DG8 9DT,
DG8 9DU,
DG8 9DX,
DG8 9DY,
DG8 9DZ,
DG8 9ED,
DG8 9EE,
DG8 9EF,
DG8 9EG,
DG8 9EH,
DG8 9EJ,
DG8 9EL,
DG8 9EN,
DG8 9EP,
DG8 9EQ,
DG8 9ER,
DG8 9ES,
DG9 9NF,
DG9 9NG,
DG9 9NH,
DG9 9NJ,
DG9 9NL,
DG9 9NN,
DG9 9NP,
DG9 9NQ,
DG9 9NR,
DG9 9NS,
DG9 9NT,
DG9 9NU,
DG9 9NW,
DG9 9NX,
DG9 9NY,
DG9 9NZ,
DG9 9PA,
DG9 9PB,
DG9 9PD,
DG9 9PE,
DG9 9PF,
DG9 9PG,
DG9 9PH,
DG9 9PJ,
DG9 9PQ,
DG9 9PS,
DG9 9PT,
DG9 9PU,
DG9 9PX,
DG9 9PY,
DG9 9PZ,
DG9 9QA,
DG9 9QD,
DG9 9QE,
DG9 9QF,
DG9 9QG,
DG9 9QL,
DG9 9QN,
DG9 9QP,
DG9 9QQ,
DG9 9QR,
DG9 9QS,
DG9 9QT,
DG9 9QU,
DG9 9QW,
DG9 9QX,
DG9 9QY,
DG9 9QZ,
DG9 9RA,
DG9 9RB,
DG9 9RD,
DG9 9WA,
DG9 9WT,
DG9 9WU,
DG9 9WW,
DG9 9WX,
DG9 9YA,
DG9 9YB,
DG9 9YD,
