DT1 1AA,7
DT1 1AB,5
DT1 1AD,4
DT1 1AE,4
DT1 1AF,4
DT1 1AG,4
DT1 1AH,7
DT1 1AJ,7
DT1 1AL,5
DT1 1AN,8
DT1 1AP,4
DT1 1AQ,4
DT1 1AR,4
DT1 1AS,4
DT1 1AT,5
DT1 1AU,6
DT1 1AW,4
DT1 1AX,7
DT1 1AY,4
DT1 1AZ,4
DT1 1BA,4
DT1 1BB,4
DT1 1BD,4
DT1 1BE,4
DT1 1BG,7
DT1 1BH,7
DT1 1BJ,4
DT1 1BL,4
DT1 1BN,4
DT1 1BP,4
DT1 1BQ,4
DT1 1BS,4
DT1 1BT,4
DT1 1BU,4
DT1 1BW,4
DT1 1BX,4
DT1 1BY,4
DT1 1BZ,4
DT1 1DA,4
DT1 1DB,4
DT1 1DD,4
DT1 1DE,4
DT1 1DF,4
DT1 1DG,4
DT1 1DH,4
DT1 1DJ,4
DT1 1DL,4
DT1 1DN,8
DT1 1DP,4
DT1 1DQ,4
DT1 1DR,4
DT1 1DS,4
DT1 1DT,4
DT1 1DU,4
DT1 1DW,4
DT1 1DX,4
DT1 1DY,8
DT1 1DZ,4
DT1 1EA,4
DT1 1EB,4
DT1 1ED,8
DT1 1EE,4
DT1 1EF,4
DT1 1EG,7
DT1 1EH,4
DT1 1EJ,4
DT1 1EL,4
DT1 1EN,8
DT1 1EP,8
DT1 1EQ,4
DT1 1ER,8
DT1 1ES,8
DT1 1ET,4
DT1 1EU,4
DT1 1EW,4
DT1 1EX,8
DT1 1EY,8
DT1 1EZ,4
DT1 1FA,7
DT1 1FB,7
DT1 1FD,8
DT1 1FE,7
DT1 1FF,4
DT1 1FG,7
DT1 1FH,4
DT1 1FJ,4
DT1 1FL,4
DT1 1FN,4
DT1 1FP,7
DT1 1FQ,7
DT1 1FR,4
DT1 1FS,7
DT1 1FT,7
DT1 1FU,4
DT1 1FW,7
DT1 1FX,4
DT1 1FY,4
DT1 1FZ,4
DT1 1GA,4
DT1 1GB,8
DT1 1GD,8
DT1 1GE,4
DT1 1GF,4
DT1 1GG,4
DT1 1GH,4
DT1 1GJ,4
DT1 1GL,4
DT1 1GN,4
DT1 1GR,4
DT1 1GS,4
DT1 1GT,4
DT1 1GU,4
DT1 1GW,4
DT1 1GX,4
DT1 1GY,4
DT1 1GZ,4
DT1 1HA,4
DT1 1HB,4
DT1 1HD,4
DT1 1HE,4
DT1 1HF,4
DT1 1HG,4
DT1 1HH,4
DT1 1HJ,4
DT1 1HL,4
DT1 1HN,4
DT1 1HP,4
DT1 1HQ,4
DT1 1HR,4
DT1 1HS,4
DT1 1HT,4
DT1 1HU,4
DT1 1HW,7
DT1 1HX,4
DT1 1HY,4
DT1 1HZ,4
DT1 1JA,4
DT1 1JB,4
DT1 1JD,7
DT1 1JE,4
DT1 1JF,4
DT1 1JG,7
DT1 1JH,7
DT1 1JJ,4
DT1 1JL,7
DT1 1JN,4
DT1 1JP,4
DT1 1JQ,7
DT1 1JR,4
DT1 1JS,4
DT1 1JT,8
DT1 1JU,4
DT1 1JW,4
DT1 1JX,4
DT1 1JY,4
DT1 1JZ,5
DT1 1LA,5
DT1 1LB,5
DT1 1LD,5
DT1 1LE,5
DT1 1LF,5
DT1 1LG,5
DT1 1LH,5
DT1 1LJ,5
DT1 1LL,5
DT1 1LN,5
DT1 1LP,5
DT1 1LQ,5
DT1 1LR,8
DT1 1LS,8
DT1 1LT,5
DT1 1LU,8
DT1 1LW,5
DT1 1LX,5
DT1 1LY,5
DT1 1LZ,8
DT1 1NA,4
DT1 1NB,4
DT1 1ND,5
DT1 1NE,5
DT1 1NF,5
DT1 1NG,5
DT1 1NH,8
DT1 1NJ,5
DT1 1NL,8
DT1 1NN,5
DT1 1NP,8
DT1 1NQ,5
DT1 1NR,8
DT1 1NS,8
DT1 1NT,8
DT1 1NU,8
DT1 1NW,8
DT1 1NX,5
DT1 1NY,5
DT1 1NZ,8
DT1 1PA,5
DT1 1PB,5
DT1 1PD,4
DT1 1PE,8
DT1 1PF,5
DT1 1PG,8
DT1 1PH,8
DT1 1PJ,8
DT1 1PL,5
DT1 1PN,8
DT1 1PP,4
DT1 1PQ,8
DT1 1PR,8
DT1 1PS,8
DT1 1PT,8
DT1 1PU,8
DT1 1PW,4
DT1 1PX,7
DT1 1PY,8
DT1 1PZ,4
DT1 1QA,4
DT1 1QB,5
DT1 1QD,4
DT1 1QE,8
DT1 1QF,8
DT1 1QG,8
DT1 1QH,8
DT1 1QJ,8
DT1 1QL,5
DT1 1QN,4
DT1 1QP,8
DT1 1QQ,8
DT1 1QR,4
DT1 1QS,4
DT1 1QT,4
DT1 1QU,5
DT1 1QW,4
DT1 1QX,4
DT1 1QY,4
DT1 1QZ,4
DT1 1RA,8
DT1 1RB,5
DT1 1RD,4
DT1 1RE,4
DT1 1RF,4
DT1 1RG,4
DT1 1RH,4
DT1 1RJ,4
DT1 1RL,4
DT1 1RN,7
DT1 1RP,7
DT1 1RQ,4
DT1 1RR,7
DT1 1RS,7
DT1 1RT,4
DT1 1RU,4
DT1 1RW,7
DT1 1RX,7
DT1 1RY,7
DT1 1RZ,4
DT1 1SA,7
DT1 1SB,7
DT1 1SD,7
DT1 1SE,7
DT1 1SF,4
DT1 1SG,7
DT1 1SH,4
DT1 1SJ,7
DT1 1SL,7
DT1 1SN,7
DT1 1SP,4
DT1 1SQ,7
DT1 1SR,4
DT1 1SS,7
DT1 1ST,7
DT1 1SU,7
DT1 1SW,7
DT1 1SX,5
DT1 1SY,7
DT1 1SZ,7
DT1 1TA,7
DT1 1TB,4
DT1 1TD,4
DT1 1TE,4
DT1 1TF,7
DT1 1TG,7
DT1 1TH,7
DT1 1TJ,4
DT1 1TL,4
DT1 1TN,7
DT1 1TP,4
DT1 1TQ,4
DT1 1TR,4
DT1 1TS,7
DT1 1TT,4
DT1 1TU,4
DT1 1TW,4
DT1 1TX,4
DT1 1TY,4
DT1 1TZ,4
DT1 1UA,7
DT1 1UB,4
DT1 1UD,4
DT1 1UE,4
DT1 1UF,4
DT1 1UG,4
DT1 1UH,4
DT1 1UJ,4
DT1 1UL,4
DT1 1UN,4
DT1 1UP,4
DT1 1UQ,4
DT1 1UR,4
DT1 1US,8
DT1 1UT,4
DT1 1UU,4
DT1 1UW,4
DT1 1UX,4
DT1 1UY,4
DT1 1UZ,4
DT1 1WA,4
DT1 1WB,4
DT1 1WD,4
DT1 1WF,4
DT1 1WJ,4
DT1 1WL,4
DT1 1WN,4
DT1 1WP,4
DT1 1WQ,5
DT1 1WR,5
DT1 1WS,5
DT1 1WT,5
DT1 1WU,7
DT1 1WW,4
DT1 1WX,7
DT1 1XA,4
DT1 1XB,4
DT1 1XD,4
DT1 1XE,7
DT1 1XF,7
DT1 1XG,4
DT1 1XH,4
DT1 1XJ,4
DT1 1XL,7
DT1 1XN,7
DT1 1XP,7
DT1 1XQ,4
DT1 1XR,4
DT1 1XS,7
DT1 1XT,4
DT1 1XU,7
DT1 1XW,7
DT1 1XX,7
DT1 1XY,4
DT1 1XZ,4
DT1 1YA,4
DT1 1YB,7
DT1 1YD,4
DT1 1YE,4
DT1 1YF,7
DT1 1YG,7
DT1 1YH,7
DT1 1YJ,7
DT1 1YL,4
DT1 1YN,4
DT102DW,6
DT102DX,5
DT102DY,5
DT102DZ,5
DT102EA,5
DT102EB,5
DT102ED,5
DT102EE,5
DT102EF,5
DT102EG,5
DT102EH,5
DT102EJ,7
DT102EL,5
DT102EN,5
DT102EP,5
DT102EQ,5
DT102ER,5
DT102ES,5
DT102ET,5
DT102EU,8
DT102EW,5
DT102EX,8
DT102EY,8
DT102EZ,8
DT102FA,7
DT102FB,7
DT102FD,7
DT102FE,5
DT102FF,5
DT102FG,6
DT102FJ,7
DT102GA,8
DT102HA,8
DT102HB,8
DT102HD,8
DT102HE,8
DT102HF,8
DT102HG,8
DT102HH,6
DT102HJ,8
DT102HL,8
DT102HN,8
DT102HP,8
DT102HQ,8
DT102HR,8
DT102HS,8
DT102HT,8
DT102HU,6
DT102HW,8
DT102HX,6
DT102HY,6
DT102HZ,6
DT102JA,6
DT102JB,6
DT102JD,6
DT102JE,6
DT102JF,6
DT102JG,6
DT102JH,6
DT102JJ,6
DT102JL,6
DT102JN,6
DT102JP,6
DT102JQ,8
DT102JR,6
DT102JS,6
DT102JT,6
DT102JU,6
DT102JW,6
DT102JX,6
DT102JY,6
DT102JZ,6
DT102LA,6
DT102LB,6
DT102LD,6
DT102LE,7
DT102LF,7
DT102LH,7
DT102LJ,7
DT102LL,7
DT102LN,7
DT102LP,7
DT102LQ,7
DT102LR,7
DT102LS,6
DT102LT,7
DT102LU,6
DT102LW,7
DT102LX,7
DT102LY,7
DT102LZ,7
DT102NA,7
DT102NB,7
DT102ND,7
DT102NE,7
DT102NF,7
DT102NG,7
DT102NH,7
DT102NJ,7
DT102NL,7
DT102NN,7
DT102NP,6
DT102NQ,7
DT102NR,6
DT102NS,7
DT102NT,6
DT102NU,6
DT102NW,6
DT102NX,6
DT102NY,6
DT102NZ,6
DT102PA,7
DT102PB,6
DT102PD,7
DT102PE,6
DT102PF,6
DT102PG,6
DT102PH,7
DT102PJ,7
DT102PL,7
DT102PN,7
DT102PP,7
DT102PQ,7
DT102PR,7
DT102PS,7
DT102PT,7
DT102PU,7
DT102PW,7
DT102PX,8
DT102PY,7
DT102PZ,7
DT102QA,7
DT102QB,5
DT102QD,5
DT102QH,6
DT102QJ,6
DT102QR,7
DT102QS,7
DT102QT,7
DT102QU,7
DT102QX,7
DT102QY,7
DT102QZ,7
DT102RA,7
DT102RB,7
DT102RD,7
DT102RE,7
DT102RF,7
DT102RG,7
DT102RH,6
DT102RJ,6
DT102RL,7
DT102RN,6
DT102RP,6
DT102RQ,6
DT102RR,6
DT102RS,6
DT102RT,6
DT102RU,6
DT102RW,6
DT102RX,6
DT102RY,6
DT102RZ,6
DT102SA,6
DT102SB,5
DT102SD,6
DT102SE,7
DT102SF,6
DT102SG,6
DT102SH,6
DT102SJ,6
DT102SL,6
DT102SN,6
DT102SP,6
DT102SQ,6
DT102SR,6
DT102SS,6
DT102ST,6
DT102SU,7
DT102SW,6
DT102SX,5
DT102TA,5
DT102WA,5
DT102WG,5
DT102WY,5
DT102WZ,5
DT102XA,5
DT102XB,6
DT102XD,6
DT102XE,6
DT102XF,6
DT102XG,5
DT102XH,5
DT102YA,6
DT102YB,7
DT102YD,7
DT102YE,6
DT102YF,5
DT102YG,5
DT102YH,5
DT102YJ,6
DT102YL,6
DT102YN,6
DT102YP,6
DT102YQ,5
DT102YR,6
DT102YS,5
DT102YT,6
DT102YU,6
DT102YW,5
DT102YX,5
DT102YY,5
DT102YZ,5
DT102ZN,5
DT102ZQ,5
DT102ZU,5
DT102ZX,5
DT109AA,
DT109AB,5
DT109AD,5
DT109AE,5
DT109AF,5
DT109AG,5
DT109AH,5
DT109AJ,5
DT109AL,5
DT109AN,5
DT109AP,5
DT109AQ,5
DT109AR,5
DT109AS,5
DT109AT,5
DT109AU,5
DT109AW,5
DT109AX,5
DT109AY,5
DT109AZ,5
DT109BA,5
DT109BB,5
DT109BD,5
DT109BE,5
DT109BF,5
DT109BG,5
DT109BH,5
DT109BJ,5
DT109BL,5
DT109BN,5
DT109BP,5
DT109BQ,5
DT109BR,5
DT109BS,5
DT110AA,5
DT110AB,5
DT110AD,5
DT110AE,5
DT110AF,5
DT110AG,5
DT110AH,5
DT110AJ,5
DT110AL,5
DT110AN,5
DT110AP,7
DT110AQ,5
DT110AR,7
DT110AS,5
DT110AT,5
DT110AU,5
DT110AW,7
DT110AX,5
DT110AY,5
DT110AZ,5
DT110BA,5
DT110BB,5
DT110BD,5
DT110BE,5
DT110BG,5
DT110BH,5
DT110BJ,5
DT110BL,5
DT110BN,5
DT110BP,5
DT110BQ,5
DT110BS,5
DT110BT,5
DT110BU,5
DT110BW,5
DT110BX,5
DT110BY,5
DT110BZ,5
DT110DA,5
DT110DB,5
DT110DD,5
DT110DE,5
DT110DF,5
DT110DG,5
DT110DH,6
DT110DJ,7
DT110DL,5
DT110DN,5
DT110DP,5
DT110DQ,5
DT110DR,6
DT110DS,6
DT110DT,6
DT110DU,6
DT110DW,5
DT110DX,6
DT110DY,5
DT110DZ,6
DT110EA,6
DT110EB,6
DT110ED,6
DT110EE,6
DT110EF,6
DT110EG,6
DT110EH,6
DT110EJ,6
DT110EL,6
DT110EN,6
DT110EP,5
DT110EQ,6
DT110ER,5
DT110ES,5
DT110ET,5
DT110EU,5
DT110EW,5
DT110EX,5
DT110EY,5
DT110EZ,5
DT110FA,4
DT110FB,5
DT110FD,7
DT110FF,6
DT110FX,7
DT110GA,7
DT110HA,5
DT110HB,5
DT110HD,5
DT110HE,5
DT110HF,5
DT110HG,6
DT110HH,5
DT110HJ,7
DT110HL,5
DT110HN,7
DT110HP,7
DT110HQ,5
DT110HR,7
DT110HS,7
DT110HT,7
DT110HU,7
DT110HW,7
DT110HX,7
DT110HY,7
DT110HZ,7
DT110JA,7
DT110JB,7
DT110JD,7
DT110JE,7
DT110JF,7
DT110JG,7
DT110JH,7
DT110JJ,7
DT110JL,7
DT110JN,7
DT110JP,7
DT110JQ,7
DT110JR,7
DT110JS,7
DT110JT,7
DT110JU,7
DT110JW,7
DT110JX,7
DT110JY,7
DT110JZ,7
DT110LA,7
DT110LB,5
DT110LD,7
DT110LE,7
DT110LF,7
DT110LG,7
DT110LH,5
DT110LJ,7
DT110LL,7
DT110LN,7
DT110LP,7
DT110LQ,5
DT110LR,6
DT110LS,6
DT110LT,6
DT110LU,6
DT110LW,6
DT110LX,6
DT110LY,6
DT110LZ,6
DT110NA,6
DT110NB,6
DT110ND,6
DT110NE,6
DT110NF,6
DT110NG,6
DT110NH,6
DT110NJ,6
DT110NL,6
DT110NN,6
DT110NP,6
DT110NQ,6
DT110NR,6
DT110NS,6
DT110NT,6
DT110NU,6
DT110NW,6
DT110NX,6
DT110NY,6
DT110NZ,5
DT110PA,5
DT110PB,5
DT110PD,6
DT110PE,6
DT110PF,6
DT110PG,6
DT110PH,9
DT110PL,6
DT110PN,6
DT110PP,6
DT110PQ,6
DT110PR,6
DT110PS,6
DT110PT,6
DT110PU,6
DT110PW,6
DT110PX,6
DT110PY,5
DT110PZ,5
DT110QA,5
DT110QB,5
DT110QD,5
DT110QE,5
DT110QF,5
DT110QG,5
DT110QH,5
DT110QJ,6
DT110QL,5
DT110QN,5
DT110QP,5
DT110QQ,5
DT110QR,5
DT110QS,9
DT110QT,9
DT110QU,5
DT110QW,5
DT110QX,9
DT110QY,9
DT110QZ,9
DT110RA,9
DT110RB,6
DT110RD,6
DT110RE,6
DT110RF,6
DT110RG,6
DT110RH,5
DT110RJ,6
DT110RL,6
DT110RN,6
DT110RP,6
DT110RQ,6
DT110RR,6
DT110RS,6
DT110RT,6
DT110RU,6
DT110RW,6
DT110RX,6
DT110RY,6
DT110RZ,5
DT110SA,9
DT110SB,6
DT110SD,6
DT110SE,9
DT110SF,9
DT110SG,5
DT110SH,5
DT110SJ,5
DT110SL,9
DT110SN,5
DT110SP,9
DT110SQ,5
DT110SR,5
DT110SS,5
DT110ST,5
DT110SU,5
DT110SW,9
DT110SX,5
DT110SY,5
DT110SZ,5
DT110TA,5
DT110TB,5
DT110TD,5
DT110TE,5
DT110TF,5
DT110TG,5
DT110TH,5
DT110TJ,5
DT110TL,5
DT110TN,7
DT110TP,6
DT110TQ,5
DT110TR,6
DT110TS,6
DT110TT,5
DT110TU,9
DT110TW,5
DT110TX,5
DT110TY,5
DT110TZ,5
DT110WA,4
DT110WX,5
DT110XN,4
DT110XZ,5
DT110YA,5
DT110YB,4
DT110YE,6
DT110YF,5
DT110YG,6
DT110YH,4
DT110YJ,6
DT110YL,6
DT110YN,4
DT110YP,5
DT110YQ,4
DT110YR,4
DT110YS,4
DT110YT,4
DT110YU,4
DT110YW,4
DT110YX,5
DT110ZA,4
DT110ZQ,4
DT110ZR,4
DT110ZX,4
DT111AA,4
DT111AB,4
DT111AD,4
DT111AE,4
DT111AF,4
DT111AG,4
DT111AH,4
DT111AJ,4
DT111AL,4
DT111AN,4
DT111AP,4
DT111AQ,4
DT111AR,4
DT111AS,4
DT111AT,4
DT111AU,4
DT111AW,4
DT111AX,4
DT111AY,4
DT111AZ,4
DT111BA,4
DT111BB,4
DT111BD,4
DT111BE,4
DT111BF,4
DT111BG,4
DT111BH,4
DT111BJ,4
DT111BL,4
DT111BN,4
DT111BP,4
DT111BQ,4
DT111BR,4
DT111BS,4
DT111BT,4
DT111BU,4
DT111BW,4
DT111BX,4
DT111BY,4
DT111BZ,4
DT111DA,4
DT111DB,4
DT111DD,4
DT111DE,4
DT111DF,4
DT111DG,4
DT111DH,4
DT111DJ,4
DT111DL,4
DT111DN,4
DT111DP,4
DT111DQ,4
DT111DR,4
DT111DS,4
DT111DT,4
DT111DU,4
DT111DW,4
DT111DX,4
DT111DY,4
DT111SA,6
DT111SB,6
DT111SD,6
DT111SE,6
DT111SF,6
DT111SG,6
DT111SH,6
DT111SJ,6
DT111SL,6
DT111SN,6
DT111SP,6
DT111SQ,6
DT111SR,6
DT111SS,6
DT111ST,6
DT111SU,6
DT111SW,6
DT111SX,6
DT111SY,6
DT111SZ,6
DT111TA,6
DT111TB,6
DT111TD,6
DT111TE,6
DT111TF,6
DT111TG,6
DT111TH,6
DT111TJ,6
DT111YP,4
DT111YQ,
DT111YR,
DT111YS,
DT111YT,
DT111YU,
DT111YW,
DT111YX,
DT111YY,
DT111YZ,
DT111ZA,
DT111ZB,
DT111ZD,
DT111ZE,
DT111ZF,
DT111ZG,
DT111ZH,
DT111ZJ,
DT111ZL,
DT111ZN,
DT111ZP,
DT111ZQ,
DT111ZR,
DT111ZS,
DT111ZT,
DT111ZU,
DT111ZW,
DT111ZX,
DT111ZY,
DT111ZZ,6
DT117AA,4
DT117AB,6
DT117AD,4
DT117AE,4
DT117AF,4
DT117AG,4
DT117AH,4
DT117AJ,4
DT117AL,4
DT117AN,4
DT117AP,6
DT117AQ,4
DT117AR,4
DT117AS,6
DT117AT,4
DT117AU,4
DT117AW,4
DT117AX,4
DT117AY,4
DT117AZ,4
DT117BA,4
DT117BB,4
DT117BD,4
DT117BE,4
DT117BG,4
DT117BH,4
DT117BJ,7
DT117BL,4
DT117BN,4
DT117BP,4
DT117BQ,4
DT117BR,4
DT117BS,4
DT117BT,4
DT117BU,4
DT117BW,4
DT117BX,4
DT117BY,6
DT117BZ,6
DT117DA,6
DT117DB,4
DT117DD,4
DT117DE,4
DT117DF,4
DT117DG,4
DT117DH,9
DT117DJ,4
DT117DL,4
DT117DN,4
DT117DP,4
DT117DQ,4
DT117DR,4
DT117DS,4
DT117DT,4
DT117DU,4
DT117DW,4
DT117DX,4
DT117DY,4
DT117DZ,4
DT117EA,4
DT117EB,4
DT117ED,4
DT117EE,4
DT117EF,4
DT117EG,7
DT117EH,4
DT117EJ,6
DT117EL,7
DT117EN,7
DT117EP,7
DT117EQ,9
DT117ER,7
DT117ES,7
DT117ET,4
DT117EU,6
DT117EW,7
DT117EX,6
DT117EY,6
DT117EZ,6
DT117FA,6
DT117FB,7
DT117FD,6
DT117FE,4
DT117FF,4
DT117FG,7
DT117FH,4
DT117FJ,7
DT117FL,7
DT117FN,7
DT117FP,7
DT117FQ,7
DT117FR,6
DT117FS,7
DT117FT,7
DT117FU,4
DT117FW,4
DT117FX,9
DT117FY,4
DT117FZ,7
DT117GA,4
DT117GB,7
DT117GD,4
DT117GE,4
DT117GF,7
DT117GG,7
DT117GH,7
DT117GY,6
DT117GZ,6
DT117HA,4
DT117HB,4
DT117HD,6
DT117HE,4
DT117HF,6
DT117HG,7
DT117HH,6
DT117HJ,6
DT117HL,6
DT117HN,6
DT117HP,6
DT117HQ,4
DT117HR,6
DT117HS,6
DT117HT,6
DT117HU,6
DT117HW,6
DT117HX,6
DT117HY,6
DT117HZ,6
DT117JA,6
DT117JB,7
DT117JD,6
DT117JE,6
DT117JF,6
DT117JG,6
DT117JH,6
DT117JJ,6
DT117JL,6
DT117JN,6
DT117JP,6
DT117JQ,6
DT117JR,6
DT117JS,6
DT117JT,6
DT117JU,6
DT117JW,7
DT117JX,6
DT117JY,6
DT117JZ,6
DT117LA,6
DT117LB,6
DT117LD,6
DT117LE,6
DT117LF,6
DT117LG,4
DT117LH,6
DT117LJ,6
DT117LL,6
DT117LN,6
DT117LP,6
DT117LQ,7
DT117LR,7
DT117LS,7
DT117LT,6
DT117LU,7
DT117LW,6
DT117LX,6
DT117LY,7
DT117LZ,6
DT117NA,7
DT117NB,6
DT117ND,7
DT117NE,7
DT117NF,6
DT117NG,6
DT117NH,6
DT117NJ,7
DT117NL,7
DT117NN,7
DT117NP,7
DT117NQ,6
DT117NR,7
DT117NS,7
DT117NT,7
DT117NU,7
DT117NW,7
DT117NX,7
DT117NY,7
DT117NZ,7
DT117PA,7
DT117PB,7
DT117PD,7
DT117PE,7
DT117PF,7
DT117PG,7
DT117PH,6
DT117PJ,6
DT117PL,7
DT117PN,7
DT117PP,4
DT117PQ,7
DT117PR,4
DT117PS,4
DT117PT,7
DT117PU,4
DT117PW,4
DT117PX,4
DT117PY,4
DT117PZ,6
DT117QA,4
DT117QB,4
DT117QD,6
DT117QE,4
DT117QF,4
DT117QG,6
DT117QH,6
DT117QJ,6
DT117QL,6
DT117QN,6
DT117QP,6
DT117QQ,7
DT117QR,6
DT117QS,6
DT117QT,6
DT117QU,6
DT117QW,6
DT117QX,6
DT117QY,6
DT117QZ,4
DT117RA,4
DT117RB,4
DT117RD,4
DT117RE,4
DT117RF,4
DT117RG,4
DT117RH,4
DT117RJ,6
DT117RL,6
DT117RN,6
DT117RP,9
DT117RQ,4
DT117RR,9
DT117RS,9
DT117RT,9
DT117RU,9
DT117RW,6
DT117RX,9
DT117RY,9
DT117RZ,7
DT117SA,7
DT117SB,7
DT117SD,7
DT117SE,7
DT117SF,7
DT117SG,4
DT117SH,4
DT117SJ,7
DT117SL,6
DT117SN,4
DT117SP,6
DT117SQ,4
DT117SR,7
DT117SS,6
DT117ST,6
DT117SU,4
DT117SW,7
DT117SX,7
DT117SY,4
DT117SZ,7
DT117TA,7
DT117TB,7
DT117TD,7
DT117TE,7
DT117TF,7
DT117TG,7
DT117TH,7
DT117TJ,7
DT117TL,7
DT117TN,9
DT117TP,9
DT117TQ,7
DT117TR,9
DT117TS,7
DT117TT,9
DT117TU,9
DT117TW,9
DT117TX,9
DT117TY,9
DT117TZ,9
DT117UA,9
DT117UB,4
DT117UD,4
DT117UE,4
DT117UF,9
DT117UG,7
DT117UH,9
DT117UJ,9
DT117UL,9
DT117UN,9
DT117UP,7
DT117UQ,9
DT117UR,7
DT117US,9
DT117UT,9
DT117UU,7
DT117UW,9
DT117UX,7
DT117UY,7
DT117UZ,7
DT117WA,4
DT117WB,6
DT117WD,7
DT117WG,7
DT117WX,4
DT117WZ,7
DT117XA,9
DT117XB,7
DT117XD,9
DT117XE,4
DT117XF,7
DT117XG,7
DT117XH,7
DT117XJ,7
DT117XL,7
DT117XN,7
DT117XP,7
DT117XQ,7
DT117XR,7
DT117XS,7
DT117XT,7
DT117XU,7
DT117XW,7
DT117XX,7
DT117XY,7
DT117XZ,7
DT117YA,7
DT117YB,7
DT117YD,7
DT117YE,4
DT117YF,7
DT117YG,4
DT117YH,4
DT117YJ,4
DT117YL,4
DT117YN,7
DT1 1YP,4
DT1 1YQ,4
DT1 1YR,7
DT1 1YS,4
DT1 1YT,7
DT1 1YU,7
DT1 1YW,4
DT1 1YX,4
DT1 1YY,7
DT1 1YZ,4
DT1 1ZB,4
DT1 1ZD,4
DT1 1ZE,4
DT1 1ZG,7
DT1 1ZJ,7
DT1 1ZN,7
DT1 1ZQ,7
DT1 1ZR,7
DT1 1ZW,7
DT1 1ZX,7
DT1 2AA,7
DT1 2AB,8
DT1 2AD,8
DT1 2AE,8
DT1 2AF,8
DT1 2AG,8
DT1 2AH,8
DT1 2AJ,8
DT1 2AL,8
DT1 2AN,8
DT1 2AP,8
DT1 2AQ,8
DT1 2AR,8
DT1 2AS,10
DT1 2AT,10
DT1 2AU,10
DT1 2AW,8
DT1 2AX,10
DT1 2AY,10
DT1 2AZ,10
DT1 2BA,10
DT1 2BB,10
DT1 2BD,10
DT1 2BE,10
DT1 2BG,10
DT1 2BH,10
DT1 2BJ,10
DT1 2BL,8
DT1 2BN,8
DT1 2BP,8
DT1 2BQ,10
DT1 2BR,10
DT1 2BS,10
DT1 2BT,10
DT1 2BU,10
DT1 2BW,8
DT1 2BX,10
DT1 2BY,10
DT1 2BZ,10
DT1 2DA,10
DT1 2DB,10
DT1 2DD,8
DT1 2DE,10
DT1 2DF,10
DT1 2DG,10
DT1 2DH,10
DT1 2DJ,10
DT1 2DL,10
DT1 2DN,10
DT1 2DP,10
DT1 2DQ,10
DT1 2DR,9
DT1 2DS,8
DT1 2DT,10
DT1 2DU,10
DT1 2DW,10
DT1 2DX,10
DT1 2DY,10
DT1 2DZ,10
DT1 2EA,10
DT1 2EB,10
DT1 2ED,10
DT1 2EE,10
DT1 2EF,10
DT1 2EG,10
DT1 2EH,8
DT1 2EJ,8
DT1 2EL,8
DT1 2EN,7
DT1 2EP,7
DT1 2EQ,10
DT1 2ER,7
DT1 2ES,7
DT1 2ET,7
DT1 2EU,7
DT1 2EW,7
DT1 2EX,7
DT1 2EY,7
DT1 2EZ,7
DT1 2FA,7
DT1 2FB,7
DT1 2FD,7
DT1 2FE,6
DT1 2FF,8
DT1 2FG,6
DT1 2FH,7
DT1 2FJ,6
DT1 2FL,6
DT1 2FN,8
DT1 2FY,6
DT1 2GZ,7
DT1 2HA,7
DT1 2HB,7
DT1 2HD,7
DT1 2HE,7
DT1 2HF,7
DT1 2HG,9
DT1 2HH,7
DT1 2HJ,6
DT1 2HL,6
DT1 2HN,7
DT1 2HP,7
DT1 2HQ,7
DT1 2HR,7
DT1 2HS,7
DT1 2HT,6
DT1 2HU,7
DT1 2HW,7
DT1 2HX,6
DT1 2HY,6
DT1 2HZ,7
DT1 2JA,6
DT1 2JB,6
DT1 2JD,7
DT1 2JE,7
DT1 2JF,6
DT1 2JG,6
DT1 2JH,7
DT1 2JJ,6
DT1 2JL,6
DT1 2JN,6
DT1 2JP,6
DT1 2JQ,6
DT1 2JR,7
DT1 2JS,10
DT1 2JT,9
DT1 2JU,8
DT1 2JW,6
DT1 2JX,6
DT1 2JY,7
DT1 2JZ,7
DT1 2LA,6
DT1 2LB,6
DT1 2LD,6
DT1 2LE,6
DT1 2LF,6
DT1 2LG,6
DT1 2LH,6
DT1 2LJ,6
DT1 2LL,7
DT1 2LN,6
DT1 2LP,6
DT1 2LQ,6
DT1 2LR,6
DT1 2LS,6
DT1 2LT,7
DT1 2LU,7
DT1 2LW,6
DT1 2LX,6
DT1 2LY,6
DT1 2LZ,6
DT1 2NA,6
DT1 2NB,6
DT1 2ND,6
DT1 2NE,6
DT1 2NF,6
DT1 2NG,7
DT1 2NH,6
DT1 2NJ,6
DT1 2NL,6
DT1 2NN,6
DT1 2NP,6
DT1 2NQ,6
DT1 2NR,6
DT1 2NS,6
DT1 2NT,7
DT1 2NU,6
DT1 2NW,6
DT1 2NX,7
DT1 2NY,7
DT1 2NZ,6
DT1 2PA,7
DT1 2PB,7
DT1 2PD,7
DT1 2PE,7
DT1 2PF,7
DT1 2PG,7
DT1 2PH,6
DT1 2PJ,7
DT1 2PL,7
DT1 2PN,7
DT1 2PP,7
DT1 2PQ,7
DT1 2PR,7
DT1 2PS,7
DT1 2PT,7
DT1 2PU,7
DT1 2PW,7
DT1 2PX,7
DT1 2PY,7
DT1 2PZ,7
DT1 2QA,7
DT1 2QB,6
DT1 2QD,9
DT1 2QE,7
DT1 2QG,9
DT1 2QH,9
DT1 2QJ,9
DT1 2QL,9
DT1 2QN,9
DT1 2QP,9
DT1 2QQ,9
DT1 2QR,9
DT1 2QS,9
DT1 2QT,9
DT1 2QU,9
DT1 2QW,9
DT1 2QX,9
DT1 2QY,9
DT1 2QZ,9
DT1 2RA,9
DT1 2RB,9
DT1 2RD,9
DT1 2RE,9
DT1 2RF,9
DT1 2RG,9
DT1 2RH,9
DT1 2RJ,9
DT1 2RL,9
DT1 2RN,9
DT1 2RP,9
DT1 2RQ,9
DT1 2RR,9
DT1 2RS,6
DT1 2RT,7
DT1 2RU,9
DT1 2RW,9
DT1 2RX,7
DT1 2RY,9
DT1 2RZ,10
DT1 2SA,8
DT1 2SB,8
DT1 2SD,8
DT1 2SE,8
DT1 2SF,8
DT1 2SG,8
DT1 2SH,8
DT1 2SJ,10
DT1 2SL,10
DT1 2SN,8
DT1 2SP,8
DT1 2SQ,8
DT1 2SR,8
DT1 2SS,8
DT1 2ST,8
DT1 2SU,8
DT1 2SW,8
DT1 2SX,8
DT1 2SY,8
DT1 2SZ,8
DT1 2TA,9
DT1 2TB,9
DT1 2TD,9
DT1 2TE,9
DT1 2TF,9
DT1 2TG,9
DT1 2TH,9
DT1 2TJ,9
DT1 2TL,8
DT1 2TN,8
DT1 2TP,8
DT1 2TQ,9
DT1 2TR,8
DT1 2TS,8
DT1 2TT,8
DT1 2TU,8
DT1 2TW,8
DT1 2TX,8
DT1 2WA,7
DT1 2WB,7
DT1 2WD,7
DT1 2WE,8
DT1 2XA,7
DT1 2XB,6
DT1 2XD,7
DT1 2XE,6
DT1 2XF,9
DT1 2XG,6
DT1 2XH,7
DT1 2XJ,6
DT1 2XZ,7
DT1 2YA,6
DT1 2YB,7
DT1 2YD,8
DT1 2YE,7
DT1 2YF,7
DT1 2YG,6
DT1 2YH,6
DT1 2YJ,7
DT1 2YN,9
DT1 2YP,7
DT1 2YQ,9
DT1 2YR,7
DT1 2YS,6
DT1 2YT,9
DT1 2YU,6
DT1 2YW,6
DT1 2YX,7
DT1 2YY,7
DT1 2YZ,9
DT1 3AA,7
DT1 3AB,7
DT1 3AD,7
DT1 3AE,7
DT1 3AF,7
DT1 3AG,7
DT1 3AH,7
DT1 3AJ,6
DT1 3AL,6
DT1 3AN,6
DT1 3AP,6
DT1 3AQ,6
DT1 3AR,6
DT1 3AS,7
DT1 3AT,6
DT1 3AU,6
DT1 3AW,6
DT1 3AX,6
DT1 3AY,6
DT1 3AZ,6
DT1 3BA,7
DT1 3BB,6
DT1 3BD,6
DT1 3BE,6
DT1 3BG,6
DT1 3BH,7
DT1 3BJ,7
DT1 3BL,7
DT1 3BN,6
DT1 3BP,6
DT1 3BQ,6
DT1 3BS,6
DT1 3BT,6
DT1 3BU,6
DT1 3BW,7
DT1 3BX,7
DT1 3BY,7
DT1 3DA,7
DT1 3DB,7
DT1 3DE,7
DT1 3DF,7
DT1 3DG,7
DT1 3DH,7
DT1 3DJ,7
DT1 3DL,7
DT1 3DN,7
DT1 3DP,7
DT1 3DQ,7
DT1 3DR,7
DT1 3DS,7
DT1 3DT,7
DT1 3DU,7
DT1 3DW,7
DT1 3DX,7
DT1 3DY,7
DT1 3DZ,7
DT1 3EA,7
DT1 3EB,7
DT1 3ED,7
DT1 3EE,7
DT1 3EF,7
DT1 3EG,7
DT1 3EJ,7
DT1 3EL,7
DT1 3EN,7
DT1 3EP,7
DT1 3EQ,7
DT1 3ES,7
DT1 3ET,7
DT1 3EU,7
DT1 3EW,7
DT1 3EX,7
DT1 3FA,6
DT1 3FB,6
DT1 3FD,6
DT1 3FF,7
DT1 3FG,7
DT1 3FH,6
DT1 3FJ,6
DT1 3GA,6
DT1 3GB,6
DT1 3GD,6
DT1 3GE,6
DT1 3GF,6
DT1 3GG,6
DT1 3GH,6
DT1 3GJ,6
DT1 3GL,6
DT1 3GN,6
DT1 3GP,6
DT1 3GQ,6
DT1 3GR,6
DT1 3GS,6
DT1 3GT,6
DT1 3GU,6
DT1 3GW,6
DT1 3GX,6
DT1 3GY,6
DT1 3GZ,6
DT1 3QY,7
DT1 3RA,7
DT1 3RB,7
DT1 3RD,7
DT1 3RE,7
DT1 3RF,7
DT1 3RG,7
DT1 3RH,7
DT1 3RJ,7
DT1 3RL,7
DT1 3RN,7
DT1 3RP,7
DT1 3RQ,7
DT1 3RR,7
DT1 3RS,6
DT1 3RT,7
DT1 3RU,6
DT1 3RW,7
DT1 3RX,7
DT1 3RY,7
DT1 3RZ,7
DT1 3SA,7
DT1 3SB,7
DT1 3SD,6
DT1 3SE,7
DT1 3SF,7
DT1 3SG,7
DT1 3SH,7
DT1 3SJ,7
DT1 3SL,7
DT1 3SN,7
DT1 3SP,7
DT1 3SQ,7
DT1 3SR,7
DT1 3SS,7
DT1 3ST,7
DT1 3SU,7
DT1 3SW,7
DT1 3SX,7
DT1 3SY,7
DT1 3TA,7
DT1 3TB,7
DT1 3TD,7
DT1 3TE,7
DT1 3TF,7
DT1 3TG,7
DT1 3TH,7
DT1 3TJ,7
DT1 3TL,7
DT1 3TN,7
DT1 3TP,7
DT1 3TQ,7
DT1 3TR,7
DT1 3TS,6
DT1 3TT,7
DT1 3TW,7
DT1 3UX,7
DT1 3UZ,6
DT1 3WA,6
DT1 3WB,7
DT1 3WD,7
DT1 3WE,7
DT1 3WF,7
DT1 3WG,7
DT1 3WH,7
DT1 3WJ,6
DT1 3WL,6
DT1 3WN,6
DT1 3WP,6
DT1 3WQ,6
DT1 3WR,6
DT1 3WS,6
DT1 3WT,6
DT1 3WU,6
DT1 3WW,7
DT1 3WX,6
DT1 3WY,7
DT1 3XN,7
DT1 3YA,6
DT1 3YB,7
DT1 3ZX,7
DT1 9AA,7
DT1 9AB,7
DT1 9AD,7
DT1 9AE,7
DT1 9AF,7
DT1 9AG,7
DT1 9AH,7
DT1 9AJ,7
DT1 9AL,7
DT1 9AN,7
DT1 9AP,7
DT1 9AQ,7
DT1 9AR,7
DT1 9AS,7
DT1 9AT,7
DT1 9AU,7
DT1 9AW,7
DT1 9AX,7
DT1 9AY,7
DT1 9AZ,7
DT1 9BB,7
DT1 9BD,7
DT1 9BE,7
DT1 9BF,7
DT1 9BG,7
DT1 9BH,7
DT1 9BJ,7
DT1 9BL,7
DT1 9BN,7
DT1 9BP,7
DT1 9BQ,7
DT1 9BR,7
DT1 9BS,7
DT1 9BT,7
DT1 9BU,7
DT1 9BW,7
DT1 9BX,7
DT1 9BY,7
DT1 9BZ,7
DT1 9DA,7
DT1 9DB,7
DT1 9DD,7
DT1 9DE,7
DT1 9DF,7
DT1 9DG,7
DT1 9DH,7
DT1 9DJ,7
DT1 9DL,7
DT1 9DN,7
DT1 9DP,7
DT1 9DQ,7
DT1 9DR,7
DT1 9DS,7
DT1 9DT,7
DT1 9DU,7
DT1 9DW,7
DT1 9DX,7
DT1 9DY,7
DT1 9DZ,7
DT1 9EA,7
DT1 9EB,7
DT1 9ED,7
DT1 9EE,7
DT1 9EF,7
DT1 9EG,7
DT1 9EH,7
DT1 9EJ,7
DT1 9EL,7
DT1 9EN,7
DT1 9EP,7
DT1 9EQ,7
DT1 9ER,7
DT1 9ES,7
DT1 9ET,7
DT1 9EU,7
DT1 9EW,7
DT1 9EX,7
DT1 9EY,7
DT1 9EZ,7
DT1 9FA,7
DT1 9FB,7
DT1 9FD,7
DT1 9FE,7
DT1 9FF,7
DT1 9FG,7
DT1 9FH,7
DT1 9FJ,7
DT1 9FL,7
DT1 9FN,7
DT1 9FP,7
DT1 9FQ,7
DT1 9FR,7
DT1 9FS,7
DT1 9FT,7
DT1 9FU,7
DT1 9FW,7
DT1 9FX,7
DT1 9FY,7
DT1 9FZ,7
DT1 9GA,7
DT1 9GB,7
DT1 9GD,7
DT1 9GE,7
DT1 9GF,7
DT1 9GG,7
DT1 9GH,7
DT1 9GJ,7
DT1 9GL,7
DT1 9GN,7
DT1 9GP,7
DT1 9GQ,7
DT1 9GR,7
DT1 9GS,7
DT1 9GT,7
DT1 9GU,7
DT1 9GW,7
DT1 9GX,7
DT1 9GY,7
DT1 9GZ,7
DT1 9HA,7
DT1 9HB,7
DT1 9HD,7
DT1 9HE,7
DT1 9HF,7
DT1 9HG,7
DT1 9HH,7
DT1 9HJ,7
DT1 9HL,7
DT1 9HN,7
DT1 9HP,7
DT1 9HQ,7
DT1 9HR,7
DT1 9HS,7
DT1 9HT,7
DT1 9HW,7
DT1 9HX,7
DT1 9HY,7
DT1 9SA,4
DT1 9SB,4
DT1 9SD,4
DT1 9SE,4
DT1 9SF,4
DT1 9SG,4
DT1 9SH,4
DT1 9SJ,4
DT1 9SL,4
DT1 9SN,4
DT1 9SP,4
DT1 9SQ,4
DT1 9SR,4
DT1 9SS,4
DT1 9ST,4
DT1 9SU,4
DT1 9SW,4
DT1 9SX,4
DT1 9SY,4
DT1 9SZ,4
DT1 9TA,4
DT1 9TB,4
DT1 9TD,4
DT1 9TE,4
DT1 9TF,4
DT1 9TG,4
DT1 9TH,4
DT1 9TJ,4
DT1 9TL,4
DT1 9TN,4
DT1 9TP,4
DT1 9TQ,4
DT1 9TR,4
DT1 9TS,4
DT1 9TT,4
DT1 9YE,7
DT1 9YF,7
DT1 9YG,7
DT1 9YH,
DT1 9YJ,
DT1 9YL,
DT1 9YN,
DT1 9YP,
DT1 9YQ,
DT1 9YR,
DT1 9YS,
DT1 9YT,
DT1 9YU,
DT1 9YW,
DT1 9YX,
DT1 9YY,
DT1 9YZ,
DT1 9ZA,
DT1 9ZB,
DT1 9ZD,
DT1 9ZE,
DT1 9ZF,
DT1 9ZG,
DT1 9ZH,
DT1 9ZJ,
DT1 9ZL,
DT1 9ZN,
DT1 9ZP,
DT1 9ZQ,
DT1 9ZR,
DT1 9ZS,
DT1 9ZT,
DT1 9ZU,
DT1 9ZW,
DT1 9ZX,
DT1 9ZY,
DT1 9ZZ,4
DT101AA,5
DT101AB,5
DT101AD,5
DT101AE,8
DT101AF,5
DT101AG,8
DT101AH,5
DT101AJ,5
DT101AL,5
DT101AN,5
DT101AP,5
DT101AQ,5
DT101AR,5
DT101AS,5
DT101AT,5
DT101AU,5
DT101AW,5
DT101AX,5
DT101AY,5
DT101AZ,5
DT101BA,5
DT101BB,5
DT101BD,5
DT101BE,5
DT101BG,5
DT101BH,5
DT101BJ,5
DT101BL,5
DT101BN,8
DT101BP,5
DT101BQ,5
DT101BS,5
DT101BT,5
DT101BU,5
DT101BW,5
DT101BX,5
DT101BY,5
DT101BZ,5
DT101DA,8
DT101DB,8
DT101DD,8
DT101DE,8
DT101DF,8
DT101DG,8
DT101DH,8
DT101DJ,5
DT101DL,5
DT101DN,5
DT101DP,5
DT101DQ,5
DT101DR,5
DT101DS,8
DT101DT,8
DT101DU,5
DT101DW,8
DT101DX,5
DT101DY,8
DT101DZ,8
DT101EA,8
DT101EB,5
DT101ED,8
DT101EE,5
DT101EF,5
DT101EG,5
DT101EH,5
DT101EJ,5
DT101EL,5
DT101EN,5
DT101EP,8
DT101EQ,5
DT101ER,5
DT101ES,5
DT101ET,8
DT101EU,8
DT101EW,8
DT101EX,5
DT101EY,5
DT101EZ,5
DT101FA,8
DT101FB,8
DT101FD,8
DT101FE,8
DT101FF,5
DT101FG,5
DT101FH,5
DT101FJ,5
DT101FL,6
DT101FN,5
DT101FP,5
DT101FQ,6
DT101FR,5
DT101GA,8
DT101HA,5
DT101HB,5
DT101HD,6
DT101HE,8
DT101HF,6
DT101HG,6
DT101HH,6
DT101HJ,6
DT101HL,6
DT101HN,6
DT101HP,6
DT101HQ,6
DT101HR,6
DT101HS,6
DT101HT,6
DT101HU,6
DT101HW,6
DT101HX,6
DT101HY,6
DT101HZ,6
DT101JA,6
DT101JB,6
DT101JD,6
DT101JE,5
DT101JF,5
DT101JG,8
DT101JH,6
DT101JJ,6
DT101JL,6
DT101JN,6
DT101JP,6
DT101JQ,6
DT101JR,6
DT101JS,6
DT101JT,6
DT101JU,6
DT101JW,6
DT101JX,6
DT101JY,6
DT101JZ,6
DT101LA,6
DT101LB,6
DT101LD,6
DT101LE,6
DT101LF,6
DT101LG,6
DT101LH,6
DT101LJ,6
DT101LL,6
DT101LN,6
DT101LP,6
DT101LQ,6
DT101LR,6
DT101LS,6
DT101LT,8
DT101LU,5
DT101LW,6
DT101LX,5
DT101LY,8
DT101LZ,8
DT101NA,8
DT101NB,8
DT101ND,8
DT101NE,8
DT101NF,8
DT101NG,8
DT101NH,6
DT101NJ,6
DT101NL,6
DT101NN,6
DT101NP,6
DT101NQ,6
DT101NR,6
DT101NS,6
DT101NT,6
DT101NU,6
DT101NW,6
DT101NX,6
DT101NY,6
DT101NZ,6
DT101PA,6
DT101PB,6
DT101PD,6
DT101PE,8
DT101PF,5
DT101PG,5
DT101PH,6
DT101PJ,6
DT101PL,6
DT101PN,6
DT101PP,6
DT101PR,6
DT101PS,6
DT101PT,6
DT101PU,6
DT101PW,6
DT101PX,6
DT101PY,6
DT101PZ,6
DT101QA,6
DT101QB,6
DT101QD,6
DT101QE,6
DT101QF,6
DT101QG,6
DT101QH,8
DT101QJ,8
DT101QL,8
DT101QN,5
DT101QP,8
DT101QQ,6
DT101QR,6
DT101QS,5
DT101QT,5
DT101QU,5
DT101QW,5
DT101QX,5
DT101QY,5
DT101QZ,5
DT101RA,5
DT101UX,5
DT101WA,5
DT101WB,5
DT101WD,5
DT101WE,5
DT101XN,5
DT101XZ,5
DT101YA,6
DT101YB,5
DT101YD,5
DT101YE,5
DT101YF,8
DT101YG,8
DT101YH,5
DT101YJ,5
DT101YL,8
DT101YN,8
DT101YP,5
DT101YQ,5
DT101YR,5
DT101YS,5
DT101YT,5
DT101YW,8
DT101YZ,6
DT101ZN,5
DT101ZX,5
DT102AA,8
DT102AB,8
DT102AD,8
DT102AE,8
DT102AF,6
DT102AG,6
DT102AH,5
DT102AJ,5
DT102AL,5
DT102AN,5
DT102AP,5
DT102AQ,5
DT102AR,5
DT102AS,5
DT102AT,5
DT102AU,5
DT102AW,6
DT102AX,6
DT102AY,6
DT102AZ,6
DT102BA,6
DT102BB,6
DT102BD,6
DT102BE,6
DT102BG,6
DT102BH,5
DT102BJ,5
DT102BL,5
DT102BN,5
DT102BP,5
DT102BQ,5
DT102BS,8
DT102BT,8
DT102BU,6
DT102BX,6
DT102BY,6
DT102BZ,5
DT102DA,5
DT102DB,5
DT102DD,5
DT102DE,6
DT102DF,5
DT102DG,5
DT102DH,8
DT102DJ,8
DT102DL,8
DT102DN,8
DT102DP,5
DT102DQ,8
DT102DR,5
DT102DS,5
DT102DT,5
DT102DU,5
DT117YP,4
DT117YQ,9
DT117YR,6
DT117YS,4
DT117YT,6
DT117YU,4
DT117YW,4
DT117YX,4
DT117YY,6
DT117ZJ,4
DT117ZN,4
DT117ZP,4
DT117ZQ,4
DT117ZR,4
DT118AA,9
DT118AB,9
DT118AD,9
DT118AE,9
DT118AF,9
DT118AG,9
DT118AH,9
DT118AJ,9
DT118AL,9
DT118AN,9
DT118AP,9
DT118AQ,9
DT118AR,6
DT118AS,6
DT118AT,9
DT118AU,6
DT118AW,9
DT118AX,6
DT118AY,6
DT118AZ,9
DT118BA,9
DT118BB,9
DT118BD,6
DT118BE,9
DT118BG,9
DT118BH,9
DT118BJ,9
DT118BL,9
DT118BN,9
DT118BP,9
DT118BQ,9
DT118BS,6
DT118BT,9
DT118BU,6
DT118BW,6
DT118BX,6
DT118BY,6
DT118BZ,6
DT118DA,6
DT118DB,6
DT118DD,6
DT118DE,6
DT118DF,6
DT118DG,6
DT118DH,6
DT118DJ,6
DT118DL,6
DT118DN,6
DT118DP,4
DT118DQ,6
DT118DR,6
DT118DS,9
DT118DT,9
DT118DU,9
DT118DW,6
DT118DX,9
DT118DY,9
DT118DZ,9
DT118EA,9
DT118EB,9
DT118ED,9
DT118EE,9
DT118EF,9
DT118EG,9
DT118EH,9
DT118EJ,9
DT118EL,9
DT118EN,9
DT118EP,9
DT118EQ,9
DT118ER,9
DT118ES,9
DT118ET,9
DT118EU,6
DT118EW,9
DT118EX,9
DT118EY,9
DT118EZ,9
DT118FA,5
DT118FB,6
DT118FD,6
DT118FE,6
DT118FF,6
DT118FG,9
DT118FH,9
DT118FJ,5
DT118FZ,5
DT118GE,4
DT118GY,6
DT118GZ,6
DT118HA,9
DT118HB,9
DT118HD,9
DT118HE,9
DT118HF,9
DT118HG,9
DT118HH,6
DT118HJ,9
DT118HL,6
DT118HN,6
DT118HP,9
DT118HQ,9
DT118HR,9
DT118HS,9
DT118HT,9
DT118HU,9
DT118HW,9
DT118HX,6
DT118HY,6
DT118HZ,6
DT118JA,6
DT118JB,6
DT118JD,6
DT118JE,6
DT118JF,6
DT118JG,6
DT118JH,4
DT118JJ,6
DT118JL,6
DT118JN,6
DT118JP,6
DT118JQ,6
DT118JR,6
DT118JS,6
DT118JT,6
DT118JU,6
DT118JW,6
DT118JX,6
DT118JY,6
DT118JZ,5
DT118LA,6
DT118LB,6
DT118LD,5
DT118LE,6
DT118LF,6
DT118LG,5
DT118LH,5
DT118LJ,6
DT118LL,6
DT118LN,6
DT118LP,6
DT118LQ,5
DT118LR,6
DT118LS,6
DT118LT,6
DT118LU,6
DT118LW,6
DT118LX,6
DT118LY,6
DT118LZ,6
DT118NA,6
DT118NB,6
DT118ND,6
DT118NE,6
DT118NF,6
DT118NG,6
DT118NH,6
DT118NJ,6
DT118NL,6
DT118NN,6
DT118NP,5
DT118NQ,6
DT118NR,5
DT118NS,5
DT118NT,6
DT118NU,5
DT118NW,6
DT118NX,5
DT118NY,5
DT118NZ,5
DT118PA,5
DT118PB,5
DT118PD,5
DT118PE,5
DT118PF,5
DT118PG,5
DT118PH,6
DT118PJ,6
DT118PL,9
DT118PN,4
DT118PP,6
DT118PQ,6
DT118PR,6
DT118PS,6
DT118PT,6
DT118PU,6
DT118PW,5
DT118PX,6
DT118PY,6
DT118PZ,6
DT118QA,6
DT118QB,6
DT118QD,6
DT118QE,6
DT118QF,6
DT118QG,6
DT118QH,6
DT118QJ,6
DT118QL,6
DT118QN,6
DT118QP,6
DT118QQ,6
DT118QR,6
DT118QS,6
DT118QT,6
DT118QU,6
DT118QW,6
DT118QX,6
DT118QY,9
DT118QZ,9
DT118RA,6
DT118RB,6
DT118RD,6
DT118RE,9
DT118RF,6
DT118RG,9
DT118RH,9
DT118RJ,6
DT118RL,6
DT118RN,9
DT118RP,6
DT118RQ,6
DT118RR,6
DT118RS,6
DT118RT,6
DT118RU,6
DT118RW,6
DT118RX,6
DT118RY,6
DT118RZ,6
DT118SA,6
DT118SB,6
DT118SD,6
DT118SE,6
DT118SF,6
DT118SG,6
DT118SH,6
DT118SJ,9
DT118SL,9
DT118SN,9
DT118SP,6
DT118SQ,6
DT118SR,9
DT118SS,5
DT118ST,6
DT118SU,5
DT118SW,7
DT118SX,6
DT118SY,5
DT118SZ,5
DT118TA,5
DT118TB,5
DT118TD,5
DT118TE,5
DT118TF,5
DT118TG,5
DT118TH,5
DT118TJ,5
DT118TL,5
DT118TN,5
DT118TP,6
DT118TQ,5
DT118TR,5
DT118TS,6
DT118TT,6
DT118TU,6
DT118TW,6
DT118TX,6
DT118TY,6
DT118TZ,6
DT118UA,6
DT118UB,6
DT118UD,6
DT118UE,6
DT118UF,6
DT118UG,6
DT118UH,6
DT118UJ,6
DT118UL,6
DT118UN,6
DT118UP,6
DT118UQ,6
DT118UR,6
DT118US,6
DT118UT,6
DT118UU,6
DT118UW,6
DT118UX,6
DT118UY,6
DT118UZ,6
DT118WA,6
DT118WB,4
DT118WD,4
DT118WE,6
DT118WF,6
DT118WG,4
DT118WX,6
DT118XA,6
DT118XB,6
DT118XD,6
DT118XE,6
DT118XF,6
DT118XG,6
DT118XH,6
DT118XJ,6
DT118XL,6
DT118XN,4
DT118XP,4
DT118XQ,6
DT118XY,4
DT118XZ,6
DT118YA,4
DT118YB,5
DT118YD,4
DT118YE,4
DT118YF,4
DT118YG,6
DT118YH,4
DT118YJ,5
DT118YL,4
DT118YN,4
DT118YP,4
DT118YQ,4
DT118YR,4
DT118YS,5
DT118YT,5
DT118YU,4
DT118YW,5
DT118YX,4
DT118YY,4
DT118YZ,4
DT118ZA,4
DT118ZB,4
DT118ZD,4
DT118ZJ,4
DT118ZN,4
DT118ZQ,4
DT118ZR,4
DT118ZX,4
DT119AA,6
DT119AB,6
DT119AD,6
DT119AE,6
DT119AF,6
DT119AG,6
DT119AH,6
DT119AJ,6
DT119AL,6
DT119AN,5
DT119AP,7
DT119AQ,6
DT119AR,7
DT119AS,5
DT119AT,5
DT119AU,5
DT119AW,5
DT119AX,5
DT119AY,5
DT119AZ,5
DT119BA,5
DT119BB,5
DT119BD,5
DT119BE,5
DT119BF,5
DT119BG,5
DT119BH,5
DT119BJ,5
DT119BL,5
DT119BN,5
DT119BP,5
DT119BQ,5
DT119BS,5
DT119BT,5
DT119BU,5
DT119BW,5
DT119BX,6
DT119BY,5
DT119BZ,5
DT119DA,4
DT119DB,4
DT119DD,6
DT119DE,6
DT119DF,6
DT119DG,6
DT119DH,6
DT119DJ,6
DT119DL,6
DT119DN,6
DT119DP,6
DT119DQ,6
DT119DR,6
DT119DS,6
DT119DT,6
DT119DU,6
DT119DW,6
DT119DX,6
DT119DY,6
DT119DZ,6
DT119EA,6
DT119EB,6
DT119ED,6
DT119EE,5
DT119EF,6
DT119EG,6
DT119EH,5
DT119EJ,6
DT119EL,5
DT119EN,5
DT119EP,5
DT119EQ,5
DT119ER,5
DT119ES,5
DT119ET,5
DT119EU,5
DT119EW,5
DT119EX,5
DT119EY,7
DT119EZ,5
DT119FA,6
DT119FB,5
DT119FD,5
DT119FE,5
DT119FG,5
DT119FH,6
DT119FJ,6
DT119FL,6
DT119FN,6
DT119HA,5
DT119HB,5
DT119HD,5
DT119HE,5
DT119HG,6
DT119HH,6
DT119HJ,6
DT119HL,7
DT119HN,9
DT119HP,9
DT119HR,9
DT119HS,9
DT119HT,9
DT119HU,6
DT119HW,9
DT119HX,6
DT119HY,6
DT119HZ,6
DT119JA,6
DT119JB,6
DT119JD,6
DT119JE,6
DT119JF,6
DT119JG,6
DT119JH,6
DT119JJ,6
DT119JL,5
DT119JN,5
DT119JP,5
DT119JQ,6
DT119JR,5
DT119JS,5
DT119JT,5
DT119JU,5
DT119JW,5
DT119JX,5
DT119JY,5
DT119JZ,5
DT119LA,5
DT119LB,5
DT119LD,6
DT119LE,6
DT119LG,6
DT119LH,6
DT119LJ,6
DT119LL,6
DT119LN,6
DT119LP,6
DT119LQ,6
DT119LR,6
DT119LS,6
DT119LT,6
DT119LU,6
DT119LW,6
DT119LX,6
DT119LY,6
DT119LZ,6
DT119NA,6
DT119NB,6
DT119ND,6
DT119NE,6
DT119NF,6
DT119NG,6
DT119NH,6
DT119NJ,6
DT119NL,6
DT119NN,6
DT119NP,6
DT119NQ,6
DT119NR,6
DT119NS,6
DT119NT,6
DT119NU,6
DT119NW,6
DT119NX,6
DT119NY,6
DT119NZ,6
DT119PA,6
DT119PB,6
DT119PD,6
DT119PE,6
DT119PF,6
DT119PG,6
DT119PH,6
DT119PJ,6
DT119PL,6
DT119PN,6
DT119PP,6
DT119PQ,6
DT119PR,6
DT119PS,6
DT119PT,6
DT119PU,6
DT119PW,6
DT119PX,6
DT119PY,6
DT119PZ,6
DT119QA,6
DT119QB,6
DT119QD,6
DT119QE,5
DT119QF,6
DT119QG,6
DT119QH,6
DT119QJ,6
DT119QL,6
DT119QN,4
DT119QP,6
DT119WA,4
DT119WB,4
DT119WD,4
DT119WE,4
DT119WG,4
DT119WJ,4
DT119XN,4
DT119XZ,4
DT119YA,6
DT119YB,4
DT119YD,6
DT119YE,4
DT119YF,4
DT119YG,6
DT119YH,6
DT119YJ,4
DT119YL,4
DT119YN,6
DT119YP,4
DT119YQ,6
DT119YR,6
DT119YS,6
DT119YT,4
DT119YU,4
DT119YW,6
DT119YX,4
DT119YY,6
DT119YZ,4
DT119ZQ,4
DT2 0AA,6
DT2 0AB,6
DT2 0AD,6
DT2 0AE,6
DT2 0AF,6
DT2 0AG,6
DT2 0AH,6
DT2 0AJ,6
DT2 0AL,6
DT2 0AN,6
DT2 0AP,6
DT2 0AQ,6
DT2 0AR,6
DT2 0AS,6
DT2 0AT,6
DT2 0AU,6
DT2 0AW,6
DT2 0AX,6
DT2 0AY,6
DT2 0AZ,6
DT2 0BA,6
DT2 0BB,6
DT2 0BD,6
DT2 0BE,6
DT2 0BG,6
DT2 0BH,6
DT2 0BJ,7
DT2 0BL,6
DT2 0BN,6
DT2 0BP,6
DT2 0BQ,6
DT2 0BS,6
DT2 0BT,6
DT2 0BU,6
DT2 0BW,6
DT2 0BX,6
DT2 0BY,6
DT2 0BZ,6
DT2 0DA,6
DT2 0DB,6
DT2 0DD,6
DT2 0DE,6
DT2 0DF,6
DT2 0DG,6
DT2 0DH,6
DT2 0DJ,6
DT2 0DL,6
DT2 0DN,6
DT2 0DP,6
DT2 0DQ,6
DT2 0DR,6
DT2 0DS,6
DT2 0DT,6
DT2 0DU,6
DT2 0DW,6
DT2 0DX,6
DT2 0DY,6
DT2 0DZ,6
DT2 0EA,6
DT2 0EB,6
DT2 0ED,6
DT2 0EE,6
DT2 0EF,6
DT2 0EG,6
DT2 0EH,6
DT2 0EJ,6
DT2 0EL,6
DT2 0EN,6
DT2 0EP,6
DT2 0EQ,6
DT2 0ER,6
DT2 0ES,6
DT2 0ET,6
DT2 0EU,6
DT2 0EW,6
DT2 0EX,6
DT2 0EY,6
DT2 0EZ,6
DT2 0FA,6
DT2 0FD,6
DT2 0GA,6
DT2 0GN,6
DT2 0HA,6
DT2 0HB,6
DT2 0HD,6
DT2 0HE,6
DT2 0HF,6
DT2 0HG,6
DT2 0HH,6
DT2 0HJ,6
DT2 0HL,6
DT2 0HN,6
DT2 0HP,6
DT2 0HQ,6
DT2 0HR,6
DT2 0HS,6
DT2 0HT,6
DT2 0HU,6
DT2 0HW,6
DT2 0HX,5
DT2 0HY,6
DT2 0HZ,6
DT2 0JA,6
DT2 0JB,6
DT2 0JD,6
DT2 0JE,6
DT2 0JF,6
DT2 0JG,6
DT2 0JH,6
DT2 0JJ,6
DT2 0JL,6
DT2 0JN,6
DT2 0JP,5
DT2 0JQ,6
DT2 0JR,5
DT2 0JS,5
DT2 0JT,5
DT2 0JU,5
DT2 0JW,5
DT2 0JX,5
DT2 0JY,5
DT2 0JZ,5
DT2 0LA,5
DT2 0LB,5
DT2 0LD,5
DT2 0LE,5
DT2 0LF,5
DT2 0LG,6
DT2 0LH,6
DT2 0LJ,6
DT2 0LL,6
DT2 0LN,5
DT2 0LP,5
DT2 0LQ,6
DT2 0LR,5
DT2 0LS,5
DT2 0LT,5
DT2 0LU,5
DT2 0LW,5
DT2 0LX,5
DT2 0LY,5
DT2 0LZ,5
DT2 0NA,5
DT2 0NB,5
DT2 0ND,5
DT2 0NE,7
DT2 0NF,5
DT2 0NG,7
DT2 0NH,5
DT2 0NJ,5
DT2 0NL,5
DT2 0NN,5
DT2 0NP,5
DT2 0NQ,5
DT2 0NR,5
DT2 0NS,5
DT2 0NT,5
DT2 0NU,5
DT2 0NW,5
DT2 0NX,5
DT2 0NY,5
DT2 0NZ,5
DT2 0PA,5
DT2 0PB,5
DT2 0PD,5
DT2 0PE,5
DT2 0PF,5
DT2 0PG,5
DT2 0PH,5
DT2 0PJ,5
DT2 0PL,6
DT2 0PN,6
DT2 0PP,6
DT2 0PQ,5
DT2 0PR,6
DT2 0PS,6
DT2 0PT,6
DT2 0PU,6
DT2 0PW,6
DT2 0PX,6
DT2 0PY,5
DT2 0PZ,5
DT2 0QA,5
DT2 0QB,5
DT2 0QD,6
DT2 0QE,5
DT2 0QF,5
DT2 0QG,5
DT2 0QH,5
DT2 0QJ,6
DT2 0QL,6
DT2 0QN,5
DT2 0QP,5
DT2 0QQ,5
DT2 0QR,6
DT2 0WA,7
DT2 0WB,5
DT2 0XJ,7
DT2 0XL,5
DT2 0XN,7
DT2 0XQ,7
DT2 0XT,5
DT2 0XZ,5
DT2 0YA,5
DT2 0YB,5
DT2 0YD,5
DT2 0YE,7
DT2 0YF,6
DT2 0YG,6
DT2 0YH,6
DT2 0YJ,6
DT2 0YL,6
DT2 0YN,6
DT2 0YP,5
DT2 0YQ,7
DT2 0YR,7
DT2 0YS,7
DT2 0ZN,7
DT2 0ZQ,7
DT2 0ZX,7
DT2 7AA,6
DT2 7AB,6
DT2 7AD,6
DT2 7AE,7
DT2 7AF,7
DT2 7AG,7
DT2 7AH,7
DT2 7AJ,7
DT2 7AL,7
DT2 7AN,7
DT2 7AP,7
DT2 7AQ,7
DT2 7AR,7
DT2 7AS,7
DT2 7AT,7
DT2 7AU,7
DT2 7AW,7
DT2 7AX,7
DT2 7AY,7
DT2 7AZ,7
DT2 7BA,5
DT2 7BB,5
DT2 7BD,5
DT2 7BE,5
DT2 7BG,5
DT2 7BH,7
DT2 7BJ,7
DT2 7BL,7
DT2 7BN,7
DT2 7BP,7
DT2 7BQ,7
DT2 7BS,7
DT2 7BT,7
DT2 7BU,7
DT2 7BW,7
DT2 7BX,7
DT2 7BY,7
DT2 7BZ,7
DT2 7DA,7
DT2 7DB,7
DT2 7DD,7
DT2 7DE,7
DT2 7DF,7
DT2 7DG,7
DT2 7DH,7
DT2 7DJ,7
DT2 7DL,7
DT2 7DN,7
DT2 7DP,7
DT2 7DQ,7
DT2 7DR,7
DT2 7DS,7
DT2 7DT,7
DT2 7DU,7
DT2 7DW,7
DT2 7DX,5
DT2 7DY,5
DT2 7DZ,5
DT2 7EA,5
DT2 7EB,5
DT2 7ED,5
DT2 7EE,5
DT2 7EF,7
DT2 7EG,7
DT2 7EH,7
DT2 7EJ,7
DT2 7EL,7
DT2 7EN,7
DT2 7EP,7
DT2 7EQ,7
DT2 7ER,7
DT2 7ES,7
DT2 7ET,7
DT2 7EU,7
DT2 7EW,7
DT2 7EX,7
DT2 7EY,7
DT2 7EZ,7
DT2 7FA,7
DT2 7FB,7
DT2 7FD,7
DT2 7FE,7
DT2 7FF,6
DT2 7FG,7
DT2 7FH,7
DT2 7FL,5
DT2 7GD,7
DT2 7GT,7
DT2 7GU,7
DT2 7GW,7
DT2 7GY,7
DT2 7GZ,7
DT2 7HA,7
DT2 7HB,7
DT2 7HD,7
DT2 7HE,7
DT2 7HF,7
DT2 7HG,7
DT2 7HH,6
DT2 7HJ,6
DT2 7HL,6
DT2 7HN,6
DT2 7HP,6
DT2 7HQ,6
DT2 7HR,6
DT2 7HS,6
DT2 7HT,6
DT2 7HU,5
DT2 7HW,6
DT2 7HX,6
DT2 7HY,6
DT2 7HZ,6
DT2 7JA,6
DT2 7JB,6
DT2 7JD,6
DT2 7JE,7
DT2 7JF,7
DT2 7JG,7
DT2 7JH,7
DT2 7JJ,7
DT2 7JL,7
DT2 7JN,7
DT2 7JP,7
DT2 7JQ,7
DT2 7JR,7
DT2 7JS,7
DT2 7JT,7
DT2 7JU,7
DT2 7JW,7
DT2 7JX,7
DT2 7JY,7
DT2 7JZ,7
DT2 7LA,7
DT2 7LB,7
DT2 7LD,7
DT2 7LE,7
DT2 7LF,7
DT2 7LG,7
DT2 7LH,7
DT2 7LJ,7
DT2 7LL,7
DT2 7LN,7
DT2 7LP,7
DT2 7LQ,7
DT2 7LR,7
DT2 7LS,7
DT2 7LT,7
DT2 7LU,7
DT2 7LW,7
DT2 7LX,7
DT2 7LY,7
DT2 7LZ,7
DT2 7NA,7
DT2 7NB,7
DT2 7ND,7
DT2 7NE,7
DT2 7NF,7
DT2 7NG,7
DT2 7NH,7
DT2 7NJ,7
DT2 7NL,7
DT2 7NN,7
DT2 7NP,7
DT2 7NQ,7
DT2 7NR,7
DT2 7NS,7
DT2 7NT,7
DT2 7NU,7
DT2 7NW,7
DT2 7NX,7
DT2 7NY,7
DT2 7NZ,7
DT2 7PA,7
DT2 7PB,7
DT2 7PD,7
DT2 7PE,7
DT2 7PF,5
DT2 7PG,5
DT2 7PH,5
DT2 7PJ,5
DT2 7PL,5
DT2 7PN,5
DT2 7PP,5
DT2 7PQ,5
DT2 7PR,5
DT2 7PS,5
DT2 7PT,5
DT2 7PU,5
DT2 7PW,5
DT2 7PX,5
DT2 7PY,5
DT2 7PZ,7
DT2 7QA,7
DT2 7QB,7
DT2 7QD,7
DT2 7QE,7
DT2 7QF,7
DT2 7QG,7
DT2 7QH,7
DT2 7QJ,7
DT2 7QL,7
DT2 7QN,7
DT2 7QP,7
DT2 7QQ,7
DT2 7QR,7
DT2 7QS,7
DT2 7QT,7
DT2 7QU,7
DT2 7QW,7
DT2 7QX,7
DT2 7QY,7
DT2 7QZ,7
DT2 7RA,7
DT2 7RB,7
DT2 7RD,7
DT2 7RE,7
DT2 7RF,7
DT2 7RG,7
DT2 7RH,7
DT2 7RJ,7
DT2 7RL,7
DT2 7RN,7
DT2 7RP,7
DT2 7RQ,7
DT2 7RR,7
DT2 7RS,7
DT2 7RT,7
DT2 7RU,7
DT2 7RW,7
DT2 7RX,7
DT2 7RY,7
DT2 7RZ,7
DT2 7SA,7
DT2 7SB,7
DT2 7SD,7
DT2 7SE,7
DT2 7SF,7
DT2 7SG,7
DT2 7SH,7
DT2 7SJ,7
DT2 7SL,7
DT2 7SN,7
DT2 7SP,7
DT2 7SQ,6
DT2 7SR,7
DT2 7SS,7
DT2 7ST,7
DT2 7SU,7
DT2 7SW,7
DT2 7SX,7
DT2 7SY,7
DT2 7SZ,7
DT2 7TA,7
DT2 7TB,7
DT2 7TD,7
DT2 7TE,7
DT2 7TF,7
DT2 7TG,7
DT2 7TH,7
DT2 7TJ,7
DT2 7TL,7
DT2 7TN,7
DT2 7TP,7
DT2 7TQ,7
DT2 7TR,7
DT2 7TS,7
DT2 7TT,7
DT2 7TU,7
DT2 7TW,7
DT2 7TX,7
DT2 7TY,5
DT2 7TZ,7
DT2 7UA,7
DT2 7UB,7
DT2 7UD,7
DT2 7UE,7
DT2 7UF,7
DT2 7UG,5
DT2 7UH,7
DT2 7UJ,7
DT2 7WA,7
DT2 7WB,7
DT2 7WD,7
DT2 7WE,7
DT2 7XA,7
DT2 7XB,7
DT2 7XD,7
DT2 7XE,7
DT2 7XF,7
DT2 7XG,7
DT2 7XH,7
DT2 7XJ,7
DT2 7XL,7
DT2 7XN,7
DT2 7XW,7
DT2 7XX,7
DT2 7XY,7
DT2 7XZ,7
DT2 7YA,7
DT2 7YB,7
DT2 7YD,7
DT2 7YE,7
DT2 7YF,7
DT2 7YG,7
DT2 7YH,7
DT2 7YJ,7
DT2 7YL,7
DT2 7YN,7
DT2 7YP,7
DT2 7YQ,7
DT2 7YR,7
DT2 7YS,7
DT2 7YT,7
DT2 7YU,7
DT2 7YW,7
DT2 7YX,7
DT2 7YY,7
DT2 7YZ,7
DT2 7ZN,7
DT2 7ZQ,7
DT2 7ZR,7
DT2 7ZX,7
DT2 8AA,9
DT2 8AB,9
DT2 8AD,9
DT2 8AE,9
DT2 8AF,9
DT2 8AG,9
DT2 8AH,9
DT2 8AJ,9
DT2 8AL,9
DT2 8AN,9
DT2 8AP,9
DT2 8AQ,9
DT2 8AR,9
DT2 8AS,7
DT2 8AT,7
DT2 8AU,7
DT2 8AW,9
DT2 8AX,7
DT2 8AY,6
DT2 8AZ,6
DT2 8BA,6
DT2 8BB,6
DT2 8BD,6
DT2 8BE,6
DT2 8BF,7
DT2 8BG,7
DT2 8BH,7
DT2 8BJ,7
DT2 8BL,7
DT2 8BN,7
DT2 8BP,7
DT2 8BQ,7
DT2 8BS,7
DT2 8BT,7
DT2 8BU,7
DT2 8BW,7
DT2 8BX,7
DT2 8BY,7
DT2 8BZ,7
DT2 8DA,6
DT2 8DB,6
DT2 8DD,6
DT2 8DE,6
DT2 8DF,6
DT2 8DG,9
DT2 8DH,7
DT2 8DJ,6
DT2 8DL,6
DT2 8DN,6
DT2 8DP,6
DT2 8DQ,6
DT2 8DR,6
DT2 8DS,6
DT2 8DT,6
DT2 8DU,7
DT2 8DW,6
DT2 8DX,7
DT2 8DY,7
DT2 8DZ,7
DT2 8EA,7
DT2 8EB,9
DT2 8ED,9
DT2 8EE,9
DT2 8EF,9
DT2 8EG,9
DT2 8EH,9
DT2 8EJ,9
DT2 8EL,9
DT2 8EN,9
DT2 8EP,9
DT2 8EQ,9
DT2 8ER,9
DT2 8ES,9
DT2 8ET,9
DT2 8EU,9
DT2 8EW,9
DT2 8EX,9
DT2 8EY,9
DT2 8EZ,9
DT2 8FA,7
DT2 8FB,7
DT2 8FD,7
DT2 8FE,7
DT2 8FF,7
DT2 8FG,9
DT2 8FH,7
DT2 8FJ,9
DT2 8FL,7
DT2 8FN,6
DT2 8FP,6
DT2 8FQ,7
DT2 8FR,7
DT2 8FS,7
DT2 8FT,7
DT2 8FU,7
DT2 8FW,9
DT2 8FX,7
DT2 8FY,7
DT2 8FZ,7
DT2 8GA,7
DT2 8GB,6
DT2 8GD,7
DT2 8GE,7
DT2 8GF,7
DT2 8GG,7
DT2 8GH,7
DT2 8GJ,9
DT2 8GX,7
DT2 8GY,7
DT2 8GZ,7
DT2 8HA,9
DT2 8HB,6
DT2 8HD,9
DT2 8HE,9
DT2 8HF,7
DT2 8HG,7
DT2 8HH,7
DT2 8HJ,7
DT2 8HL,7
DT2 8HN,7
DT2 8HP,7
DT2 8HQ,7
DT2 8HR,7
DT2 8HS,7
DT2 8HT,7
DT2 8HU,7
DT2 8HW,7
DT2 8HX,7
DT2 8HY,7
DT2 8HZ,7
DT2 8JA,7
DT2 8JB,7
DT2 8JD,7
DT2 8JE,7
DT2 8JF,7
DT2 8JG,7
DT2 8JH,6
DT2 8JJ,7
DT2 8JL,6
DT2 8JN,6
DT2 8JP,6
DT2 8JQ,7
DT2 8JR,6
DT2 8JS,6
DT2 8JT,6
DT2 8JU,6
DT2 8JW,6
DT2 8JX,6
DT2 8JY,6
DT2 8JZ,6
DT2 8LA,6
DT2 8LB,6
DT2 8LD,6
DT2 8LE,6
DT2 8LF,6
DT2 8LG,6
DT2 8LH,6
DT2 8LJ,6
DT2 8LL,6
DT2 8LN,6
DT2 8LP,6
DT2 8LQ,6
DT2 8LR,6
DT2 8LS,9
DT2 8LT,9
DT2 8LU,9
DT2 8LW,6
DT2 8LX,9
DT2 8LY,7
DT2 8LZ,7
DT2 8NA,7
DT2 8NB,7
DT2 8ND,7
DT2 8NE,7
DT2 8NF,7
DT2 8NG,7
DT2 8NH,7
DT2 8NJ,7
DT2 8NL,7
DT2 8NN,6
DT2 8NP,7
DT2 8NQ,7
DT2 8NR,7
DT2 8NS,7
DT2 8NT,7
DT2 8NU,7
DT2 8NW,6
DT2 8NX,7
DT2 8NY,7
DT2 8NZ,9
DT2 8PA,9
DT2 8PB,9
DT2 8PD,9
DT2 8PE,9
DT2 8PF,9
DT2 8PG,9
DT2 8PH,9
DT2 8PJ,9
DT2 8PL,9
DT2 8PN,9
DT2 8PP,9
DT2 8PQ,9
DT2 8PR,7
DT2 8PS,7
DT2 8PT,7
DT2 8PU,7
DT2 8PW,9
DT2 8PX,7
DT2 8PY,7
DT2 8PZ,7
DT2 8QA,7
DT2 8QB,7
DT2 8QD,7
DT2 8QE,7
DT2 8QF,7
DT2 8QG,7
DT2 8QH,7
DT2 8QJ,7
DT2 8QL,7
DT2 8QN,7
DT2 8QP,7
DT2 8QQ,7
DT2 8QR,7
DT2 8QS,7
DT2 8QT,7
DT2 8QU,6
DT2 8QW,7
DT2 8QX,6
DT2 8QY,6
DT2 8QZ,6
DT2 8RA,6
DT2 8RB,6
DT2 8RD,6
DT2 8RE,6
DT2 8RF,6
DT2 8RG,6
DT2 8RH,6
DT2 8RJ,6
DT2 8RL,7
DT2 8RN,6
DT2 8RP,9
DT2 8RQ,6
DT2 8RR,7
DT2 8RS,7
DT2 8RT,7
DT2 8RU,7
DT2 8RW,7
DT2 8RX,7
DT2 8RY,7
DT2 8RZ,7
DT2 8SA,7
DT2 8SB,7
DT2 8SD,7
DT2 8SE,7
DT2 8SF,7
DT2 8SG,7
DT2 8SH,7
DT2 8SJ,7
DT2 8SL,7
DT2 8SN,7
DT2 8SP,7
DT2 8SQ,7
DT2 8SR,7
DT2 8SS,7
DT2 8ST,7
DT2 8SU,7
DT2 8SW,7
DT2 8SX,7
DT2 8SY,7
DT2 8SZ,7
DT2 8TA,7
DT2 8TB,7
DT2 8TD,7
DT2 8TE,7
DT2 8TF,7
DT2 8TG,7
DT2 8TH,7
DT2 8TJ,7
DT2 8TL,7
DT2 8TN,7
DT2 8TP,7
DT2 8TQ,7
DT2 8TR,7
DT2 8TS,7
DT2 8TT,7
DT2 8TU,7
DT2 8TW,7
DT2 8TX,7
DT2 8TY,7
DT2 8TZ,7
DT2 8UA,9
DT2 8UB,9
DT2 8UD,7
DT2 8UE,7
DT2 8UF,7
DT2 8UG,7
DT2 8UH,9
DT2 8UJ,9
DT2 8UL,9
DT2 8UN,9
DT2 8UP,7
DT2 8UQ,6
DT2 8UR,7
DT2 8US,9
DT2 8UT,7
DT2 8UU,7
DT2 8UW,7
DT2 8UX,9
DT2 8UY,9
DT2 8UZ,7
DT2 8WA,7
DT2 8WB,7
DT2 8WD,7
DT2 8WE,7
DT2 8WF,7
DT2 8WG,6
DT2 8WH,7
DT2 8WJ,7
DT2 8WL,7
DT2 8WN,7
DT2 8WP,7
DT2 8WQ,6
DT2 8WR,7
DT2 8WS,7
DT2 8WT,7
DT2 8WU,7
DT2 8WW,7
DT2 8WX,7
DT2 8WY,7
DT2 8WZ,7
DT2 8XA,9
DT2 8XB,9
DT2 8XD,7
DT2 8XE,7
DT2 8XF,7
DT2 8XG,7
DT2 8XH,7
DT2 8XJ,7
DT2 8XL,9
DT2 8XN,9
DT2 8XP,7
DT2 8XQ,7
DT2 8XR,7
DT2 8XS,7
DT2 8XT,7
DT2 8XU,7
DT2 8XW,7
DT2 8XX,7
DT2 8XY,7
DT2 8YA,7
DT2 8YB,7
DT2 8YD,7
DT2 8YE,7
DT2 8YF,7
DT2 8YG,7
DT2 8YH,7
DT2 8YJ,7
DT2 8YL,7
DT2 8YN,7
DT2 8YP,7
DT2 8YQ,6
DT2 8YR,7
DT2 8YS,7
DT2 8YT,7
DT2 8YU,7
DT2 8YW,7
DT2 8YX,7
DT2 8YY,7
DT2 8YZ,7
DT2 8ZA,7
DT2 8ZB,7
DT2 8ZD,7
DT2 8ZE,7
DT2 8ZF,7
DT2 8ZG,7
DT2 8ZH,7
DT2 8ZJ,7
DT2 8ZL,7
DT2 8ZR,7
DT2 8ZX,7
DT2 9AA,5
DT2 9AB,5
DT2 9AD,5
DT2 9AE,5
DT2 9AF,5
DT2 9AG,5
DT2 9AH,5
DT2 9AJ,5
DT2 9AL,5
DT2 9AN,5
DT2 9AP,5
DT2 9AQ,5
DT2 9AR,5
DT2 9AS,5
DT2 9AT,5
DT2 9AU,5
DT2 9AW,5
DT2 9AX,5
DT2 9AY,5
DT2 9AZ,5
DT2 9BA,7
DT2 9BB,7
DT2 9BD,7
DT2 9BE,7
DT2 9BG,7
DT2 9BH,7
DT2 9BJ,7
DT2 9BL,7
DT2 9BN,7
DT2 9BP,7
DT2 9BQ,7
DT2 9BS,7
DT2 9BT,7
DT2 9BU,7
DT2 9BW,7
DT2 9BX,7
DT2 9BY,7
DT2 9BZ,7
DT2 9DA,7
DT2 9DB,7
DT2 9DD,7
DT2 9DE,7
DT2 9DF,7
DT2 9DG,7
DT2 9DH,5
DT2 9DJ,7
DT2 9DL,7
DT2 9DN,7
DT2 9DP,5
DT2 9DQ,7
DT2 9DR,5
DT2 9DS,7
DT2 9DT,7
DT2 9DU,7
DT2 9DW,5
DT2 9DX,6
DT2 9DY,6
DT2 9DZ,6
DT2 9EA,7
DT2 9EB,7
DT2 9ED,5
DT2 9EE,5
DT2 9EF,5
DT2 9EG,5
DT2 9EH,7
DT2 9EJ,6
DT2 9EL,6
DT2 9EN,6
DT2 9EP,6
DT2 9EQ,5
DT2 9ER,6
DT2 9ES,6
DT2 9ET,6
DT2 9EU,7
DT2 9EW,6
DT2 9EX,5
DT2 9EY,7
DT2 9EZ,7
DT2 9FA,7
DT2 9FB,7
DT2 9FD,7
DT2 9FE,7
DT2 9FF,7
DT2 9FG,7
DT2 9FH,7
DT2 9FJ,7
DT2 9FL,7
DT2 9FN,6
DT2 9FP,7
DT2 9FQ,7
DT2 9FT,7
DT2 9GZ,6
DT2 9HA,7
DT2 9HB,7
DT2 9HD,7
DT2 9HE,7
DT2 9HF,5
DT2 9HG,5
DT2 9HH,5
DT2 9HJ,5
DT2 9HL,5
DT2 9HN,5
DT2 9HP,5
DT2 9HQ,5
DT2 9HR,5
DT2 9HS,5
DT2 9HT,5
DT2 9HU,5
DT2 9HW,5
DT2 9HX,5
DT2 9HY,7
DT2 9HZ,7
DT2 9JA,5
DT2 9JB,5
DT2 9JD,7
DT2 9JE,7
DT2 9JF,7
DT2 9JG,7
DT2 9JH,7
DT2 9JJ,7
DT2 9JL,7
DT2 9JN,7
DT2 9JP,7
DT2 9JQ,7
DT2 9JR,7
DT2 9JS,7
DT2 9JT,7
DT2 9JU,7
DT2 9JW,7
DT2 9JX,7
DT2 9JY,7
DT2 9JZ,7
DT2 9LA,7
DT2 9LB,7
DT2 9LD,7
DT2 9LE,7
DT2 9LF,7
DT2 9LG,7
DT2 9LH,7
DT2 9LJ,7
DT2 9LL,7
DT2 9LN,7
DT2 9LP,7
DT2 9LQ,7
DT2 9LR,7
DT2 9LS,7
DT2 9LT,7
DT2 9LU,7
DT2 9LW,7
DT2 9LX,7
DT2 9LY,7
DT2 9LZ,7
DT2 9NA,6
DT2 9NB,6
DT2 9ND,6
DT2 9NE,6
DT2 9NF,6
DT2 9NG,6
DT2 9NH,6
DT2 9NJ,6
DT2 9NL,6
DT2 9NN,6
DT2 9NP,6
DT2 9NQ,6
DT2 9NR,6
DT2 9NS,6
DT2 9NT,6
DT2 9NU,6
DT2 9NW,6
DT2 9NX,6
DT2 9NY,6
DT2 9NZ,6
DT2 9PA,6
DT2 9PB,6
DT2 9PD,6
DT2 9PE,6
DT2 9PF,6
DT2 9PG,6
DT2 9PH,6
DT2 9PJ,6
DT2 9PL,6
DT2 9PN,6
DT2 9PP,7
DT2 9PQ,6
DT2 9PR,7
DT2 9PS,7
DT2 9PT,7
DT2 9PU,7
DT2 9PW,6
DT2 9PX,7
DT2 9PY,7
DT2 9PZ,7
DT2 9QA,7
DT2 9QB,6
DT2 9QD,6
DT2 9QE,6
DT2 9QF,6
DT2 9QG,6
DT2 9QH,6
DT2 9QJ,6
DT2 9QL,6
DT2 9QN,6
DT2 9QP,6
DT2 9QQ,6
DT2 9QR,6
DT2 9QS,6
DT2 9QT,6
DT2 9QU,6
DT2 9QW,6
DT2 9QX,6
DT2 9QY,6
DT2 9QZ,6
DT2 9RA,6
DT2 9RB,6
DT2 9RD,6
DT2 9RE,6
DT2 9RF,7
DT2 9RG,6
DT2 9RH,7
DT2 9RJ,7
DT2 9RL,6
DT2 9RN,6
DT2 9RP,6
DT2 9RQ,7
DT2 9RR,7
DT2 9RS,6
DT2 9RT,6
DT2 9RU,6
DT2 9RW,6
DT2 9RX,6
DT2 9RY,6
DT2 9RZ,6
DT2 9SA,7
DT2 9SB,7
DT2 9SD,7
DT2 9SE,7
DT2 9SF,7
DT2 9SG,7
DT2 9SH,7
DT2 9SJ,7
DT2 9SL,7
DT2 9SN,6
DT2 9SP,7
DT2 9SQ,7
DT2 9SR,6
DT2 9SS,7
DT2 9ST,6
DT2 9SU,7
DT2 9SW,7
DT2 9SX,6
DT2 9SY,6
DT2 9SZ,6
DT2 9TA,7
DT2 9TB,7
DT2 9TD,7
DT2 9TE,5
DT2 9TF,7
DT2 9TG,7
DT2 9TH,6
DT2 9TJ,6
DT2 9TL,7
DT2 9TN,6
DT2 9TP,6
DT2 9TQ,6
DT2 9TR,6
DT2 9TS,6
DT2 9TT,7
DT2 9TU,7
DT2 9TW,7
DT2 9TX,6
DT2 9TY,6
DT2 9TZ,6
DT2 9UA,6
DT2 9UB,6
DT2 9UD,7
DT2 9UE,7
DT2 9UF,7
DT2 9UG,6
DT2 9UH,6
DT2 9UJ,7
DT2 9UL,6
DT2 9UN,6
DT2 9UP,6
DT2 9UQ,6
DT2 9UR,7
DT2 9US,7
DT2 9UT,7
DT2 9UU,6
DT2 9UW,7
DT2 9UX,6
DT2 9UY,6
DT2 9UZ,6
DT2 9WA,6
DT2 9WB,6
DT2 9WD,6
DT2 9WE,6
DT2 9WF,6
DT2 9WG,6
DT2 9WH,6
DT2 9WJ,6
DT2 9WL,6
DT2 9WN,7
DT2 9WP,6
DT2 9WQ,6
DT2 9WT,6
DT2 9XA,6
DT2 9XB,7
DT2 9XD,7
DT2 9XE,6
DT2 9XQ,7
DT2 9XT,7
DT2 9XU,7
DT2 9XX,7
DT2 9XY,7
DT2 9XZ,6
DT2 9YA,7
DT2 9YB,7
DT2 9YD,6
DT2 9YE,7
DT2 9YF,7
DT2 9YG,7
DT2 9YH,7
DT2 9YJ,6
DT2 9YL,6
DT2 9YN,6
DT2 9YP,6
DT2 9YQ,7
DT2 9YR,7
DT2 9YS,6
DT2 9YT,7
DT2 9YU,6
DT2 9YW,7
DT2 9YX,6
DT2 9YY,6
DT2 9YZ,7
DT2 9ZJ,7
DT2 9ZN,7
DT2 9ZQ,7
DT2 9ZT,7
DT2 9ZX,7
DT3 4AA,8
DT3 4AB,8
DT3 4AD,8
DT3 4AE,8
DT3 4AF,8
DT3 4AG,8
DT3 4AH,8
DT3 4AJ,8
DT3 4AL,8
DT3 4AN,8
DT3 4AP,7
DT3 4AQ,8
DT3 4AR,8
DT3 4AS,8
DT3 4AT,7
DT3 4AU,7
DT3 4AW,8
DT3 4AX,7
DT3 4AY,7
DT3 4AZ,8
DT3 4BA,7
DT3 4BB,7
DT3 4BD,7
DT3 4BE,7
DT3 4BF,8
DT3 4BG,8
DT3 4BH,8
DT3 4BJ,8
DT3 4BL,8
DT3 4BN,8
DT3 4BP,8
DT3 4BQ,8
DT3 4BS,8
DT3 4BT,8
DT3 4BU,8
DT3 4BW,8
DT3 4BX,8
DT3 4BY,8
DT3 4BZ,8
DT3 4DA,6
DT3 4DB,8
DT3 4DD,8
DT3 4DE,8
DT3 4DF,8
DT3 4DG,8
DT3 4DH,7
DT3 4DJ,7
DT3 4DL,7
DT3 4DN,8
DT3 4DP,7
DT3 4DQ,8
DT3 4DR,7
DT3 4DS,8
DT3 4DT,8
DT3 4DU,8
DT3 4DW,5
DT3 4DX,7
DT3 4DY,7
DT3 4DZ,7
DT3 4EA,8
DT3 4EB,5
DT3 4ED,5
DT3 4EE,5
DT3 4EF,5
DT3 4EG,5
DT3 4EH,5
DT3 4EJ,7
DT3 4EL,7
DT3 4EN,7
DT3 4EP,5
DT3 4EQ,7
DT3 4ER,5
DT3 4ES,5
DT3 4ET,5
DT3 4EU,5
DT3 4EW,7
DT3 4EX,5
DT3 4EY,5
DT3 4EZ,5
DT3 4FA,5
DT3 4FB,5
DT3 4FD,7
DT3 4FE,8
DT3 4FF,7
DT3 4FG,7
DT3 4FH,7
DT3 4FJ,7
DT3 4FL,8
DT3 4FN,8
DT3 4FP,8
DT3 4FQ,8
DT3 4FR,8
DT3 4FS,8
DT3 4FT,8
DT3 4FU,8
DT3 4FW,8
DT3 4FX,6
DT3 4FY,5
DT3 4GA,8
DT3 4GB,7
DT3 4GD,8
DT3 4GE,8
DT3 4GF,8
DT3 4GT,8
DT3 4HA,5
DT3 4HB,5
DT3 4HD,5
DT3 4HE,5
DT3 4HF,5
DT3 4HG,5
DT3 4HH,5
DT3 4HJ,5
DT3 4HL,5
DT3 4HN,5
DT3 4HP,5
DT3 4HQ,5
DT3 4HR,5
DT3 4HS,5
DT3 4HT,5
DT3 4HU,5
DT3 4HW,5
DT3 4HX,5
DT3 4HY,5
DT3 4HZ,5
DT3 4JA,5
DT3 4JB,5
DT3 4JD,5
DT3 4JE,5
DT3 4JF,5
DT3 4JG,5
DT3 4JH,5
DT3 4JJ,5
DT3 4JL,5
DT3 4JN,5
DT3 4JP,5
DT3 4JQ,5
DT3 4JR,5
DT3 4JS,5
DT3 4JT,5
DT3 4JU,5
DT3 4JW,5
DT3 4JX,5
DT3 4JY,5
DT3 4JZ,5
DT3 4LA,5
DT3 4LB,5
DT3 4LD,5
DT3 4LE,5
DT3 4LF,5
DT3 4LG,7
DT3 4LH,5
DT3 4LJ,8
DT3 4LL,8
DT3 4LN,8
DT3 4LP,5
DT3 4LQ,5
DT3 4LR,8
DT3 4LS,8
DT3 4LT,8
DT3 4LU,8
DT4 4FQ,1
DT4 4FR,1
DT4 4FS,1
DT4 4FT,1
DT4 4FU,1
DT4 4FW,1
DT4 4FX,1
DT4 4FY,1
DT4 4FZ,1
DT4 4GA,1
DT4 4GB,1
DT4 4GD,1
DT4 4GE,1
DT4 4GF,1
DT4 4GG,1
DT4 4GH,1
DT4 4GJ,1
DT4 4GL,1
DT4 4GN,1
DT4 4GP,1
DT4 4GR,1
DT4 4GT,1
DT4 4GU,1
DT4 4GW,1
DT4 4GX,1
DT4 4GY,1
DT4 4GZ,1
DT4 4HA,1
DT4 4HB,1
DT4 4HD,1
DT4 4HE,1
DT4 4SA,4
DT4 4SB,4
DT4 4SD,4
DT4 4SE,4
DT4 4SF,4
DT4 4SG,4
DT4 4SH,4
DT4 4SJ,4
DT4 4SL,4
DT4 4SN,4
DT4 4SP,4
DT4 4SQ,4
DT4 4SR,4
DT4 4SS,4
DT4 4ST,4
DT4 4ZE,4
DT4 4ZF,
DT4 4ZG,
DT4 4ZH,
DT4 4ZJ,
DT4 4ZL,
DT4 4ZN,
DT4 4ZP,
DT4 4ZQ,
DT4 4ZR,
DT4 4ZS,
DT4 4ZT,
DT4 4ZU,
DT4 4ZW,
DT4 4ZX,
DT4 4ZY,
DT4 4ZZ,4
DT4 7AA,1
DT4 7AB,1
DT4 7AD,6
DT4 7AE,1
DT4 7AF,1
DT4 7AG,3
DT4 7AH,1
DT4 7AJ,1
DT4 7AL,1
DT4 7AN,1
DT4 7AP,1
DT4 7AQ,1
DT4 7AR,1
DT4 7AS,1
DT4 7AT,1
DT4 7AU,1
DT4 7AW,1
DT4 7AX,1
DT4 7AY,1
DT4 7AZ,1
DT4 7BA,1
DT4 7BB,1
DT4 7BD,1
DT4 7BE,1
DT4 7BG,1
DT4 7BH,1
DT4 7BJ,1
DT4 7BL,1
DT4 7BN,1
DT4 7BP,1
DT4 7BQ,1
DT4 7BS,1
DT4 7BT,1
DT4 7BU,1
DT4 7BW,1
DT4 7BX,1
DT4 7BY,1
DT4 7BZ,1
DT4 7DA,1
DT4 7DB,1
DT4 7DD,1
DT4 7DE,1
DT4 7DF,1
DT4 7DG,1
DT4 7DH,1
DT4 7DJ,1
DT4 7DL,1
DT4 7DN,1
DT4 7DP,1
DT4 7DQ,1
DT4 7DR,1
DT4 7DS,1
DT4 7DT,1
DT4 7DU,1
DT4 7DW,1
DT4 7DX,1
DT4 7DY,1
DT4 7DZ,1
DT4 7EA,1
DT4 7EB,1
DT4 7ED,1
DT4 7EE,1
DT4 7EF,1
DT4 7EG,1
DT4 7EH,1
DT4 7EJ,1
DT4 7EL,1
DT4 7EN,3
DT4 7EP,1
DT4 7EQ,1
DT4 7ER,1
DT4 7ES,1
DT4 7ET,1
DT4 7EU,1
DT4 7EW,1
DT4 7EX,1
DT4 7EY,1
DT4 7EZ,2
DT4 7FA,6
DT4 7FB,6
DT4 7FD,6
DT4 7FE,6
DT4 7FF,3
DT4 7FG,2
DT4 7FH,6
DT4 7HA,1
DT4 7HB,2
DT4 7HD,1
DT4 7HE,1
DT4 7HF,2
DT4 7HG,2
DT4 7HH,1
DT4 7HJ,1
DT4 7HL,2
DT4 7HN,1
DT4 7HP,1
DT4 7HQ,2
DT4 7HR,1
DT4 7HS,1
DT4 7HT,1
DT4 7HU,1
DT4 7HW,1
DT4 7HX,1
DT4 7HY,1
DT4 7HZ,1
DT4 7JA,1
DT4 7JB,1
DT4 7JD,1
DT4 7JE,1
DT4 7JF,1
DT4 7JG,1
DT4 7JH,2
DT4 7JJ,2
DT4 7JL,2
DT4 7JN,1
DT4 7JP,3
DT4 7JQ,1
DT4 7JR,3
DT4 7JS,3
DT4 7JT,3
DT4 7JU,3
DT4 7JW,2
DT4 7JX,3
DT4 7JY,3
DT4 7JZ,6
DT4 7LA,6
DT4 7LB,6
DT4 7LD,6
DT4 7LE,6
DT4 7LF,6
DT4 7LG,6
DT4 7LH,6
DT4 7LJ,3
DT4 7LL,6
DT4 7LN,6
DT4 7LP,3
DT4 7LQ,3
DT4 7LR,3
DT4 7LS,6
DT4 7LT,6
DT4 7LU,6
DT4 7LW,6
DT4 7LX,6
DT4 7LY,6
DT4 7LZ,6
DT4 7NA,6
DT4 7NB,6
DT4 7ND,6
DT4 7NE,1
DT4 7NF,2
DT4 7NG,1
DT4 7NH,1
DT4 7NJ,2
DT4 7NL,6
DT4 7NN,2
DT4 7NP,2
DT4 7NQ,6
DT4 7NR,1
DT4 7NS,2
DT4 7NT,2
DT4 7NU,2
DT4 7NX,2
DT4 7NY,2
DT4 7NZ,2
DT4 7PA,2
DT4 7PB,2
DT4 7PD,2
DT4 7PE,2
DT4 7PF,2
DT4 7PG,2
DT4 7PH,2
DT4 7PJ,2
DT4 7PL,2
DT4 7PN,2
DT4 7PQ,2
DT4 7PR,2
DT4 7PS,2
DT4 7PT,3
DT4 7PU,2
DT4 7PW,2
DT4 7PX,3
DT4 7PY,2
DT4 7PZ,2
DT4 7QB,3
DT4 7QD,3
DT4 7QF,2
DT4 7QG,2
DT4 7QH,3
DT4 7QJ,3
DT4 7QL,3
DT4 7QN,6
DT4 7QP,2
DT4 7QQ,3
DT4 7QR,2
DT4 7QS,1
DT4 7QT,1
DT4 7QU,6
DT4 7QW,3
DT4 7QX,10
DT4 7QY,6
DT4 7QZ,6
DT4 7RA,10
DT4 7RB,6
DT4 7RD,10
DT4 7RE,10
DT4 7RF,10
DT4 7RG,10
DT4 7RH,10
DT4 7RJ,10
DT4 7RL,10
DT4 7RN,2
DT4 7RP,2
DT4 7RQ,10
DT4 7RR,2
DT4 7RS,2
DT4 7RT,2
DT4 7RU,2
DT4 7RW,2
DT4 7RX,2
DT4 7RY,2
DT4 7RZ,2
DT4 7SA,2
DT4 7SB,2
DT4 7SD,2
DT4 7SE,2
DT4 7SF,2
DT4 7SG,2
DT4 7SH,2
DT4 7SJ,3
DT4 7SL,3
DT4 7SN,3
DT4 7SP,2
DT4 7SQ,3
DT4 7SR,2
DT4 7SS,2
DT4 7ST,3
DT4 7SU,3
DT4 7SW,3
DT4 7SX,10
DT4 7SY,3
DT4 7SZ,3
DT4 7TA,3
DT4 7TB,3
DT4 7TD,3
DT4 7TE,3
DT4 7TF,3
DT4 7TG,3
DT4 7TH,3
DT4 7TL,3
DT4 7TN,10
DT4 7TP,10
DT4 7TQ,3
DT4 7TR,10
DT4 7TS,10
DT4 7TT,6
DT4 7TU,10
DT4 7TW,10
DT4 7TY,1
DT4 7TZ,1
DT4 7UA,10
DT4 7UB,10
DT4 7UD,10
DT4 7UE,10
DT4 7UF,10
DT4 7UG,6
DT4 7UH,6
DT4 7UN,3
DT4 7UP,3
DT4 7UQ,6
DT4 7UR,3
DT4 7US,3
DT4 7UT,3
DT4 7UW,3
DT4 7WA,1
DT4 7WB,6
DT4 7WD,6
DT4 7WF,1
DT4 7WG,6
DT4 7WH,6
DT4 7WZ,1
DT4 7XA,2
DT4 7XB,2
DT4 7XD,1
DT4 7XE,2
DT4 7XN,1
DT4 7XY,1
DT4 7XZ,1
DT4 7YA,1
DT4 7YB,1
DT4 7YD,6
DT4 7YE,6
DT4 7YF,1
DT4 7YG,1
DT4 7YH,1
DT4 7YJ,1
DT4 7YL,1
DT4 7YN,3
DT4 7YP,1
DT4 7YQ,1
DT4 7YR,2
DT4 7YS,1
DT4 7YT,1
DT4 7YU,2
DT4 7YW,1
DT4 7YX,1
DT4 7YY,2
DT4 7YZ,3
DT4 7ZN,1
DT4 7ZQ,1
DT4 7ZX,1
DT4 8AA,1
DT4 8AB,1
DT4 8AD,1
DT4 8AE,1
DT4 8AF,1
DT4 8AG,1
DT4 8AH,1
DT4 8AJ,1
DT4 8AL,1
DT4 8AN,1
DT4 8AP,1
DT4 8AQ,1
DT4 8AR,1
DT4 8AS,1
DT4 8AT,1
DT4 8AU,1
DT4 8AW,1
DT4 8AX,1
DT4 8AY,1
DT4 8AZ,1
DT4 8BA,1
DT4 8BB,1
DT4 8BD,4
DT4 8BE,1
DT4 8BG,1
DT4 8BH,2
DT4 8BJ,1
DT4 8BL,2
DT4 8BN,1
DT4 8BP,1
DT4 8BQ,1
DT4 8BS,2
DT4 8BT,1
DT4 8BU,1
DT4 8BW,1
DT4 8BX,1
DT4 8BY,1
DT4 8BZ,1
DT4 8DA,1
DT4 8DB,1
DT4 8DD,1
DT4 8DE,1
DT4 8DF,1
DT4 8DG,1
DT4 8DH,1
DT4 8DJ,1
DT4 8DL,1
DT4 8DN,1
DT4 8DP,1
DT4 8DQ,1
DT4 8DR,1
DT4 8DS,1
DT4 8DT,1
DT4 8DU,1
DT4 8DW,2
DT4 8DX,1
DT4 8DY,1
DT4 8DZ,1
DT4 8EA,1
DT4 8EB,1
DT4 8ED,1
DT4 8EE,1
DT4 8EF,1
DT4 8EG,4
DT4 8EH,1
DT4 8EJ,1
DT4 8EL,1
DT4 8EN,1
DT4 8EP,1
DT4 8EQ,1
DT4 8ER,1
DT4 8ES,1
DT4 8ET,4
DT4 8EU,1
DT4 8EW,1
DT4 8EX,1
DT4 8EZ,1
DT4 8FA,4
DT4 8FB,4
DT4 8FD,4
DT4 8FE,4
DT4 8FF,4
DT4 8FG,1
DT4 8FH,4
DT4 8FL,4
DT4 8FN,4
DT4 8FP,4
DT4 8FQ,4
DT4 8FR,4
DT4 8FS,4
DT4 8FT,4
DT4 8FU,4
DT4 8FW,4
DT4 8HA,1
DT4 8HB,1
DT4 8HD,1
DT4 8HE,1
DT4 8HF,1
DT4 8HG,1
DT4 8HH,1
DT4 8HJ,1
DT4 8HL,1
DT4 8HN,1
DT4 8HP,1
DT4 8HQ,1
DT4 8HR,1
DT4 8HS,2
DT4 8HT,1
DT4 8HU,1
DT4 8HW,1
DT4 8HX,2
DT4 8HY,1
DT4 8JA,2
DT4 8JB,2
DT4 8JD,2
DT4 8JE,2
DT4 8JF,2
DT4 8JG,2
DT4 8JH,2
DT4 8JJ,2
DT4 8JL,2
DT4 8JN,2
DT4 8JP,4
DT4 8JQ,2
DT4 8JR,4
DT4 8JS,2
DT4 8JT,2
DT4 8JU,2
DT4 8JW,4
DT4 8JX,2
DT4 8JY,4
DT4 8JZ,2
DT4 8LA,2
DT4 8LB,2
DT4 8LD,2
DT4 8LE,4
DT4 8LF,4
DT4 8LG,2
DT4 8LH,2
DT4 8LJ,2
DT4 8LL,2
DT4 8LN,2
DT4 8LP,4
DT4 8LQ,2
DT4 8LR,4
DT4 8LS,4
DT4 8LT,2
DT4 8LU,4
DT4 8LW,4
DT4 8LX,4
DT4 8LY,1
DT4 8LZ,1
DT4 8NA,1
DT4 8NB,1
DT4 8ND,1
DT4 8NE,1
DT4 8NF,1
DT4 8NG,1
DT4 8NH,1
DT4 8NJ,1
DT4 8NL,1
DT4 8NN,1
DT4 8NP,1
DT4 8NQ,1
DT4 8NR,1
DT4 8NS,1
DT4 8NT,1
DT4 8NU,1
DT4 8NW,1
DT4 8NX,1
DT4 8NY,1
DT4 8NZ,1
DT4 8PA,1
DT4 8PB,1
DT4 8PD,1
DT4 8PE,4
DT4 8PF,1
DT4 8PG,1
DT4 8PH,1
DT4 8PJ,1
DT4 8PL,1
DT4 8PN,1
DT4 8PP,1
DT4 8PQ,1
DT4 8PR,1
DT4 8PS,1
DT4 8PU,1
DT4 8PW,1
DT4 8PX,1
DT4 8PY,1
DT4 8QB,4
DT4 8QD,4
DT4 8QE,4
DT4 8QF,4
DT4 8QG,4
DT4 8QL,2
DT4 8QN,2
DT4 8QP,2
DT4 8QQ,4
DT4 8QR,4
DT4 8QS,2
DT4 8QT,2
DT4 8QU,4
DT4 8QW,2
DT4 8QX,4
DT4 8QY,4
DT4 8QZ,2
DT4 8RA,4
DT4 8RB,4
DT4 8RD,2
DT4 8RE,2
DT4 8RF,2
DT4 8RG,4
DT4 8RH,4
DT4 8RJ,4
DT4 8RL,4
DT4 8RN,2
DT4 8RP,4
DT4 8RQ,4
DT4 8RS,4
DT4 8RT,4
DT4 8RU,4
DT4 8RW,4
DT4 8RX,4
DT4 8RY,4
DT4 8RZ,4
DT4 8SA,4
DT4 8SB,4
DT4 8SD,4
DT4 8SE,4
DT4 8SF,4
DT4 8SG,4
DT4 8SH,4
DT4 8SJ,2
DT4 8SL,2
DT4 8SN,4
DT4 8SP,4
DT4 8SQ,4
DT4 8SR,2
DT4 8SS,4
DT4 8ST,2
DT4 8SU,2
DT4 8SW,4
DT4 8SX,2
DT4 8SY,2
DT4 8SZ,2
DT4 8TA,4
DT4 8TB,2
DT4 8TD,2
DT4 8TE,2
DT4 8TF,1
DT4 8TG,2
DT4 8TH,4
DT4 8TJ,4
DT4 8TL,4
DT4 8TN,2
DT4 8TP,2
DT4 8TQ,2
DT4 8TR,4
DT4 8TS,4
DT4 8TT,4
DT4 8TU,4
DT4 8TW,4
DT4 8TX,4
DT4 8TY,4
DT4 8TZ,4
DT4 8UA,4
DT4 8UB,4
DT4 8UD,4
DT4 8UE,4
DT4 8UF,4
DT4 8UG,4
DT4 8UH,4
DT4 8UJ,4
DT4 8UL,2
DT4 8UN,4
DT4 8UP,4
DT4 8UQ,4
DT4 8UR,4
DT4 8US,4
DT4 8UT,4
DT4 8UU,4
DT4 8UW,4
DT4 8UX,4
DT4 8UY,4
DT4 8UZ,4
DT4 8WJ,1
DT4 8WN,1
DT4 8WQ,1
DT4 8WZ,1
DT4 8XA,4
DT4 8XB,4
DT4 8XD,4
DT4 8XE,4
DT4 8XF,4
DT4 8XG,4
DT4 8XH,4
DT4 8XJ,7
DT4 8XL,1
DT4 8XN,1
DT4 8XP,2
DT4 8XQ,10
DT4 8XR,8
DT4 8XS,9
DT4 8XT,2
DT4 8XU,1
DT4 8XW,7
DT4 8XX,1
DT4 8XY,4
DT4 8XZ,4
DT4 8YA,1
DT4 8YB,4
DT4 8YD,7
DT4 8YE,1
DT4 8YF,1
DT4 8YG,1
DT4 8YH,1
DT4 8YJ,4
DT4 8YL,1
DT4 8YN,1
DT4 8YP,4
DT4 8YQ,1
DT4 8YR,1
DT4 8YS,1
DT4 8YT,4
DT4 8YU,1
DT4 8YW,1
DT4 8YX,4
DT4 8YY,4
DT4 8YZ,9
DT4 8ZB,4
DT4 8ZD,1
DT4 8ZJ,1
DT4 8ZN,1
DT4 8ZX,1
DT4 9AA,8
DT4 9AB,8
DT4 9AD,6
DT4 9AE,5
DT4 9AF,5
DT4 9AG,5
DT4 9AH,6
DT4 9AJ,6
DT4 9AL,6
DT4 9AN,6
DT4 9AP,6
DT4 9AQ,5
DT4 9AR,6
DT4 9AS,6
DT4 9AT,6
DT4 9AU,5
DT4 9AW,6
DT4 9AX,5
DT4 9AY,5
DT4 9AZ,5
DT4 9BA,5
DT4 9BB,5
DT4 9BD,5
DT4 9BE,8
DT4 9BG,6
DT4 9BH,5
DT4 9BJ,8
DT4 9BL,8
DT4 9BN,8
DT4 9BP,8
DT4 9BQ,5
DT4 9BS,6
DT4 9BT,8
DT4 9BU,5
DT4 9BW,8
DT4 9BX,5
DT4 9BY,5
DT4 9BZ,5
DT4 9DA,5
DT4 9DB,5
DT4 9DD,5
DT4 9DE,5
DT4 9DF,6
DT4 9DG,6
DT4 9DH,4
DT4 9DJ,4
DT4 9DL,4
DT4 9DN,6
DT4 9DP,5
DT4 9DQ,4
DT4 9DR,5
DT4 9DS,4
DT4 9DT,8
DT4 9DU,6
DT4 9DW,6
DT4 9DX,4
DT4 9DY,4
DT4 9DZ,6
DT4 9EA,6
DT4 9EB,6
DT4 9ED,4
DT4 9EE,6
DT4 9EF,6
DT4 9EG,6
DT4 9EH,6
DT4 9EJ,6
DT4 9EL,6
DT4 9EN,6
DT4 9EP,6
DT4 9EQ,6
DT4 9ER,6
DT4 9ES,5
DT4 9ET,5
DT4 9EU,6
DT4 9EW,6
DT4 9EX,5
DT4 9EY,5
DT4 9EZ,5
DT4 9FA,8
DT4 9FB,5
DT4 9FD,8
DT4 9FE,1
DT4 9FF,8
DT4 9FG,1
DT4 9FH,8
DT4 9FJ,1
DT4 9FL,1
DT4 9FN,1
DT4 9FP,8
DT4 9FQ,1
DT4 9FR,1
DT4 9FS,1
DT4 9FT,8
DT4 9FU,8
DT4 9FW,1
DT4 9FX,8
DT4 9FY,8
DT4 9FZ,5
DT4 9GA,5
DT4 9GB,6
DT4 9GD,6
DT4 9GE,5
DT4 9GF,5
DT4 9GG,6
DT4 9GH,8
DT4 9GJ,8
DT4 9GL,6
DT4 9GQ,8
DT4 9GX,5
DT4 9GY,5
DT4 9HA,5
DT4 9HB,5
DT4 9HD,5
DT4 9HE,5
DT4 9HF,6
DT4 9HG,5
DT4 9HH,6
DT4 9HJ,5
DT4 9HL,5
DT4 9HN,6
DT4 9HP,5
DT4 9HQ,6
DT4 9HR,5
DT4 9HS,5
DT4 9HT,5
DT4 9HU,5
DT4 9HW,5
DT4 9HX,4
DT4 9HY,4
DT4 9HZ,4
DT4 9JA,5
DT4 9JB,5
DT4 9JD,4
DT4 9JE,4
DT4 9JF,4
DT4 9JG,5
DT4 9JH,4
DT4 9JJ,4
DT4 9JL,4
DT4 9JN,4
DT4 9JP,4
DT4 9JQ,4
DT4 9JR,8
DT4 9JS,4
DT4 9JT,4
DT4 9JU,4
DT4 9JW,4
DT4 9JX,4
DT4 9JY,4
DT4 9JZ,2
DT4 9LA,5
DT4 9LB,8
DT4 9LD,8
DT4 9LE,8
DT4 9LF,8
DT4 9LG,8
DT4 9LH,8
DT4 9LJ,8
DT4 9LL,8
DT4 9LN,4
DT4 9LP,4
DT4 9LQ,8
DT4 9LR,4
DT4 9LS,8
DT4 9LT,4
DT4 9LU,8
DT4 9LW,4
DT4 9LX,8
DT4 9LY,8
DT4 9LZ,8
DT4 9NA,5
DT4 9NB,5
DT4 9ND,6
DT4 9NE,6
DT4 9NF,6
DT4 9NG,5
DT4 9NH,8
DT4 9NJ,5
DT4 9NL,6
DT4 9NN,6
DT4 9NP,6
DT4 9NQ,5
DT4 9NR,6
DT4 9NS,6
DT4 9NT,6
DT4 9NU,6
DT4 9NW,6
DT4 9NX,8
DT4 9NY,8
DT4 9NZ,5
DT4 9PA,8
DT4 9PB,8
DT4 9PD,8
DT4 9PE,8
DT4 9PF,4
DT4 9PG,8
DT4 9PH,8
DT4 9PJ,8
DT4 9PL,8
DT4 9PN,8
DT4 9PP,8
DT4 9PQ,8
DT4 9PR,8
DT4 9PS,8
DT4 9PT,8
DT4 9PU,5
DT4 9PW,8
DT4 9PX,8
DT4 9PY,8
DT4 9PZ,4
DT4 9QA,8
DT4 9QB,8
DT4 9QD,8
DT4 9QE,5
DT4 9QF,5
DT4 9QG,5
DT4 9QH,5
DT4 9QJ,5
DT4 9QL,5
DT4 9QN,8
DT4 9QP,8
DT4 9QQ,5
DT4 9QR,8
DT4 9QS,8
DT4 9QT,5
DT4 9QU,5
DT4 9QW,8
DT4 9QX,5
DT4 9QY,5
DT4 9QZ,5
DT4 9RA,5
DT4 9RB,8
DT4 9RD,8
DT4 9RE,8
DT4 9RF,8
DT4 9RG,8
DT4 9RH,8
DT4 9RJ,8
DT4 9RL,8
DT4 9RN,9
DT4 9RP,9
DT4 9RQ,8
DT4 9RR,7
DT4 9RS,7
DT4 9RT,7
DT4 9RU,9
DT4 9RW,7
DT4 9RX,9
DT4 9RY,8
DT4 9RZ,7
DT4 9SA,7
DT4 9SB,7
DT4 9SD,7
DT4 9SE,7
DT4 9SF,7
DT4 9SG,7
DT4 9SH,7
DT4 9SJ,4
DT4 9SL,7
DT4 9SN,4
DT4 9SP,7
DT4 9SQ,7
DT4 9SR,7
DT4 9SS,7
DT4 9ST,4
DT4 9SU,8
DT4 9SW,7
DT4 9SX,6
DT4 9SY,8
DT4 9SZ,8
DT4 9TA,6
DT4 9TB,6
DT4 9TD,6
DT4 9TE,6
DT4 9TF,6
DT4 9TG,6
DT4 9TH,8
DT4 9TJ,6
DT4 9TL,6
DT4 9TN,6
DT4 9TP,6
DT4 9TQ,6
DT4 9TR,6
DT4 9TS,6
DT4 9TT,6
DT4 9TU,6
DT4 9TW,6
DT4 9TX,8
DT4 9TY,6
DT4 9TZ,4
DT4 9UA,6
DT4 9UB,6
DT3 4LW,8
DT3 4LX,5
DT3 4LY,8
DT3 4LZ,8
DT3 4NA,7
DT3 4NB,8
DT3 4ND,8
DT3 4NE,7
DT3 4NF,7
DT3 4NG,8
DT3 4NH,8
DT3 4NJ,7
DT3 4NL,8
DT3 4NN,7
DT3 4NP,5
DT3 4NQ,7
DT3 4NR,7
DT3 4NS,5
DT3 4NT,6
DT3 4NU,8
DT3 4NW,7
DT3 4NX,8
DT3 4NY,5
DT3 4NZ,7
DT3 4PA,8
DT3 4PB,8
DT3 4PD,8
DT3 4PH,5
DT3 4PJ,7
DT3 4PL,7
DT3 4PP,8
DT3 4WA,1
DT3 4WB,1
DT3 4YA,1
DT3 4YB,7
DT3 4YD,7
DT3 4YE,1
DT3 4YF,7
DT3 4YH,7
DT3 4YJ,1
DT3 4YL,7
DT3 4YN,7
DT3 4YP,8
DT3 4YQ,1
DT3 4YR,8
DT3 4YS,1
DT3 4YT,1
DT3 4YU,1
DT3 4YW,1
DT3 4ZX,1
DT3 5AA,10
DT3 5AB,10
DT3 5AD,10
DT3 5AE,10
DT3 5AF,10
DT3 5AG,6
DT3 5AH,7
DT3 5AJ,8
DT3 5AL,8
DT3 5AN,8
DT3 5AP,8
DT3 5AQ,7
DT3 5AR,8
DT3 5AS,8
DT3 5AT,8
DT3 5AU,8
DT3 5AW,8
DT3 5AX,8
DT3 5AY,8
DT3 5AZ,8
DT3 5BA,8
DT3 5BB,8
DT3 5BD,8
DT3 5BE,8
DT3 5BG,8
DT3 5BH,1
DT3 5BJ,8
DT3 5BL,8
DT3 5BN,8
DT3 5BP,8
DT3 5BQ,8
DT3 5BS,8
DT3 5BT,7
DT3 5BU,4
DT3 5BW,8
DT3 5BX,7
DT3 5BY,7
DT3 5BZ,7
DT3 5DA,8
DT3 5DB,7
DT3 5DD,7
DT3 5DE,7
DT3 5DF,8
DT3 5DG,8
DT3 5DH,8
DT3 5DJ,8
DT3 5DL,7
DT3 5DN,7
DT3 5DP,7
DT3 5DQ,8
DT3 5DR,7
DT3 5DS,7
DT3 5DT,7
DT3 5DU,7
DT3 5DW,7
DT3 5DX,7
DT3 5DY,4
DT3 5DZ,7
DT3 5EA,7
DT3 5EB,6
DT3 5ED,6
DT3 5EE,6
DT3 5EF,6
DT3 5EG,6
DT3 5EH,6
DT3 5EJ,6
DT3 5EL,9
DT3 5EN,9
DT3 5EP,8
DT3 5EQ,6
DT3 5ER,9
DT3 5ES,9
DT3 5ET,9
DT3 5EU,9
DT3 5EW,8
DT3 5EX,9
DT3 5EY,8
DT3 5EZ,8
DT3 5FA,8
DT3 5FB,8
DT3 5FD,8
DT3 5FE,8
DT3 5FF,4
DT3 5FG,8
DT3 5FH,4
DT3 5FJ,4
DT3 5FL,4
DT3 5FN,4
DT3 5FP,4
DT3 5FQ,9
DT3 5FR,4
DT3 5HA,9
DT3 5HB,9
DT3 5HD,9
DT3 5HE,8
DT3 5HF,9
DT3 5HG,9
DT3 5HH,9
DT3 5HJ,8
DT3 5HL,6
DT3 5HN,6
DT3 5HP,8
DT3 5HQ,9
DT3 5HR,9
DT3 5HS,9
DT3 5HT,9
DT3 5HU,6
DT3 5HW,9
DT3 5HX,9
DT3 5HY,10
DT3 5HZ,10
DT3 5JA,9
DT3 5JB,9
DT3 5JD,8
DT3 5JE,9
DT3 5JF,9
DT3 5JG,9
DT3 5JH,9
DT3 5JJ,9
DT3 5JL,9
DT3 5JN,6
DT3 5JP,10
DT3 5JQ,8
DT3 5JR,10
DT3 5JS,10
DT3 5JT,10
DT3 5JU,10
DT3 5JW,6
DT3 5JX,9
DT3 5JY,9
DT3 5JZ,7
DT3 5LA,7
DT3 5LB,7
DT3 5LD,7
DT3 5LE,7
DT3 5LF,7
DT3 5LG,4
DT3 5LH,7
DT3 5LJ,7
DT3 5LL,7
DT3 5LN,7
DT3 5LP,4
DT3 5LQ,7
DT3 5LR,7
DT3 5LS,7
DT3 5LT,7
DT3 5LU,7
DT3 5LW,7
DT3 5LX,7
DT3 5LY,7
DT3 5LZ,7
DT3 5NA,4
DT3 5NB,7
DT3 5ND,7
DT3 5NE,4
DT3 5NF,4
DT3 5NG,4
DT3 5NH,7
DT3 5NJ,4
DT3 5NL,4
DT3 5NN,4
DT3 5NP,7
DT3 5NQ,4
DT3 5NR,7
DT3 5NU,4
DT3 5NW,7
DT3 5NX,4
DT3 5NY,4
DT3 5NZ,4
DT3 5PA,7
DT3 5PB,7
DT3 5PD,4
DT3 5PE,4
DT3 5PF,4
DT3 5PG,4
DT3 5PH,4
DT3 5PJ,4
DT3 5PL,4
DT3 5PN,4
DT3 5PP,7
DT3 5PQ,4
DT3 5PR,7
DT3 5PS,7
DT3 5PT,7
DT3 5PU,7
DT3 5PW,7
DT3 5PX,7
DT3 5PY,7
DT3 5PZ,7
DT3 5QA,7
DT3 5QB,7
DT3 5QD,7
DT3 5QE,7
DT3 5QF,7
DT3 5QG,7
DT3 5QH,8
DT3 5QJ,7
DT3 5QL,4
DT3 5QN,4
DT3 5QP,8
DT3 5QQ,7
DT3 5QR,4
DT3 5QS,4
DT3 5QT,4
DT3 5QU,4
DT3 5QW,4
DT3 5QX,4
DT3 5QY,4
DT3 5QZ,4
DT3 5RA,4
DT3 5RB,4
DT3 5RD,7
DT3 5RE,9
DT3 5RF,9
DT3 5RG,9
DT3 5RH,9
DT3 5RJ,9
DT3 5RL,9
DT3 5RN,4
DT3 5RP,4
DT3 5RQ,9
DT3 5RR,4
DT3 5RS,4
DT3 5RT,4
DT3 5RU,4
DT3 5RW,9
DT3 5RX,4
DT3 5RY,7
DT3 5RZ,4
DT3 5SA,4
DT3 5SB,4
DT3 5SD,7
DT3 5SE,7
DT3 5SF,7
DT3 5SG,7
DT3 5SH,4
DT3 5SJ,4
DT3 5SQ,4
DT3 5ST,7
DT3 5SU,7
DT3 5SX,4
DT3 5SY,4
DT3 5SZ,4
DT3 5WA,4
DT3 5WB,4
DT3 5WD,1
DT3 5WZ,1
DT3 5XY,1
DT3 5XZ,4
DT3 5YA,1
DT3 5YB,8
DT3 5YD,1
DT3 5YE,8
DT3 5YF,1
DT3 5YG,1
DT3 5YH,1
DT3 5YJ,1
DT3 5YL,7
DT3 5YN,7
DT3 5YP,7
DT3 5YQ,7
DT3 5YR,7
DT3 5YS,1
DT3 5YT,1
DT3 5YU,7
DT3 5YW,1
DT3 5YX,8
DT3 5YY,8
DT3 5YZ,1
DT3 5ZX,1
DT3 6AA,10
DT3 6AB,10
DT3 6AD,10
DT3 6AE,4
DT3 6AF,4
DT3 6AG,7
DT3 6AH,1
DT3 6AJ,1
DT3 6AL,1
DT3 6AN,4
DT3 6AP,1
DT3 6AQ,1
DT3 6AR,4
DT3 6AS,4
DT3 6AT,1
DT3 6AU,1
DT3 6AW,4
DT3 6AX,1
DT3 6AY,4
DT3 6AZ,10
DT3 6BA,9
DT3 6BB,10
DT3 6BD,10
DT3 6BE,7
DT3 6BG,9
DT3 6BH,9
DT3 6BJ,9
DT3 6BL,9
DT3 6BN,9
DT3 6BP,9
DT3 6BQ,9
DT3 6BS,10
DT3 6BT,9
DT3 6BU,9
DT3 6BW,10
DT3 6BX,9
DT3 6BY,9
DT3 6BZ,9
DT3 6DA,9
DT3 6DB,9
DT3 6DD,9
DT3 6DE,9
DT3 6DF,9
DT3 6DG,9
DT3 6DH,9
DT3 6DJ,9
DT3 6DL,9
DT3 6DN,9
DT3 6DP,9
DT3 6DQ,9
DT3 6DR,9
DT3 6DS,10
DT3 6DT,9
DT3 6DU,10
DT3 6DW,9
DT3 6DX,9
DT3 6DY,10
DT3 6DZ,9
DT3 6EA,9
DT3 6EB,10
DT3 6ED,9
DT3 6EE,7
DT3 6EF,7
DT3 6EG,7
DT3 6EH,7
DT3 6EJ,7
DT3 6EL,7
DT3 6EN,7
DT3 6EP,7
DT3 6EQ,7
DT3 6ER,7
DT3 6ES,7
DT3 6ET,7
DT3 6EU,7
DT3 6EW,7
DT3 6EX,7
DT3 6EY,7
DT3 6EZ,7
DT3 6FA,10
DT3 6FB,1
DT3 6FD,4
DT3 6FE,4
DT3 6FF,10
DT3 6FG,4
DT3 6FH,4
DT3 6FJ,4
DT3 6FL,4
DT3 6FN,4
DT3 6FP,4
DT3 6FQ,4
DT3 6FR,4
DT3 6FS,10
DT3 6FT,7
DT3 6FU,9
DT3 6FW,7
DT3 6FX,9
DT3 6GA,10
DT3 6HA,7
DT3 6HB,7
DT3 6HD,7
DT3 6HE,7
DT3 6HF,7
DT3 6HG,7
DT3 6HH,7
DT3 6HJ,7
DT3 6HL,7
DT3 6HN,7
DT3 6HP,1
DT3 6HQ,7
DT3 6HR,9
DT3 6HS,9
DT3 6HT,9
DT3 6HU,9
DT3 6HW,10
DT3 6HX,9
DT3 6HY,9
DT3 6HZ,9
DT3 6JA,9
DT3 6JB,9
DT3 6JD,9
DT3 6JE,9
DT3 6JF,9
DT3 6JG,9
DT3 6JH,9
DT3 6JJ,9
DT3 6JL,9
DT3 6JN,9
DT3 6JP,9
DT3 6JQ,9
DT3 6JR,9
DT3 6JS,9
DT3 6JT,9
DT3 6JU,9
DT3 6JW,9
DT3 6JX,9
DT3 6JY,9
DT3 6JZ,9
DT3 6LA,10
DT3 6LB,9
DT3 6LD,10
DT3 6LE,10
DT3 6LF,10
DT3 6LG,9
DT3 6LH,9
DT3 6LJ,9
DT3 6LL,9
DT3 6LN,9
DT3 6LP,9
DT3 6LQ,9
DT3 6LR,9
DT3 6LS,9
DT3 6LT,9
DT3 6LU,9
DT3 6LW,9
DT3 6LX,9
DT3 6LY,9
DT3 6LZ,9
DT3 6NA,10
DT3 6NB,9
DT3 6ND,9
DT3 6NE,9
DT3 6NF,1
DT3 6NG,1
DT3 6NH,10
DT3 6NJ,10
DT3 6NL,10
DT3 6NN,9
DT3 6NP,10
DT3 6NQ,1
DT3 6NR,10
DT3 6NS,10
DT3 6NT,10
DT3 6NU,10
DT3 6NW,10
DT3 6NX,10
DT3 6NY,9
DT3 6NZ,10
DT3 6PA,9
DT3 6PB,9
DT3 6PD,10
DT3 6PE,9
DT3 6PF,9
DT3 6PG,10
DT3 6PH,7
DT3 6PJ,9
DT3 6PL,10
DT3 6PN,9
DT3 6PP,9
DT3 6PQ,9
DT3 6PR,9
DT3 6PS,9
DT3 6PT,10
DT3 6PU,9
DT3 6PW,9
DT3 6PX,9
DT3 6PY,9
DT3 6PZ,9
DT3 6QA,9
DT3 6QB,10
DT3 6QD,9
DT3 6QE,10
DT3 6QF,10
DT3 6QG,10
DT3 6QH,9
DT3 6QJ,9
DT3 6QL,9
DT3 6QN,9
DT3 6QP,9
DT3 6QQ,10
DT3 6QR,10
DT3 6QS,9
DT3 6QT,9
DT3 6QU,1
DT3 6QW,9
DT3 6QX,1
DT3 6QY,1
DT3 6QZ,1
DT3 6RA,1
DT3 6RB,1
DT3 6RD,1
DT3 6RE,1
DT3 6RF,1
DT3 6RG,1
DT3 6RH,1
DT3 6RJ,1
DT3 6RL,10
DT3 6RN,10
DT3 6RP,9
DT3 6RQ,4
DT3 6RR,9
DT3 6RS,9
DT3 6RT,10
DT3 6RU,9
DT3 6RW,1
DT3 6RX,10
DT3 6RY,9
DT3 6RZ,9
DT3 6SA,1
DT3 6SB,4
DT3 6SD,10
DT3 6SE,1
DT3 6SF,1
DT3 6SG,4
DT3 6SH,4
DT3 6SJ,1
DT3 6SL,4
DT3 6SN,1
DT3 6SP,9
DT3 6SQ,10
DT3 6SR,1
DT3 6SS,1
DT3 6ST,1
DT3 6SU,9
DT3 6SW,4
DT3 6SX,9
DT3 6SY,4
DT3 6SZ,4
DT3 6TA,9
DT3 6TB,9
DT3 6WA,4
DT3 6WB,4
DT3 6WD,1
DT3 6WE,4
DT3 6WF,1
DT3 6WH,1
DT3 6XJ,4
DT3 6XN,1
DT3 6YA,1
DT3 6YB,1
DT3 6YD,10
DT3 6YE,1
DT3 6YF,1
DT3 6YG,1
DT3 6YH,1
DT3 6YJ,10
DT3 6YL,1
DT3 6YN,1
DT3 6YP,1
DT3 6YQ,1
DT3 6YR,1
DT3 6YS,10
DT3 6YT,1
DT3 6YU,1
DT3 6YW,10
DT3 6YX,10
DT3 6YY,10
DT3 6YZ,10
DT3 6ZA,1
DT3 6ZB,1
DT3 6ZQ,1
DT3 6ZX,1
DT4 0AA,2
DT4 0AB,2
DT4 0AD,3
DT4 0AE,2
DT4 0AF,2
DT4 0AG,3
DT4 0AH,4
DT4 0AJ,2
DT4 0AL,2
DT4 0AN,3
DT4 0AP,3
DT4 0AQ,3
DT4 0AR,2
DT4 0AS,3
DT4 0AT,2
DT4 0AU,2
DT4 0AW,2
DT4 0AX,2
DT4 0AY,2
DT4 0AZ,3
DT4 0BA,3
DT4 0BB,3
DT4 0BD,1
DT4 0BE,3
DT4 0BG,3
DT4 0BH,2
DT4 0BJ,3
DT4 0BL,1
DT4 0BN,5
DT4 0BP,5
DT4 0BQ,2
DT4 0BS,5
DT4 0BT,5
DT4 0BU,5
DT4 0BW,5
DT4 0BX,5
DT4 0BY,5
DT4 0BZ,5
DT4 0DA,5
DT4 0DB,5
DT4 0DD,5
DT4 0DE,5
DT4 0DF,5
DT4 0DG,5
DT4 0DH,5
DT4 0DJ,5
DT4 0DL,5
DT4 0DN,5
DT4 0DP,5
DT4 0DQ,5
DT4 0DR,5
DT4 0DS,5
DT4 0DT,4
DT4 0DU,3
DT4 0DW,5
DT4 0DX,2
DT4 0DY,4
DT4 0DZ,4
DT4 0EA,4
DT4 0EB,4
DT4 0ED,4
DT4 0EE,7
DT4 0EF,7
DT4 0EG,7
DT4 0EH,4
DT4 0EJ,7
DT4 0EL,7
DT4 0EN,7
DT4 0EP,7
DT4 0EQ,4
DT4 0ER,4
DT4 0ES,4
DT4 0ET,4
DT4 0EU,4
DT4 0EW,7
DT4 0EX,4
DT4 0EY,4
DT4 0EZ,4
DT4 0FA,5
DT4 0FB,3
DT4 0FD,4
DT4 0FE,2
DT4 0FF,2
DT4 0GB,4
DT4 0GD,4
DT4 0GX,4
DT4 0HA,4
DT4 0HB,4
DT4 0HD,5
DT4 0HE,4
DT4 0HF,4
DT4 0HG,4
DT4 0HH,4
DT4 0HJ,4
DT4 0HP,3
DT4 0HQ,4
DT4 0HR,2
DT4 0HS,2
DT4 0HU,2
DT4 0HW,3
DT4 0HX,2
DT4 0HY,2
DT4 0HZ,3
DT4 0JA,3
DT4 0JB,2
DT4 0JD,2
DT4 0JE,3
DT4 0JF,3
DT4 0JG,3
DT4 0JH,3
DT4 0JJ,3
DT4 0JL,3
DT4 0JN,3
DT4 0JP,3
DT4 0JQ,3
DT4 0JR,3
DT4 0JS,3
DT4 0JT,3
DT4 0JU,3
DT4 0JW,3
DT4 0JX,3
DT4 0JY,3
DT4 0JZ,3
DT4 0LA,3
DT4 0LB,2
DT4 0LD,2
DT4 0LE,4
DT4 0LF,4
DT4 0LG,4
DT4 0LH,2
DT4 0LJ,2
DT4 0LL,4
DT4 0LN,5
DT4 0LP,4
DT4 0LQ,4
DT4 0LR,4
DT4 0LS,2
DT4 0LT,2
DT4 0LU,2
DT4 0LW,2
DT4 0LX,3
DT4 0LY,5
DT4 0LZ,5
DT4 0NA,2
DT4 0NB,5
DT4 0ND,2
DT4 0NF,2
DT4 0NG,2
DT4 0NH,5
DT4 0NJ,5
DT4 0NL,5
DT4 0NN,5
DT4 0NP,5
DT4 0NQ,5
DT4 0NR,5
DT4 0NS,2
DT4 0NT,2
DT4 0NU,2
DT4 0NW,5
DT4 0NX,2
DT4 0NY,3
DT4 0NZ,4
DT4 0PA,4
DT4 0PB,4
DT4 0PD,4
DT4 0PE,4
DT4 0PF,4
DT4 0PG,4
DT4 0PH,4
DT4 0PJ,4
DT4 0PL,2
DT4 0PN,2
DT4 0PP,2
DT4 0PQ,4
DT4 0PR,2
DT4 0PS,2
DT4 0PT,2
DT4 0PU,2
DT4 0PW,2
DT4 0PX,2
DT4 0PY,2
DT4 0PZ,2
DT4 0QA,2
DT4 0QB,2
DT4 0QD,2
DT4 0QE,4
DT4 0QF,4
DT4 0QG,4
DT4 0QH,2
DT4 0QJ,4
DT4 0QL,5
DT4 0QN,5
DT4 0QP,5
DT4 0QQ,2
DT4 0QR,5
DT4 0QS,5
DT4 0QT,5
DT4 0QU,5
DT4 0QW,5
DT4 0QX,2
DT4 0QY,5
DT4 0QZ,5
DT4 0RA,5
DT4 0RB,5
DT4 0RD,5
DT4 0RE,4
DT4 0RF,4
DT4 0RG,4
DT4 0RH,5
DT4 0RJ,5
DT4 0RL,5
DT4 0RN,5
DT4 0RP,4
DT4 0RQ,5
DT4 0RR,4
DT4 0RS,8
DT4 0RT,2
DT4 0RU,2
DT4 0RW,5
DT4 0RX,8
DT4 0RY,8
DT4 0RZ,8
DT4 0SA,8
DT4 0SB,8
DT4 0SD,2
DT4 0SE,4
DT4 0SF,4
DT4 0SG,4
DT4 0SH,4
DT4 0SJ,4
DT4 0SL,4
DT4 0SN,4
DT4 0SP,4
DT4 0SQ,5
DT4 0SR,4
DT4 0SS,4
DT4 0ST,6
DT4 0SU,6
DT4 0SW,4
DT4 0SX,6
DT4 0SY,4
DT4 0SZ,6
DT4 0TA,6
DT4 0TB,7
DT4 0TD,7
DT4 0TE,7
DT4 0TF,7
DT4 0TG,7
DT4 0TH,2
DT4 0TJ,5
DT4 0TL,4
DT4 0TN,4
DT4 0TP,9
DT4 0TQ,7
DT4 0TR,5
DT4 0TS,5
DT4 0TT,5
DT4 0TU,5
DT4 0TW,5
DT4 0UA,2
DT4 0UB,2
DT4 0UD,2
DT4 0UE,2
DT4 0UF,2
DT4 0UG,2
DT4 0UH,2
DT4 0UQ,2
DT4 0WA,7
DT4 0WB,1
DT4 0WZ,1
DT4 0XA,7
DT4 0XZ,7
DT4 0YA,1
DT4 0YB,8
DT4 0YD,7
DT4 0YE,1
DT4 0YF,7
DT4 0YG,7
DT4 0YH,2
DT4 0YJ,1
DT4 0YL,2
DT4 0YN,1
DT4 0YP,2
DT4 0YQ,2
DT4 0YR,2
DT4 0YS,2
DT4 0YT,2
DT4 0YU,2
DT4 0YW,2
DT4 0YX,2
DT4 0YY,2
DT4 0YZ,1
DT4 0ZA,1
DT4 0ZJ,1
DT4 0ZN,1
DT4 0ZQ,1
DT4 0ZT,1
DT4 0ZX,1
DT4 4AA,1
DT4 4AB,1
DT4 4AD,1
DT4 4AE,1
DT4 4AF,1
DT4 4AG,1
DT4 4AH,1
DT4 4AJ,1
DT4 4AL,4
DT4 4AN,1
DT4 4AP,1
DT4 4AQ,1
DT4 4AR,1
DT4 4AS,1
DT4 4AT,1
DT4 4AU,1
DT4 4AW,1
DT4 4AX,1
DT4 4AY,1
DT4 4AZ,1
DT4 4BA,1
DT4 4BB,1
DT4 4BD,1
DT4 4BE,1
DT4 4BF,1
DT4 4BG,1
DT4 4BH,1
DT4 4BJ,4
DT4 4BL,1
DT4 4BN,1
DT4 4BP,1
DT4 4BQ,1
DT4 4BR,1
DT4 4BS,1
DT4 4BT,1
DT4 4BU,1
DT4 4BW,1
DT4 4BX,1
DT4 4BY,1
DT4 4BZ,1
DT4 4DA,1
DT4 4DB,1
DT4 4DD,1
DT4 4DE,1
DT4 4DF,1
DT4 4DG,1
DT4 4DH,1
DT4 4DJ,1
DT4 4DL,1
DT4 4DN,1
DT4 4DP,1
DT4 4DQ,1
DT4 4DR,1
DT4 4DS,1
DT4 4DT,1
DT4 4DU,1
DT4 4DW,1
DT4 4DX,1
DT4 4DY,1
DT4 4DZ,1
DT4 4EA,1
DT4 4EB,1
DT4 4ED,1
DT4 4EE,1
DT4 4EF,1
DT4 4EG,1
DT4 4EH,1
DT4 4EJ,1
DT4 4EL,1
DT4 4EN,1
DT4 4EP,1
DT4 4EQ,1
DT4 4ER,1
DT4 4ES,1
DT4 4ET,1
DT4 4EU,1
DT4 4EW,1
DT4 4EX,1
DT4 4EY,1
DT4 4EZ,1
DT4 4FA,1
DT4 4FB,1
DT4 4FD,1
DT4 4FE,1
DT4 4FF,1
DT4 4FG,1
DT4 4FH,1
DT4 4FJ,1
DT4 4FL,1
DT4 4FN,1
DT4 4FP,1
DT6 4QH,7
DT6 4QJ,7
DT6 4QL,7
DT6 4QN,7
DT6 4QP,7
DT6 4QQ,7
DT6 4QR,7
DT6 4QS,7
DT6 4QT,7
DT6 4QU,7
DT6 4QW,7
DT6 4QX,7
DT6 4QY,7
DT6 4QZ,7
DT6 4RA,7
DT6 4RB,7
DT6 4RD,7
DT6 4RE,7
DT6 4RF,7
DT6 4RG,7
DT6 4RH,7
DT6 4RJ,7
DT6 4RL,7
DT6 4RN,7
DT6 4RP,7
DT6 4RQ,7
DT6 4RR,8
DT6 4RS,6
DT6 4RT,7
DT6 4RU,7
DT6 4RW,7
DT6 4RX,7
DT6 4RY,7
DT6 4RZ,5
DT6 4SA,8
DT6 4SB,8
DT6 4SD,7
DT6 4SE,6
DT6 4SF,6
DT6 4SG,6
DT6 4SH,6
DT6 4SJ,7
DT6 4SL,8
DT6 4SN,8
DT6 4SP,8
DT6 4SQ,8
DT6 4SR,6
DT6 4SS,8
DT6 4ST,7
DT6 4SU,8
DT6 4SW,7
DT6 4SX,8
DT6 4TA,7
DT6 4XL,5
DT6 4XZ,8
DT6 4YA,7
DT6 4YB,8
DT6 4YD,5
DT6 4YE,5
DT6 4YF,7
DT6 4YG,7
DT6 4YH,5
DT6 4YJ,8
DT6 4YL,5
DT6 4YN,5
DT6 4YP,5
DT6 4YQ,5
DT6 4ZN,8
DT6 4ZP,5
DT6 4ZQ,5
DT6 4ZX,5
DT6 5AA,3
DT6 5AB,6
DT6 5AD,6
DT6 5AE,6
DT6 5AF,6
DT6 5AG,3
DT6 5AH,3
DT6 5AJ,3
DT6 5AL,3
DT6 5AN,3
DT6 5AP,3
DT6 5AQ,3
DT6 5AR,3
DT6 5AS,3
DT6 5AT,3
DT6 5AU,3
DT6 5AW,3
DT6 5AX,3
DT6 5AY,3
DT6 5AZ,3
DT6 5BA,3
DT6 5BB,3
DT6 5BD,3
DT6 5BE,3
DT6 5BF,5
DT6 5BG,5
DT6 5BH,5
DT6 5BJ,5
DT6 5BL,5
DT6 5BN,5
DT6 5BP,3
DT6 5BQ,5
DT6 5BS,5
DT6 5BT,6
DT6 5BU,5
DT6 5BW,5
DT6 5BX,5
DT6 5BY,5
DT6 5BZ,5
DT6 5DA,5
DT6 5DB,5
DT6 5DD,5
DT6 5DE,5
DT6 5DF,2
DT6 5DG,5
DT6 5DH,2
DT6 5DJ,5
DT6 5DL,2
DT6 5DN,5
DT6 5DP,5
DT6 5DQ,5
DT6 5DR,5
DT6 5DS,2
DT6 5DT,2
DT6 5DU,5
DT6 5DW,5
DT6 5DX,5
DT6 5DY,5
DT6 5DZ,2
DT6 5EA,2
DT6 5EB,2
DT6 5ED,2
DT6 5EE,5
DT6 5EF,2
DT6 5EG,3
DT6 5EH,2
DT6 5EJ,5
DT6 5EL,5
DT6 5EN,5
DT6 5EP,2
DT6 5EQ,2
DT6 5ER,2
DT6 5ES,2
DT6 5ET,2
DT6 5EU,5
DT6 5EW,5
DT6 5EX,2
DT6 5EY,2
DT6 5EZ,2
DT6 5FA,5
DT6 5FB,2
DT6 5FD,5
DT6 5FE,5
DT6 5FF,5
DT6 5FG,5
DT6 5FH,5
DT6 5FJ,5
DT6 5FL,5
DT6 5FN,5
DT6 5FP,2
DT6 5HA,2
DT6 5HB,2
DT6 5HD,2
DT6 5HE,2
DT6 5HF,2
DT6 5HG,2
DT6 5HH,5
DT6 5HJ,2
DT6 5HL,3
DT6 5HN,5
DT6 5HP,5
DT6 5HQ,5
DT6 5HR,5
DT6 5HS,5
DT6 5HT,5
DT6 5HU,5
DT6 5HW,5
DT6 5HX,5
DT6 5HY,5
DT6 5HZ,5
DT6 5JA,5
DT6 5JB,5
DT6 5JD,5
DT6 5JE,5
DT6 5JF,5
DT6 5JG,5
DT6 5JH,5
DT6 5JJ,5
DT6 5JL,5
DT6 5JN,5
DT6 5JP,5
DT6 5JQ,5
DT6 5JR,5
DT6 5JS,5
DT6 5JT,5
DT6 5JU,6
DT6 5JW,5
DT6 5JX,6
DT6 5JY,6
DT6 5JZ,6
DT6 5LA,6
DT6 5LB,6
DT6 5LD,5
DT6 5LE,5
DT6 5LF,5
DT6 5LG,5
DT6 5LH,5
DT6 5LJ,5
DT6 5LL,5
DT6 5LN,6
DT6 5LP,5
DT6 5LQ,5
DT6 5LR,5
DT6 5LS,5
DT6 5LT,5
DT6 5LU,5
DT6 5LW,5
DT6 5LX,5
DT6 5LY,5
DT6 5LZ,5
DT6 5NA,5
DT6 5NB,5
DT6 5ND,5
DT6 5NE,5
DT6 5NF,5
DT6 5NG,5
DT6 5NH,5
DT6 5NJ,6
DT6 5NL,6
DT6 5NN,6
DT6 5NP,6
DT6 5NQ,5
DT6 5NR,5
DT6 5NS,5
DT6 5NT,5
DT6 5NU,5
DT6 5NW,6
DT6 5NX,5
DT6 5NY,5
DT6 5NZ,5
DT6 5PA,5
DT6 5PB,5
DT6 5PD,5
DT6 5PE,5
DT6 5PF,5
DT6 5PG,7
DT6 5PH,5
DT6 5PJ,7
DT6 5PL,5
DT6 5PN,7
DT6 5PP,5
DT6 5PQ,5
DT6 5PR,5
DT6 5PS,5
DT6 5PT,5
DT6 5PU,5
DT6 5PW,7
DT6 5PX,6
DT6 5PY,6
DT6 5PZ,5
DT6 5QA,5
DT6 5QB,5
DT6 5QD,5
DT6 5QE,5
DT6 5QF,5
DT6 5QG,5
DT6 5QH,5
DT6 5QJ,5
DT6 5QL,5
DT6 5QN,5
DT6 5QP,3
DT6 5QQ,5
DT6 5QR,5
DT6 5QS,5
DT6 5QT,7
DT6 5QU,7
DT6 5QW,5
DT6 5QX,5
DT6 5QY,5
DT6 5QZ,5
DT6 5RA,2
DT6 5RB,2
DT6 5RD,2
DT6 5RE,5
DT6 5RF,5
DT6 5RG,5
DT6 5RH,5
DT6 5RJ,2
DT6 5RL,2
DT6 5RN,2
DT6 5RP,2
DT6 5RQ,5
DT6 5RR,2
DT6 5RS,2
DT6 5RT,5
DT6 5RU,5
DT6 5RX,5
DT6 5SA,5
DT6 5SB,5
DT6 5SD,5
DT6 5SH,5
DT6 5WA,5
DT6 5WB,5
DT6 5YA,5
DT6 5YB,5
DT6 5YD,5
DT6 5YE,5
DT6 5YF,5
DT6 5YG,5
DT6 5YH,5
DT6 5YJ,5
DT6 5YL,5
DT6 5YN,5
DT6 5YP,5
DT6 5YQ,5
DT6 5YR,5
DT6 5YS,5
DT6 5YT,5
DT6 5YU,5
DT6 5YW,5
DT6 6AA,6
DT6 6AB,7
DT6 6AD,6
DT6 6AE,6
DT6 6AF,6
DT6 6AG,6
DT6 6AH,6
DT6 6AJ,6
DT6 6AL,6
DT6 6AN,6
DT6 6AP,6
DT6 6AQ,6
DT6 6AR,6
DT6 6AS,6
DT6 6AT,6
DT6 6AU,7
DT6 6AW,6
DT6 6AX,7
DT6 6AY,7
DT6 6AZ,7
DT6 6BA,7
DT6 6BB,7
DT6 6BD,7
DT6 6BE,7
DT6 6BG,7
DT6 6BH,7
DT6 6BJ,7
DT6 6BL,7
DT6 6BN,7
DT6 6BP,7
DT6 6BQ,7
DT6 6BS,7
DT6 6BT,7
DT6 6BU,7
DT6 6BW,7
DT6 6BX,7
DT6 6BY,7
DT6 6BZ,7
DT6 6DA,7
DT6 6DB,7
DT6 6DD,7
DT6 6DE,7
DT6 6DF,7
DT6 6DG,7
DT6 6DH,7
DT6 6DJ,6
DT6 6DL,5
DT6 6DN,5
DT6 6DP,6
DT6 6DQ,7
DT6 6DR,6
DT6 6DS,5
DT6 6DT,5
DT6 6DU,5
DT6 6DW,5
DT6 6DX,5
DT6 6DY,5
DT6 6DZ,5
DT6 6EA,5
DT6 6EB,5
DT6 6ED,5
DT6 6EE,5
DT6 6EF,5
DT6 6EG,5
DT6 6EH,5
DT6 6EJ,5
DT6 6EL,5
DT6 6EN,5
DT6 6EP,6
DT6 6EQ,5
DT6 6ER,6
DT6 6ES,5
DT6 6ET,5
DT6 6EU,6
DT6 6EW,5
DT6 6EX,6
DT6 6EY,6
DT6 6EZ,6
DT6 6FA,5
DT6 6FB,5
DT6 6FD,6
DT6 6FF,7
DT6 6FN,7
DT6 6HA,6
DT6 6HB,6
DT6 6HD,6
DT6 6HE,6
DT6 6HF,6
DT6 6HG,6
DT6 6HH,6
DT6 6HJ,6
DT6 6HL,6
DT6 6HN,6
DT6 6HP,5
DT6 6HQ,6
DT6 6HR,5
DT6 6HS,6
DT6 6HT,6
DT6 6HU,6
DT6 6HW,5
DT6 6HX,6
DT6 6HY,6
DT6 6HZ,6
DT6 6JA,6
DT6 6JB,6
DT6 6JD,6
DT6 6JE,6
DT6 6JF,6
DT6 6JG,6
DT6 6JH,6
DT6 6JJ,6
DT6 6JL,6
DT6 6JN,6
DT6 6JP,6
DT6 6JQ,6
DT6 6JR,6
DT6 6JS,6
DT6 6JT,6
DT6 6JU,6
DT6 6JW,6
DT6 6JX,6
DT6 6JY,6
DT6 6JZ,6
DT6 6LA,6
DT6 6LB,6
DT6 6LD,6
DT6 6LE,6
DT6 6LF,6
DT6 6LG,6
DT6 6LH,7
DT6 6LJ,7
DT6 6LL,7
DT6 6LN,7
DT6 6LP,7
DT6 6LQ,6
DT6 6LR,7
DT6 6LS,7
DT6 6LT,7
DT6 6LU,7
DT6 6LW,7
DT6 6LX,7
DT6 6LY,7
DT6 6LZ,7
DT6 6NA,7
DT6 6NB,7
DT6 6ND,7
DT6 6NE,7
DT6 6NF,7
DT6 6NG,7
DT6 6NH,7
DT6 6NJ,5
DT6 6NL,5
DT6 6NN,5
DT6 6NP,5
DT6 6NQ,7
DT6 6NR,5
DT6 6NS,7
DT6 6NT,5
DT6 6NU,7
DT6 6NW,7
DT6 6NX,7
DT6 6NY,7
DT6 6NZ,7
DT6 6PA,7
DT6 6PB,7
DT6 6PD,7
DT6 6PE,7
DT6 6PF,7
DT6 6PG,7
DT6 6PH,7
DT6 6PJ,7
DT6 6PL,7
DT6 6PN,7
DT6 6PP,7
DT6 6PQ,7
DT6 6PR,7
DT6 6PS,7
DT6 6PT,7
DT6 6PU,7
DT6 6PW,7
DT6 6PX,7
DT6 6PY,7
DT6 6PZ,7
DT6 6QA,7
DT6 6QB,7
DT6 6QD,7
DT6 6QE,7
DT6 6QF,7
DT6 6QG,7
DT6 6QH,7
DT6 6QJ,7
DT6 6QL,7
DT6 6QN,7
DT6 6QP,7
DT6 6QQ,7
DT6 6QR,7
DT6 6QS,7
DT6 6QT,7
DT6 6QU,7
DT6 6QW,7
DT6 6QX,7
DT6 6QY,7
DT6 6QZ,7
DT6 6RA,6
DT6 6RB,5
DT6 6RD,5
DT6 6RE,5
DT6 6RF,5
DT6 6RG,5
DT6 6RH,5
DT6 6RJ,5
DT6 6RL,5
DT6 6RN,5
DT6 6RP,5
DT6 6RQ,5
DT6 6RR,7
DT6 6RS,7
DT6 6RT,7
DT6 6RU,7
DT6 6RW,5
DT6 6RX,7
DT6 6RY,6
DT6 6RZ,7
DT6 6SA,6
DT6 6SB,6
DT6 6SD,6
DT6 6SE,7
DT6 6SF,5
DT6 6SG,6
DT6 6SH,5
DT6 6WA,5
DT6 6WG,5
DT6 6YA,5
DT6 6YB,5
DT6 6YD,5
DT6 6YE,5
DT6 6YF,5
DT6 6YG,5
DT6 6YH,5
DT6 6YJ,5
DT6 6YL,5
DT6 6YN,5
DT6 6YP,5
DT6 6YQ,5
DT6 6YR,5
DT6 6YS,5
DT6 6YT,5
DT6 6YU,5
DT6 6YW,5
DT6 6YX,5
DT6 6YY,5
DT6 6YZ,5
DT6 6ZJ,5
DT6 6ZN,5
DT6 6ZQ,5
DT6 6ZX,5
DT6 9AA,5
DT6 9AB,
DT6 9AD,5
DT6 9AE,5
DT6 9AF,5
DT6 9AG,5
DT6 9AH,5
DT6 9AJ,5
DT6 9AL,5
DT6 9AN,5
DT6 9AP,5
DT6 9AQ,5
DT6 9AR,5
DT6 9AS,5
DT6 9AT,5
DT6 9AU,5
DT6 9AW,5
DT6 9AY,5
DT6 9AZ,5
DT6 9BA,5
DT6 9BB,5
DT6 9BD,5
DT6 9BE,5
DT6 9BF,5
DT6 9BG,5
DT6 9BH,5
DT6 9BJ,5
DT6 9BL,5
DT6 9BN,5
DT6 9BP,5
DT6 9BQ,5
DT6 9BR,5
DT6 9BS,5
DT6 9BT,5
DT6 9BU,5
DT6 9BW,5
DT6 9BX,5
DT6 9BY,5
DT6 9BZ,5
DT6 9DA,5
DT6 9DB,5
DT6 9DD,5
DT6 9DE,5
DT6 9DF,5
DT6 9DG,5
DT6 9DH,5
DT6 9DJ,5
DT6 9DL,5
DT6 9DN,5
DT6 9DP,5
DT6 9DQ,5
DT6 9DR,5
DT6 9DS,5
DT6 9DT,5
DT6 9DU,5
DT6 9DW,5
DT6 9DX,5
DT6 9DY,5
DT6 9DZ,5
DT6 9EA,5
DT6 9EB,5
DT6 9ED,5
DT6 9EE,5
DT6 9EF,5
DT6 9EG,5
DT6 9EH,5
DT6 9EJ,5
DT6 9EL,5
DT6 9EN,5
DT6 9EP,5
DT6 9EQ,5
DT6 9ER,5
DT6 9ES,5
DT6 9ET,5
DT6 9EU,5
DT6 9EW,5
DT6 9EX,5
DT6 9EY,5
DT6 9EZ,5
DT6 9FA,5
DT6 9FB,5
DT6 9FD,5
DT6 9FE,5
DT7 3AA,9
DT7 3AB,6
DT7 3AD,6
DT7 3AE,6
DT7 3AF,6
DT7 3AG,6
DT7 3AH,6
DT7 3AJ,6
DT7 3AL,6
DT7 3AN,6
DT7 3AP,6
DT7 3AQ,6
DT7 3AR,6
DT7 3AS,6
DT7 3AT,6
DT7 3AU,6
DT7 3AW,6
DT7 3AX,6
DT7 3AY,6
DT7 3AZ,6
DT7 3BA,6
DT7 3BB,6
DT7 3BD,6
DT7 3BE,6
DT7 3BG,6
DT7 3BH,6
DT7 3BJ,6
DT7 3BL,6
DT7 3BN,6
DT7 3BP,6
DT7 3BQ,6
DT7 3BS,9
DT7 3BT,9
DT7 3BU,9
DT7 3BW,6
DT7 3BX,9
DT7 3BY,9
DT7 3BZ,9
DT7 3DA,9
DT7 3DB,9
DT7 3DD,6
DT7 3DE,6
DT7 3DF,9
DT7 3DG,9
DT7 3DH,9
DT7 3DJ,6
DT7 3DL,6
DT7 3DN,6
DT7 3DP,6
DT7 3DQ,6
DT7 3DR,6
DT7 3DS,6
DT7 3DT,6
DT7 3DU,6
DT7 3DW,6
DT7 3DX,6
DT7 3DY,6
DT7 3DZ,6
DT7 3EA,6
DT7 3EB,6
DT7 3ED,6
DT7 3EE,6
DT7 3EF,6
DT7 3EG,8
DT7 3EH,9
DT7 3EJ,9
DT7 3EL,9
DT7 3EN,9
DT7 3EP,9
DT7 3EQ,9
DT7 3ER,9
DT7 3ES,9
DT7 3ET,9
DT7 3EU,9
DT7 3EW,9
DT7 3EX,9
DT7 3EY,9
DT7 3EZ,9
DT7 3FA,6
DT7 3FB,6
DT7 3FD,6
DT7 3FE,6
DT7 3FG,6
DT7 3GE,9
DT7 3GF,9
DT7 3HA,9
DT7 3HB,6
DT7 3HD,6
DT7 3HE,6
DT7 3HF,6
DT7 3HG,6
DT7 3HH,6
DT7 3HJ,6
DT7 3HL,9
DT7 3HN,6
DT7 3HP,6
DT7 3HQ,6
DT7 3HR,9
DT7 3HS,9
DT7 3HT,9
DT7 3HU,9
DT7 3HW,6
DT7 3HX,9
DT7 3HY,9
DT7 3HZ,9
DT7 3JA,9
DT7 3JB,9
DT7 3JD,9
DT7 3JE,9
DT7 3JF,9
DT7 3JG,9
DT7 3JH,9
DT7 3JJ,9
DT7 3JL,9
DT7 3JN,9
DT7 3JP,9
DT7 3JQ,9
DT7 3JR,9
DT7 3JS,9
DT7 3JT,9
DT7 3JU,9
DT7 3JW,9
DT7 3JX,9
DT7 3JY,9
DT7 3JZ,9
DT7 3LA,9
DT7 3LB,9
DT7 3LD,9
DT7 3LE,9
DT7 3LF,9
DT7 3LG,9
DT7 3LH,9
DT7 3LJ,9
DT7 3LL,9
DT7 3LN,9
DT7 3LP,9
DT7 3LQ,9
DT7 3LR,9
DT7 3LS,9
DT7 3LT,9
DT7 3LU,9
DT7 3LW,9
DT7 3LX,9
DT7 3LY,9
DT7 3LZ,9
DT7 3NA,9
DT7 3NB,9
DT7 3ND,9
DT7 3NE,9
DT7 3NF,8
DT7 3NG,9
DT7 3NH,9
DT7 3NJ,9
DT7 3NL,9
DT7 3NN,9
DT7 3NP,9
DT7 3NQ,9
DT7 3NR,9
DT7 3NS,9
DT7 3NT,9
DT7 3NU,9
DT7 3NW,9
DT7 3NX,9
DT7 3NY,9
DT7 3NZ,9
DT7 3PA,9
DT7 3PB,9
DT7 3PD,9
DT7 3PE,9
DT7 3PF,9
DT7 3PG,6
DT7 3PH,6
DT7 3PJ,6
DT7 3PL,6
DT7 3PN,6
DT7 3PP,6
DT7 3PQ,9
DT7 3PR,9
DT7 3PS,9
DT7 3PT,6
DT7 3PU,9
DT7 3PW,6
DT7 3PX,9
DT7 3PY,9
DT7 3PZ,9
DT7 3QA,9
DT7 3QB,9
DT7 3QD,9
DT7 3QE,9
DT7 3QF,9
DT7 3QG,9
DT7 3QH,9
DT7 3QJ,9
DT7 3QL,9
DT7 3QN,9
DT7 3QP,9
DT7 3QQ,9
DT7 3QR,9
DT7 3QS,9
DT7 3QT,6
DT7 3QU,6
DT7 3QW,9
DT7 3QX,6
DT7 3QY,6
DT7 3RA,8
DT7 3RB,8
DT7 3RD,8
DT7 3RE,8
DT7 3RF,8
DT7 3RG,8
DT7 3RH,8
DT7 3RJ,8
DT7 3RL,8
DT7 3RN,8
DT7 3RP,8
DT7 3RQ,8
DT7 3RR,8
DT7 3RS,8
DT7 3RT,9
DT7 3RW,8
DT7 3SA,8
DT7 3SB,8
DT7 3SD,8
DT7 3SE,8
DT7 3SF,8
DT7 3SG,8
DT7 3SH,8
DT7 3SJ,8
DT7 3SL,8
DT7 3SN,8
DT7 3SP,8
DT7 3SQ,8
DT7 3SR,8
DT7 3SS,8
DT7 3ST,8
DT7 3SU,8
DT7 3SW,8
DT7 3SX,8
DT7 3SY,8
DT7 3TB,8
DT7 3TD,8
DT7 3TE,8
DT7 3TF,8
DT7 3TG,8
DT7 3TH,8
DT7 3TJ,8
DT7 3TL,8
DT7 3TN,8
DT7 3TP,8
DT7 3TQ,8
DT7 3TR,8
DT7 3TS,8
DT7 3TT,8
DT7 3TU,8
DT7 3TW,8
DT7 3TX,8
DT7 3TY,8
DT7 3TZ,8
DT7 3UA,8
DT7 3UB,6
DT7 3UD,9
DT7 3UE,6
DT7 3UF,8
DT7 3UG,8
DT7 3UH,8
DT7 3UJ,8
DT7 3UP,8
DT7 3UQ,8
DT7 3UR,8
DT7 3UT,8
DT7 3UU,8
DT7 3UX,8
DT7 3UY,8
DT7 3UZ,8
DT7 3WA,8
DT7 3WB,8
DT7 3WD,8
DT7 3WE,9
DT7 3WF,9
DT7 3WG,8
DT7 3WH,9
DT7 3WJ,9
DT7 3WN,5
DT7 3WP,9
DT7 3WQ,9
DT7 3WR,9
DT7 3WS,9
DT7 3WT,9
DT7 3WU,9
DT7 3WW,9
DT7 3WX,9
DT7 3WY,8
DT7 3WZ,8
DT7 3XA,8
DT7 3XB,8
DT7 3XD,8
DT7 3XE,8
DT7 3XF,8
DT7 3XG,8
DT7 3XH,8
DT7 3XJ,8
DT7 3XL,8
DT7 3XN,8
DT7 3XP,8
DT7 3XQ,8
DT7 3XR,8
DT7 3XS,8
DT7 3XT,8
DT7 3XU,8
DT7 3XW,8
DT7 3XX,8
DT7 3XY,8
DT7 3XZ,8
DT7 3YA,8
DT7 3YB,8
DT7 3YD,8
DT7 3YE,9
DT7 3YF,8
DT7 3YG,8
DT7 3YH,9
DT7 3YJ,9
DT7 3YL,8
DT7 3YN,9
DT7 3YQ,9
DT7 3YR,9
DT7 3YS,9
DT7 3YT,9
DT7 3YU,9
DT7 3YW,9
DT7 3YX,9
DT7 3YY,9
DT7 3ZJ,5
DT7 3ZN,9
DT7 3ZQ,9
DT7 3ZR,9
DT7 3ZU,9
DT7 3ZX,9
DT8 3AA,8
DT8 3AB,8
DT8 3AD,8
DT4 9UD,6
DT4 9UE,4
DT4 9UF,7
DT4 9UG,7
DT4 9UH,7
DT4 9UJ,7
DT4 9UL,7
DT4 9UN,7
DT4 9UP,7
DT4 9UQ,7
DT4 9UR,7
DT4 9US,6
DT4 9UT,8
DT4 9UU,8
DT4 9UW,7
DT4 9UX,8
DT4 9UY,8
DT4 9UZ,6
DT4 9WA,6
DT4 9WB,1
DT4 9WD,1
DT4 9WN,8
DT4 9WW,8
DT4 9XA,6
DT4 9XB,6
DT4 9XD,6
DT4 9XE,2
DT4 9XF,2
DT4 9XG,2
DT4 9XH,4
DT4 9XJ,8
DT4 9XL,2
DT4 9XN,5
DT4 9XP,5
DT4 9XQ,8
DT4 9XR,5
DT4 9XS,5
DT4 9XT,5
DT4 9XU,4
DT4 9XW,4
DT4 9XX,9
DT4 9XY,8
DT4 9XZ,8
DT4 9YA,8
DT4 9YB,5
DT4 9YD,1
DT4 9YE,1
DT4 9YF,1
DT4 9YG,1
DT4 9YH,1
DT4 9YJ,1
DT4 9YL,1
DT4 9YN,8
DT4 9YP,1
DT4 9YQ,1
DT4 9YR,1
DT4 9YS,1
DT4 9YT,1
DT4 9YU,5
DT4 9YW,1
DT4 9YX,8
DT4 9YY,1
DT4 9YZ,1
DT4 9ZA,1
DT4 9ZJ,1
DT4 9ZN,1
DT4 9ZP,1
DT4 9ZQ,1
DT4 9ZR,1
DT4 9ZX,1
DT5 1AA,2
DT5 1AB,2
DT5 1AD,2
DT5 1AE,2
DT5 1AF,2
DT5 1AG,2
DT5 1AH,2
DT5 1AJ,2
DT5 1AL,2
DT5 1AN,2
DT5 1AP,2
DT5 1AQ,2
DT5 1AR,2
DT5 1AS,2
DT5 1AT,2
DT5 1AU,2
DT5 1AW,2
DT5 1AX,1
DT5 1AY,2
DT5 1AZ,2
DT5 1BA,1
DT5 1BB,2
DT5 1BD,1
DT5 1BE,1
DT5 1BG,1
DT5 1BH,5
DT5 1BJ,2
DT5 1BL,2
DT5 1BN,2
DT5 1BP,4
DT5 1BQ,1
DT5 1BS,5
DT5 1BT,5
DT5 1BU,5
DT5 1BW,4
DT5 1BX,5
DT5 1BY,5
DT5 1BZ,4
DT5 1DA,4
DT5 1DB,4
DT5 1DD,4
DT5 1DE,4
DT5 1DF,4
DT5 1DG,4
DT5 1DH,4
DT5 1DJ,4
DT5 1DL,4
DT5 1DN,4
DT5 1DP,4
DT5 1DQ,4
DT5 1DR,4
DT5 1DS,4
DT5 1DT,1
DT5 1DU,4
DT5 1DW,4
DT5 1DX,2
DT5 1DY,4
DT5 1DZ,4
DT5 1EA,2
DT5 1EB,5
DT5 1ED,4
DT5 1EE,4
DT5 1EF,1
DT5 1EG,1
DT5 1EH,1
DT5 1EJ,1
DT5 1EL,1
DT5 1EN,1
DT5 1EP,1
DT5 1EQ,2
DT5 1ER,1
DT5 1ES,1
DT5 1ET,1
DT5 1EU,1
DT5 1EW,1
DT5 1EX,1
DT5 1EY,1
DT5 1EZ,1
DT5 1FA,2
DT5 1FB,1
DT5 1FD,2
DT5 1FE,2
DT5 1FG,2
DT5 1FH,2
DT5 1FJ,5
DT5 1FL,5
DT5 1FN,2
DT5 1FP,1
DT5 1FR,4
DT5 1FT,2
DT5 1FU,2
DT5 1FW,1
DT5 1FX,2
DT5 1GH,5
DT5 1HA,1
DT5 1HB,1
DT5 1HD,1
DT5 1HE,1
DT5 1HF,5
DT5 1HG,5
DT5 1HH,5
DT5 1HJ,5
DT5 1HL,5
DT5 1HN,5
DT5 1HP,5
DT5 1HQ,5
DT5 1HR,5
DT5 1HS,5
DT5 1HT,5
DT5 1HU,5
DT5 1HW,5
DT5 1HX,5
DT5 1HY,4
DT5 1HZ,5
DT5 1JA,5
DT5 1JB,5
DT5 1JD,4
DT5 1JE,1
DT5 1JF,1
DT5 1JG,2
DT5 1JH,2
DT5 1JJ,2
DT5 1JL,2
DT5 1JN,2
DT5 1JP,2
DT5 1JQ,2
DT5 1JR,2
DT5 1JS,2
DT5 1JT,4
DT5 1JU,2
DT5 1JW,2
DT5 1JX,2
DT5 1JY,2
DT5 1JZ,2
DT5 1LA,2
DT5 1LB,2
DT5 1LD,2
DT5 1LE,2
DT5 1LF,2
DT5 1LG,2
DT5 1LH,2
DT5 1LJ,2
DT5 1LL,2
DT5 1LN,2
DT5 1LP,2
DT5 1LQ,4
DT5 1LR,1
DT5 1LS,1
DT5 1LT,2
DT5 1LU,2
DT5 1LW,2
DT5 1LX,1
DT5 1LY,1
DT5 1LZ,2
DT5 1NA,2
DT5 1NB,2
DT5 1ND,2
DT5 1NE,2
DT5 1NF,2
DT5 1NG,2
DT5 1NH,2
DT5 1NJ,2
DT5 1NL,2
DT5 1NN,2
DT5 1NP,1
DT5 1NQ,2
DT5 1NR,4
DT5 1NW,1
DT5 1PA,2
DT5 1PB,1
DT5 1PD,2
DT5 1PE,1
DT5 1PH,4
DT5 1PP,1
DT5 1PY,2
DT5 1PZ,2
DT5 1RA,2
DT5 1SA,2
DT5 1SR,2
DT5 1WA,2
DT5 1XN,3
DT5 1XZ,2
DT5 1YA,3
DT5 1YB,1
DT5 1YD,1
DT5 1YE,3
DT5 1YF,4
DT5 1YG,1
DT5 1YH,3
DT5 1YJ,4
DT5 1YL,1
DT5 1YN,1
DT5 1YP,4
DT5 1YQ,4
DT5 1YR,3
DT5 1YS,4
DT5 1YT,3
DT5 1YU,4
DT5 1YW,4
DT5 1ZN,3
DT5 1ZX,3
DT5 2AA,4
DT5 2AB,5
DT5 2AD,5
DT5 2AE,4
DT5 2AF,3
DT5 2AG,3
DT5 2AH,3
DT5 2AJ,4
DT5 2AL,4
DT5 2AN,4
DT5 2AP,5
DT5 2AQ,3
DT5 2AR,5
DT5 2AS,4
DT5 2AT,5
DT5 2AU,5
DT5 2AW,5
DT5 2AX,5
DT5 2AY,5
DT5 2AZ,5
DT5 2BA,5
DT5 2BB,5
DT5 2BD,5
DT5 2BE,5
DT5 2BG,5
DT5 2BH,5
DT5 2BJ,5
DT5 2BL,5
DT5 2BN,5
DT5 2BP,3
DT5 2BQ,5
DT5 2BS,3
DT5 2BT,5
DT5 2BU,5
DT5 2BW,7
DT5 2BX,5
DT5 2BY,5
DT5 2BZ,5
DT5 2DA,5
DT5 2DB,5
DT5 2DD,5
DT5 2DE,5
DT5 2DF,7
DT5 2DG,5
DT5 2DH,7
DT5 2DJ,7
DT5 2DL,7
DT5 2DN,7
DT5 2DP,7
DT5 2DQ,7
DT5 2DR,7
DT5 2DS,7
DT5 2DT,7
DT5 2DU,7
DT5 2DW,7
DT5 2DX,7
DT5 2DY,7
DT5 2DZ,7
DT5 2EA,7
DT5 2EB,7
DT5 2ED,7
DT5 2EE,7
DT5 2EF,7
DT5 2EG,7
DT5 2EH,7
DT5 2EJ,7
DT5 2EL,7
DT5 2EN,4
DT5 2EP,3
DT5 2EQ,7
DT5 2ER,7
DT5 2ES,7
DT5 2ET,7
DT5 2EU,7
DT5 2EW,7
DT5 2EX,5
DT5 2EY,3
DT5 2EZ,3
DT5 2FA,5
DT5 2FB,7
DT5 2FD,7
DT5 2HA,5
DT5 2HB,3
DT5 2HD,3
DT5 2HE,3
DT5 2HF,3
DT5 2HG,3
DT5 2HH,3
DT5 2HJ,3
DT5 2HL,3
DT5 2HN,5
DT5 2HP,3
DT5 2HQ,3
DT5 2HR,3
DT5 2HS,3
DT5 2HT,3
DT5 2HU,3
DT5 2HW,3
DT5 2HX,3
DT5 2HY,3
DT5 2HZ,3
DT5 2JA,3
DT5 2JB,3
DT5 2JD,3
DT5 2JE,3
DT5 2JF,3
DT5 2JG,5
DT5 2JH,5
DT5 2JJ,7
DT5 2JL,7
DT5 2JN,2
DT5 2JP,3
DT5 2JQ,5
DT5 2JR,3
DT5 2JS,7
DT5 2JT,7
DT5 2JU,4
DT5 2JW,7
DT5 2JX,7
DT5 2JZ,5
DT5 2LA,5
DT5 2LB,5
DT5 2LD,5
DT5 2LE,5
DT5 2LF,5
DT5 2LG,5
DT5 2LH,5
DT5 2LJ,5
DT5 2LL,5
DT5 2LN,3
DT5 2LQ,5
DT5 2LT,5
DT5 2LU,7
DT5 2LW,3
DT5 2LX,7
DT5 2LY,7
DT5 2LZ,7
DT5 2NA,7
DT5 2NB,7
DT5 2ND,7
DT5 2NE,7
DT5 2NH,7
DT5 2NJ,7
DT5 2NL,7
DT5 2NN,7
DT5 2NP,7
DT5 2NQ,7
DT5 2NR,7
DT5 2NS,7
DT5 2NT,7
DT5 2RS,5
DT5 2WZ,3
DT5 2XN,3
DT5 2XQ,3
DT5 2XX,3
DT5 2XZ,3
DT5 2YA,7
DT5 2YB,3
DT5 2YD,7
DT5 2YE,7
DT5 2YF,7
DT5 2YG,5
DT5 2YH,7
DT5 2YJ,5
DT5 2YL,3
DT5 2YN,5
DT5 2YP,5
DT5 2YQ,3
DT5 2YR,3
DT5 2YS,3
DT5 2YT,3
DT5 2YU,3
DT5 2YW,3
DT5 2YX,3
DT5 2YY,3
DT5 2ZN,3
DT5 9AA,3
DT5 9AB,3
DT5 9AD,3
DT5 9AE,3
DT5 9AF,3
DT5 9AG,3
DT5 9AH,3
DT5 9AJ,3
DT5 9AL,3
DT5 9AN,3
DT5 9AP,3
DT5 9AQ,3
DT5 9AR,3
DT5 9AS,3
DT6 3AA,5
DT6 3AB,5
DT6 3AD,5
DT6 3AE,5
DT6 3AF,5
DT6 3AG,5
DT6 3AH,5
DT6 3AJ,5
DT6 3AL,5
DT6 3AN,5
DT6 3AP,8
DT6 3AQ,5
DT6 3AR,8
DT6 3AS,5
DT6 3AT,8
DT6 3AU,8
DT6 3AW,8
DT6 3AX,8
DT6 3AY,8
DT6 3AZ,8
DT6 3BA,8
DT6 3BB,5
DT6 3BD,8
DT6 3BE,5
DT6 3BG,5
DT6 3BH,5
DT6 3BJ,8
DT6 3BL,8
DT6 3BN,8
DT6 3BP,8
DT6 3BQ,8
DT6 3BS,8
DT6 3BT,8
DT6 3BU,8
DT6 3BW,8
DT6 3BX,5
DT6 3BY,8
DT6 3BZ,8
DT6 3DA,8
DT6 3DB,8
DT6 3DD,8
DT6 3DE,8
DT6 3DF,8
DT6 3DG,8
DT6 3DH,8
DT6 3DJ,8
DT6 3DL,8
DT6 3DN,8
DT6 3DP,8
DT6 3DQ,8
DT6 3DR,8
DT6 3DS,8
DT6 3DT,7
DT6 3DU,8
DT6 3DW,8
DT6 3DX,8
DT6 3DY,7
DT6 3DZ,7
DT6 3EA,7
DT6 3EB,7
DT6 3ED,7
DT6 3EE,8
DT6 3EF,7
DT6 3EG,7
DT6 3EH,7
DT6 3EJ,7
DT6 3EL,7
DT6 3EN,7
DT6 3EP,7
DT6 3EQ,7
DT6 3ER,7
DT6 3ES,7
DT6 3ET,7
DT6 3EU,7
DT6 3EW,7
DT6 3EX,8
DT6 3EY,5
DT6 3EZ,7
DT6 3FA,7
DT6 3FB,7
DT6 3FD,7
DT6 3FE,7
DT6 3FF,5
DT6 3FG,5
DT6 3FH,7
DT6 3FJ,5
DT6 3FL,3
DT6 3FN,3
DT6 3FP,3
DT6 3FQ,5
DT6 3FR,3
DT6 3FS,3
DT6 3FT,5
DT6 3FU,5
DT6 3FW,7
DT6 3FX,5
DT6 3GY,5
DT6 3HA,5
DT6 3HB,5
DT6 3HD,7
DT6 3HE,8
DT6 3HF,8
DT6 3HG,8
DT6 3HH,8
DT6 3HJ,8
DT6 3HL,8
DT6 3HN,7
DT6 3HP,7
DT6 3HQ,8
DT6 3HR,8
DT6 3HS,7
DT6 3HT,7
DT6 3HU,7
DT6 3HW,7
DT6 3HX,7
DT6 3HY,7
DT6 3HZ,7
DT6 3JA,7
DT6 3JB,7
DT6 3JD,7
DT6 3JE,7
DT6 3JF,7
DT6 3JG,7
DT6 3JH,5
DT6 3JJ,5
DT6 3JL,5
DT6 3JN,5
DT6 3JP,5
DT6 3JQ,5
DT6 3JR,5
DT6 3JS,5
DT6 3JT,5
DT6 3JU,5
DT6 3JW,5
DT6 3JX,5
DT6 3JY,3
DT6 3JZ,5
DT6 3LA,5
DT6 3LB,5
DT6 3LD,5
DT6 3LE,5
DT6 3LF,5
DT6 3LG,5
DT6 3LH,5
DT6 3LJ,5
DT6 3LL,5
DT6 3LN,5
DT6 3LP,5
DT6 3LQ,5
DT6 3LR,5
DT6 3LS,5
DT6 3LT,5
DT6 3LU,5
DT6 3LW,5
DT6 3LX,5
DT6 3LY,5
DT6 3LZ,5
DT6 3NA,5
DT6 3NB,5
DT6 3ND,5
DT6 3NE,5
DT6 3NF,5
DT6 3NG,5
DT6 3NH,3
DT6 3NJ,5
DT6 3NL,5
DT6 3NN,5
DT6 3NP,3
DT6 3NQ,5
DT6 3NR,5
DT6 3NS,5
DT6 3NT,5
DT6 3NU,5
DT6 3NW,3
DT6 3NX,5
DT6 3NY,3
DT6 3NZ,3
DT6 3PA,3
DT6 3PB,3
DT6 3PD,3
DT6 3PE,5
DT6 3PF,5
DT6 3PG,3
DT6 3PH,3
DT6 3PJ,3
DT6 3PL,3
DT6 3PN,3
DT6 3PP,5
DT6 3PQ,3
DT6 3PR,5
DT6 3PS,3
DT6 3PT,5
DT6 3PU,5
DT6 3PW,3
DT6 3PX,5
DT6 3PY,5
DT6 3PZ,5
DT6 3QA,5
DT6 3QB,5
DT6 3QD,5
DT6 3QE,5
DT6 3QF,3
DT6 3QG,8
DT6 3QH,3
DT6 3QJ,5
DT6 3QL,5
DT6 3QN,5
DT6 3QP,5
DT6 3QQ,8
DT6 3QR,5
DT6 3QS,5
DT6 3QT,5
DT6 3QU,5
DT6 3QW,5
DT6 3QX,5
DT6 3QY,5
DT6 3QZ,5
DT6 3RA,5
DT6 3RB,5
DT6 3RD,5
DT6 3RE,5
DT6 3RF,5
DT6 3RG,3
DT6 3RH,5
DT6 3RJ,5
DT6 3RL,5
DT6 3RN,3
DT6 3RP,3
DT6 3RQ,5
DT6 3RR,5
DT6 3RS,5
DT6 3RT,3
DT6 3RU,6
DT6 3RW,3
DT6 3RX,6
DT6 3RY,6
DT6 3RZ,6
DT6 3SA,6
DT6 3SB,6
DT6 3SD,6
DT6 3SE,6
DT6 3SF,7
DT6 3SG,5
DT6 3SH,6
DT6 3SJ,6
DT6 3SL,6
DT6 3SN,6
DT6 3SP,6
DT6 3SQ,6
DT6 3SR,6
DT6 3SS,6
DT6 3ST,6
DT6 3SU,6
DT6 3SW,6
DT6 3SX,6
DT6 3SY,6
DT6 3SZ,6
DT6 3TA,6
DT6 3TB,6
DT6 3TD,6
DT6 3TE,6
DT6 3TF,6
DT6 3TG,6
DT6 3TH,6
DT6 3TJ,6
DT6 3TL,6
DT6 3TN,6
DT6 3TP,5
DT6 3TQ,6
DT6 3TR,8
DT6 3TS,7
DT6 3TT,5
DT6 3TU,5
DT6 3TW,5
DT6 3TX,5
DT6 3TY,8
DT6 3TZ,5
DT6 3UA,5
DT6 3UB,5
DT6 3UD,5
DT6 3UE,5
DT6 3UF,5
DT6 3UG,5
DT6 3UH,5
DT6 3UJ,6
DT6 3UL,5
DT6 3UN,5
DT6 3UP,5
DT6 3UQ,5
DT6 3UR,7
DT6 3US,5
DT6 3UT,5
DT6 3UU,5
DT6 3UW,5
DT6 3UX,7
DT6 3UY,7
DT6 3UZ,5
DT6 3WB,5
DT6 3WH,5
DT6 3WJ,5
DT6 3WS,5
DT6 3XA,5
DT6 3XB,3
DT6 3XD,5
DT6 3XE,8
DT6 3XF,8
DT6 3XG,6
DT6 3XH,5
DT6 3XJ,7
DT6 3XL,7
DT6 3XN,7
DT6 3XP,8
DT6 3XQ,6
DT6 3XR,8
DT6 3XS,5
DT6 3XT,5
DT6 3XU,8
DT6 3XW,7
DT6 3XX,8
DT6 3XY,8
DT6 3XZ,8
DT6 3YA,8
DT6 3YB,8
DT6 3YD,5
DT6 3YE,5
DT6 3YF,5
DT6 3YG,8
DT6 3YH,5
DT6 3YJ,8
DT6 3YL,5
DT6 3YN,5
DT6 3YP,5
DT6 3YQ,8
DT6 3YR,8
DT6 3YS,5
DT6 3YT,8
DT6 3YU,5
DT6 3YW,8
DT6 3YX,8
DT6 3YY,5
DT6 3YZ,5
DT6 3ZQ,5
DT6 3ZR,5
DT6 3ZS,5
DT6 3ZX,5
DT6 4AA,5
DT6 4AB,6
DT6 4AD,5
DT6 4AE,6
DT6 4AF,5
DT6 4AG,5
DT6 4AH,7
DT6 4AJ,7
DT6 4AL,7
DT6 4AN,7
DT6 4AP,7
DT6 4AQ,7
DT6 4AR,7
DT6 4AS,7
DT6 4AT,7
DT6 4AU,7
DT6 4AW,7
DT6 4AX,8
DT6 4AY,8
DT6 4AZ,8
DT6 4BA,8
DT6 4BB,8
DT6 4BD,8
DT6 4BE,8
DT6 4BG,8
DT6 4BH,8
DT6 4BJ,8
DT6 4BL,8
DT6 4BN,8
DT6 4BP,8
DT6 4BQ,8
DT6 4BS,8
DT6 4BT,8
DT6 4BU,8
DT6 4BW,8
DT6 4BX,8
DT6 4BY,8
DT6 4BZ,7
DT6 4DA,5
DT6 4DB,6
DT6 4DD,6
DT6 4DE,5
DT6 4DF,5
DT6 4DG,8
DT6 4DH,8
DT6 4DJ,5
DT6 4DL,5
DT6 4DN,8
DT6 4DP,8
DT6 4DQ,8
DT6 4DR,8
DT6 4DS,8
DT6 4DT,8
DT6 4DU,5
DT6 4DW,8
DT6 4DX,8
DT6 4DY,8
DT6 4DZ,8
DT6 4EA,8
DT6 4EB,8
DT6 4ED,8
DT6 4EE,5
DT6 4EF,7
DT6 4EG,8
DT6 4EH,8
DT6 4EJ,8
DT6 4EL,8
DT6 4EN,8
DT6 4EP,8
DT6 4EQ,8
DT6 4ER,8
DT6 4ES,7
DT6 4ET,7
DT6 4EU,8
DT6 4EW,8
DT6 4EX,8
DT6 4EY,8
DT6 4EZ,8
DT6 4FA,5
DT6 4FB,7
DT6 4FD,7
DT6 4GA,8
DT6 4GB,8
DT6 4GD,8
DT6 4GG,7
DT6 4GX,8
DT6 4GY,8
DT6 4GZ,8
DT6 4HA,8
DT6 4HB,8
DT6 4HD,8
DT6 4HE,8
DT6 4HF,8
DT6 4HG,8
DT6 4HH,6
DT6 4HJ,6
DT6 4HL,6
DT6 4HN,6
DT6 4HP,6
DT6 4HQ,8
DT6 4HR,6
DT6 4HS,6
DT6 4HT,6
DT6 4HU,6
DT6 4HW,6
DT6 4HX,6
DT6 4HY,6
DT6 4HZ,5
DT6 4JA,3
DT6 4JB,8
DT6 4JD,8
DT6 4JE,8
DT6 4JF,8
DT6 4JG,8
DT6 4JH,8
DT6 4JJ,8
DT6 4JL,8
DT6 4JN,8
DT6 4JP,8
DT6 4JQ,8
DT6 4JR,8
DT6 4JS,8
DT6 4JT,8
DT6 4JU,8
DT6 4JW,8
DT6 4JX,8
DT6 4JY,8
DT6 4JZ,7
DT6 4LA,6
DT6 4LB,6
DT6 4LD,6
DT6 4LE,6
DT6 4LF,6
DT6 4LG,6
DT6 4LH,7
DT6 4LJ,7
DT6 4LL,7
DT6 4LN,7
DT6 4LP,7
DT6 4LQ,6
DT6 4LR,7
DT6 4LS,7
DT6 4LT,7
DT6 4LU,7
DT6 4LW,7
DT6 4LX,7
DT6 4LY,7
DT6 4LZ,7
DT6 4NA,7
DT6 4NB,7
DT6 4ND,7
DT6 4NE,7
DT6 4NF,7
DT6 4NG,7
DT6 4NH,7
DT6 4NJ,7
DT6 4NL,7
DT6 4NN,6
DT6 4NP,6
DT6 4NQ,7
DT6 4NR,6
DT6 4NS,6
DT6 4NT,6
DT6 4NU,6
DT6 4NW,6
DT6 4NX,5
DT6 4NY,6
DT6 4NZ,6
DT6 4PA,6
DT6 4PB,7
DT6 4PD,6
DT6 4PE,6
DT6 4PF,6
DT6 4PG,6
DT6 4PH,6
DT6 4PJ,6
DT6 4PL,7
DT6 4PN,7
DT6 4PP,7
DT6 4PQ,6
DT6 4PR,6
DT6 4PS,8
DT6 4PT,7
DT6 4PU,7
DT6 4PW,7
DT6 4PX,7
DT6 4PY,7
DT6 4PZ,7
DT6 4QA,7
DT6 4QB,7
DT6 4QD,7
DT6 4QE,7
DT6 4QF,7
DT6 4QG,7
DT8 3AE,8
DT8 3AF,8
DT8 3AG,4
DT8 3AH,4
DT8 3AJ,4
DT8 3AL,8
DT8 3AN,8
DT8 3AP,4
DT8 3AQ,4
DT8 3AR,8
DT8 3AS,8
DT8 3AT,8
DT8 3AU,8
DT8 3AW,8
DT8 3AX,8
DT8 3AY,8
DT8 3AZ,4
DT8 3BA,4
DT8 3BB,4
DT8 3BD,4
DT8 3BE,8
DT8 3BG,4
DT8 3BH,4
DT8 3BJ,8
DT8 3BL,8
DT8 3BN,8
DT8 3BP,8
DT8 3BQ,8
DT8 3BS,8
DT8 3BT,8
DT8 3BU,4
DT8 3BW,8
DT8 3BX,4
DT8 3BY,8
DT8 3BZ,4
DT8 3DA,8
DT8 3DB,4
DT8 3DD,4
DT8 3DE,8
DT8 3DF,8
DT8 3DG,4
DT8 3DH,8
DT8 3DJ,4
DT8 3DL,8
DT8 3DN,8
DT8 3DP,8
DT8 3DQ,4
DT8 3DR,8
DT8 3DS,4
DT8 3DT,4
DT8 3DU,4
DT8 3DW,4
DT8 3DX,4
DT8 3DY,4
DT8 3DZ,4
DT8 3EA,4
DT8 3EB,4
DT8 3ED,4
DT8 3EE,4
DT8 3EF,8
DT8 3EG,4
DT8 3EH,4
DT8 3EJ,4
DT8 3EL,4
DT8 3EN,8
DT8 3EP,8
DT8 3EQ,8
DT8 3ER,8
DT8 3ES,8
DT8 3ET,8
DT8 3EU,4
DT8 3EW,8
DT8 3EX,8
DT8 3EY,4
DT8 3EZ,4
DT8 3FA,5
DT8 3FB,5
DT8 3FD,4
DT8 3FE,8
DT8 3FF,8
DT8 3FG,4
DT8 3FH,4
DT8 3FJ,6
DT8 3FL,6
DT8 3FN,5
DT8 3FP,8
DT8 3HA,6
DT8 3HB,8
DT8 3HD,5
DT8 3HE,6
DT8 3HF,6
DT8 3HG,6
DT8 3HH,6
DT8 3HJ,6
DT8 3HL,6
DT8 3HN,6
DT8 3HP,6
DT8 3HQ,6
DT8 3HR,6
DT8 3HS,6
DT8 3HT,6
DT8 3HU,6
DT8 3HW,6
DT8 3HX,6
DT8 3HY,6
DT8 3HZ,6
DT8 3JA,6
DT8 3JB,6
DT8 3JD,6
DT8 3JE,6
DT8 3JF,6
DT8 3JG,6
DT8 3JH,6
DT8 3JJ,8
DT8 3JL,5
DT8 3JN,5
DT8 3JP,5
DT8 3JQ,6
DT8 3JR,5
DT8 3JS,5
DT8 3JT,5
DT8 3JU,5
DT8 3JW,5
DT8 3JX,5
DT8 3JY,5
DT8 3JZ,5
DT8 3LA,5
DT8 3LB,5
DT8 3LD,5
DT8 3LE,5
DT8 3LF,6
DT8 3LG,5
DT8 3LH,5
DT8 3LJ,5
DT8 3LL,5
DT8 3LN,5
DT8 3LP,6
DT8 3LQ,5
DT8 3LR,8
DT8 3LS,4
DT8 3LT,6
DT8 3LU,4
DT8 3LW,5
DT8 3LX,4
DT8 3LY,6
DT8 3LZ,6
DT8 3NA,5
DT8 3NB,4
DT8 3ND,6
DT8 3NE,4
DT8 3NF,4
DT8 3NG,4
DT8 3NH,4
DT8 3NJ,4
DT8 3NL,4
DT8 3NN,6
DT8 3NP,6
DT8 3NQ,4
DT8 3NR,6
DT8 3NS,6
DT8 3NT,5
DT8 3NU,5
DT8 3NW,6
DT8 3NX,6
DT8 3NY,6
DT8 3NZ,6
DT8 3PA,6
DT8 3PB,6
DT8 3PD,6
DT8 3PE,6
DT8 3PF,6
DT8 3PG,6
DT8 3PH,6
DT8 3PJ,8
DT8 3PL,5
DT8 3PN,4
DT8 3PP,8
DT8 3PQ,6
DT8 3PR,4
DT8 3PS,8
DT8 3PT,5
DT8 3PU,5
DT8 3PW,8
DT8 3PX,5
DT8 3PY,5
DT8 3PZ,5
DT8 3QA,5
DT8 3QB,5
DT8 3QD,5
DT8 3QE,5
DT8 3QF,5
DT8 3QG,5
DT8 3QH,5
DT8 3QJ,5
DT8 3QL,5
DT8 3QN,5
DT8 3QP,5
DT8 3QQ,5
DT8 3QR,5
DT8 3QS,5
DT8 3QT,5
DT8 3QU,5
DT8 3QW,5
DT8 3QX,5
DT8 3QY,5
DT8 3QZ,5
DT8 3RA,5
DT8 3RB,5
DT8 3RD,5
DT8 3RE,5
DT8 3RF,5
DT8 3RG,5
DT8 3RH,5
DT8 3RJ,5
DT8 3RL,5
DT8 3RN,5
DT8 3RP,5
DT8 3RQ,5
DT8 3RR,5
DT8 3RS,5
DT8 3RT,5
DT8 3RU,5
DT8 3RW,5
DT8 3RX,5
DT8 3RY,5
DT8 3RZ,5
DT8 3SA,8
DT8 3SB,8
DT8 3SD,4
DT8 3SE,4
DT8 3SF,6
DT8 3SG,6
DT8 3SH,6
DT8 3SJ,4
DT8 3SL,8
DT8 3SN,8
DT8 3SP,8
DT8 3SQ,5
DT8 3SR,8
DT8 3SS,8
DT8 3ST,5
DT8 3SU,6
DT8 3SW,4
DT8 3SX,6
DT8 3SY,5
DT8 3WA,5
DT8 3XJ,5
DT8 3XZ,5
DT8 3YA,5
DT8 3YB,8
DT8 3YD,8
DT8 3YE,8
DT8 3YF,8
DT8 3YG,8
DT8 3YH,8
DT8 3YJ,5
DT8 3YL,8
DT8 3YN,8
DT8 3YP,5
DT8 3YQ,5
DT8 3YR,8
DT8 3YS,5
DT8 3YT,5
DT8 3YU,5
DT8 3ZB,5
DT9 3AA,9
DT9 3AB,9
DT9 3AD,9
DT9 3AE,9
DT9 3AF,9
DT9 3AG,9
DT9 3AH,7
DT9 3AJ,7
DT9 3AL,9
DT9 3AN,7
DT9 3AP,7
DT9 3AQ,9
DT9 3AR,7
DT9 3AS,6
DT9 3AT,9
DT9 3AU,9
DT9 3AW,9
DT9 3AX,9
DT9 3AY,9
DT9 3AZ,7
DT9 3BA,9
DT9 3BB,9
DT9 3BD,9
DT9 3BE,7
DT9 3BG,9
DT9 3BH,7
DT9 3BJ,6
DT9 3BL,7
DT9 3BN,7
DT9 3BP,7
DT9 3BQ,7
DT9 3BS,9
DT9 3BT,9
DT9 3BU,9
DT9 3BW,7
DT9 3BX,9
DT9 3BY,9
DT9 3BZ,9
DT9 3DA,9
DT9 3DB,9
DT9 3DD,9
DT9 3DE,9
DT9 3DF,6
DT9 3DG,7
DT9 3DH,6
DT9 3DJ,6
DT9 3DL,9
DT9 3DN,9
DT9 3DP,7
DT9 3DQ,9
DT9 3DR,7
DT9 3DS,7
DT9 3DT,7
DT9 3DU,7
DT9 3DW,9
DT9 3DX,7
DT9 3DY,7
DT9 3DZ,7
DT9 3EA,7
DT9 3EB,7
DT9 3ED,9
DT9 3EE,7
DT9 3EF,9
DT9 3EG,9
DT9 3EH,7
DT9 3EJ,7
DT9 3EL,7
DT9 3EN,7
DT9 3EP,7
DT9 3EQ,9
DT9 3ER,7
DT9 3ES,6
DT9 3ET,7
DT9 3EU,7
DT9 3EW,7
DT9 3EX,7
DT9 3EY,7
DT9 3EZ,7
DT9 3FA,9
DT9 3FD,7
DT9 3FE,9
DT9 3GA,9
DT9 3HA,7
DT9 3HB,9
DT9 3HD,7
DT9 3HE,7
DT9 3HF,7
DT9 3HG,9
DT9 3HH,7
DT9 3HJ,9
DT9 3HL,7
DT9 3HN,7
DT9 3HP,7
DT9 3HQ,9
DT9 3HR,9
DT9 3HS,7
DT9 3HW,9
DT9 3HX,7
DT9 3HY,7
DT9 3HZ,7
DT9 3JA,7
DT9 3JB,7
DT9 3JD,9
DT9 3JE,6
DT9 3JF,7
DT9 3JG,9
DT9 3JH,6
DT9 3JJ,9
DT9 3JL,9
DT9 3JN,9
DT9 3JP,9
DT9 3JQ,9
DT9 3JR,9
DT9 3JS,9
DT9 3JT,9
DT9 3JU,9
DT9 3JW,9
DT9 3JX,9
DT9 3JY,7
DT9 3LB,7
DT9 3LD,7
DT9 3LE,6
DT9 3LF,9
DT9 3LG,7
DT9 3LH,7
DT9 3LJ,7
DT9 3LL,7
DT9 3LN,7
DT9 3LP,7
DT9 3LQ,7
DT9 3LR,7
DT9 3LS,9
DT9 3LT,9
DT9 3LU,7
DT9 3LW,7
DT9 3LX,7
DT9 3LY,7
DT9 3LZ,7
DT9 3NA,9
DT9 3NB,7
DT9 3ND,9
DT9 3NE,9
DT9 3NF,7
DT9 3NG,7
DT9 3NH,7
DT9 3NJ,9
DT9 3NL,7
DT9 3NN,7
DT9 3NP,7
DT9 3NQ,7
DT9 3NR,7
DT9 3NS,7
DT9 3NT,7
DT9 3NU,7
DT9 3NW,7
DT9 3NX,9
DT9 3NY,7
DT9 3NZ,9
DT9 3PA,9
DT9 3PB,7
DT9 3PD,7
DT9 3PE,7
DT9 3PF,7
DT9 3PG,7
DT9 3PH,9
DT9 3PJ,6
DT9 3PL,9
DT9 3PN,6
DT9 3PP,7
DT9 3PQ,9
DT9 3PR,7
DT9 3PS,7
DT9 3PT,9
DT9 3PU,9
DT9 3PW,9
DT9 3PX,7
DT9 3PY,9
DT9 3PZ,9
DT9 3QA,7
DT9 3QB,7
DT9 3QD,7
DT9 3QE,9
DT9 3QF,7
DT9 3QG,7
DT9 3QH,6
DT9 3QJ,9
DT9 3QL,9
DT9 3QN,9
DT9 3QP,9
DT9 3QQ,9
DT9 3QR,9
DT9 3QS,9
DT9 3QT,9
DT9 3QU,9
DT9 3QW,7
DT9 3QX,9
DT9 3QY,7
DT9 3QZ,7
DT9 3RA,9
DT9 3RB,7
DT9 3RD,7
DT9 3RE,7
DT9 3RF,7
DT9 3RG,9
DT9 3RH,7
DT9 3RL,7
DT9 3RP,7
DT9 3RQ,6
DT9 3RR,7
DT9 3RS,7
DT9 3RT,7
DT9 3RU,7
DT9 3RW,7
DT9 3RX,7
DT9 3RY,7
DT9 3RZ,7
DT9 3SA,7
DT9 3SB,7
DT9 3SD,7
DT9 3SE,7
DT9 3SF,7
DT9 3SG,7
DT9 3SH,7
DT9 3SJ,7
DT9 3SL,7
DT9 3SN,7
DT9 3SP,7
DT9 3SQ,7
DT9 3SS,7
DT9 3SW,9
DT9 3TA,7
DT9 3TB,7
DT9 3TD,9
DT9 3WA,9
DT9 3WB,9
DT9 3XJ,9
DT9 3XN,9
DT9 3XQ,9
DT9 3XR,9
DT9 3YA,9
DT9 3YB,9
DT9 3YD,9
DT9 3YE,9
DT9 3YF,9
DT9 3YG,7
DT9 3YH,9
DT9 3YJ,9
DT9 3YN,7
DT9 3YP,7
DT9 3YQ,7
DT9 3YR,7
DT9 3YS,9
DT9 3YT,9
DT9 3YU,9
DT9 3YW,7
DT9 3YX,9
DT9 3YY,9
DT9 3ZW,9
DT9 3ZX,9
DT9 4AA,6
DT9 4AB,4
DT9 4AD,7
DT9 4AE,7
DT9 4AF,9
DT9 4AG,9
DT9 4AH,9
DT9 4AJ,4
DT9 4AL,4
DT9 4AN,4
DT9 4AP,7
DT9 4AQ,4
DT9 4AR,7
DT9 4AS,7
DT9 4AT,7
DT9 4AU,9
DT9 4AW,4
DT9 4AX,4
DT9 4AY,6
DT9 4AZ,6
DT9 4BA,9
DT9 4BB,9
DT9 4BD,9
DT9 4BE,9
DT9 4BG,9
DT9 4BH,6
DT9 4BJ,9
DT9 4BL,9
DT9 4BN,9
DT9 4BP,6
DT9 4BQ,9
DT9 4BS,9
DT9 4BT,9
DT9 4BU,9
DT9 4BW,6
DT9 4BX,9
DT9 4BY,9
DT9 4BZ,9
DT9 4DA,9
DT9 4DB,9
DT9 4DD,9
DT9 4DE,9
DT9 4DF,9
DT9 4DG,6
DT9 4DH,9
DT9 4DJ,6
DT9 4DL,9
DT9 4DN,4
DT9 4DP,4
DT9 4DQ,9
DT9 4DR,4
DT9 4DS,4
DT9 4DT,4
DT9 4DU,4
DT9 4DW,4
DT9 4DX,4
DT9 4DY,4
DT9 4DZ,4
DT9 4EA,7
DT9 4EB,4
DT9 4ED,4
DT9 4EE,6
DT9 4EF,4
DT9 4EG,4
DT9 4EH,4
DT9 4EJ,4
DT9 4EL,7
DT9 4EN,9
DT9 4EP,9
DT9 4EQ,4
DT9 4ER,9
DT9 4ES,7
DT9 4ET,9
DT9 4EU,7
DT9 4EW,7
DT9 4EX,9
DT9 4EY,9
DT9 4EZ,9
DT9 4FA,6
DT9 4FB,9
DT9 4FD,9
DT9 4FE,9
DT9 4FF,9
DT9 4FG,6
DT9 4FH,4
DT9 4FJ,9
DT9 4FL,9
DT9 4FN,9
DT9 4FP,9
DT9 4FQ,6
DT9 4HA,9
DT9 4HB,9
DT9 4HD,9
DT9 4HE,6
DT9 4HF,6
DT9 4HG,9
DT9 4HH,9
DT9 4HJ,9
DT9 4HL,9
DT9 4HN,9
DT9 4HP,9
DT9 4HR,9
DT9 4HS,4
DT9 4HT,4
DT9 4HU,9
DT9 4HW,9
DT9 4HX,9
DT9 4HY,4
DT9 4HZ,4
DT9 4JA,4
DT9 4JB,4
DT9 4JD,9
DT9 4JH,9
DT9 4JJ,9
DT9 4JL,7
DT9 4JN,7
DT9 4JT,7
DT9 4JU,6
DT9 4JW,7
DT9 4JX,6
DT9 4JY,6
DT9 4JZ,6
DT9 4LA,6
DT9 4LB,6
DT9 4LD,6
DT9 4LE,6
DT9 4LF,6
DT9 4LG,6
DT9 4LH,7
DT9 4LJ,9
DT9 4LL,7
DT9 4LN,7
DT9 4LP,7
DT9 4LQ,7
DT9 4LR,7
DT9 4LS,7
DT9 4LT,7
DT9 4LU,7
DT9 4LW,7
DT9 4LX,7
DT9 4LY,6
DT9 4LZ,7
DT9 4NA,6
DT9 4ND,7
DT9 4NF,7
DT9 4NG,9
DT9 4NH,7
DT9 4NJ,7
DT9 4NL,7
DT9 4NN,7
DT9 4NP,7
DT9 4NQ,7
DT9 4NR,7
DT9 4NS,7
DT9 4NT,7
DT9 4NU,7
DT9 4NW,7
DT9 4NX,7
DT9 4NY,7
DT9 4NZ,7
DT9 4PA,7
DT9 4PB,7
DT9 4PD,7
DT9 4PE,7
DT9 4PF,7
DT9 4PG,7
DT9 4PH,7
DT9 4PJ,7
DT9 4PL,7
DT9 4PP,9
DT9 4PQ,7
DT9 4PR,7
DT9 4PS,6
DT9 4PW,9
DT9 4PX,6
DT9 4PY,6
DT9 4PZ,6
DT9 4QA,6
DT9 4QB,6
DT9 4QD,6
DT9 4QE,6
DT9 4QF,6
DT9 4QG,6
DT9 4QH,6
DT9 4QJ,6
DT9 4QL,6
DT9 4QN,6
DT9 4QP,6
DT9 4QQ,6
DT9 4QR,6
DT9 4QS,6
DT9 4QT,6
DT9 4QU,6
DT9 4QW,6
DT9 4QX,6
DT9 4QY,6
DT9 4QZ,6
DT9 4RA,9
DT9 4RB,6
DT9 4RD,6
DT9 4RE,6
DT9 4RF,6
DT9 4RG,6
DT9 4RH,4
DT9 4RJ,6
DT9 4RL,6
DT9 4RN,6
DT9 4RP,6
DT9 4RQ,6
DT9 4RR,6
DT9 4RS,6
DT9 4RT,6
DT9 4RU,6
DT9 4RW,9
DT9 4RX,6
DT9 4RY,6
DT9 4RZ,6
DT9 4SA,6
DT9 4SB,6
DT9 4SD,6
DT9 4SE,6
DT9 4SF,6
DT9 4SG,6
DT9 4SH,6
DT9 4SJ,6
DT9 4SL,6
DT9 4SN,6
DT9 4SP,6
DT9 4SQ,6
DT9 4SR,6
DT9 4SS,6
DT9 4ST,6
DT9 4SU,6
DT9 4SW,6
DT9 4SX,6
DT9 4SY,6
DT9 4SZ,6
DT9 4TA,6
DT9 4TB,9
DT9 4WA,9
DT9 4WB,9
DT9 4WD,9
DT9 4WZ,9
DT9 4XA,9
DT9 4XY,9
DT9 4XZ,9
DT9 4YA,9
DT9 4YB,9
DT9 4YD,9
DT9 4YE,9
DT9 4YF,9
DT9 4YG,4
DT9 4YH,9
DT9 4YJ,4
DT9 4YL,9
DT9 4YN,9
DT9 4YP,9
DT9 4YQ,9
DT9 4YR,9
DT9 4YS,4
DT9 4YT,9
DT9 4YU,9
DT9 4YW,4
DT9 4YX,4
DT9 4YY,9
DT9 4YZ,9
DT9 4ZQ,9
DT9 4ZR,9
DT9 4ZX,9
DT9 5AA,6
DT9 5AB,6
DT9 5AD,8
DT9 5AE,9
DT9 5AF,9
DT9 5AG,8
DT9 5AH,8
DT9 5AJ,9
DT9 5AL,8
DT9 5AN,9
DT9 5AP,9
DT9 5AQ,9
DT9 5AR,9
DT9 5AS,9
DT9 5AT,9
DT9 5AU,8
DT9 5AW,9
DT9 5AX,8
DT9 5AY,8
DT9 5AZ,8
DT9 5BA,8
DT9 5BB,8
DT9 5BD,8
DT9 5BE,8
DT9 5BG,9
DT9 5BH,9
DT9 5BJ,9
DT9 5BL,8
DT9 5BN,8
DT9 5BP,8
DT9 5BQ,9
DT9 5BS,8
DT9 5BT,9
DT9 5BU,9
DT9 5BW,8
DT9 5BX,8
DT9 5BY,9
DT9 5BZ,9
DT9 5DA,9
DT9 5DB,9
DT9 5DD,9
DT9 5DE,9
DT9 5DF,8
DT9 5DG,8
DT9 5DH,8
DT9 5DJ,8
DT9 5DL,8
DT9 5DN,8
DT9 5DP,8
DT9 5DQ,8
DT9 5DR,8
DT9 5DS,8
DT9 5DT,6
DT9 5DU,8
DT9 5DW,8
DT9 5DX,6
DT9 5DY,6
DT9 5DZ,9
DT9 5EA,9
DT9 5EB,9
DT9 5ED,9
DT9 5EE,9
DT9 5EF,9
DT9 5EG,9
DT9 5EH,9
DT9 5EJ,9
DT9 5EL,9
DT9 5EN,8
DT9 5EP,8
DT9 5EQ,9
DT9 5ER,8
DT9 5ES,8
DT9 5ET,9
DT9 5EU,8
DT9 5EW,8
DT9 5EX,8
DT9 5EY,8
DT9 5EZ,8
DT9 5FA,9
DT9 5FB,8
DT9 5FD,9
DT9 5FE,9
DT9 5FF,9
DT9 5FG,6
DT9 5FH,9
DT9 5FP,6
DT9 5FQ,8
DT9 5FR,8
DT9 5FS,8
DT9 5FT,8
DT9 5GA,9
DT9 5GB,9
DT9 5GF,6
DT9 5HA,8
DT9 5HB,9
DT9 5HD,7
DT9 5HE,8
DT9 5HF,9
DT9 5HG,9
DT9 5HH,9
DT9 5HJ,8
DT9 5HL,9
DT9 5HN,9
DT9 5HP,6
DT9 5HQ,9
DT9 5HR,6
DT9 5HS,6
DT9 5HT,6
DT9 5HU,6
DT9 5HW,9
DT9 5HX,6
DT9 5HY,6
DT9 5HZ,6
DT9 5JA,6
DT9 5JB,6
DT9 5JD,6
DT9 5JE,6
DT9 5JF,6
DT9 5JG,6
DT9 5JH,6
DT9 5JJ,8
DT9 5JL,9
DT9 5JP,6
DT9 5JQ,6
DT9 5JR,6
DT9 5JS,6
DT9 5JT,6
DT9 5JU,6
DT9 5JW,6
DT9 5JX,6
DT9 5JY,6
DT9 5JZ,6
DT9 5LA,6
DT9 5LB,6
DT9 5LD,6
DT9 5LE,6
DT9 5LF,6
DT9 5LG,6
DT9 5LH,6
DT9 5LJ,6
DT9 5LL,6
DT9 5LN,6
DT9 5LP,6
DT9 5LQ,6
DT9 5LR,6
DT9 5LS,9
DT9 5LT,9
DT9 5LU,6
DT9 5LW,6
DT9 5LX,6
DT9 5LY,6
DT9 5LZ,6
DT9 5NA,6
DT9 5NB,6
DT9 5ND,6
DT9 5NE,6
DT9 5NF,6
DT9 5NG,6
DT9 5NH,6
DT9 5NJ,6
DT9 5NL,6
DT9 5NN,6
DT9 5NP,6
DT9 5NQ,6
DT9 5NR,6
DT9 5NS,6
DT9 5NT,6
DT9 5NU,6
DT9 5NW,6
DT9 5NX,6
DT9 5NY,6
DT9 5NZ,6
DT9 5PA,6
DT9 5PB,6
DT9 5PD,6
DT9 5PE,6
DT9 5PF,6
DT9 5PG,6
DT9 5PH,6
DT9 5PJ,6
DT9 5PL,6
DT9 5PN,6
DT9 5PP,6
DT9 5PQ,6
DT9 5PR,6
DT9 5PS,6
DT9 5PT,6
DT9 5PU,6
DT9 5PW,6
DT9 5PX,6
DT9 5PY,5
DT9 5PZ,5
DT9 5QA,5
DT9 5QB,5
DT9 5QD,5
DT9 5QE,5
DT9 5QF,5
DT9 5QG,5
DT9 5QH,5
DT9 5QJ,5
DT9 5QL,7
DT9 5QN,7
DT9 5QP,7
DT9 5QQ,5
DT9 5QR,5
DT9 5QU,6
DT9 5QW,7
DT9 5QX,6
DT9 5QY,6
DT9 5QZ,6
DT9 5RA,8
DT9 5RB,8
DT9 5RD,8
DT9 5RE,9
DT9 5RF,8
DT9 5WA,9
DT9 5WB,9
DT9 5YA,8
DT9 5YB,8
DT9 5YE,8
DT9 5YF,8
DT9 5YG,8
DT9 5YH,9
DT9 5YJ,9
DT9 5YL,9
DT9 5YN,6
DT9 5YP,6
DT9 5YQ,6
DT9 5YR,8
DT9 5YS,9
DT9 5YT,9
DT9 5YU,9
DT9 5YW,9
DT9 5YX,9
DT9 5ZN,9
DT9 6AA,9
DT9 6AB,9
DT9 6AD,9
DT9 6AE,6
DT9 6AF,6
DT9 6AG,9
DT9 6AH,6
DT9 6AJ,6
DT9 6AL,6
DT9 6AN,6
DT9 6AP,6
DT9 6AQ,9
DT9 6AR,6
DT9 6AS,6
DT9 6AT,6
DT9 6AU,6
DT9 6AW,6
DT9 6AX,6
DT9 6AY,6
DT9 6AZ,6
DT9 6BA,6
DT9 6BB,9
DT9 6BD,6
DT9 6BE,6
DT9 6BG,6
DT9 6BH,9
DT9 6BJ,7
DT9 6BL,9
DT9 6BN,7
DT9 6BP,9
DT9 6BQ,9
DT9 6BS,9
DT9 6BT,9
DT9 6BU,9
DT9 6BW,9
DT9 6BX,9
DT9 6BY,9
DT9 6BZ,9
DT9 6DA,9
DT9 6DB,6
DT9 6DD,9
DT9 6DE,9
DT9 6DF,9
DT9 6DG,9
DT9 6DH,9
DT9 6DJ,9
DT9 6DL,9
DT9 6DN,9
DT9 6DP,6
DT9 6DQ,9
DT9 6DR,9
DT9 6DS,9
DT9 6DT,9
DT9 6DU,9
DT9 6DW,9
DT9 6DX,6
DT9 6DY,9
DT9 6DZ,6
DT9 6EA,9
DT9 6EB,9
DT9 6ED,6
DT9 6EE,9
DT9 6EF,7
DT9 6EG,9
DT9 6EJ,6
DT9 6EL,6
DT9 6EN,6
DT9 6EP,6
DT9 6EQ,6
DT9 6ER,6
DT9 6ES,6
DT9 6ET,6
DT9 6EU,6
DT9 6EW,6
DT9 6EX,6
DT9 6EY,7
DT9 6HA,6
DT9 6HE,9
DT9 6HF,9
DT9 6HG,7
DT9 6HH,7
DT9 6HJ,6
DT9 6HL,6
DT9 6HN,6
DT9 6HP,6
DT9 6HQ,7
DT9 6HR,6
DT9 6HS,6
DT9 6HT,6
DT9 6HU,6
DT9 6HW,6
DT9 6HX,6
DT9 6HY,6
DT9 6HZ,6
DT9 6JA,6
DT9 6JB,6
DT9 6JD,6
DT9 6JE,6
DT9 6JF,6
DT9 6JG,6
DT9 6JH,6
DT9 6JJ,6
DT9 6JL,6
DT9 6JN,9
DT9 6JP,7
DT9 6JQ,5
DT9 6JR,7
DT9 6JS,7
DT9 6JT,7
DT9 6JU,7
DT9 6JW,7
DT9 6JX,7
DT9 6JY,7
DT9 6JZ,7
DT9 6LA,7
DT9 6LB,7
DT9 6LF,7
DT9 6LG,7
DT9 6LH,7
DT9 6LJ,7
DT9 6LL,7
DT9 6LN,7
DT9 6LP,7
DT9 6LQ,7
DT9 6LR,7
DT9 6LS,7
DT9 6LT,7
DT9 6LU,7
DT9 6LW,7
DT9 6LX,7
DT9 6LY,7
DT9 6LZ,7
DT9 6NA,7
DT9 6NB,7
DT9 6ND,7
DT9 6NE,7
DT9 6NF,7
DT9 6NG,7
DT9 6NH,7
DT9 6NJ,7
DT9 6NL,7
DT9 6NN,7
DT9 6NP,7
DT9 6NQ,7
DT9 6NR,7
DT9 6NS,7
DT9 6NT,7
DT9 6NU,7
DT9 6NW,7
DT9 6NX,7
DT9 6NY,7
DT9 6NZ,7
DT9 6PA,7
DT9 6PB,7
DT9 6PD,7
DT9 6PE,7
DT9 6PF,7
DT9 6PG,7
DT9 6PH,9
DT9 6PJ,7
DT9 6PL,7
DT9 6PN,7
DT9 6PQ,7
DT9 6PS,6
DT9 6PT,9
DT9 6PU,9
DT9 6PX,9
DT9 6PY,9
DT9 6PZ,9
DT9 6QA,9
DT9 6QB,9
DT9 6QD,9
DT9 6QE,9
DT9 6QF,9
DT9 6QG,9
DT9 6QH,9
DT9 6QJ,9
DT9 6QL,9
DT9 6QN,9
DT9 6QP,9
DT9 6QQ,9
DT9 6QR,9
DT9 6QS,9
DT9 6QT,9
DT9 6QU,9
DT9 6QW,9
DT9 6QX,6
DT9 6QY,9
DT9 6QZ,9
DT9 6RA,9
DT9 6RB,9
DT9 6RD,9
DT9 6RE,9
DT9 6RF,9
DT9 6RG,9
DT9 6RH,9
DT9 6RJ,9
DT9 6RL,9
DT9 6RN,9
DT9 6RP,9
DT9 6RQ,9
DT9 6RR,9
DT9 6RS,9
DT9 6RT,9
DT9 6RU,9
DT9 6RW,9
DT9 6RX,9
DT9 6RY,9
DT9 6RZ,9
DT9 6SA,9
DT9 6SB,9
DT9 6SD,9
DT9 6SE,9
DT9 6SF,9
DT9 6SG,9
DT9 6SH,9
DT9 6SJ,6
DT9 6SL,6
DT9 6SN,6
DT9 6SP,9
DT9 6SQ,9
DT9 6SR,9
DT9 6SS,9
DT9 6ST,9
DT9 6SU,9
DT9 6SW,9
DT9 6SX,9
DT9 6SY,9
DT9 6SZ,7
DT9 6WA,7
DT9 6WB,7
DT9 6WD,9
DT9 6XA,9
DT9 6YA,9
DT9 6YB,9
DT9 6YD,7
DT9 6YE,9
DT9 6YF,9
DT9 6YG,7
DT9 6YH,7
DT9 6YJ,9
DT9 6YL,9
DT9 6YN,7
DT9 6YP,9
DT9 6YQ,7
DT9 6YR,9
DT9 6YS,9
DT9 6YT,9
DT9 6YU,9
DT9 6YW,9
DT9 6YX,7
DT9 6YY,7
DT9 6YZ,9
DT9 6ZA,9
DT9 6ZX,9
DT9 9AA,9
DT9 9AB,9
DT9 9AD,9
DT9 9AE,9
DT9 9AF,9
DT9 9AG,9
DT9 9AH,9
DT9 9AJ,9
DT9 9AL,9
DT9 9AN,9
DT9 9AP,9
DT9 9AQ,9
DT9 9AR,9
DT9 9AS,9
DT9 9AT,9
DT9 9AU,9
DT9 9AW,9
DT9 9AX,9
DT9 9AY,9
DT9 9AZ,9
DT9 9BA,9
DT9 9BB,9
DT9 9BD,9
DT9 9BE,9
DT9 9BF,9
DT9 9BG,9
DT9 9BH,9
DT9 9BJ,9
DT9 9BL,9
DT9 9BN,9
DT9 9BP,9
DT9 9BQ,9
DT9 9BR,9
DT9 9BS,9
DT9 9BT,9
DT9 9BU,9
DT9 9BW,9
DT9 9BX,9
DT9 9BY,9
DT9 9BZ,9
DT9 9DA,9
DT9 9DB,9
DT9 9DD,9
DT9 9DE,9
DT9 9DF,9
DT9 9DG,9
DT9 9DH,9
DT9 9DJ,9
DT9 9DL,9
DT9 9DN,9
DT9 9DP,9
DT9 9DQ,6
DT9 9DR,9
DT9 9DT,9
DT9 9DW,9
DT9 9DX,9
DT9 9DY,9
DT9 9DZ,9
DT9 9EA,9
DT9 9EB,9
DT9 9ED,9
DT9 9EE,9
DT9 9EF,6
