FK1 1AA,
FK1 1AD,
FK1 1AE,
FK1 1AF,
FK1 1AT,
FK1 1AZ,
FK1 1BA,
FK1 1BB,
FK1 1BD,
FK1 1BE,
FK1 1BF,
FK1 1BG,
FK1 1BH,
FK1 1BJ,
FK1 1BL,
FK1 1BN,
FK1 1BP,
FK1 1BQ,
FK1 1BS,
FK1 1BT,
FK1 1BU,
FK1 1BW,
FK1 1BZ,
FK1 1DD,
FK1 1DE,
FK1 1DF,
FK1 1DG,
FK1 1DH,
FK1 1DJ,
FK1 1DL,
FK1 1DN,
FK1 1DQ,
FK1 1DU,
FK1 1DW,
FK1 1DX,
FK1 1DY,
FK1 1DZ,
FK1 1EA,
FK1 1EB,
FK1 1ED,
FK1 1EE,
FK1 1EF,
FK1 1EG,
FK1 1EH,
FK1 1EJ,
FK1 1EL,
FK1 1EN,
FK1 1EP,
FK1 1EQ,
FK1 1ER,
FK1 1ES,
FK1 1ET,
FK1 1EU,
FK1 1EW,
FK1 1EX,
FK1 1EY,
FK1 1EZ,
FK1 1HA,
FK1 1HB,
FK1 1HG,
FK1 1HL,
FK1 1HN,
FK1 1HP,
FK1 1HQ,
FK1 1HR,
FK1 1HS,
FK1 1HT,
FK1 1HU,
FK1 1HW,
FK1 1HX,
FK1 1HY,
FK1 1HZ,
FK1 1JA,
FK1 1JB,
FK1 1JD,
FK1 1JE,
FK1 1JF,
FK1 1JG,
FK1 1JH,
FK1 1JJ,
FK1 1JL,
FK1 1JN,
FK1 1JP,
FK1 1JQ,
FK1 1JR,
FK1 1JS,
FK1 1JT,
FK1 1JW,
FK1 1JX,
FK1 1JY,
FK1 1JZ,
FK1 1LA,
FK1 1LB,
FK1 1LD,
FK1 1LE,
FK1 1LF,
FK1 1LG,
FK1 1LH,
FK1 1LJ,
FK1 1LL,
FK1 1LN,
FK1 1LP,
FK1 1LQ,
FK1 1LR,
FK1 1LS,
FK1 1LT,
FK1 1LU,
FK1 1LW,
FK1 1LX,
FK1 1LY,
FK1 1LZ,
FK1 1NA,
FK1 1NB,
FK1 1ND,
FK1 1NE,
FK1 1NF,
FK1 1NG,
FK1 1NH,
FK1 1NJ,
FK1 1NL,
FK1 1NN,
FK1 1NP,
FK1 1NQ,
FK1 1NR,
FK1 1NS,
FK1 1NT,
FK1 1NU,
FK1 1NW,
FK1 1PF,
FK1 1PG,
FK1 1PH,
FK1 1PJ,
FK1 1PL,
FK1 1PN,
FK1 1PP,
FK1 1PQ,
FK1 1PR,
FK1 1PS,
FK1 1PT,
FK1 1PU,
FK1 1PW,
FK1 1PY,
FK1 1PZ,
FK1 1QA,
FK1 1QB,
FK1 1QD,
FK1 1QE,
FK1 1QF,
FK1 1QG,
FK1 1QH,
FK1 1QJ,
FK1 1QL,
FK1 1QN,
FK1 1QP,
FK1 1QQ,
FK1 1QR,
FK1 1QS,
FK1 1QT,
FK1 1QU,
FK1 1QW,
FK1 1QX,
FK1 1RA,
FK1 1RB,
FK1 1RD,
FK1 1RE,
FK1 1RF,
FK1 1RG,
FK1 1RH,
FK1 1RJ,
FK1 1RL,
FK1 1RN,
FK1 1RP,
FK1 1RQ,
FK1 1RR,
FK1 1RS,
FK1 1RT,
FK1 1RU,
FK1 1RW,
FK1 1RX,
FK1 1RY,
FK1 1RZ,
FK1 1SA,
FK1 1SB,
FK1 1SD,
FK1 1SE,
FK1 1SF,
FK1 1SG,
FK1 1SH,
FK1 1SJ,
FK1 1SL,
FK1 1SN,
FK1 1SP,
FK1 1SQ,
FK1 1SR,
FK1 1SS,
FK1 1ST,
FK1 1SU,
FK1 1SW,
FK1 1SX,
FK1 1SY,
FK1 1SZ,
FK1 1TA,
FK1 1TB,
FK1 1TE,
FK1 1TF,
FK1 1TG,
FK1 1TH,
FK1 1TJ,
FK1 1TL,
FK1 1TN,
FK1 1TP,
FK1 1TQ,
FK1 1TR,
FK1 1TS,
FK1 1TT,
FK1 1TU,
FK1 1TW,
FK1 1TX,
FK1 1TY,
FK1 1TZ,
FK1 1UA,
FK1 1UB,
FK1 1UD,
FK1 1UE,
FK1 1UF,
FK1 1UG,
FK1 1UH,
FK1 1UJ,
FK1 1UL,
FK1 1UP,
FK1 1UQ,
FK1 1UR,
FK1 1UT,
FK1 1UU,
FK1 1UX,
FK1 1UY,
FK1 1UZ,
FK1 1WA,
FK1 1WB,
FK1 1WD,
FK1 1WG,
FK1 1WH,
FK1 1WJ,
FK1 1WL,
FK1 1WN,
FK1 1WP,
FK1 1WQ,
FK1 1WU,
FK1 1XA,
FK1 1XB,
FK1 1XD,
FK1 1XE,
FK1 1XF,
FK1 1XG,
FK1 1XH,
FK1 1XJ,
FK1 1XL,
FK1 1XN,
FK1 1XP,
FK1 1XQ,
FK1 1XR,
FK1 1XS,
FK1 1XT,
FK1 1XU,
FK1 1XW,
FK1 1XX,
FK1 1XY,
FK1 1XZ,
FK1 1YA,
FK1 1YB,
FK1 1YD,
FK1 1YE,
FK1 1YG,
FK1 1YJ,
FK1 1YL,
FK1 1YN,
FK1 1YP,
FK1 1YQ,
FK1 1YR,
FK1 1YS,
FK1 1YT,
FK1 1YU,
FK1 1YW,
FK1 1YX,
FK1 1YY,
FK1 1YZ,
FK1 1ZA,
FK1 1ZB,
FK1 1ZD,
FK1 1ZE,
FK1 1ZF,
FK1 1ZG,
FK1 1ZH,
FK1 1ZJ,
FK1 1ZQ,
FK1 2AA,
FK1 2AB,
FK1 2AD,
FK1 2AE,
FK1 2AG,
FK1 2AH,
FK1 2AJ,
FK1 2AL,
FK1 2AP,
FK1 2AQ,
FK1 2AR,
FK1 2AS,
FK1 2AT,
FK1 2AW,
FK1 2AY,
FK1 2AZ,
FK1 2BA,
FK1 2BB,
FK1 2BD,
FK1 2BE,
FK1 2BF,
FK1 2BG,
FK1 2BH,
FK1 2BJ,
FK1 2BL,
FK1 2BN,
FK1 2BP,
FK1 2BQ,
FK1 2BS,
FK1 2BT,
FK1 2BU,
FK1 2BW,
FK1 2BX,
FK1 2BY,
FK1 2BZ,
FK1 2DA,
FK1 2DB,
FK1 2DD,
FK1 2DE,
FK1 2DF,
FK1 2DG,
FK1 2DH,
FK1 2DJ,
FK1 2DL,
FK1 2DN,
FK1 2DP,
FK1 2DQ,
FK1 2DR,
FK1 2DS,
FK1 2DT,
FK1 2DU,
FK1 2DW,
FK1 2DX,
FK1 2DY,
FK1 2DZ,
FK1 2EA,
FK1 2EB,
FK1 2ED,
FK1 2EE,
FK1 2EF,
FK1 2EG,
FK1 2EH,
FK1 2EJ,
FK1 2EL,
FK1 2EN,
FK1 2EP,
FK1 2EQ,
FK1 2ER,
FK1 2ES,
FK1 2ET,
FK1 2EU,
FK1 2EW,
FK1 2EX,
FK1 2EY,
FK1 2EZ,
FK1 2FB,
FK1 2HA,
FK1 2HB,
FK1 2HD,
FK1 2HE,
FK1 2HF,
FK1 2HJ,
FK1 2HL,
FK1 2HN,
FK1 2HP,
FK1 2HR,
FK1 2HS,
FK1 2HW,
FK1 2HX,
FK1 2HY,
FK1 2HZ,
FK1 2JA,
FK1 2JB,
FK1 2JD,
FK1 2JE,
FK1 2JF,
FK1 2JG,
FK1 2JH,
FK1 2JJ,
FK1 2JL,
FK1 2JN,
FK1 2JP,
FK1 2JQ,
FK1 2JR,
FK1 2JS,
FK1 2JT,
FK1 2JU,
FK1 2JW,
FK1 2JX,
FK1 2JY,
FK1 2JZ,
FK1 2LA,
FK1 2LB,
FK1 2LD,
FK1 2LE,
FK1 2LF,
FK1 2LG,
FK1 2LJ,
FK1 2LP,
FK1 2LR,
FK1 2LT,
FK1 2LU,
FK1 2LW,
FK1 2LY,
FK1 2LZ,
FK1 2NA,
FK1 2NB,
FK1 2ND,
FK1 2NE,
FK1 2NF,
FK1 2NG,
FK1 2NH,
FK1 2NJ,
FK1 2NL,
FK1 2NN,
FK1 2NP,
FK1 2NQ,
FK1 2NR,
FK1 2NS,
FK1 2NT,
FK1 2NU,
FK1 2NW,
FK1 2NX,
FK1 2NY,
FK1 2PA,
FK1 2PB,
FK1 2PD,
FK1 2PF,
FK1 2PG,
FK1 2PH,
FK1 2PJ,
FK1 2PL,
FK1 2PN,
FK1 2PP,
FK1 2PQ,
FK1 2PR,
FK1 2PS,
FK1 2PT,
FK1 2PU,
FK1 2PW,
FK1 2PX,
FK1 2PY,
FK1 2PZ,
FK1 2QA,
FK1 2QB,
FK1 2QD,
FK1 2QE,
FK1 2QF,
FK1 2QG,
FK1 2QH,
FK1 2QJ,
FK1 2QL,
FK1 2QN,
FK1 2QP,
FK1 2QQ,
FK1 2QR,
FK1 2QS,
FK1 2QT,
FK1 2QU,
FK1 2QW,
FK1 2QX,
FK1 2QY,
FK1 2QZ,
FK1 2RA,
FK1 2RB,
FK1 2RD,
FK1 2RE,
FK1 2RF,
FK1 2RH,
FK1 2RP,
FK1 2TA,
FK1 2TB,
FK1 2TL,
FK1 2WA,
FK1 2WD,
FK1 2WX,
FK1 2YA,
FK1 2YD,
FK1 2YE,
FK1 2YF,
FK1 2YG,
FK1 2YH,
FK1 2YJ,
FK1 2YL,
FK1 2YN,
FK1 2YQ,
FK1 2YR,
FK1 2YS,
FK1 2YT,
FK1 2YU,
FK1 2YW,
FK1 2ZA,
FK1 2ZB,
FK1 2ZD,
FK1 3AA,
FK1 3AB,
FK1 3AD,
FK1 3AE,
FK1 3AF,
FK1 3AG,
FK1 3AH,
FK1 3AJ,
FK1 3AL,
FK1 3AN,
FK1 3AP,
FK1 3AQ,
FK1 3AR,
FK1 3AS,
FK1 3AT,
FK1 3AU,
FK1 3AW,
FK1 3AX,
FK1 3AZ,
FK1 3BA,
FK1 3BB,
FK1 3BD,
FK1 3BE,
FK1 3BF,
FK1 3BG,
FK1 3BH,
FK1 3BJ,
FK1 3BL,
FK1 3BN,
FK1 3BP,
FK1 3BQ,
FK1 3BS,
FK1 3BT,
FK1 3BU,
FK1 3BW,
FK1 3BX,
FK1 3BY,
FK1 3BZ,
FK1 3DA,
FK1 3DB,
FK1 3DD,
FK1 3DF,
FK1 3DG,
FK1 3DH,
FK1 3DJ,
FK1 3DL,
FK1 3DN,
FK1 3DP,
FK1 3DQ,
FK1 3DR,
FK1 3DS,
FK1 3DT,
FK1 3DU,
FK1 3DW,
FK1 3DX,
FK1 3DY,
FK1 3DZ,
FK1 3EA,
FK1 3EB,
FK1 3EH,
FK1 3EJ,
FK1 3EL,
FK1 3EN,
FK1 3EP,
FK1 3EQ,
FK1 3ER,
FK1 3ES,
FK1 3ET,
FK1 3EU,
FK1 3EW,
FK1 3EX,
FK1 3EY,
FK1 3EZ,
FK1 3HA,
FK1 3HB,
FK1 3HD,
FK1 3HE,
FK1 3HF,
FK1 3HG,
FK1 3HH,
FK1 3HJ,
FK1 3HL,
FK1 3HN,
FK1 3HP,
FK1 3HQ,
FK1 3HR,
FK1 3HS,
FK1 3HT,
FK1 3HU,
FK1 3HW,
FK1 3HX,
FK1 3HY,
FK1 3HZ,
FK1 3JA,
FK1 3JB,
FK1 3JD,
FK1 3JL,
FK1 3LA,
FK1 3YD,
FK1 3YE,
FK1 3YH,
FK1 4AA,
FK1 4AB,
FK1 4AD,
FK1 4AE,
FK1 4AF,
FK1 4AG,
FK1 4AH,
FK1 4AJ,
FK1 4AL,
FK1 4AN,
FK1 4AP,
FK1 4AQ,
FK1 4AR,
FK1 4AS,
FK1 4AU,
FK1 4AW,
FK1 4AX,
FK1 4AY,
FK1 4AZ,
FK1 4BA,
FK1 4BB,
FK1 4BD,
FK1 4BG,
FK1 4BH,
FK1 4BJ,
FK1 4BL,
FK1 4BN,
FK1 4BP,
FK1 4BQ,
FK1 4BS,
FK1 4BT,
FK1 4BU,
FK1 4BW,
FK1 4BX,
FK1 4BZ,
FK1 4DA,
FK1 4DB,
FK1 4DD,
FK1 4DN,
FK1 4DR,
FK1 4DS,
FK1 4DT,
FK1 4DU,
FK1 4DW,
FK1 4DX,
FK1 4DY,
FK1 4DZ,
FK1 4EA,
FK1 4EB,
FK1 4ED,
FK1 4EE,
FK1 4EF,
FK1 4EG,
FK1 4EP,
FK1 4EQ,
FK1 4ER,
FK1 4ET,
FK1 4EU,
FK1 4EW,
FK1 4EX,
FK1 4EY,
FK1 4EZ,
FK1 4HA,
FK1 4HB,
FK1 4HJ,
FK1 4HL,
FK1 4HP,
FK1 4HQ,
FK1 4HR,
FK1 4HS,
FK1 4HT,
FK1 4HU,
FK1 4HW,
FK1 4HX,
FK1 4HY,
FK1 4HZ,
FK1 4JA,
FK1 4JB,
FK1 4JD,
FK1 4JE,
FK1 4JF,
FK1 4JG,
FK1 4JH,
FK1 4JJ,
FK1 4JL,
FK1 4JN,
FK1 4JP,
FK1 4JQ,
FK1 4JR,
FK1 4JS,
FK1 4JT,
FK1 4JW,
FK1 4JX,
FK1 4LD,
FK1 4LE,
FK1 4LF,
FK1 4LG,
FK1 4LH,
FK1 4LJ,
FK1 4LL,
FK1 4LN,
FK1 4LQ,
FK1 4LR,
FK1 4LS,
FK1 4LT,
FK1 4LW,
FK1 4LX,
FK1 4LY,
FK1 4LZ,
FK1 4NA,
FK1 4NB,
FK1 4NH,
FK1 4NJ,
FK1 4NL,
FK1 4NN,
FK1 4NP,
FK1 4NS,
FK1 4NT,
FK1 4NU,
FK1 4NW,
FK1 4NX,
FK1 4NY,
FK1 4NZ,
FK1 4PA,
FK1 4PB,
FK1 4PD,
FK1 4PE,
FK1 4PF,
FK1 4PG,
FK1 4PH,
FK1 4PP,
FK1 4PQ,
FK1 4PR,
FK1 4PS,
FK1 4PT,
FK1 4PU,
FK1 4PX,
FK1 4PY,
FK1 4PZ,
FK1 4QA,
FK1 4QB,
FK1 4QD,
FK1 4QE,
FK1 4QF,
FK1 4QG,
FK1 4QH,
FK1 4QJ,
FK1 4QL,
FK1 4QQ,
FK1 4QT,
FK1 4QU,
FK1 4QW,
FK1 4QX,
FK1 4QY,
FK1 4QZ,
FK1 4RA,
FK1 4RB,
FK1 4RD,
FK1 4RE,
FK1 4RF,
FK1 4RG,
FK1 4RH,
FK1 4RJ,
FK1 4RL,
FK1 4RN,
FK1 4RP,
FK1 4RQ,
FK1 4RR,
FK1 4RS,
FK1 4RT,
FK1 4RU,
FK1 4RW,
FK1 4RX,
FK1 4RY,
FK1 4RZ,
FK1 4SA,
FK1 4SB,
FK1 4SD,
FK1 4SE,
FK1 4SF,
FK1 4SG,
FK1 4SH,
FK1 4SJ,
FK1 4SL,
FK1 4SQ,
FK1 4WA,
FK1 4WD,
FK1 4WF,
FK1 4WG,
FK1 4WH,
FK1 4WJ,
FK1 4WL,
FK1 4YA,
FK1 4YB,
FK1 4YD,
FK1 4YE,
FK1 4YF,
FK1 4YG,
FK1 4YQ,
FK1 4YY,
FK1 4ZA,
FK1 4ZB,
FK1 4ZD,
FK1 4ZE,
FK1 4ZF,
FK1 5AA,
FK1 5AB,
FK1 5AD,
FK1 5AE,
FK1 5AF,
FK1 5AG,
FK1 5AH,
FK1 5AJ,
FK1 5AL,
FK1 5AN,
FK1 5AP,
FK1 5AQ,
FK1 5AR,
FK1 5AS,
FK1 5AT,
FK1 5AU,
FK1 5AX,
FK1 5AY,
FK1 5AZ,
FK1 5BA,
FK1 5BB,
FK1 5BD,
FK1 5BE,
FK1 5BF,
FK1 5BG,
FK1 5BH,
FK1 5BJ,
FK1 5BL,
FK1 5BN,
FK1 5BP,
FK1 5BQ,
FK1 5BS,
FK1 5BT,
FK1 5BU,
FK1 5BW,
FK1 5BX,
FK1 5BY,
FK1 5BZ,
FK1 5DA,
FK1 5DB,
FK1 5DD,
FK1 5DE,
FK1 5DF,
FK1 5DG,
FK1 5DH,
FK1 5DJ,
FK1 5DL,
FK1 5DN,
FK1 5DP,
FK1 5DQ,
FK1 5DR,
FK1 5DS,
FK1 5DT,
FK1 5DU,
FK1 5DW,
FK1 5DX,
FK1 5DY,
FK1 5DZ,
FK1 5EA,
FK1 5EB,
FK1 5ED,
FK1 5EF,
FK1 5EG,
FK1 5EH,
FK1 5EJ,
FK1 5EL,
FK1 5EN,
FK1 5EP,
FK1 5EQ,
FK1 5ER,
FK1 5ES,
FK1 5ET,
FK1 5EU,
FK1 5EW,
FK1 5EX,
FK1 5EY,
FK1 5EZ,
FK1 5HA,
FK1 5HB,
FK1 5HD,
FK1 5HE,
FK1 5HF,
FK1 5HG,
FK1 5HH,
FK1 5HJ,
FK1 5HL,
FK1 5HN,
FK1 5HP,
FK1 5HQ,
FK1 5HR,
FK1 5HS,
FK1 5HT,
FK1 5HU,
FK1 5HW,
FK1 5HX,
FK1 5HY,
FK1 5HZ,
FK1 5JA,
FK1 5JB,
FK1 5JD,
FK1 5JE,
FK1 5JF,
FK1 5JG,
FK1 5JH,
FK1 5JJ,
FK1 5JL,
FK1 5JN,
FK1 5JP,
FK1 5JQ,
FK1 5JR,
FK1 5JS,
FK1 5JT,
FK1 5JU,
FK1 5JW,
FK1 5JX,
FK1 5JY,
FK1 5JZ,
FK1 5LA,
FK1 5LB,
FK1 5LD,
FK1 5LE,
FK1 5LF,
FK1 5LG,
FK1 5LH,
FK1 5LJ,
FK1 5LL,
FK1 5LN,
FK1 5LP,
FK1 5LQ,
FK1 5LR,
FK1 5LS,
FK1 5LT,
FK1 5LU,
FK1 5LW,
FK1 5LX,
FK1 5LY,
FK1 5LZ,
FK1 5NA,
FK1 5NB,
FK1 5ND,
FK1 5NE,
FK1 5NF,
FK1 5NG,
FK1 5NH,
FK1 5NJ,
FK1 5NL,
FK1 5NN,
FK1 5NP,
FK1 5NQ,
FK1 5NR,
FK1 5NS,
FK1 5NT,
FK1 5NU,
FK1 5NW,
FK1 5NX,
FK1 5NY,
FK1 5NZ,
FK1 5PA,
FK1 5PB,
FK1 5PD,
FK1 5PE,
FK1 5PF,
FK1 5PG,
FK1 5PH,
FK1 5PJ,
FK1 5PL,
FK1 5PN,
FK1 5PP,
FK1 5PQ,
FK1 5PR,
FK1 5PS,
FK1 5PT,
FK1 5PU,
FK1 5PW,
FK1 5PX,
FK1 5PZ,
FK1 5QA,
FK1 5QB,
FK1 5QD,
FK1 5QE,
FK1 5QF,
FK1 5QG,
FK1 5QH,
FK1 5QJ,
FK1 5QL,
FK1 5QN,
FK1 5QP,
FK1 5QQ,
FK1 5QR,
FK1 5QS,
FK1 5QT,
FK1 5QU,
FK1 5QW,
FK1 5QX,
FK1 5QY,
FK1 5QZ,
FK1 5RA,
FK1 5RB,
FK1 5RD,
FK1 5RE,
FK1 5RF,
FK1 5RG,
FK1 5RH,
FK1 5RJ,
FK1 5RL,
FK1 5RN,
FK1 5RP,
FK1 5RQ,
FK1 5RR,
FK1 5RS,
FK1 5RT,
FK1 5RU,
FK1 5RW,
FK1 5RX,
FK1 5RY,
FK1 5RZ,
FK1 5SA,
FK1 5SB,
FK1 5SD,
FK1 5SE,
FK1 5SF,
FK1 5SG,
FK1 5SH,
FK1 5SJ,
FK1 5SL,
FK1 5SN,
FK1 5SP,
FK1 5SQ,
FK1 5SR,
FK1 5ST,
FK1 5SU,
FK1 5SW,
FK1 5SX,
FK1 5SY,
FK1 5SZ,
FK1 5TA,
FK1 5UA,
FK1 5UB,
FK1 5UD,
FK1 5UE,
FK1 5UF,
FK1 5UG,
FK1 5UH,
FK1 5UJ,
FK1 5UL,
FK1 5UN,
FK1 5UP,
FK1 5UQ,
FK1 5UR,
FK1 5US,
FK1 5UT,
FK1 5UU,
FK1 5WA,
FK1 5WB,
FK1 5WD,
FK1 5WW,
FK1 5WX,
FK1 5YA,
FK1 5YB,
FK1 5YD,
FK1 5YE,
FK1 5YF,
FK1 5YG,
FK1 5YH,
FK1 5YJ,
FK1 5YL,
FK1 5YQ,
FK1 5YR,
FK1 5YS,
FK1 5YW,
FK1 5YX,
FK1 5YY,
FK1 5YZ,
FK1 5ZA,
FK1 5ZB,
FK1 5ZD,
FK1 5ZE,
FK1 5ZG,
FK1 9AA,
FK1 9AB,
FK1 9AD,
FK1 9AE,
FK1 9AF,
FK1 9AG,
FK1 9AH,
FK1 9AJ,
FK1 9AL,
FK1 9AN,
FK1 9AP,
FK1 9AQ,
FK1 9AR,
FK1 9AS,
FK1 9AT,
FK1 9AU,
FK1 9AW,
FK1 9AX,
FK1 9AY,
FK1 9AZ,
FK1 9BA,
FK1 9BB,
FK1 9BD,
FK1 9BE,
FK1 9BF,
FK1 9BG,
FK1 9BH,
FK1 9BJ,
FK1 9BL,
FK1 9BN,
FK1 9BP,
FK1 9BQ,
FK1 9BR,
FK1 9BS,
FK1 9BT,
FK1 9BU,
FK1 9BW,
FK1 9BX,
FK1 9BY,
FK1 9BZ,
FK1 9DA,
FK1 9DB,
FK1 9DD,
FK1 9DE,
FK1 9DF,
FK1 9DG,
FK1 9DH,
FK1 9DJ,
FK1 9DL,
FK1 9DN,
FK1 9DP,
FK1 9DQ,
FK1 9DR,
FK1 9DS,
FK1 9DT,
FK1 9DU,
FK1 9DW,
FK1 9DX,
FK1 9DY,
FK1 9DZ,
FK1 9EA,
FK1 9EB,
FK1 9ED,
FK1 9EE,
FK1 9EF,
FK1 9EG,
FK1 9EH,
FK1 9EJ,
FK1 9EL,
FK1 9EN,
FK1 9EP,
FK1 9EQ,
FK1 9ER,
FK1 9ES,
FK1 9ET,
FK1 9EU,
FK1 9EW,
FK1 9EX,
FK1 9EY,
FK1 9EZ,
FK1 9FA,
FK1 9FB,
FK1 9FD,
FK1 9FE,
FK1 9FF,
FK1 9FG,
FK1 9FH,
FK1 9FJ,
FK1 9FL,
FK1 9FN,
FK1 9FP,
FK1 9FQ,
FK1 9FS,
FK1 9FT,
FK1 9FU,
FK1 9FW,
FK1 9FX,
FK1 9FY,
FK1 9FZ,
FK1 9GA,
FK1 9GB,
FK1 9GD,
FK1 9GE,
FK1 9SA,
FK1 9SB,
FK1 9SD,
FK1 9SE,
FK1 9SF,
FK1 9SG,
FK1 9SH,
FK1 9SJ,
FK1 9SL,
FK1 9SN,
FK1 9SP,
FK1 9SQ,
FK1 9SR,
FK1 9SS,
FK1 9ST,
FK1 9SU,
FK1 9SW,
FK1 9SX,
FK1 9SY,
FK1 9SZ,
FK1 9TA,
FK1 9TB,
FK1 9TD,
FK1 9TE,
FK1 9TF,
FK1 9TG,
FK1 9TH,
FK1 9TJ,
FK1 9TL,
FK1 9TN,
FK1 9TP,
FK1 9TQ,
FK1 9TR,
FK1 9TS,
FK1 9TT,
FK1 9TU,
FK1 9TW,
FK1 9TX,
FK1 9TY,
FK1 9TZ,
FK1 9UA,
FK1 9UB,
FK1 9UD,
FK1 9ZZ,
FK101AA,
FK101AB,
FK101AD,
FK101AE,
FK101AF,
FK101AG,
FK101AH,
FK101AJ,
FK101AL,
FK101AN,
FK101AP,
FK101AQ,
FK101AR,
FK101AS,
FK101AT,
FK101AU,
FK101AW,
FK101AX,
FK101AY,
FK101BA,
FK101BB,
FK101BD,
FK101BE,
FK101BG,
FK101BH,
FK101BJ,
FK101BL,
FK101BN,
FK101BP,
FK101BQ,
FK101BS,
FK101BT,
FK101BU,
FK101BX,
FK101BY,
FK101BZ,
FK101DA,
FK101DB,
FK101DD,
FK101DE,
FK101DF,
FK101DG,
FK101DH,
FK101DL,
FK101DN,
FK101DP,
FK101DQ,
FK101DR,
FK101DS,
FK101DT,
FK101DU,
FK101DW,
FK101DX,
FK101DY,
FK101DZ,
FK101EA,
FK101EB,
FK101ED,
FK101EE,
FK101EF,
FK101EG,
FK101EH,
FK101EJ,
FK101EL,
FK101EN,
FK101EP,
FK101EQ,
FK101ER,
FK101ES,
FK101ET,
FK101EU,
FK101EW,
FK101EX,
FK101EY,
FK101EZ,
FK101HA,
FK101HB,
FK101HD,
FK101HE,
FK101HH,
FK101HJ,
FK101HL,
FK101HN,
FK101HP,
FK101HR,
FK101HS,
FK101HT,
FK101HU,
FK101HX,
FK101HY,
FK101HZ,
FK101JA,
FK101JB,
FK101JD,
FK101JE,
FK101JF,
FK101JG,
FK101JH,
FK101JJ,
FK101JL,
FK101JN,
FK101JP,
FK101JR,
FK101JS,
FK101JT,
FK101JU,
FK101JW,
FK101JX,
FK101JY,
FK101JZ,
FK101LA,
FK101LB,
FK101LD,
FK101LE,
FK101LF,
FK101LG,
FK101LH,
FK101LJ,
FK101LL,
FK101LN,
FK101LP,
FK101LQ,
FK101LR,
FK101LS,
FK101LT,
FK101LU,
FK101LW,
FK101LX,
FK101LY,
FK101LZ,
FK101NA,
FK101NB,
FK101ND,
FK101NE,
FK101NF,
FK101NG,
FK101NH,
FK101NJ,
FK101NL,
FK101NN,
FK101NP,
FK101NQ,
FK101NR,
FK101NS,
FK101NT,
FK101NU,
FK101NW,
FK101NX,
FK101NY,
FK101NZ,
FK101PA,
FK101PD,
FK101PE,
FK101PF,
FK101PG,
FK101PH,
FK101PJ,
FK101PL,
FK101PN,
FK101PP,
FK101PQ,
FK101PR,
FK101PS,
FK101PT,
FK101PU,
FK101PW,
FK101PX,
FK101PY,
FK101PZ,
FK101QA,
FK101QB,
FK101QD,
FK101QE,
FK101QF,
FK101QG,
FK101QH,
FK101QJ,
FK101QL,
FK101QN,
FK101QP,
FK101QQ,
FK101QR,
FK101QS,
FK101QT,
FK101QU,
FK101QW,
FK101QX,
FK101QY,
FK101QZ,
FK101RA,
FK101RB,
FK101RD,
FK101RE,
FK101RF,
FK101RG,
FK101RH,
FK101RJ,
FK101RL,
FK101RN,
FK101RP,
FK101RQ,
FK101RR,
FK101RS,
FK101RT,
FK101RU,
FK101RX,
FK101RY,
FK101RZ,
FK101SA,
FK101SB,
FK101SD,
FK101SE,
FK101SF,
FK101SG,
FK101SH,
FK101SJ,
FK101TA,
FK101TB,
FK101TD,
FK101TE,
FK101TF,
FK101WA,
FK101WB,
FK101WD,
FK101YD,
FK101YE,
FK101YH,
FK101YJ,
FK101YL,
FK101YN,
FK101YQ,
FK101YR,
FK101YS,
FK101YT,
FK101ZA,
FK101ZB,
FK101ZD,
FK101ZE,
FK102AB,
FK102AD,
FK102AE,
FK102AF,
FK102AG,
FK102AH,
FK102AJ,
FK102AL,
FK102AN,
FK102AP,
FK102AQ,
FK102AR,
FK102AS,
FK102AT,
FK102AU,
FK102AW,
FK102AX,
FK102AY,
FK102AZ,
FK102BA,
FK102BB,
FK102BD,
FK102BE,
FK102BF,
FK102BG,
FK102BH,
FK102BJ,
FK102BL,
FK102BN,
FK102BP,
FK102BQ,
FK102BS,
FK102BT,
FK102BU,
FK102BW,
FK102BX,
FK102BY,
FK102BZ,
FK102DA,
FK102DB,
FK102DD,
FK102DE,
FK102DF,
FK102DG,
FK102DH,
FK102DJ,
FK102DL,
FK102DN,
FK102DP,
FK102DQ,
FK102DR,
FK102DS,
FK102DT,
FK102DU,
FK102DW,
FK102DX,
FK102DY,
FK102DZ,
FK102EA,
FK102EB,
FK102ED,
FK102EE,
FK102EF,
FK102EG,
FK102EH,
FK102EJ,
FK102EL,
FK102EN,
FK102EP,
FK102EQ,
FK102ER,
FK102ES,
FK102ET,
FK102EU,
FK102EW,
FK102EX,
FK102EY,
FK102EZ,
FK102FA,
FK102FB,
FK102FD,
FK102FE,
FK102FF,
FK102GA,
FK102GB,
FK102GD,
FK102GE,
FK102HA,
FK102HB,
FK102HD,
FK102HE,
FK102HF,
FK102HG,
FK102HH,
FK102HJ,
FK102HL,
FK102HN,
FK102HP,
FK102HQ,
FK102HR,
FK102HS,
FK102HT,
FK102HU,
FK102HW,
FK102HX,
FK102HY,
FK102HZ,
FK102JA,
FK102JB,
FK102JF,
FK102JG,
FK102JH,
FK102JJ,
FK102JL,
FK102JN,
FK102JP,
FK102JQ,
FK102JR,
FK102JS,
FK102JT,
FK102JU,
FK102JX,
FK102JY,
FK102JZ,
FK102LA,
FK102LB,
FK102LD,
FK102LE,
FK102LH,
FK102LJ,
FK102LL,
FK102LN,
FK102LP,
FK102LR,
FK102LS,
FK102LT,
FK102LU,
FK102LW,
FK102LX,
FK102LY,
FK102LZ,
FK102NA,
FK102NB,
FK102ND,
FK102NE,
FK102NF,
FK102NG,
FK102NH,
FK102NJ,
FK102NL,
FK102NN,
FK102NP,
FK102NQ,
FK102NT,
FK102NU,
FK102NX,
FK102NY,
FK102NZ,
FK102PA,
FK102PB,
FK102PD,
FK102PE,
FK102PF,
FK102PG,
FK102PH,
FK102PL,
FK102PQ,
FK102PR,
FK102PS,
FK102PT,
FK102PU,
FK102PX,
FK102PY,
FK102PZ,
FK102QA,
FK102QB,
FK102QD,
FK102QE,
FK102QF,
FK102QG,
FK102QH,
FK102QJ,
FK102QL,
FK102QN,
FK102QP,
FK102QQ,
FK102QR,
FK102QS,
FK102QT,
FK102QU,
FK102QW,
FK102QX,
FK102QY,
FK102QZ,
FK102RA,
FK102RB,
FK102RD,
FK102RE,
FK102RF,
FK102RG,
FK102RH,
FK102RJ,
FK102RL,
FK102RN,
FK102RP,
FK102RQ,
FK102RR,
FK102RS,
FK102RT,
FK102RU,
FK102RW,
FK102RX,
FK102RY,
FK102RZ,
FK102SA,
FK102SB,
FK102SD,
FK102SE,
FK102SF,
FK102SG,
FK102SH,
FK102SJ,
FK102SL,
FK102SN,
FK102SP,
FK102SQ,
FK102SR,
FK102SS,
FK102ST,
FK102SU,
FK102SW,
FK102SX,
FK102SY,
FK102SZ,
FK102TA,
FK102TB,
FK102TD,
FK102TE,
FK102TF,
FK102TG,
FK102TH,
FK102TJ,
FK102TL,
FK102TN,
FK102TP,
FK102TR,
FK102TS,
FK102TT,
FK102TU,
FK102TW,
FK102TX,
FK102TY,
FK102TZ,
FK102UA,
FK102UB,
FK102UD,
FK102UE,
FK102UF,
FK102UG,
FK102UH,
FK102UJ,
FK102UL,
FK102UN,
FK102UP,
FK102UQ,
FK102UR,
FK102US,
FK102UT,
FK102UU,
FK102UW,
FK102UX,
FK102UY,
FK102UZ,
FK102WA,
FK102WB,
FK102XA,
FK102XB,
FK102XD,
FK102XE,
FK102XF,
FK102XG,
FK102XH,
FK102YA,
FK102YF,
FK102YG,
FK102YH,
FK102YJ,
FK102YL,
FK102YN,
FK102YQ,
FK102YR,
FK102YS,
FK102YT,
FK102YU,
FK102YW,
FK102YX,
FK102YY,
FK102YZ,
FK102ZA,
FK102ZB,
FK102ZD,
FK102ZQ,
FK103AA,
FK103AB,
FK103AD,
FK103AE,
FK103AF,
FK103AG,
FK103AH,
FK103AJ,
FK103AL,
FK103AN,
FK103AP,
FK103AQ,
FK103AR,
FK103AS,
FK103AT,
FK103AU,
FK103AW,
FK103AX,
FK103AY,
FK103AZ,
FK103BA,
FK103BB,
FK103BD,
FK103BE,
FK103BF,
FK103BG,
FK103BH,
FK103BJ,
FK103BL,
FK103BN,
FK103BP,
FK103BQ,
FK103BS,
FK103BT,
FK103BU,
FK103BW,
FK103BX,
FK103BY,
FK103BZ,
FK103DA,
FK103DB,
FK103DD,
FK103DE,
FK103DF,
FK103DG,
FK103DH,
FK103DJ,
FK103DL,
FK103DN,
FK103DP,
FK103DQ,
FK103DR,
FK103DS,
FK103DT,
FK103DU,
FK103DW,
FK103DX,
FK103DY,
FK103DZ,
FK103EA,
FK103EB,
FK103ED,
FK103EE,
FK103EF,
FK103EG,
FK103EH,
FK103EJ,
FK103EL,
FK103EN,
FK103EP,
FK103EQ,
FK103ER,
FK103ES,
FK103ET,
FK103EU,
FK103EW,
FK103EX,
FK103EY,
FK103EZ,
FK103FA,
FK103FB,
FK103FD,
FK103FE,
FK103FG,
FK103GA,
FK103GB,
FK103GD,
FK103GE,
FK103GF,
FK103GG,
FK103GH,
FK103GJ,
FK103GL,
FK103GN,
FK103GP,
FK103GZ,
FK103HA,
FK103HB,
FK103HD,
FK103HE,
FK103HF,
FK103HG,
FK103HH,
FK103HJ,
FK103HL,
FK103HN,
FK103HP,
FK103HS,
FK103HT,
FK103HU,
FK103HW,
FK103HX,
FK103HY,
FK103HZ,
FK103JA,
FK103JB,
FK103JD,
FK103JE,
FK103JF,
FK103JG,
FK103JH,
FK103JL,
FK103JN,
FK103JP,
FK103JQ,
FK103JR,
FK103JS,
FK103JT,
FK103JU,
FK103JW,
FK103JX,
FK103JY,
FK103JZ,
FK103LA,
FK103LB,
FK103LD,
FK103LE,
FK103LF,
FK103LG,
FK103LH,
FK103LJ,
FK103LL,
FK103LP,
FK103LQ,
FK103LT,
FK103LU,
FK103LW,
FK103LX,
FK103LY,
FK103LZ,
FK103NA,
FK103NB,
FK103ND,
FK103NE,
FK103NF,
FK103NG,
FK103NH,
FK103NJ,
FK103NL,
FK103NN,
FK103NP,
FK103NQ,
FK103NR,
FK103NS,
FK103NT,
FK103NU,
FK103NW,
FK103NX,
FK103NY,
FK103NZ,
FK103PA,
FK103PB,
FK103PD,
FK103PE,
FK103PF,
FK103PG,
FK103PH,
FK103PJ,
FK103PL,
FK103PN,
FK103PQ,
FK103PS,
FK103PU,
FK103PY,
FK103PZ,
FK103QA,
FK103QB,
FK103QD,
FK103QF,
FK103QG,
FK103QH,
FK103QJ,
FK103QL,
FK103QN,
FK103QP,
FK103QQ,
FK103QS,
FK103QW,
FK103RA,
FK103RB,
FK103RD,
FK103RE,
FK103RF,
FK103RG,
FK103RH,
FK103RJ,
FK103RL,
FK103RN,
FK103RP,
FK103RQ,
FK103RR,
FK103RS,
FK103RT,
FK103RU,
FK103RW,
FK103RX,
FK103RY,
FK103RZ,
FK103SA,
FK103SB,
FK103SD,
FK103SE,
FK103SG,
FK103SH,
FK103SJ,
FK103SL,
FK103SN,
FK103SP,
FK103SR,
FK103SS,
FK103TA,
FK103WA,
FK103WB,
FK103YE,
FK103YF,
FK103YG,
FK103YL,
FK103YN,
FK103YP,
FK103YQ,
FK103ZA,
FK103ZB,
FK103ZD,
FK103ZF,
FK104AA,
FK104AB,
FK104AE,
FK104AF,
FK104AH,
FK104AJ,
FK104AL,
FK104AN,
FK104AP,
FK104AR,
FK104AS,
FK104AT,
FK104AU,
FK104AX,
FK104AY,
FK104AZ,
FK104BA,
FK104BB,
FK104BD,
FK104BE,
FK104BG,
FK104BH,
FK104BJ,
FK104BL,
FK104BP,
FK104BR,
FK104BS,
FK104BW,
FK104DA,
FK104DB,
FK104DD,
FK104DE,
FK104DF,
FK104DG,
FK104DH,
FK104DJ,
FK104DL,
FK104DN,
FK104DP,
FK104DQ,
FK104DR,
FK104DS,
FK104DT,
FK104DU,
FK104DW,
FK104DX,
FK104DY,
FK104DZ,
FK104EA,
FK104EB,
FK104ED,
FK104EE,
FK104EF,
FK104EG,
FK104EH,
FK104EJ,
FK104EL,
FK104EN,
FK104EP,
FK104EQ,
FK104ER,
FK104ES,
FK104ET,
FK104EU,
FK104EW,
FK104EX,
FK104EY,
FK104EZ,
FK104HA,
FK104HB,
FK104HD,
FK104HE,
FK104HF,
FK104HG,
FK104HH,
FK104HJ,
FK104HL,
FK104HN,
FK104HP,
FK104HQ,
FK104HR,
FK104HS,
FK104HT,
FK104HU,
FK104HW,
FK104HX,
FK104HZ,
FK104JA,
FK104JB,
FK104JD,
FK104JE,
FK104JF,
FK104JG,
FK104JH,
FK104JJ,
FK104JL,
FK104JN,
FK104JP,
FK104JQ,
FK104JR,
FK104JS,
FK104JT,
FK104JU,
FK104JW,
FK104JX,
FK104JY,
FK104JZ,
FK104LA,
FK104LB,
FK104LD,
FK104LE,
FK104LF,
FK104LG,
FK104LH,
FK104LN,
FK104LP,
FK104LQ,
FK104LR,
FK104LS,
FK104LT,
FK104LU,
FK104LW,
FK104LX,
FK104LY,
FK104LZ,
FK104NA,
FK104NB,
FK104ND,
FK104NE,
FK104NF,
FK104NG,
FK104NH,
FK104NJ,
FK104NL,
FK104NN,
FK104NP,
FK104NQ,
FK104NR,
FK104NS,
FK104NT,
FK104NU,
FK104NX,
FK104NY,
FK104NZ,
FK104PA,
FK104PB,
FK104PD,
FK104PE,
FK104PF,
FK104PG,
FK104PH,
FK104PJ,
FK104PL,
FK104PN,
FK104PP,
FK104PQ,
FK104PR,
FK104PS,
FK104PT,
FK104PU,
FK104PW,
FK104PX,
FK104PY,
FK104PZ,
FK104QA,
FK104QB,
FK104QD,
FK104QF,
FK104QG,
FK104QH,
FK104QJ,
FK104QL,
FK104QN,
FK104QP,
FK104QQ,
FK104QR,
FK104QS,
FK104QT,
FK104QU,
FK104QW,
FK104QX,
FK104QY,
FK104QZ,
FK104RA,
FK104RB,
FK104RD,
FK104RE,
FK104RF,
FK104RG,
FK104RH,
FK104RJ,
FK104RL,
FK104RN,
FK104RP,
FK104RQ,
FK104RR,
FK104RS,
FK104RT,
FK104RU,
FK104RW,
FK104RX,
FK104RY,
FK104RZ,
FK104SA,
FK104SD,
FK104SF,
FK104SP,
FK104SQ,
FK104SR,
FK104SS,
FK104ST,
FK104SU,
FK104SX,
FK104YA,
FK104YH,
FK104YJ,
FK104YL,
FK104ZA,
FK104ZG,
FK109AA,
FK109AB,
FK109AD,
FK109AE,
FK109AF,
FK109AG,
FK109AH,
FK109AJ,
FK109AL,
FK109AN,
FK109AP,
FK109AQ,
FK109AR,
FK109AS,
FK109AT,
FK109AU,
FK109AW,
FK109AX,
FK109AY,
FK109AZ,
FK109BA,
FK109BB,
FK109BD,
FK109BE,
FK109BF,
FK109BG,
FK109BH,
FK109BJ,
FK109BL,
FK109BN,
FK109BP,
FK109BQ,
FK109BR,
FK109BS,
FK109BT,
FK109BU,
FK109BW,
FK109BX,
FK109BY,
FK109BZ,
FK109DA,
FK109DD,
FK109DE,
FK109DF,
FK109DG,
FK109DH,
FK109DJ,
FK109DL,
FK109DN,
FK109DP,
FK109SA,
FK109SB,
FK109SD,
FK109SE,
FK109SF,
FK109SG,
FK109SH,
FK109SJ,
FK109SL,
FK109SN,
FK109SP,
FK109SQ,
FK109SR,
FK109SS,
FK109ST,
FK109SU,
FK109SW,
FK109SX,
FK109SY,
FK109SZ,
FK109TA,
FK109TB,
FK109TD,
FK109TE,
FK109TF,
FK109TG,
FK109TH,
FK109TJ,
FK109TL,
FK109ZZ,
FK117AA,
FK117AB,
FK117AD,
FK117AE,
FK117AF,
FK117AG,
FK117AH,
FK117AJ,
FK117AL,
FK117AN,
FK117AP,
FK117AQ,
FK117AR,
FK117AS,
FK117AT,
FK117AU,
FK117AW,
FK117AY,
FK117BA,
FK117BB,
FK117BD,
FK117BE,
FK117BG,
FK117BH,
FK117BJ,
FK117BL,
FK117BN,
FK117BP,
FK117BQ,
FK117BS,
FK117BT,
FK117BU,
FK117BW,
FK117BX,
FK117BY,
FK117BZ,
FK117DA,
FK117DB,
FK117DD,
FK117DE,
FK117DF,
FK117DG,
FK117DH,
FK117DJ,
FK117DL,
FK117DN,
FK117DP,
FK117DQ,
FK117DR,
FK117DS,
FK117DT,
FK117DU,
FK117DW,
FK117DX,
FK117DY,
FK117EA,
FK117EB,
FK117EE,
FK117EG,
FK117EL,
FK117EP,
FK117ER,
FK117ES,
FK117ET,
FK117HA,
FK117HB,
FK117HD,
FK117HE,
FK117HF,
FK117HG,
FK117HH,
FK117HJ,
FK117HL,
FK117HN,
FK117HP,
FK117HQ,
FK117HT,
FK117HW,
FK117HX,
FK117WA,
FK117YD,
FK117YE,
FK125AA,
FK125AB,
FK125AD,
FK125AE,
FK125AF,
FK125AG,
FK125AH,
FK125AJ,
FK125AL,
FK125AN,
FK125AP,
FK125AQ,
FK125AR,
FK125AS,
FK125AT,
FK125AU,
FK125AW,
FK125AX,
FK125AY,
FK125AZ,
FK125BA,
FK125BB,
FK125BD,
FK125BE,
FK125BF,
FK125BG,
FK125BH,
FK125BJ,
FK125BL,
FK125BN,
FK125BP,
FK125BQ,
FK125BS,
FK125BT,
FK125BU,
FK125BW,
FK125BX,
FK125BY,
FK125BZ,
FK125DA,
FK125DB,
FK125DD,
FK125DE,
FK125DF,
FK125DG,
FK125DH,
FK125DJ,
FK125DL,
FK125DN,
FK125DP,
FK125DQ,
FK125DR,
FK125DS,
FK125DT,
FK125DU,
FK125DW,
FK125DX,
FK125DY,
FK125EA,
FK125EB,
FK125ED,
FK125EE,
FK125EF,
FK125EG,
FK125EH,
FK125EJ,
FK125EL,
FK125EN,
FK125EP,
FK125EQ,
FK125ER,
FK125ES,
FK125ET,
FK125EU,
FK125EW,
FK125EX,
FK125EY,
FK125EZ,
FK125FE,
FK125GG,
FK125HA,
FK125HB,
FK125HD,
FK125HE,
FK125HF,
FK125HG,
FK125HH,
FK125HJ,
FK125HL,
FK125HN,
FK125HP,
FK125HQ,
FK125HR,
FK125HS,
FK125HT,
FK125HU,
FK125HW,
FK125HX,
FK125HY,
FK125HZ,
FK125JA,
FK125JB,
FK125JG,
FK125JH,
FK125JJ,
FK125JL,
FK125JN,
FK125JP,
FK125JQ,
FK125JR,
FK125JS,
FK125JT,
FK125JU,
FK125JW,
FK125JX,
FK125JY,
FK125JZ,
FK125LA,
FK125LB,
FK125LD,
FK125LE,
FK125LF,
FK125LG,
FK125LH,
FK125LJ,
FK125LL,
FK125LN,
FK125LP,
FK125LQ,
FK125LR,
FK125LS,
FK125LT,
FK125LU,
FK125LW,
FK125LX,
FK125LY,
FK125LZ,
FK125NA,
FK125ND,
FK125NE,
FK125NF,
FK125NG,
FK125NH,
FK125NJ,
FK125NL,
FK125NN,
FK125NP,
FK125NQ,
FK125NR,
FK125NS,
FK125NT,
FK125NU,
FK125NW,
FK125NX,
FK125NY,
FK125NZ,
FK125PA,
FK125PB,
FK125PD,
FK125PE,
FK125WA,
FK125YB,
FK125YD,
FK125YE,
FK125YF,
FK136AA,
FK136AB,
FK136AD,
FK136AE,
FK136AF,
FK136AG,
FK136AH,
FK136AJ,
FK136AL,
FK136AN,
FK136AP,
FK136AQ,
FK136AR,
FK136AS,
FK136AT,
FK136AU,
FK136AW,
FK136AX,
FK136AY,
FK136AZ,
FK136BA,
FK136BB,
FK136BD,
FK136BE,
FK136BF,
FK136BG,
FK136BH,
FK136BJ,
FK136BL,
FK136BP,
FK136BQ,
FK136BS,
FK136BT,
FK136BU,
FK136BW,
FK136BX,
FK136BY,
FK136BZ,
FK136DA,
FK136DB,
FK136DD,
FK136DE,
FK136DG,
FK136DH,
FK136DL,
FK136DN,
FK136DP,
FK136DQ,
FK136DR,
FK136DS,
FK136DT,
FK136DU,
FK136DW,
FK136DX,
FK136DY,
FK136DZ,
FK136EA,
FK136EB,
FK136ED,
FK136EE,
FK136EF,
FK136EG,
FK136EH,
FK136EJ,
FK136EL,
FK136EN,
FK136EP,
FK136EQ,
FK136ER,
FK136ES,
FK136ET,
FK136EU,
FK136EX,
FK136EY,
FK136EZ,
FK136HA,
FK136HB,
FK136HD,
FK136HE,
FK136HF,
FK136HG,
FK136HN,
FK136HP,
FK136HQ,
FK136HR,
FK136HT,
FK136HU,
FK136HW,
FK136HY,
FK136HZ,
FK136JA,
FK136JB,
FK136JD,
FK136JE,
FK136JF,
FK136JG,
FK136JH,
FK136JJ,
FK136JL,
FK136JN,
FK136JP,
FK136JR,
FK136JS,
FK136JT,
FK136JU,
FK136JW,
FK136JX,
FK136JY,
FK136LA,
FK136LB,
FK136LD,
FK136LE,
FK136LF,
FK136LG,
FK136LH,
FK136LJ,
FK136LL,
FK136LN,
FK136LP,
FK136LQ,
FK136LS,
FK136LU,
FK136LW,
FK136LY,
FK136NA,
FK136NB,
FK136ND,
FK136NH,
FK136NJ,
FK136NL,
FK136NN,
FK136NP,
FK136NR,
FK136NS,
FK136NT,
FK136NU,
FK136NX,
FK136NZ,
FK136PA,
FK136PB,
FK136PD,
FK136PE,
FK136PF,
FK136PG,
FK136PJ,
FK136PL,
FK136PN,
FK136PP,
FK136PQ,
FK136PR,
FK136PS,
FK136PT,
FK136PU,
FK136PW,
FK136PX,
FK136PY,
FK136PZ,
FK136QA,
FK136QB,
FK136QD,
FK136QE,
FK136QF,
FK136QG,
FK136QH,
FK136QJ,
FK136QL,
FK136QN,
FK136QP,
FK136QQ,
FK136QR,
FK136QS,
FK136QT,
FK136QU,
FK136QX,
FK136QY,
FK136QZ,
FK136RA,
FK136RB,
FK136RD,
FK136RE,
FK136RF,
FK136RG,
FK136RH,
FK136RJ,
FK136RL,
FK136RN,
FK136RQ,
FK136RR,
FK136RS,
FK136RT,
FK136RU,
FK136RW,
FK136RX,
FK136RY,
FK136RZ,
FK136WB,
FK136WD,
FK136WX,
FK136YD,
FK136YE,
FK136YF,
FK136YG,
FK136YJ,
FK136YL,
FK136YN,
FK136YQ,
FK136ZA,
FK147AA,
FK147AB,
FK147AD,
FK147AE,
FK147AF,
FK147AG,
FK147AH,
FK147AJ,
FK147AL,
FK147AN,
FK147AP,
FK147AQ,
FK147AR,
FK147AS,
FK147AT,
FK147AU,
FK147AW,
FK147AX,
FK147AY,
FK147AZ,
FK147BA,
FK147BB,
FK147BD,
FK147BE,
FK147BF,
FK147BG,
FK147BH,
FK147BJ,
FK147BL,
FK147BN,
FK147BP,
FK147BQ,
FK147BS,
FK147BT,
FK147BU,
FK147BW,
FK147BX,
FK147BY,
FK147BZ,
FK147DA,
FK147DB,
FK147DD,
FK147DE,
FK147DF,
FK147DG,
FK147DH,
FK147DJ,
FK147DL,
FK147DN,
FK147DP,
FK147DQ,
FK147DR,
FK147DS,
FK147DT,
FK147DU,
FK147DW,
FK147DX,
FK147DY,
FK147DZ,
FK147EA,
FK147EB,
FK147ED,
FK147EE,
FK147EF,
FK147EG,
FK147EH,
FK147EJ,
FK147EL,
FK147EN,
FK147EP,
FK147EQ,
FK147ER,
FK147ES,
FK147ET,
FK147EU,
FK147EW,
FK147EX,
FK147EY,
FK147EZ,
FK147FA,
FK147FB,
FK147HA,
FK147HB,
FK147HD,
FK147HE,
FK147HF,
FK147HG,
FK147HH,
FK147HJ,
FK147HL,
FK147HN,
FK147HP,
FK147HQ,
FK147HR,
FK147HS,
FK147HT,
FK147HU,
FK147HW,
FK147HX,
FK147HY,
FK147HZ,
FK147JA,
FK147JB,
FK147JD,
FK147JE,
FK147JF,
FK147JG,
FK147JH,
FK147JJ,
FK147JL,
FK147JN,
FK147JP,
FK147JQ,
FK147JR,
FK147JS,
FK147JT,
FK147JU,
FK147JW,
FK147JX,
FK147JY,
FK147JZ,
FK147LA,
FK147LB,
FK147LD,
FK147LE,
FK147LF,
FK147LG,
FK147LH,
FK147LJ,
FK147LL,
FK147LN,
FK147LP,
FK147LQ,
FK147LR,
FK147LS,
FK147LT,
FK147LU,
FK147LW,
FK147LX,
FK147LY,
FK147LZ,
FK147NA,
FK147NB,
FK147ND,
FK147NE,
FK147NF,
FK147NG,
FK147NH,
FK147NJ,
FK147NL,
FK147NN,
FK147NP,
FK147NQ,
FK147NR,
FK147NS,
FK147NT,
FK147NU,
FK147NW,
FK147NX,
FK147NY,
FK147NZ,
FK147PA,
FK147PB,
FK147PG,
FK147PH,
FK147PJ,
FK147PL,
FK147PN,
FK147PP,
FK147PQ,
FK147PR,
FK147PT,
FK147PW,
FK147PX,
FK147PY,
FK147WA,
FK147WB,
FK147WW,
FK147WX,
FK147XA,
FK147YA,
FK147YB,
FK147YD,
FK147YE,
FK147YF,
FK147YG,
FK147YH,
FK147YL,
FK147YQ,
FK147ZA,
FK147ZB,
FK147ZD,
FK147ZE,
FK150AA,
FK150AB,
FK150AD,
FK150AE,
FK150AF,
FK150AG,
FK150AH,
FK150AJ,
FK150AL,
FK150AN,
FK150AP,
FK150AQ,
FK150AR,
FK150AS,
FK150AT,
FK150AU,
FK150AW,
FK150AX,
FK150AY,
FK150BA,
FK150BB,
FK150BD,
FK150BE,
FK150BF,
FK150BG,
FK150BH,
FK150BJ,
FK150BL,
FK150BN,
FK150BP,
FK150BQ,
FK150BS,
FK150BT,
FK150BU,
FK150BW,
FK150BX,
FK150BY,
FK150BZ,
FK150DA,
FK150DB,
FK150DD,
FK150DE,
FK150DF,
FK150DG,
FK150DH,
FK150DJ,
FK150DL,
FK150DN,
FK150DP,
FK150DQ,
FK150DR,
FK150DS,
FK150DT,
FK150DU,
FK150DW,
FK150DX,
FK150DY,
FK150DZ,
FK150EA,
FK150EB,
FK150ED,
FK150EE,
FK150EF,
FK150EG,
FK150EH,
FK150EJ,
FK150EL,
FK150EN,
FK150EP,
FK150EQ,
FK150ER,
FK150ES,
FK150ET,
FK150EU,
FK150EW,
FK150EX,
FK150EY,
FK150EZ,
FK150FA,
FK150FB,
FK150FD,
FK150FE,
FK150FG,
FK150FH,
FK150FJ,
FK150FL,
FK150FN,
FK150FP,
FK150FQ,
FK150FR,
FK150FS,
FK150GA,
FK150GD,
FK150GY,
FK150GZ,
FK150HA,
FK150HB,
FK150HD,
FK150HE,
FK150HF,
FK150HG,
FK150HH,
FK150HJ,
FK150HL,
FK150HN,
FK150HP,
FK150HQ,
FK150HR,
FK150HS,
FK150HT,
FK150HU,
FK150HX,
FK150HY,
FK150HZ,
FK150JA,
FK150JB,
FK150JD,
FK150JE,
FK150JF,
FK150JG,
FK150JH,
FK150JJ,
FK150JL,
FK150JN,
FK150JP,
FK150JQ,
FK150JR,
FK150JS,
FK150JT,
FK150JU,
FK150JW,
FK150JX,
FK150JY,
FK150JZ,
FK150LA,
FK150LB,
FK150LD,
FK150LE,
FK150LF,
FK150LG,
FK150LH,
FK150LJ,
FK150LL,
FK150LN,
FK150LP,
FK150LQ,
FK150LR,
FK150LS,
FK150LT,
FK150LU,
FK150LW,
FK150LX,
FK150LY,
FK150LZ,
FK150NA,
FK150NB,
FK150ND,
FK150NE,
FK150NF,
FK150NG,
FK150NH,
FK150NJ,
FK150NL,
FK150NN,
FK150NP,
FK150NQ,
FK150NR,
FK150NS,
FK150NT,
FK150NU,
FK150NW,
FK150NX,
FK150NZ,
FK150PA,
FK150PB,
FK150PD,
FK150QB,
FK150WA,
FK150WB,
FK150WD,
FK150WE,
FK150WF,
FK150WG,
FK150WH,
FK150WJ,
FK150WL,
FK150WX,
FK150YB,
FK150YE,
FK150YG,
FK150YH,
FK150YJ,
FK150YL,
FK150YN,
FK150YP,
FK150YR,
FK150YS,
FK150YT,
FK150YW,
FK150ZA,
FK150ZB,
FK150ZD,
FK150ZQ,
FK155AA,
FK155AB,
FK155AD,
FK155AE,
FK155AF,
FK155AG,
FK155AH,
FK155AL,
FK155AN,
FK155AP,
FK155AQ,
FK155AR,
FK155AS,
FK155AT,
FK155AU,
FK155AW,
FK155AX,
FK155AY,
FK155AZ,
FK155BA,
FK155BB,
FK155BP,
FK155DA,
FK159AA,
FK159AB,
FK159AD,
FK159AE,
FK159AF,
FK159AG,
FK159AH,
FK159AJ,
FK159AL,
FK159AN,
FK159AP,
FK159AQ,
FK159AR,
FK159AS,
FK159AT,
FK159AU,
FK159AW,
FK159AX,
FK159AY,
FK159AZ,
FK159BA,
FK159BB,
FK159BD,
FK159BE,
FK159BF,
FK159BG,
FK159BJ,
FK159BL,
FK159BN,
FK159BP,
FK159BQ,
FK159BS,
FK159BT,
FK159BU,
FK159BW,
FK159BX,
FK159BY,
FK159BZ,
FK159DA,
FK159DB,
FK159DD,
FK159DE,
FK159DF,
FK159DG,
FK159DH,
FK159DJ,
FK159DL,
FK159DN,
FK159DP,
FK159DQ,
FK159DR,
FK159DS,
FK159DT,
FK159DU,
FK159DW,
FK159DX,
FK159DY,
FK159DZ,
FK159EA,
FK159EB,
FK159ED,
FK159EE,
FK159EF,
FK159EG,
FK159EH,
FK159EJ,
FK159EL,
FK159EN,
FK159EP,
FK159EQ,
FK159ER,
FK159ES,
FK159ET,
FK159EU,
FK159EW,
FK159EX,
FK159EY,
FK159EZ,
FK159FB,
FK159FD,
FK159FE,
FK159FF,
FK159FG,
FK159FH,
FK159FJ,
FK159FL,
FK159GZ,
FK159HA,
FK159HB,
FK159HD,
FK159HE,
FK159HF,
FK159HG,
FK159HH,
FK159HJ,
FK159HL,
FK159HN,
FK159HP,
FK159HQ,
FK159HR,
FK159HS,
FK159HT,
FK159HU,
FK159HW,
FK159HX,
FK159HY,
FK159HZ,
FK159JA,
FK159JB,
FK159JD,
FK159JE,
FK159JF,
FK159JG,
FK159JH,
FK159JJ,
FK159JL,
FK159JN,
FK159JP,
FK159JQ,
FK159JR,
FK159JS,
FK159JT,
FK159JU,
FK159JW,
FK159JX,
FK159JY,
FK159JZ,
FK159LA,
FK159LB,
FK159LD,
FK159LE,
FK159LF,
FK159LG,
FK159LH,
FK159LJ,
FK159LL,
FK159LN,
FK159LP,
FK159LQ,
FK159LR,
FK159LS,
FK159LT,
FK159LU,
FK159LY,
FK159LZ,
FK159NA,
FK159NB,
FK159ND,
FK159NE,
FK159NF,
FK159NG,
FK159NN,
FK159NP,
FK159NR,
FK159NS,
FK159NT,
FK159NU,
FK159NW,
FK159NX,
FK159NY,
FK159NZ,
FK159PA,
FK159PB,
FK159PD,
FK159PE,
FK159PF,
FK159PG,
FK159PL,
FK159PN,
FK159PQ,
FK159PR,
FK159PS,
FK159PT,
FK159PU,
FK159PW,
FK159PX,
FK159PY,
FK159PZ,
FK159QA,
FK159QB,
FK159QD,
FK159QE,
FK159QF,
FK159QG,
FK159QH,
FK159QJ,
FK159QL,
FK159QN,
FK159QP,
FK159QQ,
FK159QR,
FK159QS,
FK159QT,
FK159QU,
FK159QW,
FK159QX,
FK159QY,
FK159QZ,
FK159RA,
FK159RB,
FK159RD,
FK159RE,
FK159RF,
FK159RG,
FK159RH,
FK159RJ,
FK159RL,
FK159UP,
FK159WA,
FK159WB,
FK159WD,
FK159WE,
FK159WF,
FK159WG,
FK159WH,
FK159WJ,
FK159YA,
FK159YB,
FK159YD,
FK159YE,
FK159YF,
FK159YH,
FK159YJ,
FK159YL,
FK159YN,
FK159YP,
FK159YR,
FK159YS,
FK159YT,
FK159YU,
FK159YW,
FK159YX,
FK159YY,
FK159YZ,
FK159ZA,
FK159ZB,
FK159ZD,
FK159ZE,
FK166AA,
FK166AB,
FK166AD,
FK166AE,
FK166AF,
FK166AG,
FK166AH,
FK166AJ,
FK166AL,
FK166AN,
FK166AP,
FK166AQ,
FK166AR,
FK166AS,
FK166AT,
FK166AU,
FK166AW,
FK166AX,
FK166AY,
FK166AZ,
FK166BA,
FK166BB,
FK166BD,
FK166BE,
FK166BF,
FK166BG,
FK166BH,
FK166BJ,
FK166BL,
FK166BN,
FK166BP,
FK166BQ,
FK166BS,
FK166BT,
FK166BU,
FK166BW,
FK166BX,
FK166BY,
FK166BZ,
FK166DA,
FK166DB,
FK166DD,
FK166DE,
FK166DF,
FK166DG,
FK166DH,
FK166DJ,
FK166DL,
FK166DN,
FK166DP,
FK166DQ,
FK166DR,
FK166DS,
FK166DT,
FK166DU,
FK166DW,
FK166DX,
FK166DY,
FK166DZ,
FK166EA,
FK166EB,
FK166ED,
FK166EE,
FK166EF,
FK166EG,
FK166EH,
FK166EJ,
FK166EL,
FK166EN,
FK166EQ,
FK166EW,
FK166HA,
FK166HB,
FK166HD,
FK166HE,
FK166HF,
FK166HG,
FK166HH,
FK166HJ,
FK166HS,
FK166HT,
FK166HU,
FK166HX,
FK166JA,
FK166JB,
FK166JD,
FK166JE,
FK166JF,
FK166JG,
FK166JQ,
FK166JX,
FK166WA,
FK166WB,
FK166WF,
FK166YD,
FK166YE,
FK166YF,
FK166ZA,
FK178AA,
FK178AB,
FK178AD,
FK178AE,
FK178AF,
FK178AG,
FK178AH,
FK178AJ,
FK178AL,
FK178AN,
FK178AP,
FK178AQ,
FK178AR,
FK178AS,
FK178AT,
FK178AU,
FK178AW,
FK178AX,
FK178AY,
FK178AZ,
FK178BA,
FK178BB,
FK178BD,
FK178BE,
FK178BF,
FK178BG,
FK178BH,
FK178BJ,
FK178BL,
FK178BN,
FK178BP,
FK178BQ,
FK178BS,
FK178BT,
FK178BU,
FK178BW,
FK178BX,
FK178BY,
FK178BZ,
FK178DA,
FK178DB,
FK178DD,
FK178DE,
FK178DF,
FK178DG,
FK178DH,
FK178DJ,
FK178DL,
FK178DN,
FK178DP,
FK178DQ,
FK178DR,
FK178DS,
FK178DT,
FK178DU,
FK178DW,
FK178DX,
FK178DY,
FK178DZ,
FK178EA,
FK178EB,
FK178ED,
FK178EE,
FK178EF,
FK178EG,
FK178EH,
FK178EJ,
FK178EL,
FK178EN,
FK178EP,
FK178EQ,
FK178ER,
FK178ES,
FK178ET,
FK178EU,
FK178EW,
FK178EX,
FK178EY,
FK178EZ,
FK178FD,
FK178HA,
FK178HB,
FK178HD,
FK178HE,
FK178HF,
FK178HG,
FK178HH,
FK178HJ,
FK178HN,
FK178HP,
FK178HQ,
FK178HR,
FK178HS,
FK178HT,
FK178HU,
FK178HW,
FK178HX,
FK178HY,
FK178HZ,
FK178JA,
FK178JB,
FK178JD,
FK178JE,
FK178JF,
FK178JG,
FK178JH,
FK178JJ,
FK178JL,
FK178JN,
FK178JP,
FK178JQ,
FK178JR,
FK178JS,
FK178JT,
FK178JU,
FK178JW,
FK178JX,
FK178JY,
FK178JZ,
FK178LA,
FK178LB,
FK178LD,
FK178LE,
FK178LF,
FK178LG,
FK178LH,
FK178LJ,
FK178LL,
FK178LN,
FK178LP,
FK178LQ,
FK178LR,
FK178LS,
FK178LT,
FK178LU,
FK178LW,
FK178LX,
FK178LY,
FK178LZ,
FK178NE,
FK178NN,
FK178WA,
FK178WB,
FK178WD,
FK178WE,
FK178WF,
FK178WR,
FK178WT,
FK178WU,
FK178WX,
FK178YF,
FK178YH,
FK178YJ,
FK178YL,
FK178YN,
FK178YP,
FK178YR,
FK178YS,
FK178YT,
FK178ZR,
FK178ZU,
FK188NA,
FK188NB,
FK188ND,
FK188NF,
FK188NG,
FK188NJ,
FK188NL,
FK188NQ,
FK188WX,
FK198NP,
FK198NR,
FK198NS,
FK198NT,
FK198NU,
FK198NX,
FK198NY,
FK198NZ,
FK198PA,
FK198PB,
FK198PD,
FK198PE,
FK198PF,
FK198PH,
FK198PL,
FK198PN,
FK198PP,
FK198PQ,
FK198PR,
FK198PS,
FK198PT,
FK198PU,
FK198PW,
FK198PX,
FK198PY,
FK198PZ,
FK198QB,
FK198QD,
FK198QE,
FK198QF,
FK198QG,
FK198WA,
FK198WX,
FK198YF,
FK2 0AA,
FK2 0AB,
FK2 0AD,
FK2 0AE,
FK2 0AF,
FK2 0AG,
FK2 0AH,
FK2 0AJ,
FK2 0AL,
FK2 0AN,
FK2 0AP,
FK2 0AQ,
FK2 0AR,
FK2 0AS,
FK2 0AT,
FK2 0AU,
FK2 0AW,
FK2 0AX,
FK2 0AY,
FK2 0AZ,
FK2 0BA,
FK2 0BB,
FK2 0BD,
FK2 0BE,
FK2 0BF,
FK2 0BG,
FK2 0BH,
FK2 0BJ,
FK2 0BL,
FK2 0BN,
FK2 0BP,
FK2 0BQ,
FK2 0BS,
FK2 0BT,
FK2 0BU,
FK2 0BW,
FK2 0BX,
FK2 0BY,
FK2 0BZ,
FK2 0DA,
FK2 0DB,
FK2 0DD,
FK2 0DE,
FK2 0DF,
FK2 0DG,
FK2 0DH,
FK2 0DJ,
FK2 0DL,
FK2 0DN,
FK2 0DP,
FK2 0DQ,
FK2 0DR,
FK2 0DS,
FK2 0DT,
FK2 0DU,
FK2 0DW,
FK2 0DX,
FK2 0DY,
FK2 0DZ,
FK2 0EA,
FK2 0EB,
FK2 0ED,
FK2 0EE,
FK2 0EF,
FK2 0EG,
FK2 0EH,
FK2 0EJ,
FK2 0EL,
FK2 0EN,
FK2 0EP,
FK2 0EQ,
FK2 0ER,
FK2 0ES,
FK2 0ET,
FK2 0EU,
FK2 0EW,
FK2 0EX,
FK2 0EY,
FK2 0EZ,
FK2 0FA,
FK2 0FB,
FK2 0FD,
FK2 0FE,
FK2 0FF,
FK2 0FG,
FK2 0FH,
FK2 0FJ,
FK2 0FL,
FK2 0FN,
FK2 0FP,
FK2 0FQ,
FK2 0FR,
FK2 0FS,
FK2 0FT,
FK2 0FW,
FK2 0FX,
FK2 0FY,
FK2 0FZ,
FK2 0GA,
FK2 0GB,
FK2 0GD,
FK2 0GE,
FK2 0GF,
FK2 0GG,
FK2 0GH,
FK2 0GJ,
FK2 0GL,
FK2 0GN,
FK2 0GP,
FK2 0GQ,
FK2 0GR,
FK2 0GS,
FK2 0GT,
FK2 0GU,
FK2 0GW,
FK2 0GX,
FK2 0GY,
FK2 0GZ,
FK2 0HA,
FK2 0HB,
FK2 0HD,
FK2 0HE,
FK2 0HF,
FK2 0HG,
FK2 0HH,
FK2 0HJ,
FK2 0HL,
FK2 0HN,
FK2 0HP,
FK2 0HQ,
FK2 0HR,
FK2 0HS,
FK2 0HT,
FK2 0HU,
FK2 0HW,
FK2 0HX,
FK2 0HY,
FK2 0HZ,
FK2 0JA,
FK2 0JB,
FK2 0JD,
FK2 0JE,
FK2 0JF,
FK2 0JG,
FK2 0JH,
FK2 0JJ,
FK2 0JL,
FK2 0JN,
FK2 0JP,
FK2 0JQ,
FK2 0JR,
FK2 0JS,
FK2 0JT,
FK2 0JU,
FK2 0JW,
FK2 0JX,
FK2 0JY,
FK2 0JZ,
FK2 0LA,
FK2 0LB,
FK2 0LD,
FK2 0LE,
FK2 0LF,
FK2 0LG,
FK2 0LH,
FK2 0LJ,
FK2 0LL,
FK2 0LN,
FK2 0LP,
FK2 0LQ,
FK2 0LR,
FK2 0LS,
FK2 0LT,
FK2 0LU,
FK2 0LW,
FK2 0LX,
FK2 0LY,
FK2 0LZ,
FK2 0NA,
FK2 0NB,
FK2 0ND,
FK2 0NE,
FK2 0NF,
FK2 0NG,
FK2 0NH,
FK2 0NJ,
FK2 0NL,
FK2 0NN,
FK2 0NP,
FK2 0NQ,
FK2 0NR,
FK2 0NS,
FK2 0NT,
FK2 0NU,
FK2 0NW,
FK2 0NX,
FK2 0NY,
FK2 0NZ,
FK2 0PA,
FK2 0PB,
FK2 0PD,
FK2 0PE,
FK2 0PF,
FK2 0PG,
FK2 0PH,
FK2 0PJ,
FK2 0PL,
FK2 0PN,
FK2 0PP,
FK2 0PQ,
FK2 0PR,
FK2 0PS,
FK2 0PT,
FK2 0PU,
FK2 0PW,
FK2 0PX,
FK2 0PY,
FK2 0PZ,
FK2 0QA,
FK2 0QB,
FK2 0QD,
FK2 0QE,
FK2 0QF,
FK2 0QG,
FK2 0QH,
FK2 0QJ,
FK2 0QL,
FK2 0QN,
FK2 0QP,
FK2 0QQ,
FK2 0QR,
FK2 0QS,
FK2 0QT,
FK2 0QU,
FK2 0QW,
FK2 0QX,
FK2 0QY,
FK2 0QZ,
FK2 0RA,
FK2 0RB,
FK2 0RD,
FK2 0RE,
FK2 0RF,
FK2 0RG,
FK2 0RH,
FK2 0RJ,
FK2 0RL,
FK2 0RN,
FK2 0RP,
FK2 0RQ,
FK2 0RR,
FK2 0RS,
FK2 0RT,
FK2 0RU,
FK2 0RW,
FK2 0RX,
FK2 0RY,
FK2 0RZ,
FK2 0SA,
FK2 0SB,
FK2 0SD,
FK2 0SE,
FK2 0SF,
FK2 0SG,
FK2 0SH,
FK2 0SJ,
FK2 0SL,
FK2 0SN,
FK2 0SP,
FK2 0SQ,
FK2 0SR,
FK2 0SS,
FK2 0ST,
FK2 0SU,
FK2 0SW,
FK2 0SX,
FK2 0SY,
FK2 0SZ,
FK2 0TA,
FK2 0TB,
FK2 0TD,
FK2 0TE,
FK2 0TF,
FK2 0TG,
FK2 0TH,
FK2 0TJ,
FK2 0TL,
FK2 0TN,
FK2 0TP,
FK2 0TQ,
FK2 0TR,
FK2 0TS,
FK2 0TT,
FK2 0TU,
FK2 0TW,
FK2 0TX,
FK2 0TY,
FK2 0TZ,
FK2 0UA,
FK2 0UB,
FK2 0UD,
FK2 0UE,
FK2 0UF,
FK2 0UG,
FK2 0UH,
FK2 0UJ,
FK2 0UL,
FK2 0UN,
FK2 0UP,
FK2 0UQ,
FK2 0UR,
FK2 0US,
FK2 0UT,
FK2 0UU,
FK2 0UW,
FK2 0UX,
FK2 0UY,
FK2 0UZ,
FK2 0WA,
FK2 0WB,
FK2 0WD,
FK2 0WE,
FK2 0WF,
FK2 0WG,
FK2 0WH,
FK2 0WJ,
FK2 0WL,
FK2 0WN,
FK2 0WP,
FK2 0WQ,
FK2 0WR,
FK2 0WS,
FK2 0WT,
FK2 0WU,
FK2 0WW,
FK2 0WX,
FK2 0XA,
FK2 0XB,
FK2 0XD,
FK2 0XE,
FK2 0XF,
FK2 0XG,
FK2 0XH,
FK2 0XJ,
FK2 0XL,
FK2 0XN,
FK2 0XP,
FK2 0XQ,
FK2 0XR,
FK2 0XS,
FK2 0XT,
FK2 0XU,
FK2 0XW,
FK2 0XX,
FK2 0XY,
FK2 0XZ,
FK2 0YA,
FK2 0YB,
FK2 0YD,
FK2 0YE,
FK2 0YF,
FK2 0YG,
FK2 0YH,
FK2 0YJ,
FK2 0YL,
FK2 0YN,
FK2 0YP,
FK2 0YQ,
FK2 0YR,
FK2 0YS,
FK2 0YT,
FK2 0YU,
FK2 0YW,
FK2 0YX,
FK2 0YY,
FK2 0YZ,
FK2 0ZA,
FK2 0ZB,
FK2 0ZD,
FK2 0ZE,
FK2 0ZF,
FK2 0ZG,
FK2 0ZH,
FK2 0ZJ,
FK2 0ZL,
FK2 0ZN,
FK2 0ZP,
FK2 0ZQ,
FK2 0ZR,
FK2 0ZS,
FK2 0ZT,
FK2 0ZU,
FK2 0ZW,
FK2 0ZX,
FK2 0ZZ,
FK2 7AA,
FK2 7AB,
FK2 7AD,
FK2 7AE,
FK2 7AF,
FK2 7AG,
FK2 7AH,
FK2 7AJ,
FK2 7AL,
FK2 7AN,
FK2 7AP,
FK2 7AQ,
FK2 7AR,
FK2 7AS,
FK2 7AT,
FK2 7AU,
FK2 7AW,
FK2 7AX,
FK2 7AY,
FK2 7AZ,
FK2 7BA,
FK2 7BB,
FK2 7BD,
FK2 7BE,
FK2 7BF,
FK2 7BG,
FK2 7BH,
FK2 7BJ,
FK2 7BL,
FK2 7BN,
FK2 7BP,
FK2 7BQ,
FK2 7BS,
FK2 7BT,
FK2 7BU,
FK2 7BW,
FK2 7BX,
FK2 7BY,
FK2 7BZ,
FK2 7DA,
FK2 7DB,
FK2 7DD,
FK2 7DE,
FK2 7DF,
FK2 7DG,
FK2 7DH,
FK2 7DJ,
FK2 7DL,
FK2 7DN,
FK2 7DP,
FK2 7DQ,
FK2 7DR,
FK2 7DS,
FK2 7DT,
FK2 7DU,
FK2 7DW,
FK2 7DX,
FK2 7DY,
FK2 7DZ,
FK2 7EA,
FK2 7EB,
FK2 7ED,
FK2 7EE,
FK2 7EF,
FK2 7EG,
FK2 7EH,
FK2 7EJ,
FK2 7EL,
FK2 7EN,
FK2 7EP,
FK2 7EQ,
FK2 7ER,
FK2 7ES,
FK2 7ET,
FK2 7EU,
FK2 7EW,
FK2 7EX,
FK2 7EY,
FK2 7EZ,
FK2 7FD,
FK2 7FE,
FK2 7FF,
FK2 7FG,
FK2 7FH,
FK2 7FJ,
FK2 7FL,
FK2 7FN,
FK2 7FP,
FK2 7FQ,
FK2 7FR,
FK2 7FS,
FK2 7FU,
FK2 7FW,
FK2 7FX,
FK2 7FY,
FK2 7FZ,
FK2 7GA,
FK2 7GB,
FK2 7GD,
FK2 7GE,
FK2 7GF,
FK2 7GG,
FK2 7GH,
FK2 7GJ,
FK2 7GL,
FK2 7GN,
FK2 7GP,
FK2 7GQ,
FK2 7GR,
FK2 7GS,
FK2 7GT,
FK2 7GU,
FK2 7GW,
FK2 7GX,
FK2 7GY,
FK2 7GZ,
FK2 7HA,
FK2 7HB,
FK2 7HD,
FK2 7HE,
FK2 7HF,
FK2 7HG,
FK2 7HH,
FK2 7HJ,
FK2 7HL,
FK2 7HN,
FK2 7HP,
FK2 7HQ,
FK2 7HR,
FK2 7HS,
FK2 7HT,
FK2 7HU,
FK2 7HW,
FK2 7HX,
FK2 7HZ,
FK2 7JA,
FK2 7JB,
FK2 7JD,
FK2 7JE,
FK2 7JF,
FK2 7JG,
FK2 7JH,
FK2 7JJ,
FK2 7JL,
FK2 7JN,
FK2 7JP,
FK2 7JQ,
FK2 7JR,
FK2 7JS,
FK2 7JT,
FK2 7JU,
FK2 7JW,
FK2 7JX,
FK2 7JY,
FK2 7JZ,
FK2 7LA,
FK2 7LB,
FK2 7LD,
FK2 7LE,
FK2 7LF,
FK2 7LG,
FK2 7LH,
FK2 7LJ,
FK2 7LL,
FK2 7LN,
FK2 7LP,
FK2 7LQ,
FK2 7LR,
FK2 7LS,
FK2 7LT,
FK2 7LU,
FK2 7LW,
FK2 7LX,
FK2 7LY,
FK2 7LZ,
FK2 7NA,
FK2 7NB,
FK2 7ND,
FK2 7NE,
FK2 7NF,
FK2 7NG,
FK2 7NH,
FK2 7NJ,
FK2 7NL,
FK2 7NN,
FK2 7NP,
FK2 7NQ,
FK2 7NR,
FK2 7NS,
FK2 7NT,
FK2 7NU,
FK2 7NW,
FK2 7NX,
FK2 7NY,
FK2 7NZ,
FK2 7PA,
FK2 7PB,
FK2 7PD,
FK2 7PE,
FK2 7PF,
FK2 7PG,
FK2 7PH,
FK2 7PJ,
FK2 7PL,
FK2 7PN,
FK2 7PP,
FK2 7PQ,
FK2 7PR,
FK2 7PS,
FK2 7PT,
FK2 7PU,
FK2 7PW,
FK2 7PX,
FK2 7PY,
FK2 7PZ,
FK2 7QA,
FK2 7QB,
FK2 7QD,
FK2 7QE,
FK2 7QF,
FK2 7QG,
FK2 7QH,
FK2 7QJ,
FK2 7QL,
FK2 7QN,
FK2 7QP,
FK2 7QQ,
FK2 7QR,
FK2 7QS,
FK2 7QT,
FK2 7QU,
FK2 7QW,
FK2 7QX,
FK2 7QY,
FK2 7QZ,
FK2 7RA,
FK2 7RB,
FK2 7RD,
FK2 7RE,
FK2 7RF,
FK2 7RG,
FK2 7RH,
FK2 7RJ,
FK2 7RL,
FK2 7RN,
FK2 7RP,
FK2 7RQ,
FK2 7RR,
FK2 7RS,
FK2 7RT,
FK2 7RU,
FK2 7RW,
FK2 7RX,
FK2 7RY,
FK2 7RZ,
FK2 7SA,
FK2 7SB,
FK2 7SD,
FK2 7SE,
FK2 7SF,
FK2 7SG,
FK2 7SH,
FK2 7SJ,
FK2 7SL,
FK2 7SN,
FK2 7SP,
FK2 7SQ,
FK2 7SR,
FK2 7SS,
FK2 7ST,
FK2 7SU,
FK2 7SW,
FK2 7SX,
FK2 7SY,
FK2 7SZ,
FK2 7TA,
FK2 7TB,
FK2 7TD,
FK2 7TE,
FK2 7TF,
FK2 7TG,
FK2 7TH,
FK2 7TJ,
FK2 7TL,
FK2 7TN,
FK2 7TP,
FK2 7TQ,
FK2 7TR,
FK2 7TS,
FK2 7TT,
FK2 7TU,
FK2 7TW,
FK2 7TX,
FK2 7TY,
FK2 7TZ,
FK2 7UA,
FK2 7UB,
FK2 7UD,
FK2 7UE,
FK2 7UF,
FK2 7UG,
FK2 7UH,
FK2 7UJ,
FK2 7UL,
FK2 7UN,
FK2 7UP,
FK2 7UQ,
FK2 7UR,
FK2 7US,
FK2 7UT,
FK2 7UU,
FK2 7UW,
FK2 7UX,
FK2 7UY,
FK2 7UZ,
FK2 7WA,
FK2 7WB,
FK2 7WD,
FK2 7WF,
FK2 7WG,
FK2 7WH,
FK2 7WJ,
FK2 7WL,
FK2 7WN,
FK2 7WP,
FK2 7WQ,
FK2 7WS,
FK2 7WT,
FK2 7WU,
FK2 7WW,
FK2 7WX,
FK2 7XA,
FK2 7XB,
FK2 7XD,
FK2 7XE,
FK2 7XF,
FK2 7XG,
FK2 7XH,
FK2 7XJ,
FK2 7XL,
FK2 7XN,
FK2 7XP,
FK2 7XQ,
FK2 7XR,
FK2 7XS,
FK2 7XT,
FK2 7XU,
FK2 7XW,
FK2 7XX,
FK2 7XY,
FK2 7XZ,
FK2 7YA,
FK2 7YB,
FK2 7YD,
FK2 7YE,
FK2 7YF,
FK2 7YG,
FK2 7YH,
FK2 7YJ,
FK2 7YL,
FK2 7YN,
FK2 7YP,
FK2 7YQ,
FK2 7YR,
FK2 7YS,
FK2 7YT,
FK2 7YU,
FK2 7YW,
FK2 7YX,
FK2 7YY,
FK2 7YZ,
FK2 7ZA,
FK2 7ZB,
FK2 7ZD,
FK2 7ZE,
FK2 7ZF,
FK2 7ZG,
FK2 7ZH,
FK2 7ZJ,
FK2 7ZL,
FK2 7ZN,
FK2 7ZP,
FK2 7ZQ,
FK2 7ZR,
FK2 7ZS,
FK2 7ZT,
FK2 7ZU,
FK2 7ZW,
FK2 7ZZ,
FK2 8AA,
FK2 8AB,
FK2 8AD,
FK2 8AE,
FK2 8AF,
FK2 8AG,
FK2 8AH,
FK2 8AJ,
FK2 8AL,
FK2 8AN,
FK2 8AP,
FK2 8AQ,
FK2 8AR,
FK2 8AS,
FK2 8AT,
FK2 8AU,
FK2 8AW,
FK2 8AX,
FK2 8AY,
FK2 8AZ,
FK2 8BA,
FK2 8BB,
FK2 8BD,
FK2 8BE,
FK2 8BF,
FK2 8BG,
FK2 8BH,
FK2 8BJ,
FK2 8BL,
FK2 8BN,
FK2 8BP,
FK2 8BS,
FK2 8BT,
FK2 8BU,
FK2 8BW,
FK2 8BX,
FK2 8BY,
FK2 8BZ,
FK2 8DA,
FK2 8DB,
FK2 8DD,
FK2 8DE,
FK2 8DF,
FK2 8DG,
FK2 8DH,
FK2 8DJ,
FK2 8DL,
FK2 8DN,
FK2 8DP,
FK2 8DQ,
FK2 8DR,
FK2 8DS,
FK2 8DT,
FK2 8DU,
FK3 8XD,
FK3 8XE,
FK3 8XF,
FK3 8XG,
FK3 8XH,
FK3 8XJ,
FK3 8XL,
FK3 8XN,
FK3 8XP,
FK3 8XQ,
FK3 8XR,
FK3 8XS,
FK3 8XT,
FK3 8XU,
FK3 8XW,
FK3 8XX,
FK3 8XY,
FK3 8XZ,
FK3 8YA,
FK3 8YB,
FK3 8YD,
FK3 8YE,
FK3 8YF,
FK3 8YG,
FK3 8YH,
FK3 8YJ,
FK3 8YL,
FK3 8YN,
FK3 8YP,
FK3 8YQ,
FK3 8YR,
FK3 8YS,
FK3 8YT,
FK3 8YU,
FK3 8YW,
FK3 8YX,
FK3 8YY,
FK3 8YZ,
FK3 8ZA,
FK3 8ZB,
FK3 8ZD,
FK3 8ZE,
FK3 8ZF,
FK3 8ZG,
FK3 9AA,
FK3 9AB,
FK3 9AD,
FK3 9AE,
FK3 9AF,
FK3 9AG,
FK3 9AH,
FK3 9AJ,
FK3 9AL,
FK3 9AN,
FK3 9AP,
FK3 9AQ,
FK3 9AR,
FK3 9AS,
FK3 9AT,
FK3 9AU,
FK3 9AW,
FK3 9AX,
FK3 9AY,
FK3 9AZ,
FK3 9BA,
FK3 9BB,
FK3 9BD,
FK3 9BE,
FK3 9BG,
FK3 9BH,
FK3 9BJ,
FK3 9BL,
FK3 9BN,
FK3 9BP,
FK3 9BQ,
FK3 9BS,
FK3 9BT,
FK3 9BU,
FK3 9BW,
FK3 9BX,
FK3 9BY,
FK3 9BZ,
FK3 9DA,
FK3 9DB,
FK3 9DD,
FK3 9DE,
FK3 9DF,
FK3 9DG,
FK3 9DH,
FK3 9DJ,
FK3 9DL,
FK3 9DN,
FK3 9DP,
FK3 9DQ,
FK3 9DR,
FK3 9DS,
FK3 9DT,
FK3 9DU,
FK3 9DW,
FK3 9DX,
FK3 9DY,
FK3 9DZ,
FK3 9EA,
FK3 9EB,
FK3 9ED,
FK3 9EE,
FK3 9EF,
FK3 9EG,
FK3 9EH,
FK3 9EJ,
FK3 9EL,
FK3 9EN,
FK3 9EP,
FK3 9EQ,
FK3 9ER,
FK3 9ES,
FK3 9ET,
FK3 9EU,
FK3 9EW,
FK3 9EX,
FK3 9EY,
FK3 9EZ,
FK3 9HA,
FK3 9HB,
FK3 9HD,
FK3 9HE,
FK3 9HF,
FK3 9HG,
FK3 9HH,
FK3 9HJ,
FK3 9HL,
FK3 9HN,
FK3 9HP,
FK3 9HY,
FK3 9JA,
FK3 9JB,
FK3 9JD,
FK3 9JE,
FK3 9JF,
FK3 9JG,
FK3 9JH,
FK3 9JJ,
FK3 9JL,
FK3 9JN,
FK3 9JP,
FK3 9JQ,
FK3 9JR,
FK3 9JS,
FK3 9JT,
FK3 9JU,
FK3 9JW,
FK3 9JX,
FK3 9JZ,
FK3 9LA,
FK3 9LB,
FK3 9LD,
FK3 9LE,
FK3 9LF,
FK3 9LG,
FK3 9LH,
FK3 9LJ,
FK3 9LL,
FK3 9LN,
FK3 9LP,
FK3 9LQ,
FK3 9LR,
FK3 9LS,
FK3 9LT,
FK3 9LU,
FK3 9TA,
FK3 9UB,
FK3 9UJ,
FK3 9UL,
FK3 9UN,
FK3 9UP,
FK3 9UQ,
FK3 9UR,
FK3 9UT,
FK3 9UU,
FK3 9UW,
FK3 9UX,
FK3 9UY,
FK3 9UZ,
FK3 9WA,
FK3 9WB,
FK3 9WD,
FK3 9WE,
FK3 9WH,
FK3 9XA,
FK3 9XB,
FK3 9XD,
FK3 9XE,
FK3 9XF,
FK3 9XG,
FK3 9XH,
FK3 9XJ,
FK3 9XL,
FK3 9XN,
FK3 9XP,
FK3 9XQ,
FK3 9XR,
FK3 9XS,
FK3 9XT,
FK3 9XU,
FK3 9XW,
FK3 9XX,
FK3 9XY,
FK3 9XZ,
FK3 9YA,
FK3 9YB,
FK3 9YD,
FK3 9YE,
FK3 9YF,
FK3 9YG,
FK3 9YH,
FK3 9YJ,
FK3 9YL,
FK3 9YN,
FK3 9YP,
FK3 9YQ,
FK3 9YR,
FK3 9YS,
FK3 9YT,
FK3 9YU,
FK3 9YW,
FK3 9YX,
FK3 9YZ,
FK3 9ZA,
FK3 9ZB,
FK3 9ZD,
FK3 9ZE,
FK4 1AA,
FK4 1AB,
FK4 1AD,
FK4 1AE,
FK4 1AF,
FK4 1AG,
FK4 1AH,
FK4 1AJ,
FK4 1AL,
FK4 1AN,
FK4 1AP,
FK4 1AQ,
FK4 1AR,
FK4 1AS,
FK4 1AT,
FK4 1AU,
FK4 1AW,
FK4 1AX,
FK4 1AY,
FK4 1AZ,
FK4 1BA,
FK4 1BB,
FK4 1BD,
FK4 1BE,
FK4 1BG,
FK4 1BH,
FK4 1BJ,
FK4 1BL,
FK4 1BN,
FK4 1BP,
FK4 1BQ,
FK4 1BT,
FK4 1BU,
FK4 1BW,
FK4 1BX,
FK4 1BY,
FK4 1BZ,
FK4 1DA,
FK4 1DB,
FK4 1DD,
FK4 1DE,
FK4 1DF,
FK4 1DG,
FK4 1DH,
FK4 1DJ,
FK4 1DL,
FK4 1DN,
FK4 1DP,
FK4 1DQ,
FK4 1DR,
FK4 1DS,
FK4 1DT,
FK4 1DU,
FK4 1DW,
FK4 1DY,
FK4 1EA,
FK4 1EB,
FK4 1ED,
FK4 1EE,
FK4 1EF,
FK4 1EG,
FK4 1EH,
FK4 1EJ,
FK4 1EL,
FK4 1EN,
FK4 1EP,
FK4 1ER,
FK4 1ES,
FK4 1ET,
FK4 1EU,
FK4 1EX,
FK4 1EY,
FK4 1EZ,
FK4 1FB,
FK4 1FD,
FK4 1FE,
FK4 1GD,
FK4 1GE,
FK4 1GF,
FK4 1GG,
FK4 1HA,
FK4 1HB,
FK4 1HD,
FK4 1HE,
FK4 1HG,
FK4 1HH,
FK4 1HJ,
FK4 1HN,
FK4 1HP,
FK4 1HR,
FK4 1HS,
FK4 1HT,
FK4 1HU,
FK4 1HW,
FK4 1HX,
FK4 1HY,
FK4 1HZ,
FK4 1JA,
FK4 1JB,
FK4 1JD,
FK4 1JE,
FK4 1JF,
FK4 1JG,
FK4 1JH,
FK4 1JJ,
FK4 1JL,
FK4 1JN,
FK4 1JP,
FK4 1JQ,
FK4 1JR,
FK4 1JS,
FK4 1JT,
FK4 1JU,
FK4 1JW,
FK4 1JX,
FK4 1JY,
FK4 1JZ,
FK4 1LA,
FK4 1LB,
FK4 1LD,
FK4 1LE,
FK4 1LF,
FK4 1LG,
FK4 1LH,
FK4 1LJ,
FK4 1LL,
FK4 1LN,
FK4 1LP,
FK4 1LQ,
FK4 1LR,
FK4 1LS,
FK4 1LT,
FK4 1LU,
FK4 1LW,
FK4 1LX,
FK4 1LY,
FK4 1LZ,
FK4 1NA,
FK4 1NB,
FK4 1ND,
FK4 1NE,
FK4 1NF,
FK4 1NG,
FK4 1NH,
FK4 1NJ,
FK4 1NL,
FK4 1NN,
FK4 1NP,
FK4 1NQ,
FK4 1NR,
FK4 1NS,
FK4 1NT,
FK4 1NU,
FK4 1NW,
FK4 1NX,
FK4 1NY,
FK4 1PA,
FK4 1PB,
FK4 1PD,
FK4 1PE,
FK4 1PF,
FK4 1PG,
FK4 1PH,
FK4 1PJ,
FK4 1PL,
FK4 1PN,
FK4 1PP,
FK4 1PQ,
FK4 1PR,
FK4 1PS,
FK4 1PT,
FK4 1PU,
FK4 1PW,
FK4 1PX,
FK4 1PY,
FK4 1PZ,
FK4 1QA,
FK4 1QB,
FK4 1QD,
FK4 1QE,
FK4 1QF,
FK4 1QG,
FK4 1QH,
FK4 1QJ,
FK4 1QL,
FK4 1QN,
FK4 1QP,
FK4 1QQ,
FK4 1QR,
FK4 1QS,
FK4 1QT,
FK4 1QU,
FK4 1QW,
FK4 1QX,
FK4 1QY,
FK4 1QZ,
FK4 1RA,
FK4 1RB,
FK4 1RD,
FK4 1RE,
FK4 1RF,
FK4 1RG,
FK4 1RH,
FK4 1RJ,
FK4 1RL,
FK4 1RN,
FK4 1RP,
FK4 1RQ,
FK4 1RR,
FK4 1RS,
FK4 1RT,
FK4 1RU,
FK4 1RW,
FK4 1RX,
FK4 1RY,
FK4 1RZ,
FK4 1SA,
FK4 1SB,
FK4 1SD,
FK4 1SE,
FK4 1SF,
FK4 1SG,
FK4 1SH,
FK4 1SJ,
FK4 1SL,
FK4 1SN,
FK4 1SP,
FK4 1SR,
FK4 1SS,
FK4 1ST,
FK4 1SU,
FK4 1SW,
FK4 1SX,
FK4 1SY,
FK4 1SZ,
FK4 1TA,
FK4 1TB,
FK4 1TD,
FK4 1TE,
FK4 1TF,
FK4 1TG,
FK4 1TH,
FK4 1TJ,
FK4 1TL,
FK4 1TN,
FK4 1TP,
FK4 1TQ,
FK4 1TR,
FK4 1TS,
FK4 1TT,
FK4 1TU,
FK4 1TX,
FK4 1TY,
FK4 1TZ,
FK4 1UA,
FK4 1UB,
FK4 1UD,
FK4 1UE,
FK4 1UF,
FK4 1UG,
FK4 1UH,
FK4 1UJ,
FK4 1UL,
FK4 1UR,
FK4 1WW,
FK4 1WX,
FK4 1YA,
FK4 1YD,
FK4 1YE,
FK4 1YF,
FK4 1YG,
FK4 1YH,
FK4 1YJ,
FK4 1YL,
FK4 1ZA,
FK4 2AA,
FK4 2AB,
FK4 2AD,
FK4 2AE,
FK4 2AF,
FK4 2AG,
FK4 2AH,
FK4 2AJ,
FK4 2AL,
FK4 2AN,
FK4 2AP,
FK4 2AQ,
FK4 2AR,
FK4 2AS,
FK4 2AT,
FK4 2AU,
FK4 2AW,
FK4 2AX,
FK4 2AY,
FK4 2AZ,
FK4 2BA,
FK4 2BB,
FK4 2BD,
FK4 2BE,
FK4 2BF,
FK4 2BG,
FK4 2BH,
FK4 2BJ,
FK4 2BL,
FK4 2BN,
FK4 2BP,
FK4 2BQ,
FK4 2BS,
FK4 2BT,
FK4 2BU,
FK4 2BW,
FK4 2BX,
FK4 2BY,
FK4 2BZ,
FK4 2DA,
FK4 2DB,
FK4 2DD,
FK4 2DE,
FK4 2DF,
FK4 2DG,
FK4 2DH,
FK4 2DJ,
FK4 2DL,
FK4 2DN,
FK4 2DP,
FK4 2DR,
FK4 2DS,
FK4 2DT,
FK4 2DU,
FK4 2DW,
FK4 2DX,
FK4 2DY,
FK4 2DZ,
FK4 2EA,
FK4 2EB,
FK4 2ED,
FK4 2EE,
FK4 2EF,
FK4 2EG,
FK4 2EH,
FK4 2EJ,
FK4 2EL,
FK4 2EN,
FK4 2EP,
FK4 2EQ,
FK4 2ER,
FK4 2ET,
FK4 2EU,
FK4 2EW,
FK4 2EX,
FK4 2EY,
FK4 2EZ,
FK4 2FB,
FK4 2FD,
FK4 2FE,
FK4 2FF,
FK4 2FG,
FK4 2FH,
FK4 2FJ,
FK4 2FL,
FK4 2FN,
FK4 2FP,
FK4 2GA,
FK4 2GD,
FK4 2HA,
FK4 2HB,
FK4 2HD,
FK4 2HE,
FK4 2HF,
FK4 2HG,
FK4 2HH,
FK4 2HJ,
FK4 2HL,
FK4 2HN,
FK4 2HP,
FK4 2HR,
FK4 2HS,
FK4 2HT,
FK4 2HW,
FK4 2HX,
FK4 2HY,
FK4 2WA,
FK4 2YB,
FK4 2YD,
FK4 2YE,
FK4 2YG,
FK4 2YH,
FK5 3AA,
FK5 3AB,
FK5 3AD,
FK5 3AE,
FK5 3AF,
FK5 3AG,
FK5 3AH,
FK5 3AJ,
FK5 3AL,
FK5 3AN,
FK5 3AP,
FK5 3AQ,
FK5 3AR,
FK5 3AS,
FK5 3AT,
FK5 3AU,
FK5 3AW,
FK5 3AX,
FK5 3BA,
FK5 3BB,
FK5 3BD,
FK5 3BE,
FK5 3BF,
FK5 3BG,
FK5 3BH,
FK5 3BJ,
FK5 3BL,
FK5 3BN,
FK5 3BP,
FK5 3BQ,
FK5 3BS,
FK5 3BT,
FK5 3BU,
FK5 3BW,
FK5 3BX,
FK5 3BY,
FK5 3BZ,
FK5 3DA,
FK5 3DB,
FK5 3DF,
FK5 3DG,
FK5 3DH,
FK5 3DJ,
FK5 3DL,
FK5 3DN,
FK5 3DP,
FK5 3DQ,
FK5 3DR,
FK5 3DS,
FK5 3DT,
FK5 3DU,
FK5 3DW,
FK5 3DX,
FK5 3EB,
FK5 3ED,
FK5 3EE,
FK5 3EF,
FK5 3EG,
FK5 3EH,
FK5 3EJ,
FK5 3EL,
FK5 3EN,
FK5 3EP,
FK5 3EQ,
FK5 3ER,
FK5 3ES,
FK5 3ET,
FK5 3EU,
FK5 3EW,
FK5 3EX,
FK5 3EY,
FK5 3EZ,
FK5 3HA,
FK5 3HB,
FK5 3HG,
FK5 3HJ,
FK5 3HL,
FK5 3HN,
FK5 3HP,
FK5 3HQ,
FK5 3HR,
FK5 3HS,
FK5 3HT,
FK5 3HU,
FK5 3HW,
FK5 3HX,
FK5 3HY,
FK5 3HZ,
FK5 3JA,
FK5 3JB,
FK5 3JD,
FK5 3JE,
FK5 3JF,
FK5 3JG,
FK5 3JP,
FK5 3JQ,
FK5 3JR,
FK5 3JS,
FK5 3JT,
FK5 3JU,
FK5 3JW,
FK5 3JX,
FK5 3JY,
FK5 3JZ,
FK5 3LA,
FK5 3LB,
FK5 3LD,
FK5 3LE,
FK5 3LF,
FK5 3LG,
FK5 3LH,
FK5 3LJ,
FK5 3LL,
FK5 3LN,
FK5 3LP,
FK5 3LQ,
FK5 3LR,
FK5 3LS,
FK5 3LT,
FK5 3LU,
FK5 3LW,
FK5 3LX,
FK5 3LY,
FK5 3LZ,
FK5 3NH,
FK5 3NJ,
FK5 3NL,
FK5 3NN,
FK5 3NP,
FK5 3NQ,
FK5 3NR,
FK5 3NS,
FK5 3NW,
FK5 3NX,
FK5 3WB,
FK5 3YD,
FK5 3YF,
FK5 3YG,
FK5 3YL,
FK5 3YN,
FK5 3YQ,
FK5 3YT,
FK5 4AA,
FK5 4AB,
FK5 4AD,
FK5 4AE,
FK5 4AF,
FK5 4AG,
FK5 4AH,
FK5 4AJ,
FK5 4AL,
FK5 4AN,
FK5 4AP,
FK5 4AQ,
FK5 4AR,
FK5 4AS,
FK5 4AT,
FK5 4AU,
FK5 4AW,
FK5 4AX,
FK5 4AY,
FK5 4AZ,
FK5 4BA,
FK5 4BB,
FK5 4BD,
FK5 4BE,
FK5 4BF,
FK5 4BG,
FK5 4BH,
FK5 4BJ,
FK5 4BL,
FK5 4BN,
FK5 4BP,
FK5 4BQ,
FK5 4BS,
FK5 4BT,
FK5 4BU,
FK5 4BW,
FK5 4BX,
FK5 4BY,
FK5 4BZ,
FK5 4DA,
FK5 4DB,
FK5 4DD,
FK5 4DE,
FK5 4DF,
FK5 4DG,
FK5 4DH,
FK5 4DJ,
FK5 4DL,
FK5 4DN,
FK5 4DP,
FK5 4DQ,
FK5 4DR,
FK5 4DS,
FK5 4DT,
FK5 4DU,
FK5 4DW,
FK5 4DX,
FK5 4DY,
FK5 4DZ,
FK5 4EA,
FK5 4EB,
FK5 4ED,
FK5 4EE,
FK5 4EF,
FK5 4EG,
FK5 4EH,
FK5 4EJ,
FK5 4EL,
FK5 4EN,
FK5 4EP,
FK5 4EQ,
FK5 4ER,
FK5 4ES,
FK5 4ET,
FK5 4EU,
FK5 4EW,
FK5 4EX,
FK5 4EY,
FK5 4EZ,
FK5 4FA,
FK5 4FB,
FK5 4FD,
FK5 4FE,
FK5 4FF,
FK5 4FG,
FK5 4FH,
FK5 4FJ,
FK5 4FL,
FK5 4FN,
FK5 4FP,
FK5 4FQ,
FK5 4FR,
FK5 4FS,
FK5 4FT,
FK5 4FW,
FK5 4FX,
FK5 4FY,
FK5 4FZ,
FK5 4GA,
FK5 4GD,
FK5 4GE,
FK5 4GF,
FK5 4GG,
FK5 4GH,
FK5 4GJ,
FK5 4GL,
FK5 4GN,
FK5 4GP,
FK5 4GQ,
FK5 4GR,
FK5 4GS,
FK5 4GT,
FK5 4GU,
FK5 4GW,
FK5 4GX,
FK5 4GY,
FK5 4GZ,
FK5 4HA,
FK5 4HB,
FK5 4HD,
FK5 4HE,
FK5 4HF,
FK5 4HG,
FK5 4HH,
FK5 4HJ,
FK5 4HL,
FK5 4HN,
FK5 4HP,
FK5 4HQ,
FK5 4HR,
FK5 4HS,
FK5 4HT,
FK5 4HU,
FK5 4HW,
FK5 4HX,
FK5 4HY,
FK5 4HZ,
FK5 4JA,
FK5 4JB,
FK5 4JD,
FK5 4JE,
FK5 4JF,
FK5 4JG,
FK5 4JH,
FK5 4JJ,
FK5 4JL,
FK5 4JN,
FK5 4JP,
FK5 4JQ,
FK5 4JR,
FK5 4JS,
FK5 4JT,
FK5 4JU,
FK5 4JW,
FK5 4JX,
FK5 4JY,
FK5 4JZ,
FK5 4LA,
FK5 4LB,
FK5 4LD,
FK5 4LE,
FK5 4LF,
FK5 4LG,
FK5 4LH,
FK5 4LJ,
FK5 4LL,
FK5 4LN,
FK5 4LP,
FK5 4LQ,
FK5 4LR,
FK5 4LS,
FK5 4LT,
FK5 4LU,
FK5 4LW,
FK5 4LX,
FK5 4LY,
FK5 4LZ,
FK5 4NA,
FK5 4NB,
FK5 4ND,
FK5 4NE,
FK5 4NF,
FK5 4NG,
FK5 4NH,
FK5 4NJ,
FK5 4NL,
FK5 4NN,
FK5 4NP,
FK5 4NQ,
FK5 4NR,
FK5 4NS,
FK5 4NT,
FK5 4NU,
FK5 4NW,
FK5 4NX,
FK5 4NY,
FK5 4NZ,
FK5 4PA,
FK5 4PB,
FK5 4PD,
FK5 4PE,
FK5 4PF,
FK5 4PG,
FK5 4PH,
FK5 4PJ,
FK5 4PL,
FK5 4PN,
FK5 4PP,
FK5 4PQ,
FK5 4PR,
FK5 4PS,
FK5 4PT,
FK5 4PU,
FK5 4PW,
FK5 4PX,
FK5 4PY,
FK5 4PZ,
FK5 4QA,
FK5 4QB,
FK5 4QD,
FK5 4QE,
FK5 4QF,
FK5 4QG,
FK5 4QH,
FK5 4QJ,
FK5 4QL,
FK5 4QN,
FK5 4QP,
FK5 4QQ,
FK5 4QR,
FK5 4QS,
FK5 4QT,
FK5 4QU,
FK5 4QW,
FK5 4QX,
FK5 4QY,
FK5 4QZ,
FK5 4RA,
FK5 4RB,
FK5 4RD,
FK2 8DW,
FK2 8DX,
FK2 8DY,
FK2 8DZ,
FK2 8EA,
FK2 8EB,
FK2 8ED,
FK2 8EE,
FK2 8EF,
FK2 8EG,
FK2 8EH,
FK2 8EJ,
FK2 8EL,
FK2 8EN,
FK2 8EP,
FK2 8EQ,
FK2 8ER,
FK2 8ES,
FK2 8ET,
FK2 8EU,
FK2 8EW,
FK2 8EX,
FK2 8EY,
FK2 8EZ,
FK2 8FA,
FK2 8FB,
FK2 8FD,
FK2 8FE,
FK2 8FF,
FK2 8FG,
FK2 8FH,
FK2 8FJ,
FK2 8FL,
FK2 8GA,
FK2 8GB,
FK2 8GD,
FK2 8GE,
FK2 8GF,
FK2 8GG,
FK2 8GH,
FK2 8GL,
FK2 8GN,
FK2 8HA,
FK2 8HB,
FK2 8HD,
FK2 8HE,
FK2 8HF,
FK2 8HG,
FK2 8HH,
FK2 8HJ,
FK2 8HL,
FK2 8HP,
FK2 8HQ,
FK2 8HR,
FK2 8HS,
FK2 8HT,
FK2 8HU,
FK2 8HW,
FK2 8HX,
FK2 8HY,
FK2 8HZ,
FK2 8JA,
FK2 8JB,
FK2 8JD,
FK2 8JE,
FK2 8JF,
FK2 8JG,
FK2 8JH,
FK2 8JJ,
FK2 8JL,
FK2 8JN,
FK2 8JP,
FK2 8JQ,
FK2 8JR,
FK2 8JS,
FK2 8JT,
FK2 8JU,
FK2 8JW,
FK2 8JX,
FK2 8JY,
FK2 8JZ,
FK2 8LA,
FK2 8LB,
FK2 8LD,
FK2 8LE,
FK2 8LF,
FK2 8LG,
FK2 8LH,
FK2 8LL,
FK2 8LN,
FK2 8LP,
FK2 8LQ,
FK2 8LR,
FK2 8LS,
FK2 8LT,
FK2 8LU,
FK2 8LW,
FK2 8LX,
FK2 8LY,
FK2 8LZ,
FK2 8NB,
FK2 8ND,
FK2 8NE,
FK2 8NG,
FK2 8NH,
FK2 8NJ,
FK2 8NL,
FK2 8NN,
FK2 8NP,
FK2 8NQ,
FK2 8NR,
FK2 8NS,
FK2 8NT,
FK2 8NU,
FK2 8NW,
FK2 8NX,
FK2 8NY,
FK2 8NZ,
FK2 8PA,
FK2 8PB,
FK2 8PD,
FK2 8PE,
FK2 8PF,
FK2 8PG,
FK2 8PH,
FK2 8PJ,
FK2 8PL,
FK2 8PN,
FK2 8PP,
FK2 8PQ,
FK2 8PR,
FK2 8PS,
FK2 8PT,
FK2 8PU,
FK2 8PW,
FK2 8PX,
FK2 8PY,
FK2 8PZ,
FK2 8QA,
FK2 8QB,
FK2 8QD,
FK2 8QE,
FK2 8QF,
FK2 8QG,
FK2 8QH,
FK2 8QJ,
FK2 8QL,
FK2 8QN,
FK2 8QP,
FK2 8QQ,
FK2 8QR,
FK2 8QS,
FK2 8QT,
FK2 8QU,
FK2 8QW,
FK2 8QX,
FK2 8QY,
FK2 8QZ,
FK2 8RA,
FK2 8RB,
FK2 8RD,
FK2 8RE,
FK2 8RF,
FK2 8RG,
FK2 8RH,
FK2 8RJ,
FK2 8RL,
FK2 8RN,
FK2 8RP,
FK2 8RQ,
FK2 8RR,
FK2 8RS,
FK2 8RT,
FK2 8RU,
FK2 8RW,
FK2 8RX,
FK2 8RY,
FK2 8RZ,
FK2 8SA,
FK2 8SB,
FK2 8SD,
FK2 8SE,
FK2 8SF,
FK2 8SG,
FK2 8SH,
FK2 8SJ,
FK2 8SL,
FK2 8SN,
FK2 8SP,
FK2 8SQ,
FK2 8SR,
FK2 8ST,
FK2 8SU,
FK2 8TA,
FK2 8TB,
FK2 8TD,
FK2 8TE,
FK2 8TF,
FK2 8TW,
FK2 8UW,
FK2 8WA,
FK2 8WB,
FK2 8WD,
FK2 8WX,
FK2 8YA,
FK2 8YB,
FK2 8YD,
FK2 8YE,
FK2 8YF,
FK2 8YG,
FK2 8YH,
FK2 8YJ,
FK2 8YL,
FK2 8YN,
FK2 8YP,
FK2 8YQ,
FK2 8YR,
FK2 9AA,
FK2 9AB,
FK2 9AD,
FK2 9AE,
FK2 9AF,
FK2 9AG,
FK2 9AH,
FK2 9AJ,
FK2 9AL,
FK2 9AN,
FK2 9AP,
FK2 9AQ,
FK2 9AR,
FK2 9AS,
FK2 9AT,
FK2 9AU,
FK2 9AW,
FK2 9AX,
FK2 9AY,
FK2 9AZ,
FK2 9BA,
FK2 9BB,
FK2 9BD,
FK2 9BE,
FK2 9BG,
FK2 9BH,
FK2 9BJ,
FK2 9BL,
FK2 9BN,
FK2 9BP,
FK2 9BS,
FK2 9BT,
FK2 9BW,
FK2 9BZ,
FK2 9DA,
FK2 9DB,
FK2 9DD,
FK2 9DE,
FK2 9DF,
FK2 9DG,
FK2 9DH,
FK2 9DN,
FK2 9DP,
FK2 9DQ,
FK2 9DR,
FK2 9DS,
FK2 9DT,
FK2 9DU,
FK2 9DW,
FK2 9DX,
FK2 9DY,
FK2 9DZ,
FK2 9EA,
FK2 9EB,
FK2 9ED,
FK2 9EE,
FK2 9EF,
FK2 9EG,
FK2 9EH,
FK2 9EJ,
FK2 9EL,
FK2 9EN,
FK2 9EP,
FK2 9EQ,
FK2 9ER,
FK2 9ES,
FK2 9ET,
FK2 9EU,
FK2 9EW,
FK2 9EX,
FK2 9EY,
FK2 9EZ,
FK2 9FA,
FK2 9FB,
FK2 9FD,
FK2 9FE,
FK2 9FF,
FK2 9FG,
FK2 9FH,
FK2 9FJ,
FK2 9FL,
FK2 9FN,
FK2 9FP,
FK2 9FQ,
FK2 9FR,
FK2 9FS,
FK2 9FT,
FK2 9GA,
FK2 9GB,
FK2 9GD,
FK2 9GE,
FK2 9GF,
FK2 9GG,
FK2 9GH,
FK2 9GJ,
FK2 9GL,
FK2 9GN,
FK2 9GP,
FK2 9GQ,
FK2 9GR,
FK2 9GS,
FK2 9GT,
FK2 9GU,
FK2 9HA,
FK2 9HB,
FK2 9HD,
FK2 9HE,
FK2 9HF,
FK2 9HG,
FK2 9HH,
FK2 9HJ,
FK2 9HL,
FK2 9HN,
FK2 9HP,
FK2 9HQ,
FK2 9HR,
FK2 9HS,
FK2 9HT,
FK2 9HU,
FK2 9HW,
FK2 9HX,
FK2 9HY,
FK2 9HZ,
FK2 9JA,
FK2 9JB,
FK2 9JD,
FK2 9JE,
FK2 9JF,
FK2 9JG,
FK2 9JJ,
FK2 9JL,
FK2 9JN,
FK2 9JP,
FK2 9JQ,
FK2 9JR,
FK2 9JT,
FK2 9JU,
FK2 9JW,
FK2 9JX,
FK2 9LD,
FK2 9LE,
FK2 9LF,
FK2 9LG,
FK2 9LH,
FK2 9LJ,
FK2 9LL,
FK2 9LN,
FK2 9LP,
FK2 9LQ,
FK2 9LR,
FK2 9LT,
FK2 9LU,
FK2 9LW,
FK2 9LX,
FK2 9LY,
FK2 9LZ,
FK2 9NA,
FK2 9NB,
FK2 9NG,
FK2 9NH,
FK2 9NJ,
FK2 9NL,
FK2 9NN,
FK2 9NP,
FK2 9NQ,
FK2 9NR,
FK2 9NS,
FK2 9NT,
FK2 9NU,
FK2 9NX,
FK2 9NY,
FK2 9NZ,
FK2 9PA,
FK2 9PB,
FK2 9PD,
FK2 9PE,
FK2 9PF,
FK2 9PG,
FK2 9PH,
FK2 9PJ,
FK2 9PL,
FK2 9PN,
FK2 9PP,
FK2 9PQ,
FK2 9PR,
FK2 9PS,
FK2 9PT,
FK2 9PW,
FK2 9PX,
FK2 9PY,
FK2 9PZ,
FK2 9QA,
FK2 9QB,
FK2 9QD,
FK2 9QE,
FK2 9QF,
FK2 9QG,
FK2 9QH,
FK2 9QJ,
FK2 9QL,
FK2 9QQ,
FK2 9QR,
FK2 9QS,
FK2 9QT,
FK2 9QU,
FK2 9QX,
FK2 9QY,
FK2 9RA,
FK2 9RF,
FK2 9RG,
FK2 9RH,
FK2 9RJ,
FK2 9RL,
FK2 9RN,
FK2 9RP,
FK2 9RQ,
FK2 9RR,
FK2 9RS,
FK2 9RT,
FK2 9RU,
FK2 9RW,
FK2 9RX,
FK2 9RY,
FK2 9SD,
FK2 9SE,
FK2 9SF,
FK2 9SG,
FK2 9SH,
FK2 9SJ,
FK2 9SL,
FK2 9SN,
FK2 9SP,
FK2 9SQ,
FK2 9SR,
FK2 9ST,
FK2 9SU,
FK2 9SW,
FK2 9SX,
FK2 9SY,
FK2 9SZ,
FK2 9TA,
FK2 9TB,
FK2 9TD,
FK2 9TE,
FK2 9TF,
FK2 9TG,
FK2 9TH,
FK2 9TJ,
FK2 9TL,
FK2 9TQ,
FK2 9TR,
FK2 9TS,
FK2 9TT,
FK2 9TU,
FK2 9TX,
FK2 9TY,
FK2 9TZ,
FK2 9UA,
FK2 9UB,
FK2 9UD,
FK2 9UE,
FK2 9UF,
FK2 9UG,
FK2 9UH,
FK2 9UJ,
FK2 9UL,
FK2 9UN,
FK2 9UP,
FK2 9UQ,
FK2 9UR,
FK2 9US,
FK2 9UT,
FK2 9UU,
FK2 9UW,
FK2 9UX,
FK2 9UY,
FK2 9UZ,
FK2 9WA,
FK2 9WF,
FK2 9WG,
FK2 9XA,
FK2 9XB,
FK2 9XD,
FK2 9XE,
FK2 9XF,
FK2 9XG,
FK2 9XH,
FK2 9XJ,
FK2 9XL,
FK2 9XN,
FK2 9XP,
FK2 9XQ,
FK2 9XR,
FK2 9XS,
FK2 9XT,
FK2 9XU,
FK2 9XW,
FK2 9XX,
FK2 9XY,
FK2 9XZ,
FK2 9YA,
FK2 9YB,
FK2 9YD,
FK2 9YE,
FK2 9YF,
FK2 9YG,
FK2 9YH,
FK2 9YJ,
FK2 9YL,
FK2 9YQ,
FK2 9YR,
FK2 9YS,
FK2 9YT,
FK2 9YU,
FK2 9YW,
FK2 9ZD,
FK2 9ZQ,
FK208QL,
FK208QN,
FK208QP,
FK208QQ,
FK208QR,
FK208QS,
FK208QT,
FK208QU,
FK208QW,
FK208QX,
FK208QY,
FK208QZ,
FK208RJ,
FK208RL,
FK208RN,
FK208RP,
FK208RQ,
FK208RR,
FK208RS,
FK208RT,
FK208RU,
FK208RW,
FK208RX,
FK208RY,
FK208RZ,
FK208SA,
FK208SB,
FK208WU,
FK218RA,
FK218RB,
FK218RD,
FK218RE,
FK218RF,
FK218RG,
FK218RH,
FK218SH,
FK218SJ,
FK218SL,
FK218SN,
FK218SR,
FK218SS,
FK218ST,
FK218SU,
FK218SW,
FK218SX,
FK218SY,
FK218SZ,
FK218TA,
FK218TB,
FK218TD,
FK218TE,
FK218TF,
FK218TG,
FK218TH,
FK218TJ,
FK218TL,
FK218TN,
FK218TP,
FK218TQ,
FK218TR,
FK218TS,
FK218TT,
FK218TU,
FK218TX,
FK218TY,
FK218UA,
FK218UB,
FK218UH,
FK218UJ,
FK218UL,
FK218UN,
FK218UP,
FK218UR,
FK218US,
FK218UT,
FK218UW,
FK218UX,
FK218UY,
FK218UZ,
FK218WX,
FK218XA,
FK218XB,
FK218XD,
FK218XE,
FK3 0AA,
FK3 0AB,
FK3 0AD,
FK3 0AE,
FK3 0AG,
FK3 0AH,
FK3 0AJ,
FK3 0AL,
FK3 0AN,
FK3 0AP,
FK3 0AQ,
FK3 0AR,
FK3 0AS,
FK3 0AT,
FK3 0AU,
FK3 0AX,
FK3 0AY,
FK3 0AZ,
FK3 0BA,
FK3 0BB,
FK3 0BD,
FK3 0BE,
FK3 0BG,
FK3 0BH,
FK3 0BJ,
FK3 0BS,
FK3 0BT,
FK3 0BU,
FK3 0BX,
FK3 0BY,
FK3 0BZ,
FK3 0DA,
FK3 0DB,
FK3 0DD,
FK3 0DE,
FK3 0DF,
FK3 0DG,
FK3 0DH,
FK3 0DJ,
FK3 0DL,
FK3 0DN,
FK3 0DP,
FK3 0DQ,
FK3 0DR,
FK3 0DS,
FK3 0DT,
FK3 0DU,
FK3 0DW,
FK3 0DX,
FK3 0DY,
FK3 0DZ,
FK3 0EA,
FK3 0EB,
FK3 0ED,
FK3 0EE,
FK3 0EF,
FK3 0EN,
FK3 0ET,
FK3 0EU,
FK3 0EX,
FK3 0EY,
FK3 0EZ,
FK3 0HA,
FK3 0HB,
FK3 0HD,
FK3 0HE,
FK3 0HF,
FK3 0HG,
FK3 0HH,
FK3 0HJ,
FK3 0HL,
FK3 0HN,
FK3 0HP,
FK3 0HQ,
FK3 0HR,
FK3 0HS,
FK3 0HT,
FK3 0HU,
FK3 0HW,
FK3 0HX,
FK3 0HY,
FK3 0HZ,
FK3 0JA,
FK3 0JB,
FK3 0JD,
FK3 0JE,
FK3 0JF,
FK3 0JG,
FK3 0JH,
FK3 0JJ,
FK3 0JL,
FK3 0JN,
FK3 0JP,
FK3 0JQ,
FK3 0JR,
FK3 0JX,
FK3 0LA,
FK3 0LB,
FK3 0LD,
FK3 0LE,
FK3 0LF,
FK3 0LG,
FK3 0LH,
FK3 0LJ,
FK3 0LU,
FK3 0LX,
FK3 0LY,
FK3 0LZ,
FK3 0NA,
FK3 0NB,
FK3 0ND,
FK3 0UJ,
FK3 0WA,
FK3 0YA,
FK3 0ZA,
FK3 0ZB,
FK3 3AA,
FK3 3AB,
FK3 3AD,
FK3 3AE,
FK3 3AF,
FK3 3AG,
FK3 3AH,
FK3 8AA,
FK3 8AB,
FK3 8AD,
FK3 8AE,
FK3 8AF,
FK3 8AG,
FK3 8AH,
FK3 8AJ,
FK3 8AL,
FK3 8AN,
FK3 8AP,
FK3 8AQ,
FK3 8AR,
FK3 8AS,
FK3 8AT,
FK3 8AU,
FK3 8AW,
FK3 8AX,
FK3 8AY,
FK3 8AZ,
FK3 8BA,
FK3 8BB,
FK3 8BD,
FK3 8BE,
FK3 8BF,
FK3 8BG,
FK3 8BH,
FK3 8BJ,
FK3 8BL,
FK3 8BN,
FK3 8BP,
FK3 8BQ,
FK3 8BS,
FK3 8BT,
FK3 8BU,
FK3 8BW,
FK3 8BX,
FK3 8BY,
FK3 8BZ,
FK3 8DA,
FK3 8DB,
FK3 8DD,
FK3 8DG,
FK3 8DH,
FK3 8DJ,
FK3 8DL,
FK3 8DN,
FK3 8DP,
FK3 8DQ,
FK3 8DR,
FK3 8DS,
FK3 8DT,
FK3 8DU,
FK3 8DW,
FK3 8DX,
FK3 8DY,
FK3 8DZ,
FK3 8EA,
FK3 8EB,
FK3 8ED,
FK3 8EF,
FK3 8EG,
FK3 8EH,
FK3 8EL,
FK3 8EN,
FK3 8EP,
FK3 8EQ,
FK3 8ER,
FK3 8ES,
FK3 8ET,
FK3 8EU,
FK3 8EX,
FK3 8EY,
FK3 8EZ,
FK3 8HA,
FK3 8HB,
FK3 8HD,
FK3 8HE,
FK3 8HF,
FK3 8HG,
FK3 8HH,
FK3 8HJ,
FK3 8HL,
FK3 8HN,
FK3 8HP,
FK3 8HQ,
FK3 8HR,
FK3 8HT,
FK3 8HU,
FK3 8HW,
FK3 8HX,
FK3 8HY,
FK3 8HZ,
FK3 8JA,
FK3 8JB,
FK3 8JD,
FK3 8JE,
FK3 8JF,
FK3 8JH,
FK3 8JL,
FK3 8JN,
FK3 8JP,
FK3 8JR,
FK3 8JS,
FK3 8JT,
FK3 8JU,
FK3 8JX,
FK3 8JY,
FK3 8LA,
FK3 8LB,
FK3 8LD,
FK3 8LE,
FK3 8LF,
FK3 8LG,
FK3 8LH,
FK3 8LJ,
FK3 8LL,
FK3 8LN,
FK3 8LP,
FK3 8LQ,
FK3 8LR,
FK3 8LS,
FK3 8LT,
FK3 8LU,
FK3 8LW,
FK3 8LX,
FK3 8LY,
FK3 8LZ,
FK3 8NA,
FK3 8NB,
FK3 8ND,
FK3 8NE,
FK3 8NF,
FK3 8NG,
FK3 8NH,
FK3 8NJ,
FK3 8NL,
FK3 8NN,
FK3 8NS,
FK3 8NT,
FK3 8NU,
FK3 8NX,
FK3 8NY,
FK3 8NZ,
FK3 8PA,
FK3 8PB,
FK3 8PD,
FK3 8PE,
FK3 8PF,
FK3 8PG,
FK3 8PH,
FK3 8PJ,
FK3 8PL,
FK3 8PN,
FK3 8PP,
FK3 8PR,
FK3 8PS,
FK3 8PT,
FK3 8PU,
FK3 8PW,
FK3 8PX,
FK3 8PY,
FK3 8PZ,
FK3 8QE,
FK3 8QF,
FK3 8QG,
FK3 8QH,
FK3 8QJ,
FK3 8QL,
FK3 8QN,
FK3 8QP,
FK3 8QR,
FK3 8QS,
FK3 8QT,
FK3 8QU,
FK3 8QX,
FK3 8QY,
FK3 8QZ,
FK3 8RA,
FK3 8RB,
FK3 8RD,
FK3 8RE,
FK3 8RF,
FK3 8RG,
FK3 8RH,
FK3 8RJ,
FK3 8RL,
FK3 8RN,
FK3 8RP,
FK3 8RR,
FK3 8RS,
FK3 8RT,
FK3 8RU,
FK3 8RY,
FK3 8SD,
FK3 8SE,
FK3 8SF,
FK3 8SG,
FK3 8SH,
FK3 8SJ,
FK3 8SL,
FK3 8SN,
FK3 8SP,
FK3 8SR,
FK3 8SS,
FK3 8ST,
FK3 8SU,
FK3 8SX,
FK3 8SY,
FK3 8SZ,
FK3 8TA,
FK3 8TB,
FK3 8TD,
FK3 8TE,
FK3 8TF,
FK3 8TG,
FK3 8TH,
FK3 8TJ,
FK3 8TL,
FK3 8TN,
FK3 8TP,
FK3 8TQ,
FK3 8TR,
FK3 8TT,
FK3 8TU,
FK3 8TX,
FK3 8TY,
FK3 8TZ,
FK3 8UA,
FK3 8UB,
FK3 8UD,
FK3 8UE,
FK3 8UF,
FK3 8UG,
FK3 8UH,
FK3 8UJ,
FK3 8UL,
FK3 8UN,
FK3 8UP,
FK3 8UQ,
FK3 8UR,
FK3 8US,
FK3 8UT,
FK3 8UU,
FK3 8UW,
FK3 8UX,
FK3 8UY,
FK3 8UZ,
FK3 8WA,
FK3 8WB,
FK3 8WD,
FK3 8WE,
FK3 8WG,
FK3 8WH,
FK3 8WJ,
FK3 8WW,
FK3 8WX,
FK3 8XA,
FK3 8XB,
FK5 4RE,
FK5 4RF,
FK5 4RG,
FK5 4RH,
FK5 4RJ,
FK5 4RL,
FK5 4RN,
FK5 4RP,
FK5 4RQ,
FK5 4RR,
FK5 4RS,
FK5 4RT,
FK5 4RU,
FK5 4RW,
FK5 4RX,
FK5 4RY,
FK5 4RZ,
FK5 4SA,
FK5 4SB,
FK5 4SD,
FK5 4SE,
FK5 4SF,
FK5 4SG,
FK5 4SH,
FK5 4SJ,
FK5 4SL,
FK5 4SN,
FK5 4SP,
FK5 4SQ,
FK5 4SR,
FK5 4SS,
FK5 4ST,
FK5 4SU,
FK5 4SW,
FK5 4SX,
FK5 4SY,
FK5 4SZ,
FK5 4TB,
FK5 4TD,
FK5 4TE,
FK5 4TF,
FK5 4TG,
FK5 4TH,
FK5 4TJ,
FK5 4TL,
FK5 4TN,
FK5 4TP,
FK5 4TQ,
FK5 4TR,
FK5 4TS,
FK5 4TT,
FK5 4TU,
FK5 4TW,
FK5 4TX,
FK5 4TY,
FK5 4TZ,
FK5 4UA,
FK5 4UB,
FK5 4UD,
FK5 4UE,
FK5 4UF,
FK5 4UG,
FK5 4UH,
FK5 4UJ,
FK5 4UL,
FK5 4UN,
FK5 4UP,
FK5 4UQ,
FK5 4UR,
FK5 4US,
FK5 4UT,
FK5 4UU,
FK5 4UW,
FK5 4UX,
FK5 4UY,
FK5 4UZ,
FK5 4WA,
FK5 4WB,
FK5 4WD,
FK5 4WE,
FK5 4WF,
FK5 4WG,
FK5 4WH,
FK5 4WJ,
FK5 4WL,
FK5 4WN,
FK5 4WP,
FK5 4WQ,
FK5 4WR,
FK5 4WS,
FK5 4WT,
FK5 4WU,
FK5 4WW,
FK5 4WX,
FK5 4XA,
FK5 4XB,
FK5 4XD,
FK5 4XE,
FK5 4XF,
FK5 4XG,
FK5 4XH,
FK5 4XJ,
FK5 4XL,
FK5 4XN,
FK5 4XP,
FK5 4XQ,
FK5 4XR,
FK5 4XS,
FK5 4XT,
FK5 4XU,
FK5 4XX,
FK5 4XY,
FK5 4XZ,
FK5 4YA,
FK5 4YB,
FK5 4YD,
FK5 4YE,
FK5 4YF,
FK5 4YG,
FK5 4YH,
FK5 4YJ,
FK5 4YL,
FK5 4YN,
FK5 4YQ,
FK5 4YR,
FK5 4YS,
FK5 4YT,
FK5 4YU,
FK5 4YW,
FK5 4YX,
FK5 4YY,
FK5 4YZ,
FK5 4ZA,
FK5 4ZB,
FK5 4ZD,
FK5 4ZE,
FK5 4ZF,
FK5 4ZG,
FK5 4ZH,
FK5 4ZJ,
FK5 4ZL,
FK5 4ZN,
FK5 4ZP,
FK5 4ZQ,
FK6 5AA,
FK6 5AB,
FK6 5AD,
FK6 5AE,
FK6 5AF,
FK6 5AG,
FK6 5AH,
FK6 5AJ,
FK6 5AL,
FK6 5AN,
FK6 5AP,
FK6 5AQ,
FK6 5AR,
FK6 5AS,
FK6 5AT,
FK6 5AU,
FK6 5AW,
FK6 5AX,
FK6 5AY,
FK6 5AZ,
FK6 5BA,
FK6 5BB,
FK6 5BD,
FK6 5BE,
FK6 5BF,
FK6 5BG,
FK6 5BH,
FK6 5BJ,
FK6 5BL,
FK6 5BN,
FK6 5BP,
FK6 5BS,
FK6 5BT,
FK6 5BU,
FK6 5BW,
FK6 5BX,
FK6 5BY,
FK6 5BZ,
FK6 5DA,
FK6 5DB,
FK6 5DD,
FK6 5DE,
FK6 5DF,
FK6 5DG,
FK6 5DH,
FK6 5DJ,
FK6 5DL,
FK6 5DN,
FK6 5DP,
FK6 5DQ,
FK6 5DR,
FK6 5DS,
FK6 5DT,
FK6 5DU,
FK6 5DW,
FK6 5DX,
FK6 5DY,
FK6 5DZ,
FK6 5EA,
FK6 5EB,
FK6 5ED,
FK6 5EE,
FK6 5EG,
FK6 5EH,
FK6 5EJ,
FK6 5EL,
FK6 5EN,
FK6 5EP,
FK6 5EQ,
FK6 5ER,
FK6 5ES,
FK6 5ET,
FK6 5EU,
FK6 5EW,
FK6 5EY,
FK6 5EZ,
FK6 5FE,
FK6 5FF,
FK6 5FG,
FK6 5FH,
FK6 5FJ,
FK6 5FL,
FK6 5FN,
FK6 5FP,
FK6 5GU,
FK6 5GW,
FK6 5GX,
FK6 5GY,
FK6 5GZ,
FK6 5HA,
FK6 5HB,
FK6 5HD,
FK6 5HE,
FK6 5HF,
FK6 5HG,
FK6 5HH,
FK6 5HJ,
FK6 5HL,
FK6 5HN,
FK6 5HP,
FK6 5HQ,
FK6 5HR,
FK6 5HS,
FK6 5HT,
FK6 5HU,
FK6 5HW,
FK6 5HX,
FK6 5HY,
FK6 5HZ,
FK6 5JA,
FK6 5JB,
FK6 5JD,
FK6 5JE,
FK6 5JF,
FK6 5JG,
FK6 5JH,
FK6 5JJ,
FK6 5JL,
FK6 5JN,
FK6 5JP,
FK6 5JQ,
FK6 5JR,
FK6 5JS,
FK6 5JT,
FK6 5JU,
FK6 5JW,
FK6 5JX,
FK6 5JY,
FK6 5JZ,
FK6 5LA,
FK6 5LB,
FK6 5LD,
FK6 5LE,
FK6 5LF,
FK6 5LG,
FK6 5LH,
FK6 5LJ,
FK6 5LL,
FK6 5LN,
FK6 5LP,
FK6 5LQ,
FK6 5LR,
FK6 5LS,
FK6 5LT,
FK6 5LU,
FK6 5LW,
FK6 5LX,
FK6 5LY,
FK6 5LZ,
FK6 5NA,
FK6 5NB,
FK6 5ND,
FK6 5NE,
FK6 5NF,
FK6 5NG,
FK6 5NH,
FK6 5NJ,
FK6 5NL,
FK6 5NN,
FK6 5NP,
FK6 5NQ,
FK6 5NR,
FK6 5NS,
FK6 5NT,
FK6 5NU,
FK6 5NW,
FK6 5NX,
FK6 5NY,
FK6 5NZ,
FK6 5PA,
FK6 5PB,
FK6 5PD,
FK6 5PG,
FK6 5PH,
FK6 5PJ,
FK6 5PL,
FK6 5PN,
FK6 5PQ,
FK6 5PR,
FK6 5PW,
FK6 5WA,
FK6 5WB,
FK6 5WD,
FK6 5XA,
FK6 5YA,
FK6 5YB,
FK6 5YE,
FK6 5YF,
FK6 5YG,
FK6 5YH,
FK6 5YJ,
FK6 5YQ,
FK6 5ZA,
FK6 5ZB,
FK6 5ZD,
FK6 6AA,
FK6 6AB,
FK6 6AD,
FK6 6AE,
FK6 6AF,
FK6 6AG,
FK6 6AH,
FK6 6AJ,
FK6 6AL,
FK6 6AN,
FK6 6AP,
FK6 6AQ,
FK6 6AS,
FK6 6AW,
FK6 6AY,
FK6 6AZ,
FK6 6BA,
FK6 6BB,
FK6 6BG,
FK6 6BH,
FK6 6BJ,
FK6 6BL,
FK6 6BN,
FK6 6BP,
FK6 6BQ,
FK6 6BS,
FK6 6BT,
FK6 6BU,
FK6 6BW,
FK6 6BZ,
FK6 6DA,
FK6 6DB,
FK6 6DD,
FK6 6DE,
FK6 6DF,
FK6 6DG,
FK6 6DH,
FK6 6DJ,
FK6 6DL,
FK6 6DN,
FK6 6DP,
FK6 6DQ,
FK6 6DR,
FK6 6DS,
FK6 6DT,
FK6 6DU,
FK6 6DW,
FK6 6DX,
FK6 6DY,
FK6 6DZ,
FK6 6EA,
FK6 6EB,
FK6 6ED,
FK6 6EE,
FK6 6EF,
FK6 6EG,
FK6 6EH,
FK6 6EJ,
FK6 6EL,
FK6 6EN,
FK6 6EP,
FK6 6EQ,
FK6 6ER,
FK6 6ES,
FK6 6ET,
FK6 6EU,
FK6 6EW,
FK6 6EX,
FK6 6EY,
FK6 6EZ,
FK6 6FA,
FK6 6GA,
FK6 6GB,
FK6 6GD,
FK6 6HA,
FK6 6HD,
FK6 6HE,
FK6 6HF,
FK6 6HG,
FK6 6HH,
FK6 6HJ,
FK6 6HL,
FK6 6HN,
FK6 6HP,
FK6 6HQ,
FK6 6HR,
FK6 6HS,
FK6 6HT,
FK6 6HU,
FK6 6HW,
FK6 6HZ,
FK6 6JB,
FK6 6JD,
FK6 6JE,
FK6 6JF,
FK6 6JG,
FK6 6JH,
FK6 6JJ,
FK6 6JL,
FK6 6JN,
FK6 6JP,
FK6 6JQ,
FK6 6JR,
FK6 6JS,
FK6 6JT,
FK6 6JU,
FK6 6JW,
FK6 6JX,
FK6 6JY,
FK6 6JZ,
FK6 6LA,
FK6 6LB,
FK6 6LD,
FK6 6LE,
FK6 6LF,
FK6 6LG,
FK6 6LH,
FK6 6LJ,
FK6 6LL,
FK6 6LN,
FK6 6LP,
FK6 6LQ,
FK6 6LR,
FK6 6LS,
FK6 6LT,
FK6 6LU,
FK6 6LW,
FK6 6LX,
FK6 6LY,
FK6 6LZ,
FK6 6NA,
FK6 6NB,
FK6 6ND,
FK6 6NE,
FK6 6NF,
FK6 6NG,
FK6 6NH,
FK6 6NJ,
FK6 6NL,
FK6 6NN,
FK6 6NP,
FK6 6NQ,
FK6 6NR,
FK6 6NS,
FK6 6NT,
FK6 6NU,
FK6 6NW,
FK6 6NX,
FK6 6NY,
FK6 6NZ,
FK6 6PA,
FK6 6PB,
FK6 6PD,
FK6 6PF,
FK6 6PG,
FK6 6PH,
FK6 6PN,
FK6 6PP,
FK6 6PQ,
FK6 6PR,
FK6 6PS,
FK6 6PW,
FK6 6QA,
FK6 6QB,
FK6 6QD,
FK6 6QE,
FK6 6QF,
FK6 6QG,
FK6 6QH,
FK6 6QJ,
FK6 6QL,
FK6 6QN,
FK6 6QP,
FK6 6QQ,
FK6 6QR,
FK6 6QS,
FK6 6QT,
FK6 6QW,
FK6 6QX,
FK6 6QY,
FK6 6QZ,
FK6 6RA,
FK6 6RB,
FK6 6RD,
FK6 6RF,
FK6 6RG,
FK6 6RH,
FK6 6RQ,
FK6 6WT,
FK6 6WU,
FK6 6WX,
FK6 6YH,
FK6 6YJ,
FK6 6YL,
FK6 6YN,
FK6 6YQ,
FK6 6YW,
FK6 9AA,
FK6 9AB,
FK6 9AD,
FK6 9AE,
FK6 9AF,
FK6 9AG,
FK6 9AH,
FK6 9AJ,
FK6 9AL,
FK6 9AN,
FK6 9AP,
FK6 9AQ,
FK6 9AR,
FK6 9AT,
FK6 9AU,
FK6 9AW,
FK6 9AX,
FK7 0AE,
FK7 0AG,
FK7 0AH,
FK7 0AN,
FK7 0AP,
FK7 0AQ,
FK7 0AR,
FK7 0AS,
FK7 0AX,
FK7 0AY,
FK7 0AZ,
FK7 0BA,
FK7 0BB,
FK7 0BD,
FK7 0BE,
FK7 0BG,
FK7 0BH,
FK7 0BP,
FK7 0BQ,
FK7 0BS,
FK7 0BT,
FK7 0BU,
FK7 0BX,
FK7 0BY,
FK7 0BZ,
FK7 0DA,
FK7 0DB,
FK7 0DD,
FK7 0DE,
FK7 0DF,
FK7 0DG,
FK7 0DH,
FK7 0DJ,
FK7 0DL,
FK7 0DN,
FK7 0DP,
FK7 0DQ,
FK7 0DR,
FK7 0DS,
FK7 0DT,
FK7 0DW,
FK7 0DX,
FK7 0DZ,
FK7 0EB,
FK7 0ED,
FK7 0EE,
FK7 0EF,
FK7 0EG,
FK7 0EH,
FK7 0EJ,
FK7 0EL,
FK7 0EN,
FK7 0EP,
FK7 0EQ,
FK7 0ER,
FK7 0ES,
FK7 0ET,
FK7 0EU,
FK7 0EW,
FK7 0EX,
FK7 0EY,
FK7 0EZ,
FK7 0HA,
FK7 0HB,
FK7 0HD,
FK7 0HE,
FK7 0HF,
FK7 0HG,
FK7 0HJ,
FK7 0HL,
FK7 0HN,
FK7 0HP,
FK7 0HQ,
FK7 0HR,
FK7 0HS,
FK7 0HT,
FK7 0HU,
FK7 0HW,
FK7 0HX,
FK7 0HY,
FK7 0HZ,
FK7 0JA,
FK7 0JB,
FK7 0JD,
FK7 0JE,
FK7 0JF,
FK7 0JG,
FK7 0JH,
FK7 0JJ,
FK7 0JL,
FK7 0JN,
FK7 0JP,
FK7 0JQ,
FK7 0JR,
FK7 0JS,
FK7 0JT,
FK7 0JU,
FK7 0JW,
FK7 0JX,
FK7 0JY,
FK7 0JZ,
FK7 0LA,
FK7 0LD,
FK7 0LE,
FK7 0LF,
FK7 0LG,
FK7 0LH,
FK7 0LJ,
FK7 0LL,
FK7 0LN,
FK7 0LP,
FK7 0LQ,
FK7 0LR,
FK7 0LS,
FK7 0LT,
FK7 0LU,
FK7 0LW,
FK7 0LX,
FK7 0LY,
FK7 0LZ,
FK7 0NA,
FK7 0NB,
FK7 0ND,
FK7 0NE,
FK7 0NF,
FK7 0NG,
FK7 0NH,
FK7 0NJ,
FK7 0NL,
FK7 0NN,
FK7 0NP,
FK7 0NQ,
FK7 0NR,
FK7 0NW,
FK7 0PA,
FK7 0PB,
FK7 0PD,
FK7 0PE,
FK7 0PF,
FK7 0PG,
FK7 0PH,
FK7 0PJ,
FK7 0PL,
FK7 0PN,
FK7 0PP,
FK7 0PQ,
FK7 0PR,
FK7 0PS,
FK7 0PT,
FK7 0PU,
FK7 0PW,
FK7 0PX,
FK7 0PY,
FK7 0PZ,
FK7 0QA,
FK7 0QB,
FK7 0QD,
FK7 0QE,
FK7 0QF,
FK7 0QG,
FK7 0QH,
FK7 0QJ,
FK7 0QL,
FK7 0QN,
FK7 0QP,
FK7 0QQ,
FK7 0QR,
FK7 0QS,
FK7 0QT,
FK7 0QU,
FK7 0QW,
FK7 0QX,
FK7 0QY,
FK7 0WA,
FK7 0WW,
FK7 0WX,
FK7 0YA,
FK7 0YB,
FK7 0YE,
FK7 0YF,
FK7 0YG,
FK7 0YH,
FK7 0YL,
FK7 0YN,
FK7 0YP,
FK7 0YQ,
FK7 0ZY,
FK7 0ZZ,
FK7 1AA,
FK7 1AB,
FK7 1AD,
FK7 1AE,
FK7 1AF,
FK7 1AG,
FK7 1AH,
FK7 1AJ,
FK7 1AL,
FK7 1AN,
FK7 1AP,
FK7 1AQ,
FK7 1AR,
FK7 1AS,
FK7 1AT,
FK7 1AU,
FK7 1AW,
FK7 1AX,
FK7 1AY,
FK7 1AZ,
FK7 1BA,
FK7 1BB,
FK7 1BD,
FK7 1BE,
FK7 1BF,
FK7 1BG,
FK7 1BH,
FK7 1BJ,
FK7 1BL,
FK7 1BN,
FK7 1BP,
FK7 1BQ,
FK7 1BR,
FK7 1BS,
FK7 1BT,
FK7 1BU,
FK7 1BW,
FK7 1BX,
FK7 1BY,
FK7 1BZ,
FK7 1DA,
FK7 1DB,
FK7 1DD,
FK7 1DE,
FK7 1DF,
FK7 1DG,
FK7 1DH,
FK7 1DJ,
FK7 1DL,
FK7 1DN,
FK7 1DP,
FK7 1DQ,
FK7 1DR,
FK7 1DS,
FK7 1DT,
FK7 1DU,
FK7 1DW,
FK7 1DX,
FK7 1DY,
FK7 1DZ,
FK7 1EA,
FK7 1EB,
FK7 1ED,
FK7 1EE,
FK7 1EF,
FK7 1EG,
FK7 1EH,
FK7 1EJ,
FK7 1EL,
FK7 1EN,
FK7 1EP,
FK7 1EQ,
FK7 1ER,
FK7 1ES,
FK7 1ET,
FK7 1EU,
FK7 1GD,
FK7 1SA,
FK7 1SB,
FK7 1SD,
FK7 1SE,
FK7 1SF,
FK7 1SG,
FK7 1SH,
FK7 1SJ,
FK7 1SL,
FK7 1SN,
FK7 1SP,
FK7 1SQ,
FK7 1SR,
FK7 1SS,
FK7 1ST,
FK7 1SU,
FK7 1SW,
FK7 1SX,
FK7 1SY,
FK7 1SZ,
FK7 1TA,
FK7 1TB,
FK7 1TD,
FK7 1ZZ,
FK7 7AA,
FK7 7AB,
FK7 7AD,
FK7 7AE,
FK7 7AF,
FK7 7AG,
FK7 7AH,
FK7 7AJ,
FK7 7AL,
FK7 7AN,
FK7 7AP,
FK7 7AQ,
FK7 7AR,
FK7 7AS,
FK7 7AT,
FK7 7AU,
FK7 7AW,
FK7 7AX,
FK7 7AY,
FK7 7AZ,
FK7 7BA,
FK7 7BB,
FK7 7BD,
FK7 7BE,
FK7 7BF,
FK7 7BG,
FK7 7BH,
FK7 7BJ,
FK7 7BL,
FK7 7BN,
FK7 7BP,
FK7 7BQ,
FK7 7BS,
FK7 7BT,
FK7 7BU,
FK7 7BW,
FK7 7BX,
FK7 7BY,
FK7 7BZ,
FK7 7DA,
FK7 7DB,
FK7 7DD,
FK7 7DE,
FK7 7DF,
FK7 7DG,
FK7 7DH,
FK7 7DJ,
FK7 7DL,
FK7 7DN,
FK7 7DP,
FK7 7DQ,
FK7 7DR,
FK7 7DS,
FK7 7DT,
FK7 7DU,
FK7 7DW,
FK7 7DX,
FK7 7DY,
FK7 7DZ,
FK7 7EA,
FK7 7EB,
FK7 7ED,
FK7 7EE,
FK7 7EF,
FK7 7EG,
FK7 7EH,
FK7 7EJ,
FK7 7EL,
FK7 7EN,
FK7 7EP,
FK7 7EQ,
FK7 7ER,
FK7 7ES,
FK7 7ET,
FK7 7EU,
FK7 7EW,
FK7 7EX,
FK7 7EY,
FK7 7EZ,
FK7 7FA,
FK7 7FB,
FK7 7FD,
FK7 7FE,
FK7 7FG,
FK7 7GN,
FK7 7GU,
FK7 7GW,
FK7 7GX,
FK7 7GY,
FK7 7GZ,
FK7 7HA,
FK7 7HB,
FK7 7HD,
FK7 7HE,
FK7 7HF,
FK7 7HG,
FK7 7HH,
FK7 7HL,
FK7 7HN,
FK7 7HP,
FK7 7HQ,
FK7 7HR,
FK7 7HS,
FK7 7HT,
FK7 7HU,
FK7 7HW,
FK7 7HX,
FK7 7HY,
FK7 7HZ,
FK7 7JA,
FK7 7JB,
FK7 7JD,
FK7 7JE,
FK7 7JF,
FK7 7JG,
FK7 7JH,
FK7 7JJ,
FK7 7JL,
FK7 7JN,
FK7 7JP,
FK7 7JQ,
FK7 7JR,
FK7 7JS,
FK7 7JT,
FK7 7JU,
FK7 7JW,
FK7 7JX,
FK7 7JY,
FK7 7JZ,
FK7 7LA,
FK7 7LB,
FK7 7LD,
FK7 7LE,
FK7 7LF,
FK7 7LG,
FK7 7LH,
FK7 7LJ,
FK7 7LL,
FK7 7LN,
FK7 7LP,
FK7 7LQ,
FK7 7LR,
FK7 7LS,
FK7 7LT,
FK7 7LU,
FK7 7LW,
FK7 7LX,
FK7 7LY,
FK7 7NA,
FK7 7NB,
FK7 7ND,
FK7 7NE,
FK7 7NF,
FK7 7NG,
FK7 7NH,
FK7 7NJ,
FK7 7NL,
FK7 7NN,
FK7 7NP,
FK7 7NQ,
FK7 7NR,
FK7 7NS,
FK7 7NT,
FK7 7NU,
FK7 7NW,
FK7 7NX,
FK7 7NY,
FK7 7NZ,
FK7 7PA,
FK7 7PB,
FK7 7PD,
FK7 7PE,
FK7 7PF,
FK7 7PG,
FK7 7PH,
FK7 7PJ,
FK7 7PL,
FK7 7PN,
FK7 7PP,
FK7 7PQ,
FK7 7PR,
FK7 7PS,
FK7 7PT,
FK7 7PU,
FK7 7PW,
FK7 7PX,
FK7 7PY,
FK7 7PZ,
FK7 7QA,
FK7 7QB,
FK7 7QD,
FK7 7QE,
FK7 7QF,
FK7 7QG,
FK7 7QH,
FK7 7QJ,
FK7 7QL,
FK7 7QN,
FK7 7QP,
FK7 7QQ,
FK7 7QR,
FK7 7QS,
FK7 7QT,
FK7 7QU,
FK7 7QW,
FK7 7QX,
FK7 7QY,
FK7 7QZ,
FK7 7RA,
FK7 7RB,
FK7 7RD,
FK7 7RE,
FK7 7RF,
FK7 7RG,
FK7 7RH,
FK7 7RJ,
FK7 7RL,
FK7 7RN,
FK7 7RP,
FK7 7RQ,
FK7 7RR,
FK7 7RS,
FK7 7RT,
FK7 7RU,
FK7 7RW,
FK7 7RX,
FK7 7RY,
FK7 7RZ,
FK7 7SA,
FK7 7SB,
FK7 7SD,
FK7 7SE,
FK7 7SF,
FK7 7SG,
FK7 7SH,
FK7 7SJ,
FK7 7SL,
FK7 7SN,
FK7 7SP,
FK7 7SQ,
FK7 7SR,
FK7 7SS,
FK7 7ST,
FK7 7SU,
FK7 7SW,
FK7 7SX,
FK7 7SY,
FK7 7SZ,
FK7 7TA,
FK7 7TB,
FK7 7TD,
FK7 7TE,
FK7 7TL,
FK7 7TN,
FK7 7TP,
FK7 7TQ,
FK7 7TR,
FK7 7TS,
FK7 7TT,
FK7 7TU,
FK7 7TW,
FK7 7TX,
FK7 7TY,
FK7 7TZ,
FK7 7UA,
FK7 7UB,
FK7 7UD,
FK7 7UE,
FK7 7UF,
FK7 7UG,
FK7 7UH,
FK7 7UJ,
FK7 7UL,
FK7 7UN,
FK7 7UP,
FK7 7UQ,
FK7 7UR,
FK7 7US,
FK7 7UT,
FK7 7UU,
FK7 7UW,
FK7 7UX,
FK7 7UY,
FK7 7WA,
FK7 7WB,
FK7 7WD,
FK7 7WE,
FK7 7WF,
FK7 7WG,
FK7 7WH,
FK7 7WJ,
FK7 7WL,
FK7 7WN,
FK7 7WP,
FK7 7WQ,
FK7 7WR,
FK7 7WS,
FK7 7WT,
FK7 7WU,
FK7 7WW,
FK7 7WX,
FK7 7XA,
FK7 7XB,
FK7 7XD,
FK7 7XE,
FK7 7XF,
FK7 7XG,
FK7 7XH,
FK7 7XJ,
FK7 7XL,
FK7 7XN,
FK7 7XQ,
FK7 7XR,
FK7 7XS,
FK7 7XT,
FK7 7XU,
FK7 7XX,
FK7 7XY,
FK7 7YA,
FK7 7YB,
FK7 7YD,
FK7 7YE,
FK7 7YF,
FK7 7YJ,
FK7 7YP,
FK7 7YQ,
FK7 7YS,
FK7 7YU,
FK7 7YW,
FK7 7YX,
FK7 7YY,
FK7 7ZA,
FK7 7ZB,
FK7 7ZD,
FK7 7ZF,
FK7 7ZG,
FK7 7ZH,
FK7 7ZU,
FK7 8AA,
FK7 8AB,
FK7 8AD,
FK7 8AE,
FK7 8AF,
FK7 8AG,
FK7 8AH,
FK7 8AJ,
FK7 8AL,
FK7 8AN,
FK7 8AP,
FK7 8AQ,
FK7 8AR,
FK7 8AS,
FK7 8AT,
FK7 8AW,
FK7 8AX,
FK7 8AY,
FK7 8AZ,
FK7 8BA,
FK7 8BB,
FK7 8BD,
FK7 8BE,
FK7 8BF,
FK7 8BG,
FK7 8BH,
FK7 8BJ,
FK7 8BL,
FK7 8BN,
FK7 8BP,
FK7 8BQ,
FK7 8BR,
FK7 8BS,
FK7 8BT,
FK7 8BU,
FK7 8BW,
FK7 8BX,
FK7 8BY,
FK7 8BZ,
FK7 8DA,
FK7 8DB,
FK7 8DD,
FK7 8DE,
FK7 8DF,
FK7 8DG,
FK7 8DH,
FK7 8DJ,
FK7 8DL,
FK7 8DN,
FK7 8DP,
FK7 8DQ,
FK7 8DR,
FK7 8DS,
FK7 8DT,
FK7 8DU,
FK7 8DW,
FK7 8DX,
FK7 8DY,
FK7 8DZ,
FK7 8EA,
FK7 8EB,
FK7 8ED,
FK7 8EE,
FK7 8EF,
FK7 8EG,
FK7 8EH,
FK7 8EJ,
FK7 8EL,
FK7 8EN,
FK7 8EP,
FK7 8EQ,
FK7 8ER,
FK7 8ES,
FK7 8ET,
FK7 8EU,
FK7 8EW,
FK7 8EX,
FK7 8EY,
FK7 8EZ,
FK7 8FA,
FK7 8FB,
FK7 8FD,
FK7 8FE,
FK7 8FG,
FK7 8FH,
FK7 8FJ,
FK7 8GA,
FK7 8GB,
FK7 8GD,
FK7 8HA,
FK7 8HB,
FK7 8HD,
FK7 8HE,
FK7 8HF,
FK7 8HG,
FK7 8HH,
FK7 8HJ,
FK7 8HL,
FK7 8HP,
FK7 8HQ,
FK7 8HR,
FK7 8HS,
FK7 8HT,
FK7 8HW,
FK7 8HX,
FK7 8HY,
FK7 8HZ,
FK7 8JA,
FK7 8JB,
FK7 8JD,
FK7 8JE,
FK7 8JF,
FK7 8JG,
FK7 8JH,
FK7 8JJ,
FK7 8JL,
FK7 8JN,
FK7 8JP,
FK7 8JQ,
FK7 8JR,
FK7 8JS,
FK7 8JT,
FK7 8JU,
FK7 8JW,
FK7 8JX,
FK7 8JY,
FK7 8JZ,
FK7 8LA,
FK7 8LB,
FK7 8LD,
FK7 8LE,
FK7 8LF,
FK7 8LG,
FK7 8LH,
FK7 8LJ,
FK7 8LL,
FK7 8LN,
FK7 8LP,
FK7 8LQ,
FK7 8LR,
FK7 8LS,
FK7 8LT,
FK7 8LU,
FK7 8LW,
FK7 8LX,
FK7 8LY,
FK7 8LZ,
FK7 8NA,
FK7 8NB,
FK7 8ND,
FK7 8NE,
FK7 8NF,
FK7 8NG,
FK7 8NH,
FK7 8NJ,
FK7 8NL,
FK7 8NN,
FK7 8NP,
FK7 8NQ,
FK7 8NR,
FK7 8NS,
FK7 8NT,
FK7 8NU,
FK7 8NW,
FK7 8NX,
FK7 8NY,
FK7 8NZ,
FK7 8PA,
FK7 8PB,
FK7 8PE,
FK7 8PF,
FK7 8PG,
FK7 8PH,
FK7 8PJ,
FK7 8PL,
FK7 8PN,
FK7 8PP,
FK7 8PQ,
FK7 8PR,
FK7 8PS,
FK7 8PT,
FK7 8PU,
FK7 8PW,
FK7 8PX,
FK7 8PY,
FK7 8PZ,
FK7 8QA,
FK7 8QB,
FK7 8UF,
FK7 8WA,
FK7 8WB,
FK7 8YA,
FK7 8YD,
FK7 8YE,
FK7 8YF,
FK7 8YG,
FK7 8ZE,
FK7 9AA,
FK7 9AB,
FK7 9AD,
FK7 9AE,
FK7 9AF,
FK7 9AG,
FK7 9AH,
FK7 9AJ,
FK7 9AL,
FK7 9AN,
FK7 9AP,
FK7 9AQ,
FK7 9AR,
FK7 9AS,
FK7 9AT,
FK7 9AU,
FK7 9AW,
FK7 9AX,
FK7 9AY,
FK7 9AZ,
FK7 9BA,
FK7 9BB,
FK7 9BD,
FK7 9BE,
FK7 9BF,
FK7 9BG,
FK7 9BH,
FK7 9BL,
FK7 9BN,
FK7 9BP,
FK7 9BQ,
FK7 9BS,
FK7 9BT,
FK7 9BU,
FK7 9BW,
FK7 9BX,
FK7 9BY,
FK7 9BZ,
FK7 9DA,
FK7 9DB,
FK7 9DD,
FK7 9DE,
FK7 9DF,
FK7 9DG,
FK7 9DH,
FK7 9DJ,
FK7 9DN,
FK7 9DP,
FK7 9DQ,
FK7 9DT,
FK7 9DU,
FK7 9DW,
FK7 9DX,
FK7 9DY,
FK7 9DZ,
FK7 9EA,
FK7 9EB,
FK7 9ED,
FK7 9EF,
FK7 9EG,
FK7 9EH,
FK7 9EJ,
FK7 9EL,
FK7 9EQ,
FK7 9ER,
FK7 9EW,
FK7 9HA,
FK7 9HB,
FK7 9HD,
FK7 9HE,
FK7 9HF,
FK7 9HG,
FK7 9HH,
FK7 9HJ,
FK7 9HL,
FK7 9HN,
FK7 9HP,
FK7 9HQ,
FK7 9HR,
FK7 9HS,
FK7 9HT,
FK7 9HU,
FK7 9HW,
FK7 9HX,
FK7 9HY,
FK7 9HZ,
FK7 9JA,
FK7 9JB,
FK7 9JD,
FK7 9JE,
FK7 9JF,
FK7 9JG,
FK7 9JH,
FK7 9JJ,
FK7 9JL,
FK7 9JN,
FK7 9JP,
FK7 9JQ,
FK7 9JR,
FK7 9JS,
FK7 9JT,
FK7 9JU,
FK7 9JW,
FK7 9JX,
FK7 9JY,
FK7 9JZ,
FK7 9LA,
FK7 9LB,
FK7 9LD,
FK7 9LE,
FK7 9LF,
FK7 9LG,
FK7 9LH,
FK7 9LJ,
FK7 9LL,
FK7 9LN,
FK7 9LP,
FK7 9LQ,
FK7 9LR,
FK7 9LS,
FK7 9LT,
FK7 9LU,
FK7 9LW,
FK7 9LX,
FK7 9LY,
FK7 9LZ,
FK7 9NA,
FK7 9NB,
FK7 9ND,
FK7 9NE,
FK7 9NF,
FK7 9NG,
FK7 9NH,
FK7 9NJ,
FK7 9NL,
FK7 9NN,
FK7 9NP,
FK7 9NQ,
FK7 9NR,
FK7 9NS,
FK7 9NT,
FK7 9NU,
FK7 9NW,
FK7 9NX,
FK7 9NY,
FK7 9NZ,
FK7 9PA,
FK7 9PB,
FK7 9PD,
FK7 9PE,
FK7 9PF,
FK7 9PG,
FK7 9PH,
FK7 9PJ,
FK7 9PL,
FK7 9PN,
FK7 9PP,
FK7 9PQ,
FK7 9PR,
FK7 9PS,
FK7 9PT,
FK7 9PU,
FK7 9PW,
FK7 9PX,
FK7 9PY,
FK7 9PZ,
FK7 9QA,
FK7 9QB,
FK7 9QD,
FK7 9QE,
FK7 9QF,
FK7 9QG,
FK7 9QH,
FK7 9QJ,
FK7 9QL,
FK7 9QN,
FK7 9QP,
FK7 9QQ,
FK7 9QR,
FK7 9QS,
FK7 9QT,
FK7 9QU,
FK7 9QW,
FK7 9QX,
FK7 9QY,
FK7 9RA,
FK7 9RB,
FK7 9RD,
FK7 9RE,
FK7 9WA,
FK7 9WT,
FK7 9WU,
FK7 9WW,
FK7 9WX,
FK7 9YB,
FK7 9YE,
FK7 9YF,
FK7 9YH,
FK7 9YJ,
FK7 9YL,
FK7 9YN,
FK7 9YP,
FK7 9YQ,
FK7 9YR,
FK7 9YS,
FK7 9YT,
FK7 9YU,
FK7 9YZ,
FK7 9ZA,
FK7 9ZB,
FK7 9ZD,
FK8 1AA,
FK8 1AB,
FK8 1AD,
FK8 1AE,
FK8 1AG,
FK8 1AH,
FK8 1AJ,
FK8 1AL,
FK8 1AN,
FK8 1AP,
FK8 1AQ,
FK8 1AR,
FK8 1AS,
FK8 1AT,
FK8 1AU,
FK8 1AX,
FK8 1AY,
FK8 1AZ,
FK8 1BA,
FK8 1BB,
FK8 1BD,
FK8 1BE,
FK8 1BG,
FK8 1BH,
FK8 1BJ,
FK8 1BL,
FK8 1BN,
FK8 1BP,
FK8 1BQ,
FK8 1BS,
FK8 1BT,
FK8 1BU,
FK8 1BW,
FK8 1BX,
FK8 1BY,
FK8 1BZ,
FK8 1DB,
FK8 1DD,
FK8 1DE,
FK8 1DG,
FK8 1DH,
FK8 1DJ,
FK8 1DL,
FK8 1DN,
FK8 1DP,
FK8 1DQ,
FK8 1DR,
FK8 1DS,
FK8 1DT,
FK8 1DU,
FK8 1DW,
FK8 1DX,
FK8 1DZ,
FK8 1EA,
FK8 1EB,
FK8 1ED,
FK8 1EE,
FK8 1EF,
FK8 1EG,
FK8 1EH,
FK8 1EJ,
FK8 1EL,
FK8 1EN,
FK8 1EP,
FK8 1EQ,
FK8 1ER,
FK8 1ES,
FK8 1ET,
FK8 1EU,
FK8 1EW,
FK8 1EX,
FK8 1EZ,
FK8 1FB,
FK8 1FG,
FK8 1FH,
FK8 1FJ,
FK8 1FL,
FK8 1FN,
FK8 1HA,
FK8 1HB,
FK8 1HD,
FK8 1HE,
FK8 1HF,
FK8 1HG,
FK8 1HH,
FK8 1HJ,
FK8 1HL,
FK8 1HN,
FK8 1HQ,
FK8 1HR,
FK8 1HW,
FK8 1HX,
FK8 1JB,
FK8 1JD,
FK8 1JE,
FK8 1JF,
FK8 1JG,
FK8 1JH,
FK8 1JJ,
FK8 1JL,
FK8 1JN,
FK8 1JP,
FK8 1JQ,
FK8 1JR,
FK8 1JS,
FK8 1JU,
FK8 1JW,
FK8 1JX,
FK8 1JY,
FK8 1JZ,
FK8 1LA,
FK8 1LB,
FK8 1LD,
FK8 1LE,
FK8 1LF,
FK8 1LG,
FK8 1LH,
FK8 1LJ,
FK8 1LL,
FK8 1LN,
FK8 1LP,
FK8 1LQ,
FK8 1LR,
FK8 1LS,
FK8 1LT,
FK8 1LU,
FK8 1LW,
FK8 1LX,
FK8 1LY,
FK8 1LZ,
FK8 1NA,
FK8 1NB,
FK8 1ND,
FK8 1NE,
FK8 1NF,
FK8 1NG,
FK8 1NH,
FK8 1NJ,
FK8 1NL,
FK8 1NN,
FK8 1NP,
FK8 1NQ,
FK8 1NR,
FK8 1NS,
FK8 1NT,
FK8 1NU,
FK8 1NX,
FK8 1NY,
FK8 1NZ,
FK8 1PA,
FK8 1PB,
FK8 1PD,
FK8 1PE,
FK8 1PF,
FK8 1PG,
FK8 1PH,
FK8 1PJ,
FK8 1PL,
FK8 1PN,
FK8 1PP,
FK8 1PQ,
FK8 1PR,
FK8 1PS,
FK8 1PT,
FK8 1PU,
FK8 1PW,
FK8 1PX,
FK8 1PY,
FK8 1PZ,
FK8 1QA,
FK8 1QB,
FK8 1QD,
FK8 1QE,
FK8 1QF,
FK8 1QG,
FK8 1QH,
FK8 1QJ,
FK8 1QL,
FK8 1QN,
FK8 1QP,
FK8 1QQ,
FK8 1QR,
FK8 1QS,
FK8 1QT,
FK8 1QU,
FK8 1QW,
FK8 1QZ,
FK8 1RA,
FK8 1RB,
FK8 1RD,
FK8 1RE,
FK8 1RF,
FK8 1RG,
FK8 1RH,
FK8 1RJ,
FK8 1RL,
FK8 1RN,
FK8 1RP,
FK8 1RQ,
FK8 1RR,
FK8 1RS,
FK8 1RT,
FK8 1RU,
FK8 1RW,
FK8 1RX,
FK8 1RY,
FK8 1RZ,
FK8 1SA,
FK8 1SB,
FK8 1SD,
FK8 1SE,
FK8 1SF,
FK8 1SG,
FK8 1SH,
FK8 1SJ,
FK8 1SL,
FK8 1SN,
FK8 1SP,
FK8 1SQ,
FK8 1SR,
FK8 1SS,
FK8 1ST,
FK8 1SU,
FK8 1SW,
FK8 1SX,
FK8 1SY,
FK8 1SZ,
FK8 1TA,
FK8 1TB,
FK8 1TD,
FK8 1TE,
FK8 1TF,
FK8 1TG,
FK8 1TH,
FK8 1TJ,
FK8 1TL,
FK8 1TN,
FK8 1TP,
FK8 1TQ,
FK8 1TR,
FK8 1TS,
FK8 1TT,
FK8 1TU,
FK8 1TX,
FK8 1TY,
FK8 1TZ,
FK8 1UA,
FK8 1UB,
FK8 1UD,
FK8 1UE,
FK8 1UF,
FK8 1UG,
FK8 1UH,
FK8 1UJ,
FK8 1UL,
FK8 1UN,
FK8 1UP,
FK8 1UQ,
FK8 1UR,
FK8 1US,
FK8 1UT,
FK8 1UU,
FK8 1UW,
FK8 1UX,
FK8 1UY,
FK8 1UZ,
FK8 1WA,
FK8 1WB,
FK8 1WD,
FK8 1WE,
FK8 1WF,
FK8 1WG,
FK8 1WH,
FK8 1WJ,
FK8 1WL,
FK8 1WN,
FK8 1WP,
FK8 1WQ,
FK8 1WR,
FK8 1WS,
FK8 1WT,
FK8 1WW,
FK8 1WX,
FK8 1XA,
FK8 1XB,
FK8 1XD,
FK8 1XE,
FK8 1XF,
FK8 1XG,
FK8 1XH,
FK8 1XJ,
FK8 1XL,
FK8 1XN,
FK8 1XP,
FK8 1XQ,
FK8 1XR,
FK8 1XS,
FK8 1XW,
FK8 1XY,
FK8 1XZ,
FK8 1YB,
FK8 1YD,
FK8 1YE,
FK8 1YG,
FK8 1YH,
FK8 1YP,
FK8 1YQ,
FK8 1YS,
FK8 1YT,
FK8 1YU,
FK8 1YX,
FK8 1YY,
FK8 1YZ,
FK8 1ZA,
FK8 1ZB,
FK8 1ZD,
FK8 1ZE,
FK8 1ZF,
FK8 1ZG,
FK8 1ZH,
FK8 1ZJ,
FK8 1ZL,
FK8 1ZN,
FK8 1ZP,
FK8 1ZQ,
FK8 1ZR,
FK8 1ZS,
FK8 1ZT,
FK8 2AA,
FK8 2AB,
FK8 2AD,
FK8 2AE,
FK8 2AF,
FK8 2AG,
FK8 2AH,
FK8 2AJ,
FK8 2AL,
FK8 2AN,
FK8 2AP,
FK8 2AQ,
FK8 2AR,
FK8 2AS,
FK8 2AT,
FK8 2AU,
FK8 2AW,
FK8 2AX,
FK8 2AY,
FK8 2AZ,
FK8 2BA,
FK8 2BB,
FK8 2BD,
FK8 2BE,
FK8 2BF,
FK8 2BG,
FK8 2BJ,
FK8 2BL,
FK8 2BN,
FK8 2BP,
FK8 2BQ,
FK8 2BS,
FK8 2BT,
FK8 2BU,
FK8 2BW,
FK8 2BX,
FK8 2BY,
FK8 2BZ,
FK8 2DA,
FK8 2DB,
FK8 2DD,
FK8 2DE,
FK8 2DF,
FK8 2DG,
FK8 2DH,
FK8 2DJ,
FK8 2DL,
FK8 2DN,
FK8 2DP,
FK8 2DQ,
FK8 2DR,
FK8 2DS,
FK8 2DT,
FK8 2DW,
FK8 2DX,
FK8 2DY,
FK8 2DZ,
FK8 2EA,
FK8 2EB,
FK8 2ED,
FK8 2EE,
FK8 2EG,
FK8 2EH,
FK8 2EJ,
FK8 2EL,
FK8 2EN,
FK8 2EP,
FK8 2EQ,
FK8 2ER,
FK8 2ES,
FK8 2ET,
FK8 2EU,
FK8 2EW,
FK8 2EX,
FK8 2EY,
FK8 2EZ,
FK8 2FA,
FK8 2HA,
FK8 2HB,
FK8 2HD,
FK8 2HE,
FK8 2HF,
FK8 2HG,
FK8 2HH,
FK8 2HJ,
FK8 2HL,
FK8 2HN,
FK8 2HP,
FK8 2HQ,
FK8 2HR,
FK8 2HS,
FK8 2HT,
FK8 2HU,
FK8 2HW,
FK8 2HX,
FK8 2HY,
FK8 2HZ,
FK8 2JA,
FK8 2JB,
FK8 2JD,
FK8 2JE,
FK8 2JF,
FK8 2JG,
FK8 2JH,
FK8 2JJ,
FK8 2JL,
FK8 2JN,
FK8 2JP,
FK8 2JQ,
FK8 2JR,
FK8 2JS,
FK8 2JT,
FK8 2JU,
FK8 2JW,
FK8 2JX,
FK8 2JY,
FK8 2JZ,
FK8 2LA,
FK8 2LB,
FK8 2LD,
FK8 2LE,
FK8 2LF,
FK8 2LG,
FK8 2LH,
FK8 2LJ,
FK8 2LL,
FK8 2LN,
FK8 2LP,
FK8 2LQ,
FK8 2LR,
FK8 2LS,
FK8 2LT,
FK8 2LU,
FK8 2LW,
FK8 2LX,
FK8 2LY,
FK8 2LZ,
FK8 2NA,
FK8 2NB,
FK8 2ND,
FK8 2NE,
FK8 2NF,
FK8 2NG,
FK8 2NH,
FK8 2NJ,
FK8 2NL,
FK8 2NN,
FK8 2NP,
FK8 2NQ,
FK8 2NR,
FK8 2NS,
FK8 2NU,
FK8 2NW,
FK8 2NX,
FK8 2NZ,
FK8 2PA,
FK8 2PB,
FK8 2PD,
FK8 2PE,
FK8 2PF,
FK8 2PG,
FK8 2PH,
FK8 2PJ,
FK8 2PL,
FK8 2PN,
FK8 2PP,
FK8 2PQ,
FK8 2PR,
FK8 2PS,
FK8 2PT,
FK8 2PU,
FK8 2PW,
FK8 2PX,
FK8 2PY,
FK8 2QA,
FK8 2QB,
FK8 2QD,
FK8 2QE,
FK8 2QF,
FK8 2QG,
FK8 2QH,
FK8 2QJ,
FK8 2QL,
FK8 2QN,
FK8 2QP,
FK8 2QQ,
FK8 2QR,
FK8 2QS,
FK8 2QT,
FK8 2QU,
FK8 2QW,
FK8 2QX,
FK8 2QY,
FK8 2QZ,
FK8 2RA,
FK8 2RB,
FK8 2RD,
FK8 2RE,
FK8 2RF,
FK8 2RG,
FK8 2RH,
FK8 2RJ,
FK8 2RL,
FK8 2RN,
FK8 2RQ,
FK8 2RU,
FK8 2RW,
FK8 2SA,
FK8 2UP,
FK8 2WA,
FK8 2WB,
FK8 2WH,
FK8 2WJ,
FK8 2WL,
FK8 2WN,
FK8 2WR,
FK8 2YA,
FK8 2YB,
FK8 2YD,
FK8 2YE,
FK8 2YF,
FK8 2YG,
FK8 2YH,
FK8 2YJ,
FK8 2YL,
FK8 2YN,
FK8 2YP,
FK8 2YQ,
FK8 2YR,
FK8 2YW,
FK8 2ZA,
FK8 2ZB,
FK8 2ZE,
FK8 2ZF,
FK8 2ZG,
FK8 2ZH,
FK8 3AA,
FK8 3AB,
FK8 3AD,
FK8 3AE,
FK8 3AF,
FK8 3AG,
FK8 3AH,
FK8 3AJ,
FK8 3AL,
FK8 3AN,
FK8 3AP,
FK8 3AQ,
FK8 3AR,
FK8 3AT,
FK8 3AW,
FK8 3AX,
FK8 3AY,
FK8 3AZ,
FK8 3BA,
FK8 3BB,
FK8 3BD,
FK8 3BE,
FK8 3BG,
FK8 3BH,
FK8 3BJ,
FK8 3BL,
FK8 3BN,
FK8 3BP,
FK8 3BQ,
FK8 3BR,
FK8 3BS,
FK8 3BT,
FK8 3BU,
FK8 3BW,
FK8 3BX,
FK8 3BY,
FK8 3BZ,
FK8 3DA,
FK8 3DB,
FK8 3DD,
FK8 3DE,
FK8 3DF,
FK8 3DG,
FK8 3DH,
FK8 3DJ,
FK8 3DL,
FK8 3DN,
FK8 3DP,
FK8 3DQ,
FK8 3DR,
FK8 3DS,
FK8 3DT,
FK8 3DU,
FK8 3DW,
FK8 3DX,
FK8 3DY,
FK8 3DZ,
FK8 3EA,
FK8 3ED,
FK8 3EF,
FK8 3EG,
FK8 3EH,
FK8 3EJ,
FK8 3EL,
FK8 3EN,
FK8 3EQ,
FK8 3ER,
FK8 3ES,
FK8 3ET,
FK8 3EU,
FK8 3EW,
FK8 3EX,
FK8 3EY,
FK8 3EZ,
FK8 3HA,
FK8 3HB,
FK8 3HD,
FK8 3HH,
FK8 3HJ,
FK8 3HL,
FK8 3HN,
FK8 3HP,
FK8 3HR,
FK8 3HS,
FK8 3HT,
FK8 3HU,
FK8 3HW,
FK8 3HX,
FK8 3HY,
FK8 3HZ,
FK8 3JA,
FK8 3JB,
FK8 3JD,
FK8 3JF,
FK8 3JG,
FK8 3JH,
FK8 3JJ,
FK8 3JL,
FK8 3JN,
FK8 3JQ,
FK8 3JW,
FK8 3JX,
FK8 3JY,
FK8 3JZ,
FK8 3LA,
FK8 3LB,
FK8 3LD,
FK8 3LE,
FK8 3LF,
FK8 3LG,
FK8 3LP,
FK8 3LR,
FK8 3LS,
FK8 3LT,
FK8 3LU,
FK8 3LX,
FK8 3LY,
FK8 3LZ,
FK8 3NA,
FK8 3NB,
FK8 3ND,
FK8 3NE,
FK8 3NF,
FK8 3NH,
FK8 3NJ,
FK8 3NQ,
FK8 3NR,
FK8 3NS,
FK8 3NT,
FK8 3NU,
FK8 3NX,
FK8 3NY,
FK8 3NZ,
FK8 3PA,
FK8 3PB,
FK8 3PD,
FK8 3PE,
FK8 3PF,
FK8 3PG,
FK8 3PH,
FK8 3PJ,
FK8 3PL,
FK8 3PN,
FK8 3PP,
FK8 3PQ,
FK8 3PR,
FK8 3PS,
FK8 3PT,
FK8 3PU,
FK8 3PW,
FK8 3PX,
FK8 3PY,
FK8 3PZ,
FK8 3QA,
FK8 3QB,
FK8 3QD,
FK8 3QE,
FK8 3QF,
FK8 3QG,
FK8 3QH,
FK8 3QJ,
FK8 3QL,
FK8 3QN,
FK8 3QP,
FK8 3QQ,
FK8 3QR,
FK8 3QS,
FK8 3QT,
FK8 3QU,
FK8 3QW,
FK8 3QX,
FK8 3QY,
FK8 3RA,
FK8 3RB,
FK8 3RD,
FK8 3RE,
FK8 3RF,
FK8 3RG,
FK8 3RH,
FK8 3RJ,
FK8 3RL,
FK8 3RN,
FK8 3RP,
FK8 3RQ,
FK8 3RR,
FK8 3RS,
FK8 3RT,
FK8 3RU,
FK8 3RW,
FK8 3RX,
FK8 3RY,
FK8 3RZ,
FK8 3SA,
FK8 3SB,
FK8 3SD,
FK8 3SE,
FK8 3SF,
FK8 3SG,
FK8 3SJ,
FK8 3SL,
FK8 3SP,
FK8 3SQ,
FK8 3SR,
FK8 3ST,
FK8 3SU,
FK8 3SW,
FK8 3SX,
FK8 3SY,
FK8 3SZ,
FK8 3TA,
FK8 3TD,
FK8 3TE,
FK8 3TF,
FK8 3TG,
FK8 3TH,
FK8 3TJ,
FK8 3TL,
FK8 3TN,
FK8 3TP,
FK8 3TQ,
FK8 3TR,
FK8 3TS,
FK8 3TT,
FK8 3TU,
FK8 3TW,
FK8 3TX,
FK8 3TY,
FK8 3TZ,
FK8 3UA,
FK8 3UB,
FK8 3UD,
FK8 3UE,
FK8 3UF,
FK8 3UG,
FK8 3UH,
FK8 3UJ,
FK8 3UL,
FK8 3UN,
FK8 3UP,
FK8 3UQ,
FK8 3UR,
FK8 3UT,
FK8 3UU,
FK8 3UW,
FK8 3UX,
FK8 3UY,
FK8 3UZ,
FK8 3WA,
FK8 3WB,
FK8 3WD,
FK8 3WE,
FK8 3WF,
FK8 3WG,
FK8 3WU,
FK8 3XA,
FK8 3XB,
FK8 3XD,
FK8 3XE,
FK8 3XF,
FK8 3XG,
FK8 3XH,
FK8 3XJ,
FK8 3XL,
FK8 3XN,
FK8 3XQ,
FK8 3XZ,
FK8 3YA,
FK8 3YB,
FK8 3YD,
FK8 3YE,
FK8 3YJ,
FK8 3YL,
FK8 3YN,
FK8 3YP,
FK8 3YR,
FK8 3YS,
FK8 3YT,
FK8 3YU,
FK8 3YW,
FK8 3YX,
FK8 3YZ,
FK8 3ZA,
FK8 3ZB,
FK8 3ZD,
FK8 3ZG,
FK8 3ZQ,
FK9 4AA,
FK9 4AB,
FK9 4AD,
FK9 4AE,
FK9 4AF,
FK9 4AG,
FK9 4AH,
FK9 4AJ,
FK9 4AL,
FK9 4AN,
FK9 4AQ,
FK9 4AR,
FK9 4AS,
FK9 4AT,
FK9 4AU,
FK9 4AX,
FK9 4AY,
FK9 4AZ,
FK9 4BA,
FK9 4BB,
FK9 4BD,
FK9 4BE,
FK9 4BG,
FK9 4BH,
FK9 4BJ,
FK9 4BL,
FK9 4BN,
FK9 4BQ,
FK9 4BS,
FK9 4BT,
FK9 4BU,
FK9 4BW,
FK9 4BX,
FK9 4DA,
FK9 4DB,
FK9 4DD,
FK9 4DE,
FK9 4DG,
FK9 4DH,
FK9 4DJ,
FK9 4DL,
FK9 4DN,
FK9 4DP,
FK9 4DQ,
FK9 4DR,
FK9 4DS,
FK9 4DT,
FK9 4DU,
FK9 4DW,
FK9 4DX,
FK9 4DY,
FK9 4DZ,
FK9 4EA,
FK9 4EB,
FK9 4ED,
FK9 4EE,
FK9 4EF,
FK9 4EG,
FK9 4EH,
FK9 4EJ,
FK9 4EL,
FK9 4EN,
FK9 4EQ,
FK9 4ET,
FK9 4EU,
FK9 4EX,
FK9 4HA,
FK9 4HB,
FK9 4HD,
FK9 4HE,
FK9 4HF,
FK9 4HG,
FK9 4HH,
FK9 4HJ,
FK9 4HL,
FK9 4HN,
FK9 4HP,
FK9 4HQ,
FK9 4HR,
FK9 4HS,
FK9 4HT,
FK9 4HU,
FK9 4HW,
FK9 4HY,
FK9 4JA,
FK9 4JB,
FK9 4JD,
FK9 4JE,
FK9 4JF,
FK9 4JG,
FK9 4JH,
FK9 4JJ,
FK9 4JL,
FK9 4JN,
FK9 4JP,
FK9 4JQ,
FK9 4JR,
FK9 4JS,
FK9 4JT,
FK9 4JX,
FK9 4JY,
FK9 4LA,
FK9 4LB,
FK9 4LD,
FK9 4LE,
FK9 4LF,
FK9 4LG,
FK9 4LH,
FK9 4LJ,
FK9 4LL,
FK9 4LN,
FK9 4LP,
FK9 4LQ,
FK9 4LR,
FK9 4LS,
FK9 4LT,
FK9 4LU,
FK9 4LX,
FK9 4LY,
FK9 4LZ,
FK9 4NA,
FK9 4NB,
FK9 4ND,
FK9 4NE,
FK9 4NF,
FK9 4NG,
FK9 4NH,
FK9 4NJ,
FK9 4NL,
FK9 4NN,
FK9 4NP,
FK9 4NQ,
FK9 4NR,
FK9 4NS,
FK9 4NT,
FK9 4NU,
FK9 4NW,
FK9 4NX,
FK9 4NY,
FK9 4NZ,
FK9 4PA,
FK9 4PB,
FK9 4PD,
FK9 4PE,
FK9 4PF,
FK9 4PG,
FK9 4PH,
FK9 4PJ,
FK9 4PL,
FK9 4PN,
FK9 4PP,
FK9 4PQ,
FK9 4PR,
FK9 4PS,
FK9 4PT,
FK9 4PU,
FK9 4PW,
FK9 4PX,
FK9 4PY,
FK9 4PZ,
FK9 4QA,
FK9 4QB,
FK9 4QD,
FK9 4QE,
FK9 4QF,
FK9 4QG,
FK9 4QH,
FK9 4QJ,
FK9 4QL,
FK9 4QN,
FK9 4QP,
FK9 4QQ,
FK9 4QR,
FK9 4QS,
FK9 4QT,
FK9 4QU,
FK9 4QW,
FK9 4QX,
FK9 4QY,
FK9 4QZ,
FK9 4RA,
FK9 4RB,
FK9 4RD,
FK9 4RE,
FK9 4RF,
FK9 4RG,
FK9 4RH,
FK9 4RJ,
FK9 4RL,
FK9 4RN,
FK9 4RP,
FK9 4RQ,
FK9 4RR,
FK9 4RS,
FK9 4RT,
FK9 4RU,
FK9 4RW,
FK9 4RX,
FK9 4RY,
FK9 4RZ,
FK9 4SA,
FK9 4SB,
FK9 4SD,
FK9 4SE,
FK9 4SF,
FK9 4SH,
FK9 4SJ,
FK9 4SL,
FK9 4SN,
FK9 4SP,
FK9 4SR,
FK9 4SS,
FK9 4ST,
FK9 4SU,
FK9 4SW,
FK9 4SX,
FK9 4SY,
FK9 4SZ,
FK9 4TA,
FK9 4TB,
FK9 4TD,
FK9 4TE,
FK9 4TF,
FK9 4TG,
FK9 4TH,
FK9 4TJ,
FK9 4TL,
FK9 4TN,
FK9 4TP,
FK9 4TQ,
FK9 4TR,
FK9 4TS,
FK9 4TT,
FK9 4TU,
FK9 4TW,
FK9 4TX,
FK9 4TY,
FK9 4TZ,
FK9 4UA,
FK9 4UB,
FK9 4UD,
FK9 4UE,
FK9 4UF,
FK9 4UG,
FK9 4UH,
FK9 4UJ,
FK9 4UL,
FK9 4UN,
FK9 4UP,
FK9 4UQ,
FK9 4UR,
FK9 4US,
FK9 4UT,
FK9 4UU,
FK9 4UW,
FK9 4UX,
FK9 4UY,
FK9 4UZ,
FK9 4WA,
FK9 4WB,
FK9 4WD,
FK9 4WF,
FK9 4WG,
FK9 4WH,
FK9 4WJ,
FK9 4WL,
FK9 4WN,
FK9 4WP,
FK9 4WQ,
FK9 4WR,
FK9 4WX,
FK9 4XA,
FK9 4XB,
FK9 4XD,
FK9 4XE,
FK9 4XF,
FK9 4XG,
FK9 4XJ,
FK9 4XL,
FK9 4XN,
FK9 4XQ,
FK9 4XT,
FK9 4XU,
FK9 4XW,
FK9 4XX,
FK9 4XY,
FK9 4XZ,
FK9 4YA,
FK9 4YB,
FK9 4YD,
FK9 4YE,
FK9 4YF,
FK9 4YG,
FK9 4YH,
FK9 4YJ,
FK9 4YL,
FK9 4YP,
FK9 4YR,
FK9 4YS,
FK9 4YT,
FK9 4YW,
FK9 4YX,
FK9 4YY,
FK9 4YZ,
FK9 4ZA,
FK9 4ZB,
FK9 4ZD,
FK9 4ZE,
FK9 4ZG,
FK9 4ZH,
FK9 4ZJ,
FK9 4ZL,
FK9 4ZN,
FK9 4ZP,
FK9 4ZQ,
FK9 4ZR,
FK9 4ZS,
FK9 4ZT,
FK9 4ZU,
FK9 4ZW,
FK9 4ZX,
FK9 4ZY,
FK9 5AB,
FK9 5AD,
FK9 5AE,
FK9 5AF,
FK9 5AL,
FK9 5AP,
FK9 5AR,
FK9 5AS,
FK9 5AT,
FK9 5AU,
FK9 5AX,
FK9 5AY,
FK9 5AZ,
FK9 5BA,
FK9 5BB,
FK9 5BD,
FK9 5BE,
FK9 5BG,
FK9 5BL,
FK9 5BN,
FK9 5BP,
FK9 5BS,
FK9 5BT,
FK9 5BU,
FK9 5BW,
FK9 5BX,
FK9 5BY,
FK9 5DA,
FK9 5DB,
FK9 5DD,
FK9 5DE,
FK9 5DF,
FK9 5DG,
FK9 5DH,
FK9 5DJ,
FK9 5DL,
FK9 5DN,
FK9 5DP,
FK9 5DR,
FK9 5DS,
FK9 5DT,
FK9 5DU,
FK9 5DX,
FK9 5DY,
FK9 5DZ,
FK9 5EA,
FK9 5EB,
FK9 5ED,
FK9 5EE,
FK9 5EF,
FK9 5EG,
FK9 5EH,
FK9 5EJ,
FK9 5EL,
FK9 5EN,
FK9 5EP,
FK9 5EQ,
FK9 5ER,
FK9 5ES,
FK9 5ET,
FK9 5EU,
FK9 5EX,
FK9 5EY,
FK9 5EZ,
FK9 5GA,
FK9 5GB,
FK9 5GD,
FK9 5GE,
FK9 5GF,
FK9 5GG,
FK9 5GH,
FK9 5GJ,
FK9 5GL,
FK9 5GN,
FK9 5GP,
FK9 5GQ,
FK9 5GR,
FK9 5HA,
FK9 5HB,
FK9 5HD,
FK9 5HE,
FK9 5HF,
FK9 5HG,
FK9 5HH,
FK9 5HJ,
FK9 5HL,
FK9 5HN,
FK9 5HP,
FK9 5HQ,
FK9 5HR,
FK9 5HS,
FK9 5HT,
FK9 5HU,
FK9 5HW,
FK9 5HX,
FK9 5HY,
FK9 5HZ,
FK9 5JA,
FK9 5JB,
FK9 5JD,
FK9 5JE,
FK9 5JF,
FK9 5JG,
FK9 5JH,
FK9 5JJ,
FK9 5JL,
FK9 5JN,
FK9 5JP,
FK9 5JR,
FK9 5JS,
FK9 5JU,
FK9 5JX,
FK9 5JY,
FK9 5JZ,
FK9 5LA,
FK9 5LB,
FK9 5LE,
FK9 5LF,
FK9 5LG,
FK9 5LH,
FK9 5LJ,
FK9 5LL,
FK9 5LN,
FK9 5LP,
FK9 5LQ,
FK9 5LR,
FK9 5LS,
FK9 5LT,
FK9 5LU,
FK9 5NA,
FK9 5NB,
FK9 5ND,
FK9 5NE,
FK9 5NF,
FK9 5NG,
FK9 5NH,
FK9 5NJ,
FK9 5NL,
FK9 5NN,
FK9 5NP,
FK9 5NQ,
FK9 5NR,
FK9 5NS,
FK9 5NT,
FK9 5NU,
FK9 5NW,
FK9 5NX,
FK9 5NY,
FK9 5NZ,
FK9 5PA,
FK9 5PB,
FK9 5PD,
FK9 5PE,
FK9 5PF,
FK9 5PG,
FK9 5PH,
FK9 5PJ,
FK9 5PL,
FK9 5PN,
FK9 5PP,
FK9 5PR,
FK9 5PS,
FK9 5PU,
FK9 5PX,
FK9 5PY,
FK9 5QA,
FK9 5QB,
FK9 5QD,
FK9 5QE,
FK9 5QF,
FK9 5QG,
FK9 5QH,
FK9 5QJ,
FK9 5QN,
FK9 5QP,
FK9 5QR,
FK9 5QS,
FK9 5QT,
FK9 5QU,
FK9 5QX,
FK9 5QY,
FK9 5QZ,
FK9 5RA,
FK9 5RB,
FK9 5RD,
FK9 5RE,
FK9 5RF,
FK9 5SA,
FK9 5SB,
FK9 5SD,
FK9 5SE,
FK9 5SF,
FK9 5SG,
FK9 5SH,
FK9 5SQ,
FK9 5WA,
FK9 5WB,
FK9 5YD,
FK9 5YF,
FK9 5YG,
FK9 5YH,
FK9 5YN,
FK9 5YP,
FK9 5YR,
FK9 5YS,
FK9 5YT,
FK9 5YW,
FK9 5ZA,
FK9 5ZB,
FK9 5ZD,
FK9 5ZH,
