FY1 1BW,1
FY1 1BX,1
FY1 1DA,1
FY1 1DB,1
FY1 1DD,1
FY1 1DE,1
FY1 1DF,1
FY1 1DG,1
FY1 1DH,1
FY1 1DJ,1
FY1 1DL,1
FY1 1DN,1
FY1 1DP,1
FY1 1DR,1
FY1 1DT,1
FY1 1DU,1
FY1 1DW,1
FY1 1DX,1
FY1 1DY,1
FY1 1DZ,1
FY1 1EA,1
FY1 1EB,1
FY1 1ED,1
FY1 1EE,1
FY1 1EF,1
FY1 1EG,1
FY1 1EH,1
FY1 1EJ,1
FY1 1EL,1
FY1 1EN,1
FY1 1EP,1
FY1 1EQ,1
FY1 1ER,1
FY1 1ES,1
FY1 1ET,1
FY1 1EU,1
FY1 1EW,1
FY1 1EX,1
FY1 1EY,1
FY1 1EZ,1
FY1 1GA,1
FY1 1GB,1
FY1 1GD,1
FY1 1GE,1
FY1 1GF,1
FY1 1GG,1
FY1 1GH,1
FY1 1GJ,1
FY1 1GL,1
FY1 1GN,1
FY1 1GP,1
FY1 1GQ,1
FY1 1GR,1
FY1 1GS,1
FY1 1GT,1
FY1 1GU,1
FY1 1GW,1
FY1 1HA,1
FY1 1HB,1
FY1 1HD,1
FY1 1HE,1
FY1 1HF,1
FY1 1HH,1
FY1 1HJ,1
FY1 1HL,1
FY1 1HN,1
FY1 1HP,1
FY1 1HQ,1
FY1 1HR,1
FY1 1HS,1
FY1 1HT,1
FY1 1HU,1
FY1 1HW,1
FY1 1HX,1
FY1 1HY,1
FY1 1HZ,1
FY1 1JA,1
FY1 1JB,1
FY1 1JD,1
FY1 1JE,1
FY1 1JF,1
FY1 1JG,1
FY1 1JH,1
FY1 1JJ,1
FY1 1JL,1
FY1 1JN,1
FY1 1JP,1
FY1 1JQ,1
FY1 1JS,1
FY1 1JU,1
FY1 1JW,1
FY1 1JX,1
FY1 1JY,1
FY1 1JZ,1
FY1 1LA,1
FY1 1LB,1
FY1 1LD,1
FY1 1LE,1
FY1 1LF,1
FY1 1LG,1
FY1 1LH,1
FY1 1LJ,1
FY1 1LL,1
FY1 1LP,1
FY1 1LQ,1
FY1 1LR,1
FY1 1LS,1
FY1 1LT,1
FY1 1LU,1
FY1 1LX,1
FY1 1LY,1
FY1 1LZ,1
FY1 1NA,1
FY1 1NB,1
FY1 1ND,1
FY1 1NE,1
FY1 1NF,1
FY1 1NG,1
FY1 1NH,1
FY1 1NJ,1
FY1 1NL,1
FY1 1NN,1
FY1 1NP,1
FY1 1NQ,1
FY1 1NR,1
FY1 1NS,1
FY1 1NT,1
FY1 1NU,1
FY1 1NX,1
FY1 1NY,1
FY1 1PA,1
FY1 1PD,1
FY1 1PE,1
FY1 1PF,1
FY1 1PH,1
FY1 1PN,1
FY1 1PP,1
FY1 1PQ,1
FY1 1PR,1
FY1 1PT,1
FY1 1PU,1
FY1 1PW,1
FY1 1PX,1
FY1 1PY,1
FY1 1PZ,1
FY1 1QA,1
FY1 1QB,1
FY1 1QD,1
FY1 1QE,1
FY1 1QG,1
FY1 1QH,1
FY1 1QJ,1
FY1 1QL,1
FY1 1QN,1
FY1 1QP,1
FY1 1QQ,1
FY1 1QR,1
FY1 1QS,1
FY1 1QT,1
FY1 1QU,1
FY1 1QW,1
FY1 1RA,1
FY1 1RB,1
FY1 1RE,1
FY1 1RF,1
FY1 1RH,1
FY1 1RJ,1
FY1 1RL,1
FY1 1RN,1
FY1 1RQ,1
FY1 1RS,1
FY1 1RT,1
FY1 1RU,1
FY1 1RW,1
FY1 1RX,1
FY1 1RZ,1
FY1 1SA,1
FY1 1SB,1
FY1 1SD,1
FY1 1SE,1
FY1 1SF,1
FY1 1SG,1
FY1 1SJ,1
FY1 1SL,1
FY1 1SP,1
FY1 1SQ,1
FY1 1SU,1
FY1 1SX,1
FY1 1TA,1
FY1 1TB,1
FY1 1TE,1
FY1 1TF,1
FY1 1TH,1
FY1 1TJ,1
FY1 1TL,1
FY1 1TN,1
FY1 1TP,1
FY1 1TQ,1
FY1 1TR,1
FY1 1TT,1
FY1 1TW,1
FY1 1TX,1
FY1 1TY,1
FY1 1UA,1
FY1 1UB,1
FY1 1UD,1
FY1 1WU,1
FY1 1WW,1
FY1 1WX,1
FY1 1WY,1
FY1 1WZ,1
FY1 1YU,1
FY1 1YW,1
FY1 1ZR,1
FY1 2AA,1
FY1 2AB,1
FY1 2AD,1
FY1 2AE,1
FY1 2AF,1
FY1 2AG,1
FY1 2AH,1
FY1 2AJ,1
FY1 2AL,1
FY1 2AP,1
FY1 2AQ,1
FY1 2AR,1
FY1 2AS,1
FY1 2AT,1
FY1 2AU,1
FY1 2AW,1
FY1 2AX,1
FY1 2AY,1
FY1 2AZ,1
FY1 2BA,1
FY1 2BB,1
FY1 2BD,1
FY1 2BE,1
FY1 2BF,1
FY1 2BG,1
FY1 2BH,1
FY1 2BJ,1
FY1 2BL,1
FY1 2BN,1
FY1 2BP,1
FY1 2BQ,1
FY1 2BR,1
FY1 2BS,1
FY1 2BT,1
FY1 2BU,1
FY1 2BW,1
FY1 2BX,1
FY1 2BY,1
FY1 2BZ,1
FY1 2DA,1
FY1 2DB,1
FY1 2DD,1
FY1 2DE,1
FY1 2DG,1
FY1 2DH,1
FY1 2DJ,1
FY1 2DL,1
FY1 2DN,1
FY1 2DP,1
FY1 2DQ,1
FY1 2DR,1
FY1 2DS,1
FY1 2DT,1
FY1 2DU,1
FY1 2DW,1
FY1 2DX,1
FY1 2DY,1
FY1 2DZ,1
FY1 2EA,1
FY1 2EB,1
FY1 2ED,1
FY1 2EE,1
FY1 2EF,1
FY1 2EG,1
FY1 2EH,1
FY1 2EJ,1
FY1 2EL,1
FY1 2EN,1
FY1 2EP,1
FY1 2EQ,1
FY1 2ER,1
FY1 2ES,1
FY1 2ET,1
FY1 2EU,1
FY1 2EW,1
FY1 2EX,1
FY1 2EY,1
FY1 2EZ,1
FY1 2GA,1
FY1 2GB,1
FY1 2GD,1
FY1 2GE,1
FY1 2GF,1
FY1 2GG,1
FY1 2GH,1
FY1 2GJ,1
FY1 2GL,1
FY1 2GN,1
FY1 2GP,1
FY1 2GQ,1
FY1 2GR,1
FY1 2GS,1
FY1 2GT,1
FY1 2GU,1
FY1 2GW,1
FY1 2GX,1
FY1 2GY,1
FY1 2HA,1
FY1 2HB,1
FY1 2HD,1
FY1 2HE,1
FY1 2HF,1
FY1 2HG,1
FY1 2HH,1
FY1 2HJ,1
FY1 2HL,1
FY1 2HN,1
FY1 2HQ,1
FY1 2HR,1
FY1 2HS,1
FY1 2HT,1
FY1 2HU,1
FY1 2HW,1
FY1 2HX,1
FY1 2HY,1
FY1 2HZ,1
FY1 2JA,1
FY1 2JB,1
FY1 2JD,1
FY1 2JE,1
FY1 2JF,1
FY1 2JG,1
FY1 2JH,1
FY1 2JJ,1
FY1 2JL,1
FY1 2JN,1
FY1 2JP,1
FY1 2JQ,1
FY1 2JR,1
FY1 2JS,1
FY1 2JT,1
FY1 2JU,1
FY1 2JW,1
FY1 2JX,1
FY1 2JY,1
FY1 2JZ,1
FY1 2LA,1
FY1 2LB,1
FY1 2LD,1
FY1 2LE,1
FY1 2LF,1
FY1 2LG,1
FY1 2LH,3
FY1 2LJ,1
FY1 2LL,1
FY1 2LN,3
FY1 2LP,1
FY1 2LR,1
FY1 2LS,1
FY1 2LT,3
FY1 2LU,3
FY1 2LW,1
FY1 2LX,3
FY1 2LY,3
FY1 2LZ,3
FY1 2NA,3
FY1 2NB,1
FY1 2ND,1
FY1 2NE,1
FY1 2NH,1
FY1 2NJ,1
FY1 2NL,1
FY1 2NN,1
FY1 2NP,1
FY1 2NQ,1
FY1 2NR,1
FY1 2NS,1
FY1 2NT,1
FY1 2NU,1
FY1 2NW,1
FY1 2NX,1
FY1 2NY,1
FY1 2NZ,1
FY1 2PA,1
FY1 2PB,1
FY1 2PD,1
FY1 2PE,1
FY1 2PF,1
FY1 2PG,1
FY1 2PH,1
FY1 2PJ,1
FY1 2PL,1
FY1 2PN,1
FY1 2PP,1
FY1 2PQ,1
FY1 2PR,1
FY1 2PS,1
FY1 2PT,1
FY1 2PU,1
FY1 2PW,1
FY1 2PX,1
FY1 2PY,1
FY1 2PZ,1
FY1 2QA,1
FY1 2QD,1
FY1 2QE,1
FY1 2QF,1
FY1 2QG,1
FY1 2QH,1
FY1 2QJ,1
FY1 2QL,1
FY1 2QN,1
FY1 2QP,1
FY1 2QQ,1
FY1 2QR,1
FY1 2QS,1
FY1 2QT,1
FY1 2QU,1
FY1 2QW,1
FY1 2QX,1
FY1 2QY,1
FY1 2QZ,1
FY1 2RA,1
FY1 2RB,1
FY1 2RD,1
FY1 2RE,1
FY1 2RF,1
FY1 2RG,1
FY1 2RH,1
FY1 2RJ,1
FY1 2RL,1
FY1 2RN,1
FY1 2RP,3
FY1 2RQ,1
FY1 2RR,1
FY1 2RS,1
FY1 2RT,3
FY1 2RU,3
FY1 2RW,3
FY1 2RX,1
FY1 2RY,3
FY1 2RZ,3
FY1 2SA,3
FY1 2SB,3
FY1 2SD,3
FY1 2SE,3
FY1 2SF,7
FY1 2SG,1
FY1 2SH,1
FY1 2WA,1
FY1 2WP,1
FY1 2WQ,1
FY1 2WR,1
FY1 2WS,1
FY1 2WT,1
FY1 2WU,1
FY1 2WW,1
FY1 2WX,1
FY1 2WY,1
FY1 2WZ,1
FY1 2XA,1
FY1 2XB,1
FY1 2YE,1
FY1 2ZZ,1
FY1 3AA,1
FY1 3AB,1
FY1 3AD,1
FY1 3AE,1
FY1 3AF,1
FY1 3AG,1
FY1 3AH,1
FY1 3AJ,1
FY1 3AL,1
FY1 3AN,1
FY1 3AP,1
FY1 3AQ,1
FY1 3AR,1
FY1 3AS,1
FY1 3AT,1
FY1 3AU,1
FY1 3AX,1
FY1 3AY,1
FY1 3AZ,1
FY1 3BA,1
FY1 3BB,1
FY1 3BE,1
FY1 3BG,1
FY1 3BH,1
FY1 3BJ,1
FY1 3BL,1
FY1 3BN,1
FY1 3BP,1
FY1 3BQ,1
FY1 3BU,1
FY1 3BW,1
FY1 3BX,1
FY1 3BY,1
FY1 3BZ,1
FY1 3DA,1
FY1 3DB,1
FY1 3DD,1
FY1 3DE,1
FY1 3DF,1
FY1 3DG,1
FY1 3DH,1
FY1 3DJ,1
FY1 3DL,1
FY1 3DN,1
FY1 3DP,1
FY1 3DQ,1
FY1 3DR,1
FY1 3DT,1
FY1 3DU,1
FY1 3DW,1
FY1 3DX,1
FY1 3DY,1
FY1 3DZ,1
FY1 3EA,1
FY1 3EB,1
FY1 3ED,1
FY1 3EE,1
FY1 3EF,1
FY1 3EG,1
FY1 3EH,1
FY1 3EJ,1
FY1 3EL,1
FY1 3EN,1
FY1 3EP,1
FY1 3EQ,1
FY1 3ER,1
FY1 3ES,1
FY1 3ET,1
FY1 3EU,1
FY1 3EW,1
FY1 3EX,1
FY1 3EY,1
FY1 3EZ,1
FY1 3GA,1
FY1 3GB,1
FY1 3GD,1
FY1 3GE,1
FY1 3GF,1
FY1 3GG,1
FY1 3GH,1
FY1 3GJ,1
FY1 3GL,1
FY1 3GN,1
FY1 3GP,1
FY1 3GQ,1
FY1 3HA,1
FY1 3HB,1
FY1 3HD,1
FY1 3HE,1
FY1 3HF,1
FY1 3HG,1
FY1 3HH,1
FY1 3HJ,1
FY1 3HL,1
FY1 3HN,1
FY1 3HP,1
FY1 3HR,1
FY1 3HS,1
FY1 3HT,1
FY1 3HW,1
FY1 3HX,1
FY1 3HY,1
FY1 3HZ,1
FY1 3JA,1
FY1 3JB,1
FY1 3JD,1
FY1 3JE,1
FY1 3JF,1
FY1 3JG,1
FY1 3JH,1
FY1 3JJ,1
FY1 3JL,1
FY1 3JN,1
FY1 3JP,1
FY1 3JQ,1
FY1 3JS,1
FY1 3JT,1
FY1 3JU,1
FY1 3JW,1
FY1 3JX,1
FY1 3LA,1
FY1 3LB,1
FY1 3LD,1
FY1 3LE,1
FY1 3LF,1
FY1 3LG,1
FY1 3LH,1
FY1 3LJ,1
FY1 3LL,1
FY1 3LP,1
FY1 3LQ,1
FY1 3LR,1
FY1 3LS,1
FY1 3LT,1
FY1 3LU,1
FY1 3LW,1
FY1 3LX,1
FY1 3LY,1
FY1 3LZ,1
FY1 3NA,1
FY1 3NB,1
FY1 3ND,1
FY1 3NE,1
FY1 3NF,1
FY1 3NG,1
FY1 3NH,1
FY1 3NJ,1
FY1 3NL,1
FY1 3NN,1
FY1 3NP,1
FY1 3NQ,1
FY1 3NR,1
FY1 3NS,1
FY1 3NT,1
FY1 3NU,1
FY1 3NW,1
FY1 3NX,1
FY1 3NY,1
FY1 3NZ,1
FY1 3PA,1
FY1 3PB,1
FY1 3PD,1
FY1 3PE,1
FY1 3PF,1
FY1 3PG,1
FY1 3PH,1
FY1 3PJ,1
FY1 3PL,1
FY1 3PN,1
FY1 3PP,1
FY1 3PQ,1
FY1 3PR,1
FY1 3PS,1
FY1 3PT,1
FY1 3PU,1
FY1 3PW,1
FY1 3PX,1
FY1 3PY,1
FY1 3PZ,1
FY1 3QA,1
FY1 3QB,1
FY1 3QD,1
FY1 3QE,1
FY1 3QF,1
FY1 3QG,1
FY1 3QH,1
FY1 3QJ,1
FY1 3QL,1
FY1 3QN,1
FY1 3QP,1
FY1 3QQ,1
FY1 3QR,1
FY1 3QS,1
FY1 3QT,1
FY1 3QU,1
FY1 3QW,1
FY1 3QX,1
FY1 3QY,1
FY1 3QZ,1
FY1 3RA,1
FY1 3RB,1
FY1 3RD,1
FY1 3RE,1
FY1 3RF,1
FY1 3RG,1
FY1 3RH,1
FY1 3RJ,1
FY1 3RL,1
FY1 3RN,1
FY1 3RP,1
FY1 3RQ,1
FY1 3RR,1
FY1 3RS,1
FY1 3RT,1
FY1 3RU,1
FY1 3RW,1
FY1 3RX,1
FY1 3RY,1
FY1 3RZ,1
FY1 3SA,1
FY1 3SB,1
FY1 3SD,1
FY1 3SE,1
FY1 3SF,1
FY1 3SG,1
FY1 3SH,1
FY1 3SJ,1
FY1 3SL,1
FY1 3SN,1
FY1 3SP,1
FY1 3SQ,1
FY1 3SR,1
FY1 3SS,1
FY1 3SW,1
FY1 3SX,1
FY1 3SY,1
FY1 3SZ,1
FY1 3TA,1
FY1 3TB,1
FY1 3TD,1
FY1 3TE,1
FY1 3TF,1
FY1 3TG,1
FY1 3TL,1
FY1 3TN,1
FY1 3TP,1
FY1 3TQ,1
FY1 3TR,1
FY1 3TS,1
FY1 3TT,1
FY1 3TU,1
FY1 3TW,1
FY1 3TX,1
FY1 3WL,1
FY1 3WN,1
FY1 3WP,1
FY1 3WQ,1
FY1 3WR,1
FY1 3WS,1
FY1 3WT,1
FY1 3WU,1
FY1 3WW,1
FY1 3WX,1
FY1 3WY,1
FY1 3WZ,1
FY1 3YR,1
FY1 3ZT,1
FY1 3ZY,1
FY1 3ZZ,1
FY1 4AA,1
FY1 4AB,1
FY1 4AD,1
FY1 4AE,1
FY1 4AF,1
FY1 4AG,1
FY1 4AH,1
FY1 4AJ,1
FY1 4AL,1
FY1 4AN,1
FY1 4AP,1
FY1 4AQ,1
FY1 4AR,1
FY1 4AS,1
FY1 4AT,1
FY1 4AU,1
FY1 4AW,1
FY1 4AX,1
FY1 4AY,1
FY1 4AZ,1
FY1 4BA,1
FY1 4BB,1
FY1 4BD,1
FY1 4BE,1
FY1 4BG,1
FY1 4BH,1
FY1 4BJ,1
FY1 4BL,1
FY1 4BN,1
FY1 4BP,1
FY1 4BR,1
FY1 4BS,1
FY1 4BT,1
FY1 4BU,1
FY1 4BW,1
FY1 4BX,1
FY1 4BY,1
FY1 4BZ,1
FY1 4DA,1
FY1 4DB,1
FY1 4DD,1
FY1 4DE,1
FY1 4DF,1
FY1 4DG,1
FY1 4DH,1
FY1 4DJ,1
FY1 4DL,2
FY1 4DN,2
FY1 4DP,2
FY1 4DQ,1
FY1 4DR,1
FY1 4DS,1
FY1 4DT,2
FY1 4DU,1
FY1 4DW,2
FY1 4DX,1
FY1 4DY,2
FY1 4DZ,1
FY1 4EA,1
FY1 4EB,1
FY1 4ED,3
FY1 4EE,2
FY1 4EF,1
FY1 4EG,1
FY1 4EH,3
FY1 4EJ,2
FY1 4EL,1
FY1 4EP,1
FY1 4EQ,1
FY1 4ER,2
FY1 4ES,1
FY1 4ET,1
FY1 4EU,1
FY1 4EW,1
FY1 4EX,1
FY1 4EY,1
FY1 4EZ,1
FY1 4FA,1
FY1 4GA,1
FY1 4GB,1
FY1 4GD,1
FY1 4GE,1
FY1 4GF,1
FY1 4GG,1
FY1 4GH,1
FY1 4GZ,1
FY1 4HA,1
FY1 4HB,1
FY1 4HD,1
FY1 4HE,1
FY1 4HF,1
FY1 4HG,1
FY1 4HH,1
FY1 4HJ,1
FY1 4HL,1
FY1 4HN,1
FY1 4HP,1
FY1 4HQ,1
FY1 4HR,1
FY1 4HS,1
FY1 4HT,1
FY1 4HU,1
FY1 4HW,1
FY1 4HX,1
FY1 4HY,1
FY1 4HZ,1
FY1 4JA,1
FY1 4JB,1
FY1 4JD,1
FY1 4JE,1
FY1 4JF,1
FY1 4JG,1
FY1 4JH,1
FY1 4JJ,1
FY1 4JL,1
FY1 4JN,1
FY1 4JP,1
FY1 4JQ,1
FY1 4JR,1
FY1 4JS,1
FY1 4JT,1
FY1 4JU,1
FY1 4JW,1
FY1 4JX,1
FY1 4JY,1
FY1 4JZ,1
FY1 4LA,1
FY1 4LB,1
FY1 4LD,1
FY1 4LE,1
FY1 4LF,1
FY1 4LG,1
FY1 4LH,1
FY1 4LJ,1
FY1 4LL,1
FY1 4LN,1
FY1 4LP,1
FY1 4LQ,1
FY1 4LR,1
FY1 4LS,1
FY1 4LT,1
FY1 4LU,1
FY1 4LW,1
FY1 4LX,1
FY1 4LY,1
FY1 4LZ,1
FY1 4NA,1
FY1 4NB,1
FY1 4ND,1
FY1 4NE,1
FY1 4NF,1
FY1 4NG,1
FY1 4NH,1
FY1 4NJ,1
FY1 4NL,1
FY1 4NN,1
FY1 4NP,1
FY1 4NQ,1
FY1 4NR,1
FY1 4NS,1
FY1 4NU,1
FY1 4NX,1
FY1 4NY,1
FY1 4PA,1
FY1 4PB,1
FY1 4PD,1
FY1 4PE,1
FY1 4PF,1
FY1 4PG,1
FY1 4PH,1
FY1 4PJ,1
FY1 4PL,1
FY1 4PN,1
FY1 4PP,1
FY1 4PQ,1
FY1 4PR,1
FY1 4PS,1
FY1 4PT,1
FY1 4PU,1
FY1 4PW,1
FY1 4PX,1
FY1 4PY,1
FY1 4PZ,1
FY1 4QA,1
FY1 4QB,1
FY1 4QD,1
FY1 4QE,1
FY1 4QF,1
FY1 4QG,1
FY1 4QH,1
FY1 4QJ,1
FY1 4QL,1
FY1 4QN,1
FY1 4QP,1
FY1 4QQ,1
FY1 4QR,1
FY1 4QS,1
FY1 4QT,1
FY1 4QU,1
FY1 4QW,1
FY1 4QX,1
FY1 4QY,1
FY1 4QZ,1
FY1 4RA,1
FY1 4RD,1
FY1 4RE,1
FY1 4RF,1
FY1 4RG,1
FY1 4RH,1
FY1 4RJ,1
FY1 4RN,1
FY1 4RP,1
FY1 4RQ,1
FY1 4RS,1
FY1 4RT,1
FY1 4RU,1
FY1 4RW,1
FY1 4RX,1
FY1 4RY,1
FY1 4RZ,1
FY1 4SA,1
FY1 4SB,1
FY1 4SH,1
FY1 4SJ,1
FY1 4SL,1
FY1 4SN,1
FY1 4SR,1
FY1 4SS,1
FY1 4ST,1
FY1 4SU,1
FY1 4SW,1
FY1 4SX,1
FY1 4SY,1
FY1 4SZ,1
FY1 4TA,1
FY1 4TB,1
FY1 4TD,1
FY1 4TE,1
FY1 4TF,1
FY1 4TG,1
FY1 4TH,1
FY1 4TJ,1
FY1 4TP,1
FY1 4TQ,1
FY1 4TR,1
FY1 4TT,1
FY1 4TW,1
FY1 4UL,4
FY1 4WA,1
FY1 4WS,1
FY1 4WT,1
FY1 4WU,1
FY1 4WW,1
FY1 4WX,1
FY1 4WY,1
FY1 4WZ,1
FY1 4XA,1
FY1 4XB,1
FY1 4YZ,1
FY1 4ZU,1
FY1 4ZW,1
FY1 5AA,1
FY1 5AB,1
FY0 1BR,6
FY0 1YN,6
FY0 1YS,6
FY0 1YY,6
FY0 1ZX,6
FY0 1ZY,6
FY0 1ZZ,6
FY1 1AA,1
FY1 1AB,1
FY1 1AD,1
FY1 1AE,1
FY1 1AF,1
FY1 1AG,1
FY1 1AH,1
FY1 1AJ,1
FY1 1AN,1
FY1 1AP,1
FY1 1BA,1
FY1 1BB,1
FY1 1BD,1
FY1 1BE,1
FY1 1BG,1
FY1 1BH,1
FY1 1BJ,1
FY1 1BL,1
FY1 1BN,1
FY1 1BP,1
FY1 1BQ,1
FY1 1BS,1
FY1 5AD,1
FY1 5AE,1
FY1 5AF,1
FY1 5AG,1
FY1 5AH,1
FY1 5AJ,1
FY1 5AL,1
FY1 5AN,1
FY1 5AP,1
FY1 5AQ,1
FY1 5AR,1
FY1 5AS,1
FY1 5AT,1
FY1 5AU,1
FY1 5AW,1
FY1 5AX,1
FY1 5AY,4
FY1 5AZ,2
FY1 5BA,1
FY1 5BB,1
FY1 5BD,1
FY1 5BE,1
FY1 5BF,1
FY1 5BG,1
FY1 5BH,1
FY1 5BJ,1
FY1 5BL,1
FY1 5BN,1
FY1 5BP,1
FY1 5BQ,1
FY1 5BS,1
FY1 5BT,1
FY1 5BU,1
FY1 5BW,1
FY1 5BX,1
FY1 5BY,1
FY1 5BZ,1
FY1 5DA,1
FY1 5DB,1
FY1 5DD,1
FY1 5DE,1
FY1 5DF,1
FY1 5DG,1
FY1 5DH,1
FY1 5DJ,1
FY1 5DL,1
FY1 5DN,1
FY1 5DP,1
FY1 5DQ,1
FY1 5DR,1
FY1 5DS,1
FY1 5DT,1
FY1 5DU,1
FY1 5DW,1
FY1 5DX,1
FY1 5DY,1
FY1 5DZ,1
FY1 5EA,1
FY1 5EB,1
FY1 5ED,1
FY1 5EE,1
FY1 5EF,1
FY1 5EG,1
FY1 5EH,1
FY1 5EJ,1
FY1 5EL,1
FY1 5EN,1
FY1 5EP,1
FY1 5EQ,1
FY1 5ER,1
FY1 5ES,1
FY1 5ET,1
FY1 5EU,1
FY1 5EW,1
FY1 5EX,1
FY1 5EY,1
FY1 5EZ,1
FY1 5FA,1
FY1 5FB,1
FY1 5FD,1
FY1 5FE,1
FY1 5FG,1
FY1 5FH,1
FY1 5FJ,1
FY1 5FL,1
FY1 5FN,1
FY1 5GA,1
FY1 5GB,1
FY1 5GD,1
FY1 5GE,1
FY1 5GF,1
FY1 5GG,1
FY1 5GH,1
FY1 5GJ,1
FY1 5GL,1
FY1 5GN,1
FY1 5GP,1
FY1 5GQ,1
FY1 5GR,1
FY1 5GS,1
FY1 5GT,1
FY1 5GU,1
FY1 5GW,1
FY1 5GX,1
FY1 5HA,1
FY1 5HB,1
FY1 5HE,1
FY1 5HF,1
FY1 5HG,1
FY1 5HH,1
FY1 5HJ,1
FY1 5HL,1
FY1 5HN,1
FY1 5HP,1
FY1 5HQ,1
FY1 5HR,1
FY1 5HS,1
FY1 5HT,1
FY1 5HU,1
FY1 5HW,1
FY1 5HX,1
FY1 5HY,1
FY1 5HZ,1
FY1 5JA,1
FY1 5JB,1
FY1 5JD,1
FY1 5JE,1
FY1 5JF,1
FY1 5JG,1
FY1 5JH,1
FY1 5JL,1
FY1 5JN,1
FY1 5JP,1
FY1 5JQ,1
FY1 5JR,1
FY1 5JS,1
FY1 5JT,1
FY1 5JU,1
FY1 5JW,1
FY1 5JX,1
FY1 5JY,1
FY1 5JZ,1
FY1 5LA,1
FY1 5LB,1
FY1 5LD,1
FY1 5LE,1
FY1 5LF,1
FY1 5LG,1
FY1 5LH,1
FY1 5LN,1
FY1 5LP,1
FY1 5LQ,1
FY1 5LR,1
FY1 5LS,1
FY1 5LT,1
FY1 5LU,1
FY1 5LW,1
FY1 5LX,1
FY1 5LY,1
FY1 5LZ,1
FY1 5NA,1
FY1 5NB,1
FY1 5ND,1
FY1 5NE,1
FY1 5NF,1
FY1 5NG,1
FY1 5NH,1
FY1 5NJ,1
FY1 5NL,1
FY1 5NN,1
FY1 5NP,1
FY1 5NQ,1
FY1 5NR,1
FY1 5NS,1
FY1 5NT,1
FY1 5NU,1
FY1 5NW,1
FY1 5NX,1
FY1 5NY,1
FY1 5NZ,1
FY1 5PA,1
FY1 5PB,1
FY1 5PD,1
FY1 5PE,1
FY1 5PF,1
FY1 5PG,1
FY1 5PH,1
FY1 5PJ,1
FY1 5PL,1
FY1 5PN,1
FY1 5PP,1
FY1 5PQ,1
FY1 5PR,1
FY1 5PS,1
FY1 5PT,1
FY1 5PU,1
FY1 5PW,1
FY1 5PY,1
FY1 5PZ,1
FY1 5QA,1
FY1 5QB,1
FY1 5QD,1
FY1 5QE,1
FY1 5QF,1
FY1 5QG,1
FY1 5QH,2
FY1 5QJ,2
FY1 5QL,2
FY1 5QN,2
FY1 5QP,2
FY1 5QQ,2
FY1 5QR,2
FY1 5QS,2
FY1 5QT,2
FY1 5QU,2
FY1 5QW,2
FY1 5QX,4
FY1 5QY,4
FY1 5QZ,4
FY1 5RA,4
FY1 5RB,4
FY1 5RD,1
FY1 5RE,2
FY1 5RH,1
FY1 5RJ,1
FY1 5RL,1
FY1 5WA,1
FY1 5WB,1
FY1 5WX,1
FY1 5WY,1
FY1 5WZ,1
FY1 6AA,1
FY1 6AB,1
FY1 6AD,1
FY1 6AE,1
FY1 6AF,1
FY1 6AG,1
FY1 6AH,1
FY1 6AJ,1
FY1 6AL,1
FY1 6AN,1
FY1 6AP,1
FY1 6AQ,1
FY1 6AR,1
FY1 6AS,1
FY1 6AT,1
FY1 6AU,1
FY1 6AW,1
FY1 6AX,1
FY1 6AY,1
FY1 6BA,1
FY1 6BB,1
FY1 6BD,1
FY1 6BE,1
FY1 6BF,1
FY1 6BG,1
FY1 6BH,1
FY1 6BJ,1
FY1 6BL,1
FY1 6BN,1
FY1 6BP,1
FY1 6BQ,1
FY1 6BS,1
FY1 6BT,1
FY1 6BU,1
FY1 6BW,1
FY1 6BX,1
FY1 6BY,1
FY1 6BZ,1
FY1 6DA,1
FY1 6DB,1
FY1 6DD,1
FY1 6DE,2
FY1 6DF,1
FY1 6DG,1
FY1 6DH,1
FY1 6DJ,1
FY1 6DL,1
FY1 6DN,1
FY1 6DP,1
FY1 6DQ,1
FY1 6DR,1
FY1 6DS,1
FY1 6DT,1
FY1 6DU,1
FY1 6DW,1
FY1 6DX,1
FY1 6DY,1
FY1 6DZ,1
FY1 6EA,1
FY1 6EB,1
FY1 6ED,1
FY1 6EE,1
FY1 6EF,1
FY1 6EG,1
FY1 6EH,1
FY1 6EJ,1
FY1 6EL,1
FY1 6EN,1
FY1 6EQ,1
FY1 6ER,1
FY1 6ES,1
FY1 6ET,1
FY1 6EU,1
FY1 6EX,1
FY1 6EY,1
FY1 6EZ,1
FY1 6GA,1
FY1 6GB,1
FY1 6GD,2
FY1 6GE,2
FY1 6GF,2
FY1 6GG,2
FY1 6GH,2
FY1 6GJ,2
FY1 6GL,2
FY1 6GN,2
FY1 6GP,1
FY1 6GQ,2
FY1 6GR,1
FY1 6GS,1
FY1 6GT,2
FY1 6GU,2
FY1 6GW,2
FY1 6GX,2
FY1 6GY,1
FY1 6GZ,1
FY1 6HA,1
FY1 6HB,1
FY1 6HD,1
FY1 6HE,1
FY1 6HF,1
FY1 6HG,1
FY1 6HH,1
FY1 6HJ,1
FY1 6HL,1
FY1 6HN,1
FY1 6HP,1
FY1 6HQ,1
FY1 6HR,1
FY1 6HS,1
FY1 6HT,1
FY1 6HU,1
FY1 6HW,1
FY1 6HX,1
FY1 6HY,1
FY1 6HZ,1
FY1 6JA,1
FY1 6JB,1
FY1 6JD,1
FY1 6JE,1
FY1 6JF,1
FY1 6JG,1
FY1 6JH,1
FY1 6JJ,1
FY1 6JL,1
FY1 6JN,1
FY1 6JP,1
FY1 6JQ,1
FY1 6JR,1
FY1 6JS,1
FY1 6JT,1
FY1 6JU,1
FY1 6JW,1
FY1 6JX,1
FY1 6JY,1
FY1 6JZ,1
FY1 6LA,2
FY1 6LB,1
FY1 6LD,1
FY1 6LE,1
FY1 6LF,2
FY1 6LG,2
FY1 6LH,1
FY1 6LJ,2
FY1 6LL,2
FY1 6LN,2
FY1 6LP,1
FY1 6LQ,2
FY1 6LR,1
FY1 6LS,1
FY1 6LT,2
FY1 6LU,2
FY1 6LW,2
FY1 6LX,1
FY1 6LY,1
FY1 6LZ,1
FY1 6NA,1
FY1 6NB,2
FY1 6ND,2
FY1 6NE,2
FY1 6NG,2
FY1 6NH,2
FY1 6NJ,1
FY1 6NL,1
FY1 6NN,1
FY1 6NP,1
FY1 6NQ,1
FY1 6NR,1
FY1 6NS,1
FY1 6NT,1
FY1 6NU,2
FY1 6NW,1
FY1 6NX,1
FY1 6NY,2
FY1 6NZ,1
FY1 6PA,1
FY1 6PE,1
FY1 6PF,1
FY1 6PG,1
FY1 6PH,1
FY1 6PJ,1
FY1 6PL,1
FY1 6PN,1
FY1 6PP,1
FY1 6PQ,1
FY1 6PR,1
FY1 6PS,1
FY1 6PT,1
FY1 6PU,1
FY1 6PW,1
FY1 6PX,1
FY1 6PY,1
FY1 6PZ,1
FY1 6QA,1
FY1 6QB,3
FY1 6QD,1
FY1 6QE,1
FY1 6QF,3
FY1 6QG,3
FY1 6QH,1
FY1 6QJ,1
FY1 6QL,1
FY1 6QN,1
FY1 6QP,3
FY1 6QQ,1
FY1 6QR,3
FY1 6QS,1
FY1 6QT,3
FY1 6QU,3
FY1 6QW,4
FY1 6QX,3
FY1 6QY,3
FY1 6QZ,3
FY1 6RA,3
FY1 6RB,3
FY1 6RD,3
FY1 6RE,3
FY1 6RF,3
FY1 6RG,3
FY1 6RH,3
FY1 6RJ,3
FY1 6RL,4
FY1 6RN,4
FY1 6RP,3
FY1 6RQ,3
FY1 6RR,1
FY1 6RS,1
FY1 6RT,4
FY1 6RU,4
FY1 6RW,3
FY1 6RX,3
FY1 6RY,1
FY1 6RZ,1
FY1 6SA,1
FY1 6SB,1
FY1 6SD,1
FY1 6SE,3
FY1 6SF,3
FY1 6SG,1
FY1 6SH,4
FY1 6WA,1
FY1 6WS,1
FY1 6WT,1
FY1 6WU,1
FY1 6WW,3
FY1 6WX,1
FY1 6WY,1
FY1 6WZ,3
FY1 6XA,1
FY1 6YX,1
FY1 6YZ,1
FY1 6ZY,1
FY1 6ZZ,1
FY1 9AA,1
FY1 9AB,1
FY1 9AD,1
FY1 9AE,1
FY1 9AF,1
FY1 9AG,1
FY1 9AH,1
FY1 9AJ,1
FY1 9AL,1
FY1 9AN,1
FY1 9AP,1
FY1 9AQ,1
FY1 9AR,1
FY1 9AS,1
FY1 9AT,1
FY1 9AU,1
FY1 9AW,1
FY1 9AX,1
FY1 9AY,1
FY1 9AZ,1
FY1 9BA,1
FY1 9BB,1
FY1 9BD,1
FY1 9BE,1
FY1 9BF,1
FY1 9BG,1
FY1 9BH,1
FY1 9BJ,1
FY1 9BL,1
FY1 9BN,1
FY1 9BP,1
FY1 9BQ,1
FY1 9BR,1
FY1 9BS,1
FY1 9BT,1
FY1 9BU,1
FY1 9BW,1
FY1 9BX,1
FY1 9BY,1
FY1 9BZ,1
FY1 9DA,1
FY1 9DB,1
FY1 9DD,1
FY1 9DE,1
FY1 9DF,1
FY1 9DG,1
FY1 9DH,1
FY1 9DJ,1
FY1 9DL,1
FY1 9DN,1
FY1 9DP,1
FY1 9DQ,1
FY1 9DR,1
FY1 9DS,1
FY1 9DT,1
FY1 9DU,1
FY1 9DX,1
FY1 9DY,1
FY1 9DZ,1
FY1 9EA,1
FY1 9EB,1
FY1 9ED,1
FY1 9EE,1
FY1 9EF,1
FY1 9EG,1
FY1 9EH,1
FY1 9EJ,1
FY1 9EL,1
FY1 9EN,1
FY1 9EP,1
FY1 9EQ,1
FY1 9ER,1
FY1 9ES,1
FY1 9ET,1
FY1 9EU,1
FY1 9EW,1
FY1 9EX,1
FY1 9EY,1
FY1 9EZ,1
FY1 9FA,1
FY1 9FB,1
FY1 9FD,1
FY1 9FE,1
FY1 9FF,1
FY1 9FG,1
FY1 9FH,1
FY1 9FJ,1
FY1 9FL,1
FY1 9FN,1
FY1 9FP,1
FY1 9FQ,1
FY1 9FR,1
FY1 9FS,1
FY1 9FT,1
FY1 9FU,1
FY1 9FW,1
FY1 9FX,1
FY1 9FY,1
FY1 9FZ,1
FY1 9GA,1
FY1 9GB,1
FY1 9GD,1
FY1 9GE,1
FY1 9GF,1
FY1 9GG,1
FY1 9GH,1
FY1 9GJ,1
FY1 9GL,1
FY1 9GN,1
FY1 9GP,1
FY1 9GQ,1
FY1 9GR,1
FY1 9GS,1
FY1 9GT,1
FY1 9GU,1
FY1 9GW,1
FY1 9GX,1
FY1 9GY,1
FY1 9GZ,1
FY1 9HA,1
FY1 9HB,1
FY1 9HD,1
FY1 9HE,1
FY1 9HF,1
FY1 9HG,1
FY1 9HH,1
FY1 9HJ,1
FY1 9HL,1
FY1 9HN,1
FY1 9HP,1
FY1 9HQ,1
FY1 9HR,1
FY1 9HS,1
FY1 9HT,1
FY1 9HU,1
FY1 9HW,1
FY1 9HX,1
FY1 9HY,1
FY1 9HZ,1
FY1 9JA,1
FY1 9JB,1
FY1 9JE,1
FY1 9JF,1
FY1 9JG,1
FY1 9JH,1
FY1 9JJ,1
FY1 9JL,1
FY1 9JN,1
FY1 9JP,1
FY1 9JQ,1
FY1 9JR,1
FY1 9JS,1
FY1 9JT,1
FY1 9JU,1
FY1 9JW,1
FY1 9JX,1
FY1 9JY,1
FY1 9JZ,1
FY1 9LA,1
FY1 9LB,1
FY1 9LD,1
FY1 9LE,1
FY1 9LF,1
FY1 9LG,1
FY1 9LH,1
FY1 9LJ,1
FY1 9LL,1
FY1 9LN,1
FY1 9LP,1
FY1 9LQ,1
FY1 9LR,1
FY1 9LS,1
FY1 9LT,1
FY1 9LU,1
FY1 9LW,1
FY1 9LX,1
FY1 9LY,1
FY1 9LZ,1
FY1 9NA,1
FY1 9NB,1
FY1 9ND,1
FY1 9NE,1
FY1 9NF,1
FY1 9NG,1
FY1 9NH,1
FY1 9NJ,1
FY1 9SA,1
FY1 9SB,1
FY1 9SD,1
FY1 9SE,1
FY1 9SF,1
FY1 9SG,1
FY1 9SH,1
FY1 9SJ,1
FY1 9SL,1
FY1 9SN,1
FY1 9SP,1
FY1 9SQ,1
FY1 9SR,1
FY1 9SS,1
FY1 9ST,1
FY1 9SU,1
FY1 9SW,1
FY1 9SX,1
FY1 9SY,1
FY1 9SZ,1
FY1 9TA,1
FY1 9TB,1
FY1 9TD,1
FY1 9TE,1
FY1 9WZ,1
FY1 9ZZ,1
FY2 0AA,7
FY2 0AB,7
FY2 0AD,7
FY2 0AE,7
FY2 0AF,1
FY2 0AG,7
FY2 0AH,4
FY2 0AJ,4
FY2 0AL,4
FY2 0AN,6
FY2 0AP,7
FY2 0AQ,7
FY2 0AR,7
FY2 0AS,4
FY2 0AT,4
FY2 0AU,4
FY2 0AW,6
FY2 0AX,5
FY2 0AY,4
FY2 0AZ,4
FY2 0BA,4
FY2 0BB,4
FY2 0BD,4
FY2 0BE,1
FY2 0BF,5
FY2 0BG,2
FY2 0BH,4
FY2 0BJ,4
FY2 0BL,4
FY2 0BN,4
FY2 0BP,5
FY2 0BQ,5
FY2 0BR,5
FY2 0BS,5
FY2 0BT,1
FY2 0BU,4
FY2 0BW,5
FY2 0BX,4
FY2 0BY,4
FY2 0BZ,4
FY2 0DA,4
FY2 0DB,4
FY2 0DD,4
FY2 0DE,4
FY2 0DF,4
FY2 0DG,1
FY2 0DH,5
FY2 0DJ,5
FY2 0DL,5
FY2 0DN,5
FY2 0DP,5
FY2 0DQ,1
FY2 0DR,5
FY2 0DS,5
FY2 0DT,5
FY2 0DU,5
FY2 0DW,5
FY2 0DX,5
FY2 0DY,5
FY2 0DZ,5
FY2 0EA,5
FY2 0EB,5
FY2 0ED,5
FY2 0EE,5
FY2 0EF,5
FY2 0EG,1
FY2 0EH,1
FY2 0EJ,1
FY2 0EL,4
FY2 0EN,4
FY2 0EP,2
FY2 0EQ,1
FY2 0ER,5
FY2 0ES,4
FY2 0ET,5
FY2 0EU,5
FY2 0EW,2
FY2 0EX,5
FY2 0EY,5
FY2 0EZ,5
FY2 0FA,5
FY2 0FB,5
FY2 0FD,5
FY2 0FE,1
FY2 0FF,1
FY2 0FG,1
FY2 0FH,2
FY2 0FJ,5
FY2 0FL,1
FY2 0FN,1
FY2 0FP,5
FY2 0FQ,1
FY2 0FS,2
FY2 0FT,5
FY2 0FU,4
FY2 0FX,1
FY2 0FY,5
FY2 0FZ,5
FY2 0GA,5
FY2 0GB,1
FY2 0GD,1
FY2 0GE,1
FY2 0GF,1
FY2 0GG,2
FY2 0GH,1
FY2 0GJ,2
FY2 0GL,1
FY2 0GN,2
FY2 0GP,2
FY2 0GQ,2
FY2 0GR,1
FY2 0GS,2
FY2 0GT,2
FY2 0GU,1
FY2 0GW,1
FY2 0GX,1
FY2 0GY,2
FY2 0GZ,1
FY2 0HA,4
FY2 0HB,7
FY2 0HD,1
FY2 0HE,1
FY2 0HF,1
FY2 0HG,2
FY2 0HH,2
FY2 0HJ,4
FY2 0HL,4
FY2 0HN,1
FY2 0HP,1
FY2 0HQ,2
FY2 0HR,2
FY2 0HS,2
FY2 0HT,2
FY2 0HU,2
FY2 0HW,4
FY2 0HX,2
FY2 0HY,2
FY2 0HZ,2
FY2 0JA,2
FY2 0JB,2
FY2 0JD,2
FY2 0JE,2
FY2 0JF,5
FY2 0JG,2
FY2 0JH,1
FY2 0JJ,1
FY2 0JL,4
FY2 0JN,1
FY2 0JP,3
FY2 0JQ,2
FY2 0JR,2
FY2 0JS,4
FY2 0JT,4
FY2 0JU,4
FY2 0JW,1
FY2 0JX,2
FY2 0JY,1
FY2 0JZ,2
FY2 0LA,3
FY2 0LB,3
FY2 0LD,3
FY2 0LE,3
FY2 0LF,3
FY2 0LG,2
FY2 0LH,3
FY2 0LJ,3
FY2 0LL,2
FY2 0LN,2
FY2 0LP,2
FY2 0LQ,2
FY2 0LR,2
FY2 0LS,2
FY2 0LT,2
FY2 0LU,2
FY2 0LW,2
FY2 0LX,2
FY2 0LY,2
FY2 0LZ,5
FY2 0NA,1
FY2 0NB,1
FY2 0ND,2
FY2 0NE,3
FY2 0NF,3
FY2 0NG,3
FY2 0NH,3
FY2 0NJ,5
FY2 0NL,5
FY2 0NN,5
FY2 0NP,5
FY2 0NQ,2
FY2 0NR,5
FY2 0NS,3
FY2 0NT,3
FY2 0NU,2
FY2 0NW,5
FY2 0NX,2
FY2 0NY,3
FY2 0NZ,2
FY2 0PA,3
FY2 0PB,3
FY2 0PD,2
FY2 0PE,2
FY2 0PF,2
FY2 0PG,2
FY2 0PH,1
FY2 0PJ,1
FY2 0PL,1
FY2 0PN,2
FY2 0PP,2
FY2 0PQ,5
FY2 0PR,5
FY2 0PS,2
FY2 0PT,2
FY2 0PU,5
FY2 0PW,2
FY2 0PX,2
FY2 0PY,5
FY2 0PZ,5
FY2 0QA,2
FY2 0QB,5
FY2 0QD,5
FY2 0QE,5
FY2 0QF,5
FY2 0QG,5
FY2 0QH,5
FY2 0QJ,5
FY2 0QL,5
FY2 0QN,5
FY2 0QP,2
FY2 0QQ,5
FY2 0QR,5
FY2 0QS,5
FY2 0QT,5
FY2 0QU,2
FY2 0QW,5
FY2 0QX,5
FY2 0QY,2
FY2 0QZ,2
FY2 0RA,7
FY2 0RB,7
FY2 0RD,7
FY2 0RE,7
FY2 0RF,7
FY2 0RG,3
FY2 0RH,3
FY2 0RJ,3
FY2 0RL,3
FY2 0RN,3
FY2 0RP,3
FY2 0RQ,3
FY2 0RR,3
FY2 0RS,3
FY2 0RT,3
FY2 0RU,3
FY2 0RW,3
FY2 0RX,3
FY2 0RY,7
FY2 0RZ,4
FY2 0SA,3
FY2 0SB,4
FY2 0SD,4
FY2 0SE,3
FY2 0SF,5
FY2 0SG,4
FY2 0SH,4
FY2 0SJ,4
FY2 0SL,4
FY2 0SN,5
FY2 0SP,4
FY2 0SQ,1
FY2 0SR,5
FY2 0SS,4
FY2 0ST,4
FY2 0SU,4
FY2 0SW,4
FY2 0SX,5
FY2 0SY,4
FY2 0SZ,4
FY2 0TA,4
FY2 0TB,5
FY2 0TD,5
FY2 0TE,4
FY2 0TF,4
FY2 0TG,4
FY2 0TH,4
FY2 0TJ,4
FY2 0TL,3
FY2 0TN,3
FY2 0TP,4
FY2 0TQ,2
FY2 0TR,4
FY2 0TS,4
FY2 0TT,4
FY2 0TU,3
FY2 0TW,3
FY2 0TX,3
FY2 0TY,3
FY2 0TZ,3
FY2 0UA,3
FY2 0UB,3
FY2 0UD,4
FY2 0UE,4
FY2 0UF,4
FY2 0UG,4
FY2 0UH,4
FY2 0UJ,4
FY2 0UL,4
FY2 0UN,4
FY2 0UP,4
FY2 0UQ,4
FY2 0UR,1
FY2 0US,2
FY2 0UT,2
FY2 0UU,2
FY2 0UW,1
FY2 0UX,5
FY2 0UY,4
FY2 0UZ,5
FY2 0WA,2
FY2 0WB,2
FY2 0WD,2
FY2 0WE,2
FY2 0WF,2
FY2 0WG,2
FY2 0WH,2
FY2 0WJ,2
FY2 0WL,2
FY2 0WN,2
FY2 0WP,5
FY2 0WQ,3
FY2 0WR,5
FY2 0WS,5
FY2 0WT,5
FY2 0WU,5
FY2 0WW,5
FY2 0WX,5
FY2 0WY,5
FY2 0WZ,1
FY2 0XA,4
FY2 0XB,4
FY2 0XD,4
FY2 0XE,5
FY2 0XF,1
FY2 0XG,4
FY2 0XH,4
FY2 0XJ,2
FY2 0XL,2
FY2 0XN,4
FY2 0XP,4
FY2 0XQ,1
FY2 0XR,1
FY2 0XS,1
FY2 0XT,1
FY2 0XU,1
FY2 0XW,5
FY2 0XX,1
FY2 0XY,3
FY2 0XZ,1
FY2 0YA,5
FY2 0YB,1
FY2 0YD,1
FY2 0YE,5
FY2 0YF,5
FY2 0YG,5
FY2 0YH,5
FY2 0YJ,5
FY2 0YL,5
FY2 0YN,5
FY2 0YP,5
FY2 0YQ,1
FY2 0YR,1
FY2 0YS,1
FY2 0YT,1
FY2 0YU,5
FY2 0YW,5
FY2 0YX,5
FY2 0YY,5
FY2 0ZA,5
FY2 0ZB,5
FY2 0ZD,5
FY2 0ZE,5
FY2 0ZG,5
FY2 0ZN,5
FY2 0ZP,5
FY2 0ZQ,5
FY2 0ZR,1
FY2 0ZU,5
FY2 0ZW,5
FY2 0ZX,5
FY2 0ZY,5
FY2 9AA,5
FY2 9AB,2
FY2 9AD,6
FY2 9AE,6
FY2 9AF,6
FY2 9AG,6
FY2 9AH,2
FY2 9AJ,6
FY2 9AL,6
FY2 9AN,2
FY2 9AP,6
FY2 9AQ,6
FY2 9AR,6
FY2 9AS,6
FY2 9AT,6
FY2 9AU,6
FY2 9AW,2
FY2 9AX,6
FY2 9AY,2
FY2 9AZ,6
FY2 9BA,2
FY2 9BB,2
FY2 9BD,2
FY2 9BE,7
FY2 9BG,7
FY2 9BH,3
FY2 9BJ,2
FY2 9BN,2
FY2 9BT,6
FY2 9BU,6
FY2 9BW,2
FY2 9BX,6
FY2 9BY,6
FY2 9BZ,7
FY2 9DA,7
FY2 9DB,7
FY2 9DD,6
FY2 9DE,7
FY2 9DF,7
FY2 9DG,6
FY2 9DH,6
FY2 9DJ,6
FY2 9DL,2
FY2 9DN,6
FY2 9DP,6
FY2 9DQ,6
FY2 9DR,6
FY2 9DS,6
FY2 9DW,7
FY2 9DZ,4
FY2 9EA,4
FY2 9EB,2
FY2 9ED,4
FY2 9EE,4
FY2 9EF,4
FY2 9EG,4
FY2 9EH,2
FY2 9EJ,2
FY2 9EL,6
FY2 9EN,6
FY2 9EP,6
FY2 9EQ,4
FY2 9ER,6
FY2 9ES,4
FY2 9ET,4
FY2 9EW,6
FY2 9EX,4
FY2 9EY,4
FY2 9GA,4
FY2 9GB,4
FY2 9GD,4
FY2 9GE,4
FY2 9GF,1
FY2 9GG,4
FY2 9GH,4
FY2 9GJ,3
FY2 9GL,3
FY2 9GN,3
FY2 9GP,4
FY2 9GQ,6
FY2 9GR,4
FY2 9GS,1
FY2 9GT,4
FY2 9GU,4
FY2 9GW,4
FY2 9GX,1
FY2 9GY,4
FY2 9GZ,1
FY2 9HA,2
FY2 9HB,2
FY2 9HD,2
FY2 9HE,2
FY2 9HF,2
FY2 9HG,2
FY2 9HH,4
FY2 9HJ,2
FY2 9HL,2
FY2 9HN,2
FY2 9HP,2
FY2 9HQ,2
FY2 9HR,2
FY2 9HS,2
FY2 9HT,2
FY2 9HU,2
FY2 9HW,2
FY2 9HX,2
FY2 9HY,2
FY2 9HZ,2
FY2 9JA,2
FY2 9JB,2
FY2 9JD,2
FY2 9JE,2
FY2 9JF,2
FY2 9JG,2
FY2 9JH,3
FY2 9JJ,3
FY2 9JL,3
FY2 9JN,3
FY2 9JP,3
FY2 9JQ,2
FY2 9JR,3
FY2 9JS,3
FY2 9JT,3
FY2 9JU,3
FY2 9JW,3
FY2 9JX,3
FY2 9JY,3
FY2 9JZ,3
FY2 9LA,3
FY2 9LB,3
FY2 9LD,3
FY2 9LE,3
FY2 9LF,3
FY2 9LG,4
FY2 9LH,4
FY2 9LJ,4
FY2 9LL,4
FY2 9LN,3
FY2 9LQ,4
FY2 9LR,3
FY2 9LT,4
FY2 9LU,4
FY2 9LW,3
FY2 9LX,4
FY2 9LY,4
FY2 9LZ,4
FY2 9NA,4
FY2 9NB,4
FY2 9ND,4
FY2 9NE,4
FY2 9NF,4
FY2 9NG,4
FY2 9NH,4
FY2 9NJ,4
FY2 9NL,4
FY2 9NN,3
FY2 9NQ,4
FY2 9NS,1
FY2 9NT,3
FY2 9NU,3
FY2 9NW,2
FY2 9NX,3
FY2 9NY,3
FY2 9PA,3
FY2 9PB,3
FY2 9PD,3
FY2 9PE,3
FY2 9PF,1
FY2 9PG,3
FY2 9PH,3
FY2 9PJ,3
FY2 9PL,3
FY2 9PN,3
FY2 9PP,3
FY2 9PQ,3
FY2 9PR,3
FY2 9PS,3
FY2 9PT,3
FY2 9PU,3
FY2 9PW,3
FY2 9PX,3
FY2 9PY,3
FY2 9PZ,3
FY2 9QA,3
FY2 9QB,3
FY2 9QD,3
FY2 9QE,4
FY2 9QF,1
FY2 9QG,1
FY2 9QH,1
FY2 9QJ,1
FY2 9QL,1
FY2 9QN,1
FY2 9QP,1
FY2 9QQ,1
FY2 9QR,1
FY2 9QS,1
FY2 9QT,1
FY2 9QU,1
FY2 9QW,1
FY2 9QX,1
FY2 9QY,1
FY2 9QZ,1
FY2 9RA,1
FY2 9RB,1
FY2 9RD,1
FY2 9RE,1
FY2 9RF,1
FY2 9RG,1
FY2 9RH,1
FY2 9RJ,1
FY2 9RL,1
FY2 9RN,1
FY2 9RP,1
FY2 9RQ,1
FY2 9RR,1
FY2 9RS,1
FY2 9RT,1
FY2 9RU,1
FY2 9RW,1
FY2 9RX,1
FY2 9RY,1
FY2 9RZ,1
FY2 9SA,1
FY2 9SB,1
FY2 9SD,1
FY2 9SE,1
FY2 9SF,1
FY2 9SG,1
FY2 9SH,1
FY2 9SJ,1
FY2 9SL,1
FY2 9SN,1
FY2 9SP,1
FY2 9SQ,1
FY2 9SR,1
FY2 9SS,3
FY2 9ST,3
FY2 9SU,1
FY2 9SW,1
FY2 9SX,1
FY2 9SY,1
FY2 9SZ,1
FY2 9TA,1
FY2 9TB,1
FY2 9TD,1
FY2 9TE,1
FY2 9TF,2
FY2 9TG,7
FY2 9TH,1
FY2 9TJ,1
FY2 9TL,1
FY2 9TN,1
FY2 9TP,7
FY2 9TQ,7
FY2 9TR,7
FY2 9TS,7
FY2 9TT,7
FY2 9TU,7
FY2 9TW,7
FY2 9TX,7
FY2 9TY,7
FY2 9TZ,7
FY2 9UA,7
FY2 9UB,7
FY2 9UD,7
FY2 9UE,7
FY2 9UF,7
FY2 9UG,3
FY2 9UH,7
FY2 9UJ,3
FY2 9UL,7
FY2 9UN,1
FY2 9UP,7
FY2 9UQ,3
FY2 9UR,7
FY2 9UT,7
FY2 9UU,7
FY2 9UW,7
FY2 9UX,7
FY2 9UY,7
FY2 9UZ,7
FY2 9WA,4
FY2 9WB,1
FY2 9WD,1
FY2 9WP,1
FY2 9WQ,1
FY2 9WR,7
FY2 9WS,1
FY2 9WT,1
FY2 9WU,1
FY2 9WW,7
FY2 9WX,1
FY2 9WY,7
FY2 9WZ,1
FY2 9XA,3
FY2 9XB,3
FY2 9XD,1
FY2 9XE,1
FY2 9XF,1
FY2 9XG,1
FY2 9YX,3
FY2 9ZZ,3
FY3 0AA,7
FY3 0AB,7
FY3 0AD,7
FY3 0AE,7
FY3 0AF,6
FY3 0AG,7
FY3 0AH,6
FY3 0AJ,6
FY3 0AL,6
FY3 0AN,6
FY3 0AP,6
FY3 0AQ,7
FY3 0AR,7
FY3 0AS,7
FY3 0AT,7
FY3 0AU,6
FY3 0AW,6
FY3 0AX,7
FY3 0AY,7
FY3 0AZ,7
FY3 0BA,7
FY3 0BB,7
FY3 0BD,6
FY3 0BE,6
FY3 0BF,7
FY3 0BG,7
FY3 0BH,7
FY3 0BJ,7
FY3 0BL,7
FY3 0BN,7
FY3 0BP,7
FY3 0BQ,7
FY3 0BS,7
FY3 0BT,7
FY3 0BU,7
FY3 0BW,7
FY3 0BX,7
FY3 0BY,7
FY3 0BZ,4
FY3 0DA,7
FY3 0DB,7
FY3 0DD,7
FY3 0DE,7
FY3 0DF,7
FY3 0DG,7
FY3 0DH,7
FY3 0DJ,7
FY3 0DL,7
FY3 0DN,7
FY3 0DP,7
FY3 0DQ,7
FY3 0DR,7
FY3 0DS,7
FY3 0DT,6
FY3 0DU,7
FY3 0DW,7
FY3 0DX,7
FY3 0DY,7
FY3 0DZ,7
FY3 0EA,7
FY3 0EB,7
FY3 0ED,6
FY3 0EE,7
FY3 0EF,7
FY3 0EG,7
FY3 0EH,4
FY3 0EJ,7
FY3 0EL,7
FY3 0EN,6
FY3 0EP,6
FY3 0EQ,6
FY3 0ER,6
FY3 0ES,7
FY3 0ET,7
FY3 0FA,1
FY3 0GA,1
FY3 0GB,7
FY3 0WA,1
FY3 0WZ,1
FY3 7AA,1
FY3 7AB,1
FY3 7AD,1
FY3 7AE,2
FY3 7AF,2
FY3 7AG,2
FY3 7AH,1
FY3 7AJ,2
FY3 7AL,1
FY3 7AN,1
FY3 7AP,2
FY3 7AQ,2
FY3 7AR,2
FY3 7AS,1
FY3 7AT,1
FY3 7AU,1
FY3 7AW,1
FY3 7AX,1
FY3 7AY,1
FY3 7AZ,2
FY3 7BA,2
FY3 7BB,2
FY3 7BD,2
FY3 7BE,2
FY3 7BF,1
FY3 7BG,1
FY3 7BH,1
FY3 7BJ,2
FY3 7BL,2
FY3 7BN,2
FY3 7BP,2
FY3 7BQ,1
FY3 7BS,2
FY3 7BT,2
FY3 7BU,2
FY3 7BW,1
FY3 7BX,2
FY3 7BY,2
FY3 7BZ,2
FY3 7DA,2
FY3 7DB,2
FY3 7DD,1
FY3 7DE,1
FY3 7DF,1
FY3 7DG,1
FY3 7DH,1
FY3 7DJ,1
FY3 7DL,1
FY3 7DN,1
FY3 7DP,1
FY3 7DQ,1
FY3 7DR,2
FY3 7DS,2
FY3 7DT,2
FY3 7DU,2
FY3 7DW,2
FY3 7DX,2
FY3 7DY,2
FY3 7DZ,2
FY3 7EA,1
FY3 7EB,1
FY3 7ED,1
FY3 7EE,5
FY3 7EF,5
FY3 7EG,5
FY3 7EH,5
FY3 7EJ,5
FY3 7EL,2
FY3 7EN,1
FY3 7EP,1
FY3 7EQ,7
FY3 7ER,2
FY3 7ES,1
FY3 7ET,1
FY3 7EU,1
FY3 7EW,2
FY3 7EX,1
FY3 7EY,5
FY3 7EZ,1
FY3 7FA,1
FY3 7FB,1
FY3 7FD,1
FY3 7FE,1
FY3 7FF,2
FY3 7FG,7
FY3 7FZ,1
FY3 7GA,1
FY3 7GB,1
FY3 7GD,1
FY3 7GE,1
FY3 7GF,1
FY3 7GG,1
FY3 7GH,1
FY3 7GJ,1
FY3 7GL,1
FY3 7GN,1
FY3 7GP,1
FY3 7GQ,1
FY3 7GR,1
FY3 7GS,1
FY3 7GT,1
FY3 7GU,1
FY3 7GW,1
FY3 7GX,1
FY3 7GZ,1
FY3 7HA,1
FY3 7HB,1
FY3 7HD,1
FY3 7HE,1
FY3 7HF,1
FY3 7HG,1
FY3 7HH,2
FY3 7HJ,2
FY3 7HL,2
FY3 7HN,2
FY3 7HP,2
FY3 7HQ,2
FY3 7HR,1
FY3 7HS,2
FY3 7HT,2
FY3 7HU,2
FY3 7HW,2
FY3 7HX,2
FY3 7HY,2
FY3 7HZ,2
FY3 7JA,2
FY3 7JB,2
FY3 7JD,2
FY3 7JE,1
FY3 7JF,1
FY3 7JG,5
FY3 7JH,5
FY3 7JJ,5
FY3 7JL,1
FY3 7JN,5
FY3 7JP,5
FY3 7JQ,5
FY3 7JR,5
FY3 7JS,2
FY3 7JT,1
FY3 7JU,2
FY3 7JW,5
FY3 7JX,2
FY3 7JY,2
FY3 7JZ,2
FY3 7LA,5
FY3 7LB,5
FY3 7LD,5
FY3 7LE,5
FY3 7LF,5
FY3 7LG,5
FY3 7LH,5
FY3 7LJ,5
FY3 7LL,5
FY3 7LN,5
FY3 7LP,5
FY3 7LQ,5
FY3 7LR,5
FY3 7LS,5
FY3 7LT,5
FY3 7LU,8
FY3 7LW,5
FY3 7LX,8
FY3 7LY,8
FY3 7LZ,5
FY3 7NA,8
FY3 7NB,8
FY3 7ND,8
FY3 7NE,1
FY3 7NF,1
FY3 7NG,1
FY3 7NH,2
FY3 7NJ,1
FY3 7NL,1
FY3 7NN,1
FY3 7NP,1
FY3 7NQ,1
FY3 7NR,1
FY3 7NS,1
FY3 7NT,1
FY3 7NU,1
FY3 7NW,1
FY3 7NX,1
FY3 7NY,1
FY3 7NZ,1
FY3 7PA,1
FY3 7PB,1
FY3 7PD,1
FY3 7PE,1
FY3 7PF,1
FY3 7PG,1
FY3 7PH,1
FY3 7PJ,1
FY3 7PL,1
FY3 7PN,1
FY3 7PP,8
FY3 7PQ,1
FY3 7PR,5
FY3 7PS,1
FY3 7PT,6
FY3 7PU,6
FY3 7PW,1
FY3 7PX,1
FY3 7PY,6
FY3 7PZ,1
FY3 7QA,1
FY3 7QB,1
FY3 7QD,1
FY3 7QE,1
FY3 7QF,1
FY3 7QG,1
FY3 7QH,1
FY3 7QJ,1
FY3 7QL,1
FY3 7QN,1
FY3 7QP,1
FY3 7QQ,1
FY3 7QR,1
FY3 7QS,1
FY3 7QT,1
FY3 7QU,1
FY3 7QW,1
FY3 7QX,1
FY3 7QY,1
FY3 7QZ,1
FY3 7RA,1
FY3 7RB,1
FY3 7RD,1
FY3 7RE,1
FY3 7RF,1
FY3 7RG,8
FY3 7RH,7
FY3 7RJ,7
FY3 7RL,1
FY3 7RN,1
FY3 7RP,1
FY3 7RQ,8
FY3 7RR,1
FY3 7RS,1
FY3 7RT,1
FY3 7RU,1
FY3 7RW,1
FY3 7RX,1
FY3 7RY,1
FY3 7RZ,1
FY3 7SA,5
FY3 7SB,5
FY3 7SD,6
FY3 7SE,6
FY3 7SF,6
FY3 7SG,6
FY3 7SH,6
FY3 7SJ,6
FY3 7SL,6
FY3 7SN,6
FY3 7SP,6
FY3 7SQ,6
FY3 7SR,6
FY3 7SS,6
FY3 7ST,6
FY3 7SU,6
FY3 7SW,6
FY3 7SX,6
FY3 7SY,6
FY3 7SZ,1
FY3 7TA,1
FY3 7TB,1
FY3 7TD,1
FY3 7TE,1
FY3 7TF,1
FY3 7TG,1
FY3 7TH,1
FY3 7TJ,1
FY3 7TL,1
FY3 7TN,1
FY3 7TP,1
FY3 7TQ,1
FY3 7TR,1
FY3 7TS,1
FY3 7TT,1
FY3 7TU,1
FY3 7TW,1
FY3 7TX,1
FY3 7TY,1
FY3 7TZ,1
FY3 7UA,1
FY3 7UB,5
FY3 7UD,5
FY3 7UE,1
FY3 7UF,1
FY3 7UG,1
FY3 7UH,1
FY3 7UJ,1
FY3 7UL,1
FY3 7UN,5
FY3 7UP,5
FY3 7UQ,1
FY3 7UR,5
FY3 7US,5
FY3 7UT,5
FY3 7UU,5
FY3 7UW,5
FY3 7UX,5
FY3 7UY,1
FY3 7UZ,5
FY3 7WA,1
FY3 7WB,1
FY3 7WQ,1
FY3 7WR,1
FY3 7WS,1
FY3 7WT,5
FY3 7WU,1
FY3 7WW,5
FY3 7WX,1
FY3 7WY,5
FY3 7WZ,5
FY3 7XA,5
FY3 7XB,5
FY3 7XD,5
FY3 7XE,5
FY3 7XF,5
FY3 7XG,5
FY3 7XJ,5
FY3 7XL,5
FY3 7XN,5
FY3 7XP,5
FY3 7XQ,5
FY3 7XR,5
FY3 7XS,1
FY3 7YX,5
FY3 7ZW,1
FY3 8AA,1
FY3 8AB,1
FY3 8AD,1
FY3 8AE,1
FY3 8AF,1
FY3 8AG,1
FY3 8AH,1
FY3 8AJ,3
FY3 8AL,1
FY3 8AN,1
FY3 8AP,3
FY3 8AQ,1
FY3 8AR,1
FY3 8AS,1
FY3 8AT,1
FY3 8AU,1
FY3 8AW,1
FY3 8AX,1
FY3 8AY,1
FY3 8AZ,1
FY3 8BA,1
FY3 8BB,1
FY3 8BD,7
FY3 8BE,1
FY3 8BF,1
FY3 8BG,1
FY3 8BH,1
FY3 8BJ,1
FY3 8BL,1
FY3 8BN,1
FY3 8BP,7
FY3 8BQ,1
FY3 8BS,3
FY3 8BT,3
FY3 8BU,3
FY3 8BW,5
FY3 8BX,3
FY3 8BY,3
FY3 8BZ,3
FY3 8DA,3
FY3 8DB,3
FY3 8DD,3
FY3 8DE,3
FY3 8DF,3
FY3 8DG,3
FY3 8DH,3
FY3 8DJ,1
FY3 8DL,3
FY3 8DN,1
FY3 8DP,1
FY3 8DQ,3
FY3 8DR,1
FY3 8DS,1
FY3 8DT,3
FY3 8DU,1
FY3 8DW,1
FY3 8DX,7
FY3 8DY,1
FY3 8DZ,1
FY3 8EA,2
FY3 8EB,3
FY3 8ED,3
FY3 8EE,1
FY3 8EF,2
FY3 8EG,2
FY3 8EH,2
FY3 8EJ,2
FY3 8EL,3
FY3 8EN,3
FY3 8EP,3
FY3 8EQ,2
FY3 8ER,3
FY3 8ES,3
FY3 8ET,3
FY3 8EU,3
FY3 8EW,3
FY3 8EX,3
FY3 8EY,3
FY3 8EZ,3
FY3 8FA,7
FY3 8FB,7
FY3 8FD,7
FY3 8FE,7
FY3 8FF,7
FY3 8FG,7
FY3 8FH,7
FY3 8FJ,7
FY3 8FL,7
FY3 8FN,7
FY3 8FP,7
FY3 8FQ,7
FY3 8FR,7
FY3 8FS,7
FY3 8FT,7
FY3 8FU,3
FY3 8GA,1
FY3 8GB,3
FY3 8GD,3
FY3 8GE,3
FY3 8GF,1
FY3 8GG,3
FY3 8GH,3
FY3 8GJ,3
FY3 8GL,3
FY3 8GN,3
FY3 8GP,1
FY3 8GQ,3
FY3 8GR,1
FY3 8GS,3
FY3 8GT,3
FY3 8GU,1
FY3 8GW,3
FY3 8GX,1
FY3 8GY,1
FY3 8GZ,1
FY3 8HA,3
FY3 8HB,3
FY3 8HD,3
FY3 8HE,3
FY3 8HF,3
FY3 8HG,3
FY3 8HH,3
FY3 8HJ,3
FY3 8HL,3
FY3 8HN,3
FY3 8HP,3
FY3 8HQ,3
FY3 8HR,3
FY3 8HS,3
FY3 8HT,3
FY3 8HU,3
FY3 8HW,3
FY3 8HX,3
FY3 8HY,3
FY3 8HZ,3
FY3 8JA,3
FY3 8JB,3
FY3 8JD,5
FY3 8JE,5
FY3 8JF,5
FY3 8JG,3
FY3 8JH,3
FY3 8JJ,3
FY3 8JL,3
FY3 8JN,3
FY3 8JP,3
FY3 8JQ,3
FY3 8JR,3
FY3 8JS,3
FY3 8JT,3
FY3 8JU,1
FY3 8JW,3
FY3 8JX,1
FY3 8JY,3
FY3 8JZ,3
FY3 8LA,3
FY3 8LB,3
FY3 8LD,3
FY3 8LE,5
FY3 8LF,5
FY3 8LG,5
FY3 8LH,5
FY3 8LJ,7
FY3 8LL,4
FY3 8LN,3
FY3 8LP,3
FY3 8LQ,3
FY3 8LR,3
FY3 8LS,4
FY3 8LT,3
FY3 8LU,3
FY3 8LW,3
FY3 8LX,3
FY3 8LY,5
FY3 8LZ,5
FY3 8NA,5
FY3 8NB,5
FY3 8ND,5
FY3 8NE,5
FY3 8NF,5
FY3 8NG,5
FY3 8NH,5
FY3 8NJ,3
FY3 8NL,3
FY3 8NN,5
FY3 8NP,7
FY3 8NQ,7
FY3 8NR,7
FY3 8NS,7
FY3 8NT,7
FY3 8NU,7
FY3 8NW,7
FY3 8NX,7
FY3 8NY,5
FY3 8NZ,7
FY3 8PA,5
FY3 8PB,5
FY3 8PD,5
FY3 8PE,5
FY3 8PF,5
FY3 8PG,5
FY3 8PH,1
FY3 8PJ,1
FY3 8PL,7
FY3 8PN,7
FY3 8PP,4
FY3 8PQ,5
FY3 8PR,7
FY3 8PS,7
FY3 8PT,7
FY3 8PU,7
FY3 8PW,7
FY3 8PX,7
FY3 8PY,7
FY3 8PZ,7
FY3 8QA,7
FY3 8QB,7
FY3 8QD,7
FY3 8QE,7
FY3 8QG,7
FY3 8QH,6
FY3 8QJ,6
FY3 8QL,6
FY3 8QN,6
FY3 8QP,6
FY3 8QS,7
FY3 8QW,6
FY3 8QZ,7
FY3 8RA,1
FY3 8RB,2
FY3 8RD,2
FY3 8RE,2
FY3 8RF,2
FY3 8RG,2
FY3 8RH,3
FY3 8RJ,3
FY3 8RL,3
FY3 8RN,1
FY3 8RP,1
FY3 8RQ,3
FY3 8RR,1
FY3 8RS,1
FY3 8RT,1
FY3 8RU,1
FY3 8RW,1
FY3 8RX,1
FY3 8RY,1
FY3 8RZ,1
FY3 8SA,1
FY3 8SB,7
FY3 8SD,1
FY3 8SE,1
FY3 8SG,7
FY3 8SH,7
FY3 8WA,1
FY3 8WS,1
FY3 8WT,1
FY3 8WU,7
FY3 8WW,1
FY3 8WX,1
FY3 8WY,7
FY3 8WZ,7
FY3 8XA,1
FY3 8XB,1
FY3 8XD,1
FY3 8XE,1
FY3 8XF,1
FY3 8ZZ,7
FY3 9AA,1
FY3 9AB,1
FY3 9AD,3
FY3 9AE,1
FY3 9AF,3
FY3 9AG,1
FY3 9AH,1
FY3 9AJ,2
FY3 9AL,3
FY3 9AN,3
FY3 9AP,3
FY3 9AQ,3
FY3 9AR,3
FY3 9AS,3
FY3 9AT,3
FY3 9AU,3
FY3 9AW,3
FY3 9AX,3
FY3 9AY,3
FY3 9BA,3
FY3 9BB,3
FY3 9BD,3
FY3 9BE,3
FY3 9BG,3
FY3 9BH,3
FY3 9BJ,3
FY3 9BL,3
FY3 9BN,3
FY3 9BP,3
FY3 9BQ,3
FY3 9BS,4
FY3 9BT,4
FY3 9BU,3
FY3 9BW,3
FY3 9BX,3
FY3 9BY,3
FY3 9BZ,3
FY3 9DA,3
FY3 9DB,3
FY3 9DD,3
FY3 9DE,3
FY3 9DF,1
FY3 9DG,1
FY3 9DH,3
FY3 9DJ,3
FY3 9DL,3
FY3 9DN,3
FY3 9DP,3
FY3 9DQ,1
FY3 9DR,3
FY3 9DS,3
FY3 9DT,3
FY3 9DU,3
FY3 9DW,3
FY3 9DX,3
FY3 9DY,3
FY3 9DZ,3
FY3 9EA,3
FY3 9EB,3
FY3 9ED,3
FY3 9EE,3
FY3 9EF,3
FY3 9EG,3
FY3 9EH,3
FY3 9EJ,3
FY3 9EL,4
FY3 9EN,4
FY3 9EP,2
FY3 9EQ,4
FY3 9ER,2
FY3 9ES,3
FY3 9ET,3
FY3 9EU,4
FY3 9EW,2
FY3 9EX,3
FY3 9EY,3
FY3 9EZ,4
FY3 9FA,1
FY3 9FB,1
FY3 9FD,1
FY3 9FY,4
FY3 9FZ,4
FY3 9GA,1
FY3 9GB,1
FY3 9GD,4
FY3 9GE,1
FY3 9GF,4
FY3 9GG,4
FY3 9GH,1
FY3 9GJ,1
FY3 9GL,4
FY3 9GN,4
FY3 9GP,1
FY3 9GQ,1
FY3 9GR,1
FY3 9GS,3
FY3 9GT,3
FY3 9GU,1
FY3 9GW,1
FY3 9GX,4
FY3 9GY,4
FY3 9GZ,1
FY3 9HA,4
FY3 9HB,4
FY3 9HD,3
FY3 9HE,4
FY3 9HF,4
FY3 9HG,4
FY3 9HH,4
FY3 9HJ,4
FY3 9HL,4
FY3 9HN,4
FY3 9HP,4
FY3 9HQ,4
FY3 9HR,4
FY3 9HS,4
FY3 9HT,4
FY3 9HU,4
FY3 9HW,4
FY3 9HX,3
FY3 9HY,4
FY3 9HZ,2
FY3 9JA,4
FY3 9JB,4
FY3 9JD,4
FY3 9JE,4
FY3 9JF,4
FY3 9JG,4
FY3 9JH,4
FY3 9JJ,4
FY3 9JL,4
FY3 9JN,4
FY3 9JP,4
FY3 9JQ,4
FY3 9JR,3
FY3 9JS,3
FY3 9JT,3
FY3 9JU,3
FY3 9JW,4
FY3 9JX,4
FY3 9JY,4
FY3 9JZ,4
FY3 9LA,3
FY3 9LB,4
FY3 9LD,4
FY3 9LE,4
FY3 9LF,4
FY3 9LG,4
FY3 9LH,4
FY3 9LJ,4
FY3 9LL,4
FY3 9LN,4
FY3 9LP,4
FY3 9LQ,4
FY3 9LR,4
FY3 9LS,4
FY3 9LT,4
FY3 9LU,4
FY3 9LW,4
FY3 9LX,4
FY3 9LY,4
FY3 9LZ,4
FY3 9NA,4
FY3 9NB,4
FY3 9ND,4
FY3 9NE,4
FY3 9NF,4
FY3 9NG,4
FY3 9NH,4
FY3 9NJ,4
FY3 9NL,4
FY3 9NN,4
FY3 9NP,4
FY3 9NQ,4
FY3 9NR,4
FY3 9NS,4
FY3 9NT,4
FY3 9NU,4
FY3 9NW,4
FY3 9NX,4
FY3 9NY,4
FY3 9NZ,4
FY3 9PA,4
FY3 9PB,4
FY3 9PD,4
FY3 9PE,4
FY3 9PF,4
FY3 9PG,4
FY3 9PH,3
FY3 9PJ,4
FY3 9PL,4
FY3 9PN,4
FY3 9PP,4
FY3 9PQ,4
FY3 9PR,4
FY3 9PS,4
FY3 9PT,4
FY3 9PU,4
FY3 9PW,4
FY3 9PX,4
FY3 9PY,4
FY3 9PZ,4
FY3 9QA,4
FY3 9QB,4
FY3 9QD,4
FY3 9QE,4
FY3 9QG,4
FY3 9QH,4
FY3 9QJ,4
FY3 9QL,4
FY3 9QN,4
FY3 9QP,4
FY3 9QQ,4
FY3 9QR,4
FY3 9QS,4
FY3 9QT,4
FY3 9QU,4
FY3 9QW,4
FY3 9QX,4
FY3 9QY,4
FY3 9RA,3
FY3 9RB,4
FY3 9RD,4
FY3 9RE,4
FY3 9RF,4
FY3 9RG,4
FY3 9RH,4
FY3 9RJ,4
FY3 9RL,4
FY3 9RN,4
FY3 9RP,4
FY3 9RQ,4
FY3 9RR,4
FY3 9RS,4
FY3 9RT,4
FY3 9RU,4
FY3 9RW,4
FY3 9RX,4
FY3 9RY,4
FY3 9RZ,4
FY3 9SA,4
FY3 9SB,4
FY3 9SD,4
FY3 9SE,4
FY3 9SF,4
FY3 9SG,4
FY3 9SH,4
FY3 9SJ,4
FY3 9SL,4
FY3 9SN,4
FY3 9SP,4
FY3 9SQ,4
FY3 9SR,4
FY3 9SS,4
FY3 9ST,4
FY3 9SU,4
FY3 9SW,4
FY3 9SX,4
FY3 9SY,4
FY3 9SZ,4
FY3 9TA,4
FY3 9TB,4
FY3 9TD,4
FY3 9TE,4
FY3 9TF,4
FY3 9TG,4
FY3 9TH,4
FY3 9TJ,4
FY3 9TL,4
FY3 9TN,4
FY3 9TP,4
FY3 9TQ,4
FY3 9TR,4
FY3 9TS,4
FY3 9TT,4
FY3 9TU,4
FY3 9TW,4
FY3 9TX,4
FY3 9TY,4
FY3 9TZ,4
FY3 9UA,4
FY3 9UB,4
FY3 9UD,4
FY3 9UE,4
FY3 9UF,4
FY3 9UG,4
FY3 9UH,4
FY3 9UJ,4
FY3 9UL,4
FY3 9UN,4
FY3 9UP,4
FY3 9UQ,4
FY3 9UR,4
FY3 9US,4
FY3 9UT,4
FY3 9UU,4
FY3 9UW,4
FY3 9UX,4
FY3 9UY,4
FY3 9UZ,4
FY3 9WA,1
FY3 9WB,1
FY3 9WL,1
FY3 9WN,1
FY3 9WP,1
FY3 9WQ,1
FY3 9WR,4
FY3 9WS,1
FY3 9WT,1
FY3 9WU,4
FY3 9WW,1
FY3 9WX,4
FY3 9WY,4
FY3 9WZ,4
FY3 9XA,4
FY3 9XB,1
FY3 9XD,4
FY3 9XE,1
FY3 9XF,4
FY3 9XG,4
FY3 9XH,3
FY3 9XJ,1
FY3 9XL,1
FY3 9XN,1
FY3 9XP,1
FY3 9XQ,1
FY3 9XR,4
FY3 9YP,4
FY3 9YS,4
FY3 9YX,4
FY3 9YY,4
FY3 9YZ,1
FY3 9ZA,4
FY3 9ZH,1
FY3 9ZJ,4
FY3 9ZL,4
FY3 9ZN,1
FY3 9ZP,4
FY3 9ZQ,4
FY3 9ZR,4
FY3 9ZS,4
FY3 9ZW,4
FY3 9ZX,4
FY3 9ZY,4
FY3 9ZZ,4
FY4 1AA,1
FY4 1AB,1
FY4 1AD,1
FY4 1AE,1
FY4 1AF,1
FY4 1AG,1
FY4 1AH,1
FY4 1AJ,1
FY4 1AP,1
FY4 1AQ,1
FY4 1AR,1
FY4 1AS,1
FY4 1AT,1
FY4 1AU,1
FY4 1AW,1
FY4 1AX,1
FY4 1AY,1
FY4 1AZ,1
FY4 1BA,1
FY4 1BB,1
FY4 1BD,1
FY4 1BE,1
FY4 1BG,1
FY4 1BH,1
FY4 1BJ,1
FY4 1BL,1
FY4 1BP,1
FY4 1BQ,1
FY4 1BS,1
FY4 1BT,1
FY4 1BU,1
FY4 1BW,1
FY4 1BX,1
FY4 1BY,1
FY4 1BZ,1
FY4 1DA,1
FY4 1DB,1
FY4 1DD,1
FY4 1DE,1
FY4 1DF,1
FY4 1DG,1
FY4 1DH,3
FY4 1DJ,1
FY4 1DL,1
FY4 1DN,1
FY4 1DP,1
FY4 1DQ,3
FY4 1DR,1
FY4 1DS,1
FY4 1DT,1
FY4 1DU,1
FY4 1DW,1
FY4 1DX,1
FY4 1DY,1
FY4 1DZ,1
FY4 1EA,1
FY4 1EB,3
FY4 1ED,1
FY4 1EE,1
FY4 1EF,1
FY4 1EG,1
FY4 1EH,1
FY4 1EJ,1
FY4 1EL,1
FY4 1EN,1
FY4 1EP,1
FY4 1EQ,1
FY4 1ER,1
FY4 1ES,1
FY4 1ET,1
FY4 1EU,1
FY4 1EW,1
FY4 1EX,1
FY4 1EY,1
FY4 1EZ,1
FY4 1FS,1
FY4 1GA,1
FY4 1GB,1
FY4 1GD,1
FY4 1GE,1
FY4 1GF,1
FY4 1GG,1
FY4 1GH,1
FY4 1GJ,1
FY4 1GL,1
FY4 1GN,1
FY4 1GP,1
FY4 1GQ,1
FY4 1GR,1
FY4 1GS,1
FY4 1GT,1
FY4 1GY,1
FY4 1HA,1
FY4 1HB,1
FY4 1HD,1
FY4 1HE,1
FY4 1HF,1
FY4 1HG,1
FY4 1HH,1
FY4 1HJ,1
FY4 1HL,1
FY4 1HN,1
FY4 1HP,1
FY4 1HQ,1
FY4 1HR,1
FY4 1HS,1
FY4 1HT,1
FY4 1HU,1
FY4 1HW,1
FY4 1HX,7
FY4 1HY,1
FY4 1HZ,1
FY4 1JA,1
FY4 1JB,3
FY4 1JD,1
FY4 1JE,4
FY4 1JF,4
FY4 1JG,4
FY4 1JH,4
FY4 1JJ,1
FY4 1JL,1
FY4 1JN,1
FY4 1JP,1
FY4 1JQ,4
FY4 1JR,1
FY4 1JS,1
FY4 1JT,1
FY4 1JU,1
FY4 1JW,1
FY4 1JX,7
FY4 1JY,7
FY4 1JZ,7
FY4 1LA,1
FY4 1LB,1
FY4 1LD,1
FY4 1LE,1
FY4 1LF,3
FY4 1LG,1
FY4 1LH,3
FY4 1LJ,1
FY4 1LL,1
FY4 1LN,2
FY4 1LP,3
FY4 1LQ,3
FY4 1LR,3
FY4 1LS,3
FY4 1LT,3
FY4 1LU,3
FY4 1LW,2
FY4 1LX,3
FY4 1LY,3
FY4 1LZ,3
FY4 1NA,1
FY4 1NB,1
FY4 1ND,1
FY4 1NE,1
FY4 1NF,1
FY4 1NG,1
FY4 1NH,1
FY4 1NJ,1
FY4 1NL,1
FY4 1NN,1
FY4 1NP,1
FY4 1NQ,1
FY4 1NR,3
FY4 1NS,7
FY4 1NT,1
FY4 1NU,1
FY4 1NW,1
FY4 1NX,1
FY4 1NY,1
FY4 1PA,1
FY4 1PB,1
FY4 1PD,1
FY4 1PE,3
FY4 1PF,1
FY4 1PG,1
FY4 1PH,7
FY4 1PJ,7
FY4 1PL,1
FY4 1PN,7
FY4 1PP,7
FY4 1PQ,1
FY4 1PR,3
FY4 1PS,3
FY4 1PT,7
FY4 1PU,7
FY4 1PW,7
FY4 1PX,3
FY4 1PY,3
FY4 1PZ,3
FY4 1QA,7
FY4 1QB,7
FY4 1QD,7
FY4 1QE,3
FY4 1QF,7
FY4 1QG,3
FY4 1QH,3
FY4 1QJ,4
FY4 1QL,3
FY4 1QN,3
FY4 1QP,7
FY4 1QQ,3
FY4 1QR,7
FY4 1QS,7
FY4 1QT,7
FY4 1QU,4
FY4 1QW,4
FY4 1QX,7
FY4 1QY,2
FY4 1QZ,1
FY4 1RA,2
FY4 1RB,2
FY4 1RD,2
FY4 1RE,2
FY4 1RF,2
FY4 1RG,4
FY4 1RH,4
FY4 1RJ,3
FY4 1RL,3
FY4 1RN,3
FY4 1RP,3
FY4 1RQ,2
FY4 1RR,3
FY4 1RS,3
FY4 1RT,7
FY4 1RU,7
FY4 1RW,3
FY4 1RX,7
FY4 1RY,7
FY4 1RZ,7
FY4 1SA,2
FY4 1SB,3
FY4 1SD,7
FY4 1SE,7
FY4 1SF,7
FY4 1SG,7
FY4 1SH,7
FY4 1SJ,7
FY4 1SL,7
FY4 1SN,7
FY4 1SP,7
FY4 1SQ,7
FY4 1SR,3
FY4 1SS,3
FY4 1ST,3
FY4 1SU,3
FY4 1SW,1
FY4 1SX,7
FY4 1SY,7
FY4 1SZ,1
FY4 1TA,1
FY4 1TB,7
FY4 1TD,2
FY4 1TE,2
FY4 1TF,7
FY4 1TG,7
FY4 1TH,1
FY4 1TJ,4
FY4 1TL,4
FY4 1TQ,1
FY4 1TW,1
FY4 1TY,2
FY4 1TZ,2
FY4 1UE,1
FY4 1WA,1
FY4 1WB,1
FY4 1WG,1
FY4 1WH,1
FY4 1WJ,1
FY4 1WL,1
FY4 1WN,1
FY4 1WP,1
FY4 1WQ,1
FY4 1WR,1
FY4 1WS,7
FY4 1WT,7
FY4 1WU,1
FY4 1WW,1
FY4 1WX,1
FY4 1WY,1
FY4 1WZ,7
FY4 1YW,1
FY4 1YZ,1
FY4 1ZY,1
FY4 2AA,1
FY4 2AB,1
FY4 2AD,1
FY4 2AE,2
FY4 2AF,1
FY4 2AG,1
FY4 2AH,4
FY4 2AJ,2
FY4 2AL,2
FY4 2AN,2
FY4 2AP,2
FY4 2AQ,1
FY4 2AR,2
FY4 2AS,2
FY4 2AT,2
FY4 2AU,2
FY4 2AW,2
FY4 2AX,3
FY4 2AY,4
FY4 2AZ,2
FY4 2BA,2
FY4 2BB,2
FY4 2BD,2
FY4 2BE,4
FY4 2BF,4
FY4 2BG,4
FY4 2BH,4
FY4 2BJ,4
FY4 2BL,4
FY4 2BN,5
FY4 2BP,3
FY4 2BQ,4
FY4 2BS,5
FY4 2BT,5
FY4 2BU,5
FY4 2BW,5
FY4 2BX,3
FY4 2BY,3
FY4 2BZ,3
FY4 2DA,3
FY4 2DB,3
FY4 2DD,3
FY4 2DE,3
FY4 2DF,3
FY4 2DG,3
FY4 2DH,3
FY4 2DJ,3
FY4 2DL,3
FY4 2DN,3
FY4 2DP,4
FY4 2DQ,3
FY4 2DR,2
FY4 2DS,2
FY4 2DT,4
FY4 2DU,4
FY4 2DW,4
FY4 2DX,4
FY4 2DY,2
FY4 2DZ,4
FY4 2EA,1
FY4 2EB,4
FY4 2ED,4
FY4 2EE,1
FY4 2EF,1
FY4 2EG,4
FY4 2EH,4
FY4 2EJ,4
FY4 2EL,4
FY4 2EN,4
FY4 2EP,4
FY4 2EQ,4
FY4 2ER,4
FY4 2ES,4
FY4 2ET,4
FY4 2EU,4
FY4 2EW,4
FY4 2EX,4
FY4 2EY,4
FY4 2EZ,4
FY4 2FA,2
FY4 2FB,4
FY4 2FD,4
FY4 2FE,4
FY4 2FF,4
FY4 2FG,4
FY4 2FH,5
FY4 2GA,5
FY4 2GB,5
FY4 2GD,1
FY4 2GE,4
FY4 2GF,1
FY4 2GG,1
FY4 2GH,5
FY4 2GJ,1
FY4 2GL,1
FY4 2HE,3
FY4 2HF,4
FY4 2HG,1
FY4 2HH,1
FY4 2HJ,1
FY4 2HL,1
FY4 2HN,1
FY4 2HP,1
FY4 2HQ,1
FY4 2HR,1
FY4 2HS,1
FY4 2HW,1
FY4 2HX,2
FY4 2HY,2
FY4 2HZ,2
FY4 2JA,2
FY4 2JB,2
FY4 2JD,2
FY4 2JE,2
FY4 2JF,2
FY4 2JG,5
FY4 2JH,2
FY4 2JJ,2
FY4 2JL,2
FY4 2JN,2
FY4 2JP,5
FY4 2JQ,2
FY4 2JR,5
FY4 2JT,2
FY4 2JU,2
FY4 2JW,5
FY4 2JX,2
FY4 2JY,4
FY4 2JZ,5
FY4 2LA,4
FY4 2LB,5
FY4 2LD,5
FY4 2LE,1
FY4 2LF,5
FY4 2LG,1
FY4 2LH,1
FY4 2LJ,5
FY4 2LL,5
FY4 2LN,5
FY4 2LP,5
FY4 2LQ,5
FY4 2LR,5
FY4 2LS,1
FY4 2LT,5
FY4 2LU,5
FY4 2LW,5
FY4 2LX,5
FY4 2LY,5
FY4 2LZ,5
FY4 2NA,5
FY4 2NB,5
FY4 2ND,5
FY4 2NE,5
FY4 2NF,5
FY4 2NG,5
FY4 2NH,5
FY4 2NJ,5
FY4 2NL,5
FY4 2NP,2
FY4 2NQ,5
FY4 2NR,4
FY4 2NS,2
FY4 2NT,2
FY4 2NX,2
FY4 2NY,2
FY4 2PA,4
FY4 2PB,2
FY4 2PD,4
FY4 2PE,4
FY4 2PF,4
FY4 2PG,4
FY4 2PH,4
FY4 2PJ,4
FY4 2PL,4
FY4 2PN,4
FY4 2PP,4
FY4 2PQ,4
FY4 2PR,4
FY4 2PS,4
FY4 2PT,4
FY4 2PU,4
FY4 2PW,4
FY4 2PX,4
FY4 2PY,4
FY4 2PZ,5
FY4 2QA,4
FY4 2QB,4
FY4 2QD,4
FY4 2QE,4
FY4 2QF,5
FY4 2QG,5
FY4 2QH,5
FY4 2QJ,5
FY4 2QL,4
FY4 2QN,4
FY4 2QP,1
FY4 2QQ,4
FY4 2QR,1
FY4 2QS,4
FY4 2QT,4
FY4 2QW,1
FY4 2QX,4
FY4 2QY,4
FY4 2QZ,4
FY4 2RA,4
FY4 2RB,1
FY4 2RD,2
FY4 2RE,4
FY4 2RF,4
FY4 2RG,4
FY4 2RH,4
FY4 2RJ,4
FY4 2RL,4
FY4 2RN,4
FY4 2RP,4
FY4 2RQ,4
FY4 2RS,4
FY4 2RT,4
FY4 2RW,1
FY4 2RX,4
FY4 2RZ,1
FY4 2TH,4
FY4 2TS,4
FY4 2UA,5
FY4 2UZ,4
FY4 2WA,5
FY4 2WB,4
FY4 2WD,1
FY4 2WE,1
FY4 2WF,1
FY4 2WG,1
FY4 2WH,1
FY4 2WJ,1
FY4 2WL,1
FY4 2WN,1
FY4 2WP,1
FY4 2WQ,1
FY4 2WR,1
FY4 2WS,1
FY4 2WT,4
FY4 2WU,1
FY4 2WW,1
FY4 2WX,1
FY4 2WY,4
FY4 2WZ,4
FY4 2XZ,1
FY4 2ZA,1
FY4 2ZW,1
FY4 3AA,2
FY4 3AB,2
FY4 3AD,2
FY4 3AE,2
FY4 3AF,2
FY4 3AG,2
FY4 3AH,2
FY4 3AJ,2
FY4 3AL,2
FY4 3AN,2
FY4 3AP,2
FY4 3AQ,2
FY4 3AR,2
FY4 3AS,2
FY4 3AT,2
FY4 3AU,2
FY4 3AW,4
FY4 3AX,2
FY4 3AY,2
FY4 3AZ,2
FY4 3BA,2
FY4 3BB,2
FY4 3BD,2
FY4 3BE,2
FY4 3BF,2
FY4 3BG,2
FY4 3BH,2
FY4 3BJ,2
FY4 3BL,2
FY4 3BN,2
FY4 3BP,2
FY4 3BQ,2
FY4 3BS,2
FY4 3BT,2
FY4 3BU,2
FY4 3BW,2
FY4 3BX,2
FY4 3BY,2
FY4 3BZ,2
FY4 3DA,1
FY4 3DB,1
FY4 3DD,2
FY4 3DE,2
FY4 3DF,2
FY4 3DG,2
FY4 3DH,2
FY4 3DJ,2
FY4 3DL,2
FY4 3DN,2
FY4 3DP,2
FY4 3DQ,2
FY4 3DR,1
FY4 3DS,1
FY4 3DT,1
FY4 3DU,1
FY4 3DW,2
FY4 3DX,1
FY4 3DY,1
FY4 3DZ,1
FY4 3EA,1
FY4 3EE,1
FY4 3EF,1
FY4 3EG,1
FY4 3EH,1
FY4 3EJ,1
FY4 3EL,1
FY4 3EN,1
FY4 3EQ,1
FY4 3ES,2
FY4 3ET,2
FY4 3EU,1
FY4 3EW,1
FY4 3EX,1
FY4 3EY,2
FY4 3EZ,1
FY4 3FP,1
FY4 3GA,1
FY4 3GB,1
FY4 3GD,1
FY4 3GE,1
FY4 3GF,5
FY4 3GG,5
FY4 3GH,1
FY4 3GJ,5
FY4 3GL,5
FY4 3GN,1
FY4 3GP,1
FY4 3HA,1
FY4 3HB,1
FY4 3HD,1
FY4 3HE,1
FY4 3HF,1
FY4 3HG,1
FY4 3HH,1
FY4 3HJ,1
FY4 3HL,1
FY4 3HN,1
FY4 3HP,1
FY4 3HQ,1
FY4 3HR,2
FY4 3HS,5
FY4 3HT,5
FY4 3HU,1
FY4 3HW,1
FY4 3HX,5
FY4 3HY,5
FY4 3HZ,5
FY4 3JA,5
FY4 3JB,1
FY4 3JD,5
FY4 3JE,5
FY4 3JF,5
FY4 3JG,5
FY4 3JH,5
FY4 3JJ,1
FY4 3JL,5
FY4 3JN,5
FY4 3JP,1
FY4 3JQ,5
FY4 3JR,1
FY4 3JS,5
FY4 3JU,5
FY4 3JW,5
FY4 3JX,5
FY4 3JZ,5
FY4 3LA,5
FY4 3LE,5
FY4 3LF,5
FY4 3LG,5
FY4 3LH,5
FY4 3LJ,5
FY4 3LL,5
FY4 3LN,5
FY4 3LQ,5
FY4 3LT,5
FY4 3LU,5
FY4 3LW,5
FY4 3LX,3
FY4 3LY,5
FY4 3LZ,5
FY4 3NA,4
FY4 3NB,4
FY4 3ND,4
FY4 3NE,4
FY4 3NF,4
FY4 3NG,4
FY4 3NH,4
FY4 3NJ,5
FY4 3NL,4
FY4 3NN,4
FY4 3NP,5
FY4 3NQ,4
FY4 3NS,5
FY4 3NT,5
FY4 3NU,5
FY4 3NW,4
FY4 3NX,5
FY4 3NY,5
FY4 3PA,5
FY4 3PB,1
FY4 3PD,1
FY4 3PE,5
FY4 3PF,5
FY4 3PG,1
FY4 3PH,4
FY4 3PJ,4
FY4 3PL,4
FY4 3PN,1
FY4 3PP,1
FY4 3PQ,4
FY4 3PR,1
FY4 3PS,1
FY4 3PT,1
FY4 3PU,4
FY4 3PW,1
FY4 3QA,4
FY4 3QB,4
FY4 3QD,4
FY4 3QE,4
FY4 3QF,4
FY4 3QG,4
FY4 3QH,4
FY4 3QJ,4
FY4 3QL,4
FY4 3QN,4
FY4 3QP,4
FY4 3QQ,4
FY4 3QR,4
FY4 3QS,4
FY4 3QT,4
FY4 3QU,4
FY4 3QW,4
FY4 3QX,4
FY4 3QY,4
FY4 3QZ,4
FY4 3RA,4
FY4 3RB,4
FY4 3RD,4
FY4 3RE,4
FY4 3RF,4
FY4 3RG,4
FY4 3RH,4
FY4 3RJ,4
FY4 3RL,4
FY4 3RN,4
FY4 3RP,4
FY4 3RQ,4
FY4 3RR,4
FY4 3RS,4
FY4 3RT,4
FY4 3RU,4
FY4 3RW,4
FY4 3RZ,4
FY4 3SA,6
FY4 3SB,4
FY4 3SF,4
FY4 3WA,5
FY4 3WB,1
FY4 3WQ,1
FY4 3WR,1
FY4 3WS,1
FY4 3WT,1
FY4 3WU,1
FY4 3WW,1
FY4 3WX,4
FY4 3WY,1
FY4 3WZ,4
FY4 3YA,1
FY4 3YB,1
FY4 3YD,1
FY4 3YZ,1
FY4 3ZP,1
FY4 4AA,2
FY4 4AB,3
FY4 4AD,2
FY4 4AE,2
FY4 4AF,2
FY4 4AG,2
FY4 4AH,2
FY4 4AJ,1
FY4 4AL,1
FY4 4AN,1
FY4 4AP,1
FY4 4AQ,2
FY4 4AR,1
FY4 4AS,2
FY4 4AT,1
FY4 4AU,2
FY4 4AW,2
FY4 4AX,2
FY4 4AY,2
FY4 4AZ,2
FY4 4BA,1
FY4 4BB,1
FY4 4BD,2
FY4 4BE,1
FY4 4BF,1
FY4 4BG,1
FY4 4BH,1
FY4 4BJ,1
FY4 4BL,3
FY4 4BN,3
FY4 4BP,2
FY4 4BQ,1
FY4 4BS,1
FY4 4BT,1
FY4 4BU,3
FY4 4BW,3
FY4 4BX,3
FY4 4BY,3
FY4 4BZ,3
FY4 4DA,3
FY4 4DB,3
FY4 4DD,3
FY4 4DE,3
FY4 4DF,3
FY4 4DG,3
FY4 4DH,2
FY4 4DJ,2
FY4 4DL,2
FY4 4DN,2
FY4 4DP,3
FY4 4DQ,2
FY4 4DR,3
FY4 4DS,1
FY4 4DT,2
FY4 4DU,1
FY4 4DW,3
FY4 4DX,3
FY4 4DY,3
FY4 4DZ,3
FY4 4EA,3
FY4 4EB,1
FY4 4ED,1
FY4 4EE,1
FY4 4EF,3
FY4 4EG,2
FY4 4EH,3
FY4 4EJ,2
FY4 4EL,2
FY4 4EN,2
FY4 4EP,2
FY4 4EQ,3
FY4 4ER,2
FY4 4ES,2
FY4 4ET,2
FY4 4EU,2
FY4 4EW,2
FY4 4EX,3
FY4 4EY,1
FY4 4EZ,1
FY4 4FA,1
FY4 4FB,1
FY4 4FD,1
FY4 4FE,6
FY4 4FF,1
FY4 4FG,1
FY4 4FJ,1
FY4 4FN,2
FY4 4FY,2
FY4 4FZ,3
FY4 4GA,1
FY4 4GB,1
FY4 4GD,1
FY4 4GE,1
FY4 4GF,2
FY4 4GG,1
FY4 4GH,1
FY4 4GJ,2
FY4 4GL,1
FY4 4GN,2
FY4 4GP,2
FY4 4GQ,2
FY4 4GR,2
FY4 4GS,1
FY4 4GT,1
FY4 4GU,2
FY4 4GW,1
FY4 4GX,2
FY4 4GY,1
FY4 4GZ,2
FY4 4HA,2
FY4 4HB,2
FY4 4HD,5
FY4 4HE,3
FY4 4HF,3
FY4 4HG,2
FY4 4HH,2
FY4 4HJ,2
FY4 4HL,2
FY4 4HN,2
FY4 4HP,2
FY4 4HQ,3
FY4 4HR,2
FY4 4HS,2
FY4 4HT,3
FY4 4HU,3
FY4 4HW,2
FY4 4HX,3
FY4 4HY,3
FY4 4HZ,3
FY4 4JA,2
FY4 4JB,2
FY4 4JD,2
FY4 4JE,2
FY4 4JF,2
FY4 4JG,2
FY4 4JH,3
FY4 4JJ,3
FY4 4JL,3
FY4 4JN,2
FY4 4JP,2
FY4 4JQ,2
FY4 4JR,3
FY4 4JS,3
FY4 4JT,2
FY4 4JU,2
FY4 4JW,2
FY4 4JX,2
FY4 4JY,3
FY4 4JZ,2
FY4 4LA,2
FY4 4LB,3
FY4 4LD,3
FY4 4LE,2
FY4 4LF,2
FY4 4LG,2
FY4 4LH,2
FY4 4LJ,2
FY4 4LL,2
FY4 4LN,2
FY4 4LP,2
FY4 4LQ,2
FY4 4LR,3
FY4 4LS,3
FY4 4LT,2
FY4 4LU,3
FY4 4LW,3
FY4 4LX,3
FY4 4LY,3
FY4 4LZ,3
FY4 4NA,3
FY4 4NB,2
FY4 4ND,2
FY4 4NE,2
FY4 4NF,3
FY4 4NG,3
FY4 4NH,3
FY4 4NJ,3
FY4 4NL,2
FY4 4NN,3
FY4 4NP,2
FY4 4NQ,2
FY4 4NR,2
FY4 4NS,2
FY4 4NT,3
FY4 4NU,3
FY4 4NW,2
FY4 4NX,3
FY4 4NY,3
FY4 4NZ,3
FY4 4PA,3
FY4 4PB,3
FY4 4PD,2
FY4 4PE,2
FY4 4PF,2
FY4 4PG,2
FY4 4PH,2
FY4 4PJ,2
FY4 4PL,2
FY4 4PN,2
FY4 4PP,2
FY4 4PQ,2
FY4 4PR,2
FY4 4PS,2
FY4 4PT,2
FY4 4PU,3
FY4 4PW,3
FY4 4PX,2
FY4 4PY,2
FY4 4PZ,2
FY4 4QA,2
FY4 4QB,2
FY4 4QD,2
FY4 4QE,1
FY4 4QF,2
FY4 4QG,2
FY4 4QH,2
FY4 4QJ,1
FY4 4QL,2
FY4 4QN,2
FY4 4QP,2
FY4 4QQ,2
FY4 4QR,2
FY4 4QS,2
FY4 4QT,2
FY4 4QU,2
FY4 4QW,2
FY4 4QX,3
FY4 4QY,1
FY4 4QZ,1
FY4 4RA,1
FY4 4RB,3
FY4 4RD,1
FY4 4RE,3
FY4 4RF,3
FY4 4RG,3
FY4 4RH,1
FY4 4RJ,1
FY4 4RL,1
FY4 4RN,1
FY4 4RP,1
FY4 4RQ,3
FY4 4RR,1
FY4 4RS,1
FY4 4RT,3
FY4 4RU,1
FY4 4RW,1
FY4 4RX,3
FY4 4RY,3
FY4 4RZ,1
FY4 4SA,3
FY4 4SB,3
FY4 4SD,3
FY4 4SE,3
FY4 4SF,3
FY4 4SG,1
FY4 4SH,1
FY4 4SJ,1
FY4 4SL,1
FY4 4SN,1
FY4 4SP,1
FY4 4SQ,1
FY4 4SR,1
FY4 4SS,1
FY4 4ST,1
FY4 4SU,1
FY4 4SW,1
FY4 4SX,1
FY4 4SY,1
FY4 4SZ,1
FY4 4TA,1
FY4 4TB,1
FY4 4TD,1
FY4 4TE,1
FY4 4TF,1
FY4 4TG,1
FY4 4TH,2
FY4 4TJ,1
FY4 4TL,1
FY4 4TN,1
FY4 4TP,1
FY4 4TQ,2
FY4 4TR,1
FY4 4TS,1
FY4 4TT,1
FY4 4TU,1
FY4 4TW,1
FY4 4TX,1
FY4 4TY,1
FY4 4TZ,1
FY4 4UA,1
FY4 4UB,1
FY4 4UD,1
FY4 4UE,1
FY4 4UF,1
FY4 4UG,1
FY4 4UH,1
FY4 4UJ,1
FY4 4UL,1
FY4 4UN,2
FY4 4UP,1
FY4 4UQ,1
FY4 4UR,1
FY4 4US,1
FY4 4UT,1
FY4 4UU,4
FY4 4UW,2
FY4 4UX,4
FY4 4UY,1
FY4 4UZ,4
FY4 4WA,1
FY4 4WB,2
FY4 4WD,1
FY4 4WE,4
FY4 4WF,1
FY4 4WG,1
FY4 4WH,1
FY4 4WJ,1
FY4 4WL,1
FY4 4WN,1
FY4 4WP,1
FY4 4WQ,1
FY4 4WR,1
FY4 4WS,1
FY4 4WT,1
FY4 4WU,1
FY4 4WW,2
FY4 4WX,1
FY4 4WY,1
FY4 4WZ,1
FY4 4XA,7
FY4 4XB,7
FY4 4XD,7
FY4 4XE,7
FY4 4XF,7
FY4 4XG,7
FY4 4XH,6
FY4 4XJ,2
FY4 4XL,3
FY4 4XN,4
FY4 4XP,2
FY4 4XQ,6
FY4 4XR,3
FY4 4XS,3
FY4 4XT,3
FY4 4XU,3
FY4 4XW,2
FY4 4XX,3
FY4 4XY,3
FY4 4XZ,3
FY4 4YA,3
FY4 4YB,3
FY4 4YD,3
FY4 4YE,3
FY4 4YF,3
FY4 4YG,3
FY4 4YH,3
FY4 4YJ,3
FY4 4YL,2
FY4 4YN,1
FY4 4YP,1
FY4 4YQ,3
FY4 4YR,1
FY4 4YS,3
FY4 4YT,1
FY4 4YU,1
FY4 4ZA,4
FY4 4ZE,4
FY4 4ZF,4
FY4 4ZR,1
FY4 5AA,5
FY4 5AB,5
FY4 5AD,5
FY4 5AE,5
FY4 5AF,5
FY4 5AG,5
FY4 5AH,5
FY4 5AJ,5
FY4 5AL,5
FY4 5AN,5
FY4 5AP,5
FY4 5AQ,5
FY4 5AR,5
FY4 5AS,5
FY4 5AT,5
FY4 5AU,3
FY4 5AW,5
FY4 5AX,3
FY4 5AY,4
FY4 5AZ,6
FY4 5BA,5
FY4 5BB,5
FY4 5BD,3
FY4 5BE,6
FY4 5BF,3
FY4 5BG,3
FY4 5BH,3
FY4 5BJ,3
FY4 5BL,3
FY4 5BN,6
FY4 5BP,3
FY4 5BQ,3
FY4 5BR,4
FY4 5BS,3
FY4 5BT,3
FY4 5BU,3
FY4 5BW,5
FY4 5BX,3
FY4 5BY,5
FY4 5BZ,3
FY4 5DA,3
FY4 5DB,3
FY4 5DD,3
FY4 5DE,3
FY4 5DF,4
FY4 5DG,6
FY4 5DH,4
FY4 5DJ,6
FY4 5DL,6
FY4 5DN,6
FY4 5DP,6
FY4 5DQ,5
FY4 5DR,6
FY4 5DS,4
FY4 5DT,4
FY4 5DU,4
FY4 5DW,6
FY4 5DX,4
FY4 5DY,4
FY4 5DZ,4
FY4 5EA,4
FY4 5EB,4
FY4 5ED,6
FY4 5EE,6
FY4 5EF,6
FY4 5EG,6
FY4 5EH,4
FY4 5EJ,4
FY4 5EL,4
FY4 5EN,6
FY4 5EP,6
FY4 5EQ,4
FY4 5ER,6
FY4 5ES,3
FY4 5ET,3
FY4 5EU,3
FY4 5EW,6
FY4 5EX,3
FY4 5EY,3
FY4 5EZ,3
FY4 5FA,3
FY4 5FB,9
FY4 5FD,6
FY4 5FE,6
FY4 5FF,3
FY4 5FG,6
FY4 5FH,6
FY4 5FJ,4
FY4 5FL,3
FY4 5FN,6
FY4 5FP,6
FY4 5FQ,6
FY4 5FR,6
FY4 5FS,6
FY4 5FT,6
FY4 5FU,6
FY4 5FW,6
FY4 5FX,6
FY4 5FY,6
FY4 5FZ,4
FY4 5GA,6
FY4 5GB,1
FY4 5GD,6
FY4 5GE,6
FY4 5GF,1
FY4 5GG,1
FY4 5GH,1
FY4 5GJ,6
FY4 5GL,6
FY4 5GN,6
FY4 5GP,6
FY4 5GQ,3
FY4 5GR,6
FY4 5GS,6
FY4 5GT,6
FY4 5GU,6
FY4 5GW,6
FY4 5GX,6
FY4 5GY,6
FY4 5GZ,6
FY4 5HA,3
FY4 5HB,3
FY4 5HD,3
FY4 5HE,6
FY4 5HF,6
FY4 5HG,6
FY4 5HH,6
FY4 5HJ,6
FY4 5HL,6
FY4 5HN,6
FY4 5HP,6
FY4 5HQ,6
FY4 5HR,3
FY4 5HS,3
FY4 5HT,3
FY4 5HU,6
FY4 5HW,6
FY4 5HX,3
FY4 5HY,6
FY4 5HZ,6
FY4 5JA,6
FY4 5JB,4
FY4 5JD,6
FY4 5JE,6
FY4 5JF,6
FY4 5JG,6
FY4 5JH,6
FY4 5JJ,3
FY4 5JL,6
FY4 5JN,3
FY4 5JP,6
FY4 5JQ,6
FY4 5JR,6
FY4 5JS,6
FY4 5JT,6
FY4 5JU,6
FY4 5JW,6
FY4 5JX,6
FY4 5JY,6
FY4 5JZ,6
FY4 5LA,6
FY4 5LB,6
FY4 5LD,6
FY4 5LE,6
FY4 5LF,6
FY4 5LG,6
FY4 5LH,6
FY4 5LJ,6
FY4 5LL,6
FY4 5LN,6
FY4 5LP,2
FY4 5LQ,6
FY4 5LR,6
FY4 5LS,6
FY4 5LT,6
FY4 5LU,6
FY4 5LW,6
FY4 5LX,3
FY4 5LY,3
FY4 5LZ,6
FY4 5NA,6
FY4 5NB,6
FY4 5ND,6
FY4 5NE,6
FY4 5NF,6
FY4 5NG,3
FY4 5NH,6
FY4 5NJ,3
FY4 5NL,3
FY4 5NN,6
FY4 5NP,3
FY4 5NQ,2
FY4 5NR,6
FY4 5NS,6
FY4 5NT,6
FY4 5NU,3
FY4 5NW,3
FY4 5NX,3
FY4 5NY,6
FY4 5NZ,6
FY4 5PA,3
FY4 5PB,3
FY4 5PD,3
FY4 5PE,3
FY4 5PF,6
FY4 5PG,3
FY4 5PH,3
FY4 5PJ,3
FY4 5PL,6
FY4 5PN,6
FY4 5PP,6
FY4 5PQ,6
FY4 5PR,6
FY4 5PS,6
FY4 5PU,6
FY4 5PW,6
FY4 5PZ,6
FY4 5QA,6
FY4 5QB,3
FY4 5QD,6
FY4 5QE,3
FY4 5QF,6
FY4 5QG,6
FY4 5QH,6
FY4 5QJ,6
FY4 5QL,5
FY4 5QN,6
FY4 5QP,6
FY4 5QQ,6
FY4 5QR,6
FY4 5RB,6
FY4 5RD,3
FY4 5RE,6
FY4 5RF,5
FY4 5RG,5
FY4 5RH,6
FY4 5RJ,6
FY4 5RL,6
FY4 5RN,6
FY4 5RP,6
FY4 5RQ,6
FY4 5RR,6
FY4 5RT,6
FY4 5RU,6
FY4 5WA,6
FY4 5WB,5
FY4 5WD,6
FY4 5WL,1
FY4 5WP,1
FY4 5WQ,1
FY4 5WR,1
FY4 5WS,1
FY4 5WT,1
FY4 5WU,1
FY4 5WW,1
FY4 5WX,6
FY4 5WY,6
FY4 5WZ,6
FY4 5XA,1
FY4 5XB,1
FY4 5XD,1
FY4 5XE,1
FY4 5YZ,1
FY4 5ZZ,5
FY4 9AA,
FY4 9AB,1
FY4 9AD,1
FY4 9AE,
FY4 9AF,
FY4 9AG,1
FY4 9AH,
FY4 9AJ,1
FY4 9AL,1
FY4 9AN,1
FY4 9AP,
FY4 9AQ,
FY4 9AR,1
FY4 9AS,
FY4 9AT,1
FY4 9AU,1
FY4 9AW,
FY4 9AX,
FY4 9AY,
FY4 9AZ,1
FY4 9BA,1
FY4 9BB,1
FY4 9BD,1
FY4 9BE,1
FY4 9BF,1
FY4 9BG,1
FY4 9BH,1
FY4 9BJ,1
FY4 9BL,1
FY4 9BN,1
FY4 9BP,1
FY4 9BQ,1
FY4 9BR,1
FY5 1AA,1
FY5 1AB,1
FY5 1AD,1
FY5 1AE,1
FY5 1AF,7
FY5 1AG,1
FY5 1AH,1
FY5 1AJ,1
FY5 1AL,1
FY5 1AN,1
FY5 1AP,1
FY5 1AQ,1
FY5 1AR,1
FY5 1AS,1
FY5 1AU,5
FY5 1AW,1
FY5 1AX,1
FY5 1AY,1
FY5 1AZ,3
FY5 1BA,1
FY5 1BB,1
FY5 1BD,1
FY5 1BE,7
FY5 1BG,1
FY5 1BH,1
FY5 1BJ,3
FY5 1BL,3
FY5 1BN,3
FY5 1BP,1
FY5 1BQ,1
FY5 1BR,1
FY5 1BS,1
FY5 1BT,1
FY5 1BU,1
FY5 1BW,1
FY5 1BX,1
FY5 1BY,1
FY5 1BZ,1
FY5 1DA,1
FY5 1DB,1
FY5 1DD,1
FY5 1DE,1
FY5 1DF,1
FY5 1DG,1
FY5 1DH,1
FY5 1DJ,1
FY5 1DL,1
FY5 1DN,3
FY5 1DP,1
FY5 1DQ,1
FY5 1DR,3
FY5 1DS,3
FY5 1DT,3
FY5 1DU,1
FY5 1DW,1
FY5 1DX,1
FY5 1DY,1
FY5 1DZ,1
FY5 1EA,3
FY5 1EB,1
FY5 1ED,3
FY5 1EE,1
FY5 1EF,3
FY5 1EG,3
FY5 1EH,1
FY5 1EJ,1
FY5 1EL,1
FY5 1EN,1
FY5 1EP,1
FY5 1EQ,3
FY5 1ER,1
FY5 1ES,3
FY5 1ET,3
FY5 1EU,3
FY5 1EW,1
FY5 1EX,1
FY5 1EY,3
FY5 1EZ,3
FY5 1FA,1
FY5 1FB,1
FY5 1FD,3
FY5 1FE,3
FY5 1FF,1
FY5 1FG,1
FY5 1GA,3
FY5 1GB,3
FY5 1GD,3
FY5 1GE,3
FY5 1GF,3
FY5 1GG,3
FY5 1GH,3
FY5 1GJ,1
FY5 1GL,1
FY5 1GN,3
FY5 1HA,1
FY5 1HB,5
FY5 1HD,1
FY5 1HE,1
FY5 1HF,3
FY5 1HG,3
FY5 1HH,5
FY5 1HJ,5
FY5 1HL,5
FY5 1HN,5
FY5 1HP,5
FY5 1HQ,5
FY5 1HR,5
FY5 1HS,5
FY5 1HT,5
FY5 1HU,5
FY5 1HW,5
FY5 1HX,5
FY5 1HY,5
FY5 1HZ,5
FY5 1JA,5
FY5 1JB,5
FY5 1JD,5
FY5 1JE,5
FY5 1JF,5
FY5 1JG,5
FY5 1JH,7
FY5 1JJ,9
FY5 1JL,5
FY5 1JN,3
FY5 1JP,5
FY5 1JQ,5
FY5 1JR,5
FY5 1JS,5
FY5 1JT,5
FY5 1JU,5
FY5 1JW,5
FY5 1JX,5
FY5 1JY,5
FY5 1JZ,5
FY5 1LA,5
FY5 1LB,3
FY5 1LD,3
FY5 1LE,3
FY5 1LF,3
FY5 1LG,3
FY5 1LH,5
FY5 1LJ,5
FY5 1LL,5
FY5 1LN,5
FY5 1LP,5
FY5 1LQ,5
FY5 1LR,1
FY5 1LS,7
FY5 1LT,5
FY5 1LU,3
FY5 1LW,5
FY5 1LX,3
FY5 1LY,3
FY5 1LZ,3
FY5 1NA,3
FY5 1NB,3
FY5 1ND,3
FY5 1NG,3
FY5 1NH,3
FY5 1NJ,6
FY5 1NL,6
FY5 1NN,6
FY5 1NP,6
FY5 1NQ,6
FY5 1NR,6
FY5 1NU,6
FY5 1NW,6
FY5 1NX,5
FY5 1NY,5
FY5 1PA,6
FY5 1PB,6
FY5 1PD,5
FY5 1PE,5
FY5 1PF,5
FY5 1PG,5
FY5 1PH,6
FY5 1PJ,6
FY5 1PL,6
FY5 1PN,6
FY5 1PP,6
FY5 1PQ,6
FY5 1PR,6
FY5 1PS,6
FY5 1PT,6
FY5 1PU,5
FY5 1PW,6
FY5 1PX,5
FY5 1PY,3
FY5 1PZ,5
FY5 1QA,5
FY5 1QB,5
FY5 1QD,7
FY5 1QE,5
FY5 1QF,7
FY5 1QG,7
FY5 1QH,7
FY5 1QJ,7
FY5 1QL,7
FY5 1QN,7
FY5 1QQ,7
FY5 1QR,7
FY5 1QS,7
FY5 1QT,5
FY5 1QW,7
FY5 1RA,5
FY5 1RB,5
FY5 1RD,5
FY5 1RE,5
FY5 1RF,5
FY5 1RG,5
FY5 1RH,5
FY5 1RJ,7
FY5 1RL,7
FY5 1RN,7
FY5 1RP,2
FY5 1RQ,5
FY5 1RR,7
FY5 1RS,7
FY5 1RT,7
FY5 1RU,7
FY5 1RW,2
FY5 1RX,7
FY5 1RY,7
FY5 1RZ,7
FY5 1SA,7
FY5 1SB,7
FY5 1SD,7
FY5 1SE,7
FY5 1SF,7
FY5 1SG,7
FY5 1SH,1
FY5 1SJ,1
FY5 1SL,3
FY5 1SN,3
FY5 1SP,3
FY5 1SQ,7
FY5 1SR,3
FY5 1SS,3
FY5 1ST,3
FY5 1SU,3
FY5 1SW,3
FY5 1SX,3
FY5 1SY,3
FY5 1SZ,3
FY5 1TB,7
FY5 1TD,1
FY5 1TE,5
FY5 1TG,5
FY5 1WA,1
FY5 1WB,5
FY5 1WD,5
FY5 1WE,1
FY5 1WS,1
FY5 1WT,1
FY5 1WU,1
FY5 1WW,1
FY5 1WX,3
FY5 1WY,1
FY5 1WZ,1
FY5 1XA,1
FY5 1XB,5
FY5 1ZA,5
FY5 1ZZ,1
FY5 2AA,5
FY5 2AB,5
FY5 2AD,1
FY5 2AE,5
FY5 2AF,5
FY5 2AG,5
FY5 2AH,7
FY5 2AJ,5
FY5 2AL,5
FY5 2AN,7
FY5 2AP,4
FY5 2AQ,5
FY5 2AR,4
FY5 2AS,4
FY5 2AT,4
FY5 2AU,5
FY5 2AW,7
FY5 2AX,5
FY5 2AY,5
FY5 2AZ,5
FY5 2BA,5
FY5 2BB,4
FY5 2BD,5
FY5 2BE,5
FY5 2BF,5
FY5 2BG,5
FY5 2BH,4
FY5 2BJ,5
FY5 2BL,5
FY5 2BN,5
FY5 2BP,5
FY5 2BQ,5
FY5 2BS,8
FY5 2BT,8
FY5 2BU,7
FY5 2BW,5
FY5 2BX,7
FY5 2BY,5
FY5 2BZ,7
FY5 2DA,4
FY5 2DB,4
FY5 2DD,5
FY5 2DE,4
FY5 2DF,5
FY5 2DG,3
FY5 2DH,4
FY5 2DJ,4
FY5 2DL,4
FY5 2DN,4
FY5 2DP,4
FY5 2DQ,4
FY5 2DR,4
FY5 2DS,4
FY5 2DT,4
FY5 2DU,4
FY5 2DW,4
FY5 2DX,4
FY5 2DY,4
FY5 2DZ,4
FY5 2EA,4
FY5 2EB,8
FY5 2ED,4
FY5 2EE,1
FY5 2EF,2
FY5 2EG,8
FY5 2EH,8
FY5 2EJ,8
FY5 2EL,8
FY5 2EN,8
FY5 2EP,8
FY5 2EQ,8
FY5 2ER,8
FY5 2ES,8
FY5 2ET,8
FY5 2EU,8
FY5 2EW,8
FY5 2EX,8
FY5 2EY,8
FY5 2EZ,8
FY5 2FB,8
FY5 2FL,4
FY5 2FN,7
FY5 2FX,1
FY5 2FY,1
FY5 2FZ,1
FY5 2GA,1
FY5 2GB,5
FY5 2GD,1
FY5 2GE,1
FY5 2GF,1
FY5 2GG,5
FY5 2GH,1
FY5 2GJ,5
FY5 2GL,5
FY5 2GN,5
FY5 2GP,5
FY5 2GQ,5
FY5 2GR,1
FY5 2GS,1
FY5 2GT,5
FY5 2GU,1
FY5 2GW,5
FY5 2GX,1
FY5 2GY,1
FY5 2GZ,1
FY5 2HA,8
FY5 2HB,8
FY5 2HD,8
FY5 2HE,8
FY5 2HF,8
FY5 2HG,8
FY5 2HH,8
FY5 2HJ,8
FY5 2HL,8
FY5 2HN,8
FY5 2HP,8
FY5 2HQ,8
FY5 2HR,5
FY5 2HS,5
FY5 2HT,5
FY5 2HU,9
FY5 2HW,8
FY5 2HX,8
FY5 2HY,8
FY5 2HZ,8
FY5 2JA,8
FY5 2JB,8
FY5 2JD,8
FY5 2JE,5
FY5 2JF,5
FY5 2JG,8
FY5 2JH,8
FY5 2JJ,7
FY5 2JL,7
FY5 2JN,7
FY5 2JP,8
FY5 2JQ,8
FY5 2JR,5
FY5 2JS,5
FY5 2JT,5
FY5 2JU,5
FY5 2JW,8
FY5 2JX,5
FY5 2JY,5
FY5 2JZ,5
FY5 2LA,5
FY5 2LB,5
FY5 2LD,7
FY5 2LE,7
FY5 2LF,7
FY5 2LG,7
FY5 2LH,7
FY5 2LJ,4
FY5 2LL,7
FY5 2LN,4
FY5 2LP,7
FY5 2LQ,7
FY5 2LR,8
FY5 2LS,8
FY5 2LT,8
FY5 2LU,8
FY5 2LW,4
FY5 2LX,4
FY5 2LY,4
FY5 2LZ,4
FY5 2NA,4
FY5 2NB,4
FY5 2ND,4
FY5 2NE,4
FY5 2NF,4
FY5 2NG,4
FY5 2NH,4
FY5 2NJ,4
FY5 2NL,4
FY5 2NN,4
FY5 2NP,4
FY5 2NQ,4
FY5 2NR,4
FY5 2NS,4
FY5 2NT,4
FY5 2NU,4
FY5 2NW,4
FY5 2NX,4
FY5 2NY,5
FY5 2NZ,5
FY5 2PA,7
FY5 2PB,4
FY5 2PD,4
FY5 2PE,5
FY5 2PF,5
FY5 2PG,5
FY5 2PH,5
FY5 2PJ,5
FY5 2PL,5
FY5 2PN,5
FY5 2PP,4
FY5 2PQ,5
FY5 2PR,4
FY5 2PS,4
FY5 2PT,4
FY5 2PU,5
FY5 2PW,5
FY5 2PX,4
FY5 2PY,4
FY5 2PZ,4
FY5 2QA,4
FY5 2QB,4
FY5 2QD,5
FY5 2QE,4
FY5 2QF,4
FY5 2QG,4
FY5 2QH,5
FY5 2QJ,5
FY5 2QL,8
FY5 2QN,8
FY5 2QP,8
FY5 2QQ,5
FY5 2QR,8
FY5 2QS,9
FY5 2QT,9
FY5 2QU,9
FY5 2QW,9
FY5 2QX,9
FY5 2QY,9
FY5 2QZ,8
FY5 2RA,8
FY5 2RB,8
FY5 2RD,8
FY5 2RE,8
FY5 2RF,8
FY5 2RG,7
FY5 2RH,7
FY5 2RJ,8
FY5 2RL,5
FY5 2RN,5
FY5 2RP,5
FY5 2RQ,7
FY5 2RR,8
FY5 2RS,8
FY5 2RT,5
FY5 2RU,5
FY5 2RW,5
FY5 2RX,5
FY5 2RY,8
FY5 2RZ,8
FY5 2SA,9
FY5 2SB,4
FY5 2SD,5
FY5 2SE,4
FY5 2SF,8
FY5 2SG,4
FY5 2SH,4
FY5 2SJ,5
FY5 2SL,5
FY5 2SN,4
FY5 2SP,4
FY5 2SQ,5
FY5 2SR,4
FY5 2SS,4
FY5 2ST,8
FY5 2SU,9
FY5 2SW,4
FY5 2SX,9
FY5 2SY,8
FY5 2SZ,8
FY5 2TA,4
FY5 2TB,4
FY5 2TD,4
FY5 2TE,4
FY5 2TF,4
FY5 2TG,4
FY5 2TH,9
FY5 2TJ,5
FY5 2TL,9
FY5 2TN,9
FY5 2TP,9
FY5 2TQ,1
FY5 2TR,9
FY5 2TS,9
FY5 2TT,9
FY5 2TU,9
FY5 2TW,9
FY5 2TX,9
FY5 2TY,4
FY5 2TZ,4
FY5 2UA,8
FY5 2UB,1
FY5 2UD,7
FY5 2UE,7
FY5 2UF,7
FY5 2UG,5
FY5 2UH,5
FY5 2UJ,5
FY5 2UL,5
FY5 2UN,7
FY5 2UP,7
FY5 2UQ,5
FY5 2UR,7
FY5 2US,7
FY5 2UT,7
FY5 2UU,7
FY5 2UW,7
FY5 2UX,7
FY5 2UY,7
FY5 2UZ,7
FY5 2WA,7
FY5 2WB,7
FY5 2WD,7
FY5 2WE,7
FY5 2WF,8
FY5 2WG,8
FY5 2WH,8
FY5 2WJ,8
FY5 2WL,8
FY5 2WN,4
FY5 2WP,4
FY5 2WQ,7
FY5 2WR,1
FY5 2WS,7
FY5 2WT,7
FY5 2WU,8
FY5 2WW,7
FY5 2WX,1
FY5 2WY,5
FY5 2WZ,1
FY5 2XA,1
FY5 2XB,7
FY5 2XD,7
FY5 2XE,1
FY5 2XF,1
FY5 2XG,1
FY5 2XH,1
FY5 2XJ,1
FY5 2XL,1
FY5 2XN,1
FY5 2XP,1
FY5 2XQ,1
FY5 2XT,1
FY5 2XU,1
FY5 2XW,1
FY5 2XX,1
FY5 2XY,1
FY5 2XZ,1
FY5 2YA,8
FY5 2YB,8
FY5 2YD,8
FY5 2ZA,7
FY5 2ZB,7
FY5 2ZD,7
FY5 2ZE,7
FY5 2ZF,7
FY5 2ZG,7
FY5 2ZH,7
FY5 2ZJ,7
FY5 2ZL,7
FY5 2ZN,7
FY5 2ZP,5
FY5 2ZQ,7
FY5 2ZR,1
FY5 2ZS,7
FY5 2ZT,7
FY5 2ZZ,7
FY5 3AA,7
FY5 3AB,7
FY5 3AD,7
FY5 3AE,7
FY5 3AF,7
FY5 3AG,7
FY5 3AH,7
FY5 3AJ,7
FY5 3AL,4
FY5 3AN,1
FY5 3AP,5
FY5 3AQ,7
FY5 3AR,5
FY5 3AS,8
FY5 3AT,4
FY5 3AU,5
FY5 3AW,8
FY5 3AX,5
FY5 3AY,5
FY5 3AZ,9
FY5 3BA,3
FY5 3BB,8
FY5 3BD,9
FY5 3BE,4
FY5 3BF,9
FY5 3BG,4
FY5 3BH,4
FY5 3BJ,4
FY5 3BL,4
FY5 3BN,4
FY5 3BP,5
FY5 3BQ,4
FY5 3BS,9
FY5 3BT,8
FY5 3BU,3
FY5 3BW,4
FY5 3BX,3
FY5 3BY,3
FY5 3BZ,3
FY5 3DA,8
FY5 3DB,8
FY5 3DD,8
FY5 3DE,10
FY5 3DF,8
FY5 3DG,3
FY5 3DH,3
FY5 3DJ,3
FY5 3DL,8
FY5 3DN,3
FY5 3DP,3
FY5 3DQ,3
FY5 3DR,3
FY5 3DS,3
FY5 3DT,8
FY5 3DU,8
FY5 3DW,3
FY5 3DX,3
FY5 3DY,3
FY5 3DZ,5
FY5 3EA,3
FY5 3EB,3
FY5 3ED,5
FY5 3EE,3
FY5 3EF,3
FY5 3EG,3
FY5 3EH,3
FY5 3EJ,6
FY5 3EL,6
FY5 3EN,3
FY5 3EP,6
FY5 3EQ,5
FY5 3ER,6
FY5 3ES,6
FY5 3ET,3
FY5 3EU,3
FY5 3EW,6
FY5 3EX,3
FY5 3EY,7
FY5 3EZ,7
FY5 3FA,8
FY5 3FB,8
FY5 3FD,8
FY5 3FE,8
FY5 3FF,8
FY5 3FG,8
FY5 3FH,8
FY5 3FJ,8
FY5 3FL,8
FY5 3FN,8
FY5 3FP,8
FY5 3FQ,4
FY5 3FR,8
FY5 3FS,8
FY5 3FT,8
FY5 3FW,8
FY5 3FY,5
FY5 3FZ,8
FY5 3GA,4
FY5 3GB,4
FY5 3GD,1
FY5 3GE,4
FY5 3GF,1
FY5 3GG,1
FY5 3GH,4
FY5 3GJ,1
FY5 3GL,1
FY5 3GN,1
FY5 3GP,1
FY5 3GQ,1
FY5 3GW,8
FY5 3GX,8
FY5 3GY,8
FY5 3GZ,8
FY5 3HA,5
FY5 3HB,5
FY5 3HD,5
FY5 3HE,5
FY5 3HF,6
FY5 3HG,7
FY5 3HH,7
FY5 3HJ,7
FY5 3HL,7
FY5 3HN,7
FY5 3HP,7
FY5 3HQ,7
FY5 3HR,3
FY5 3HS,3
FY5 3HT,6
FY5 3HU,5
FY5 3HW,7
FY5 3HX,7
FY5 3HY,7
FY5 3HZ,7
FY5 3JA,7
FY5 3JB,7
FY5 3JD,7
FY5 3JE,5
FY5 3JF,5
FY5 3JG,3
FY5 3JH,5
FY5 3JJ,5
FY5 3JL,5
FY5 3JN,5
FY5 3JP,3
FY5 3JQ,5
FY5 3JR,3
FY5 3JS,3
FY5 3JT,5
FY5 3JU,7
FY5 3JW,3
FY5 3JX,3
FY5 3JY,3
FY5 3JZ,3
FY5 3LA,5
FY5 3LB,5
FY5 3LD,5
FY5 3LE,7
FY5 3LF,5
FY5 3LG,5
FY5 3LH,7
FY5 3LJ,5
FY5 3LL,7
FY5 3LN,5
FY5 3LP,5
FY5 3LQ,3
FY5 3LR,5
FY5 3LS,9
FY5 3LT,5
FY5 3LU,5
FY5 3LW,5
FY5 3LX,5
FY5 3LY,5
FY5 3LZ,5
FY5 3NA,3
FY5 3NB,5
FY5 3ND,5
FY5 3NE,5
FY5 3NF,7
FY5 3NG,5
FY5 3NH,5
FY5 3NJ,5
FY5 3NL,5
FY5 3NN,5
FY5 3NP,5
FY5 3NQ,5
FY5 3NR,5
FY5 3NS,5
FY5 3NT,5
FY5 3NU,5
FY5 3NW,5
FY5 3NX,5
FY5 3NY,5
FY5 3NZ,5
FY5 3PA,5
FY5 3PB,5
FY5 3PD,5
FY5 3PE,5
FY5 3PF,5
FY5 3PG,4
FY5 3PH,3
FY5 3PJ,7
FY5 3PL,3
FY5 3PN,9
FY5 3PP,9
FY5 3PQ,7
FY5 3PR,9
FY5 3PS,9
FY5 3PT,9
FY5 3PU,9
FY5 3PW,9
FY5 3PX,9
FY5 3PY,9
FY5 3PZ,9
FY5 3QA,8
FY5 3QB,9
FY5 3QD,9
FY5 3QE,9
FY5 3QF,8
FY5 3QG,8
FY5 3QH,3
FY5 3QJ,8
FY5 3QL,5
FY5 3QN,5
FY5 3QP,3
FY5 3QQ,8
FY5 3QR,6
FY5 3QS,4
FY5 3QT,4
FY5 3QU,5
FY5 3QW,5
FY5 3QX,4
FY5 3QY,4
FY5 3QZ,4
FY5 3RA,4
FY5 3RB,4
FY5 3RD,4
FY5 3RE,4
FY5 3RF,4
FY5 3RG,4
FY5 3RH,4
FY5 3RJ,4
FY5 3RL,4
FY5 3RN,4
FY5 3RP,8
FY5 3RQ,4
FY5 3RR,8
FY5 3RS,4
FY5 3RT,4
FY5 3RU,4
FY5 3RW,8
FY5 3RX,4
FY5 3RY,4
FY5 3RZ,4
FY5 3SA,4
FY5 3SB,4
FY5 3SD,4
FY5 3SE,4
FY5 3SF,4
FY5 3SG,4
FY5 3SH,3
FY5 3SJ,3
FY5 3SL,4
FY5 3SN,4
FY5 3SP,7
FY5 3SQ,3
FY5 3SS,3
FY5 3ST,7
FY5 3SU,9
FY5 3SW,3
FY5 3SX,9
FY5 3SY,8
FY5 3SZ,7
FY5 3TA,8
FY5 3TB,4
FY5 3TD,4
FY5 3TE,3
FY5 3TG,3
FY5 3TH,8
FY5 3TJ,8
FY5 3TL,8
FY5 3TN,8
FY5 3TP,8
FY5 3TQ,3
FY5 3TR,8
FY5 3TS,9
FY5 3TT,8
FY5 3TU,8
FY5 3TX,3
FY5 3TY,4
FY5 3TZ,8
FY5 3UA,8
FY5 3UB,1
FY5 3UD,1
FY5 3UE,1
FY5 3UF,1
FY5 3UG,1
FY5 3UH,8
FY5 3UL,9
FY5 3WF,1
FY5 3WG,1
FY5 3WH,1
FY5 3WJ,1
FY5 3WL,1
FY5 3WN,1
FY5 3WP,8
FY5 3WQ,1
FY5 3WR,1
FY5 3WS,8
FY5 3WT,1
FY5 3WU,1
FY5 3WW,4
FY5 3WX,8
FY5 3WY,8
FY5 3WZ,8
FY5 3XA,1
FY5 3XB,1
FY5 3XD,1
FY5 3YT,1
FY5 3YU,8
FY5 3YX,8
FY5 3YY,8
FY5 3ZA,8
FY5 3ZB,8
FY5 3ZD,8
FY5 3ZE,8
FY5 3ZG,8
FY5 3ZR,8
FY5 3ZS,8
FY5 3ZT,8
FY5 3ZU,8
FY5 3ZW,8
FY5 3ZX,8
FY5 3ZY,8
FY5 3ZZ,8
FY5 4AA,7
FY5 4AB,7
FY5 4AD,7
FY5 4AE,4
FY5 4AF,4
FY5 4AG,4
FY5 4AH,3
FY5 4AJ,3
FY5 4AL,3
FY5 4AN,3
FY5 4AP,4
FY5 4AQ,3
FY5 4AR,7
FY5 4AS,3
FY5 4AT,3
FY5 4AU,4
FY5 4AW,3
FY5 4AX,4
FY5 4AY,4
FY5 4AZ,4
FY5 4BA,4
FY5 4BB,4
FY5 4BD,3
FY5 4BE,3
FY5 4BF,4
FY5 4BG,5
FY5 4BH,5
FY5 4BJ,5
FY5 4BL,4
FY5 4BN,7
FY5 4BP,5
FY5 4BQ,4
FY5 4BS,5
FY5 4BT,5
FY5 4BU,5
FY5 4BW,4
FY5 4BX,5
FY5 4BY,5
FY5 4BZ,4
FY5 4DA,7
FY5 4DB,3
FY5 4DD,3
FY5 4DE,7
FY5 4DF,3
FY5 4DG,8
FY5 4DH,7
FY5 4DJ,3
FY5 4DL,3
FY5 4DN,8
FY5 4DP,8
FY5 4DQ,8
FY5 4DR,8
FY5 4DS,8
FY5 4DT,8
FY5 4DU,9
FY5 4DW,8
FY5 4DX,8
FY5 4DY,8
FY5 4DZ,8
FY5 4EA,9
FY5 4EB,9
FY5 4ED,9
FY5 4EE,8
FY5 4EF,9
FY5 4EG,9
FY5 4EH,9
FY5 4EJ,9
FY5 4EL,9
FY5 4EN,9
FY5 4EP,9
FY5 4EQ,9
FY5 4ER,9
FY5 4ES,9
FY5 4ET,4
FY5 4EU,3
FY5 4EW,9
FY5 4EX,5
FY5 4EY,9
FY5 4EZ,5
FY5 4FA,3
FY5 4FB,9
FY5 4FD,9
FY5 4FE,9
FY5 4FF,9
FY5 4FG,9
FY5 4FH,9
FY5 4FJ,9
FY5 4FL,9
FY5 4FN,9
FY5 4FP,9
FY5 4FQ,9
FY5 4FR,5
FY5 4FS,5
FY5 4FT,5
FY5 4FU,5
FY5 4FW,5
FY5 4FX,9
FY5 4GA,5
FY5 4GB,1
FY5 4GD,5
FY5 4GE,5
FY5 4GF,5
FY5 4GG,5
FY5 4GH,1
FY5 4GJ,1
FY5 4GL,1
FY5 4GN,5
FY5 4GP,5
FY5 4GQ,5
FY5 4GR,5
FY5 4GS,5
FY5 4GT,5
FY5 4GU,5
FY5 4GW,5
FY5 4GY,5
FY5 4HA,4
FY5 4HB,5
FY5 4HD,5
FY5 4HE,5
FY5 4HF,5
FY5 4HG,5
FY5 4HH,5
FY5 4HJ,5
FY5 4HL,5
FY5 4HN,5
FY5 4HP,5
FY5 4HQ,5
FY5 4HR,5
FY5 4HS,5
FY5 4HT,5
FY5 4HU,5
FY5 4HW,5
FY5 4HX,5
FY5 4HY,5
FY5 4HZ,4
FY5 4JA,5
FY5 4JB,5
FY5 4JD,5
FY5 4JE,5
FY5 4JF,5
FY5 4JG,5
FY5 4JH,5
FY5 4JJ,5
FY5 4JL,5
FY5 4JN,5
FY5 4JP,5
FY5 4JQ,5
FY5 4JR,5
FY5 4JS,5
FY5 4JT,5
FY5 4JU,5
FY5 4JW,8
FY5 4JX,5
FY5 4JY,7
FY5 4JZ,7
FY5 4LA,5
FY5 4LB,5
FY5 4LD,5
FY5 4LE,5
FY5 4LF,8
FY5 4LG,5
FY5 4LH,5
FY5 4LJ,5
FY5 4LL,5
FY5 4LN,5
FY5 4LP,8
FY5 4LQ,8
FY5 4LR,5
FY5 4LS,8
FY5 4LT,8
FY5 4LU,3
FY5 4LW,5
FY5 4LX,3
FY5 4LY,3
FY5 4LZ,3
FY5 4NA,7
FY5 4NB,3
FY5 4ND,3
FY5 4NE,7
FY5 4NF,3
FY5 4NG,7
FY5 4NH,3
FY5 4NJ,5
FY5 4NL,8
FY5 4NN,3
FY5 4NP,5
FY5 4NQ,8
FY5 4NR,3
FY5 4NS,3
FY5 4NT,5
FY5 4NU,5
FY5 4NW,3
FY5 4NX,4
FY5 4NY,4
FY5 4NZ,8
FY5 4PA,4
FY5 4PB,5
FY5 4PD,5
FY5 4PE,5
FY5 4PF,5
FY5 4PG,5
FY5 4PH,5
FY5 4PJ,5
FY5 4PL,5
FY5 4PN,3
FY5 4PP,3
FY5 4PQ,5
FY5 4PR,5
FY5 4PS,5
FY5 4PT,5
FY5 4PU,5
FY5 4PW,5
FY5 4PX,5
FY5 4PY,5
FY5 4PZ,3
FY5 4QA,5
FY5 4QB,5
FY5 4QD,5
FY5 4QE,9
FY5 4QF,5
FY5 4QH,5
FY5 4QJ,9
FY5 4QL,9
FY5 4QN,9
FY5 4QQ,9
FY5 4WB,1
FY5 4WD,1
FY5 4WE,1
FY5 4WF,1
FY5 4WN,1
FY5 4WP,1
FY5 4WQ,1
FY5 4WR,1
FY5 4WS,1
FY5 4WT,1
FY5 4WU,1
FY5 4WW,1
FY5 4WX,1
FY5 4WY,5
FY5 4WZ,5
FY5 4YX,9
FY5 4YZ,1
FY5 4ZR,5
FY5 5AA,7
FY5 5AB,7
FY5 5AD,9
FY5 5AE,7
FY5 5AF,8
FY5 5AG,7
FY5 5AH,9
FY5 5AJ,9
FY5 5AL,9
FY5 5AN,9
FY5 5AP,7
FY5 5AQ,9
FY5 5AR,7
FY5 5AS,7
FY5 5AT,9
FY5 5AU,9
FY5 5AW,9
FY5 5AX,9
FY5 5AY,9
FY5 5AZ,9
FY5 5BA,9
FY5 5BB,9
FY5 5BD,9
FY5 5BE,9
FY5 5BF,9
FY5 5BG,9
FY5 5BH,7
FY5 5BJ,7
FY5 5BL,9
FY5 5BN,9
FY5 5BP,9
FY5 5BQ,7
FY5 5BS,7
FY5 5BT,7
FY5 5BU,7
FY5 5BW,7
FY5 5BX,7
FY5 5BY,7
FY5 5BZ,7
FY5 5DA,7
FY5 5DB,7
FY5 5DD,7
FY5 5DE,7
FY5 5DF,7
FY5 5DG,7
FY5 5DH,7
FY5 5DJ,7
FY5 5DL,7
FY5 5DN,7
FY5 5DP,7
FY5 5DQ,7
FY5 5DR,7
FY5 5DS,7
FY5 5DT,7
FY5 5DU,7
FY5 5DW,7
FY5 5DX,7
FY5 5DY,7
FY5 5DZ,7
FY5 5EA,7
FY5 5EB,7
FY5 5ED,7
FY5 5EE,7
FY5 5EF,7
FY5 5EG,7
FY5 5EH,7
FY5 5EJ,7
FY5 5EL,7
FY5 5EN,7
FY5 5EP,7
FY5 5EQ,7
FY5 5ER,7
FY5 5ES,7
FY5 5ET,7
FY5 5EU,7
FY5 5EW,7
FY5 5EX,7
FY5 5EY,7
FY5 5EZ,7
FY5 5FD,7
FY5 5FF,7
FY5 5FG,7
FY5 5FH,7
FY5 5GA,7
FY5 5GD,7
FY5 5GE,7
FY5 5GF,7
FY5 5GG,1
FY5 5GH,7
FY5 5GJ,1
FY5 5GL,7
FY5 5GN,7
FY5 5HA,7
FY5 5HB,9
FY5 5HD,9
FY5 5HE,8
FY5 5HF,7
FY5 5HG,7
FY5 5HH,7
FY5 5HJ,7
FY5 5HL,7
FY5 5HN,7
FY5 5HP,7
FY5 5HQ,7
FY5 5HR,7
FY5 5HS,9
FY5 5HT,7
FY5 5HU,7
FY5 5HW,7
FY5 5HX,7
FY5 5HY,7
FY5 5HZ,8
FY5 5JA,8
FY5 5JB,8
FY5 5JD,8
FY5 5JE,9
FY5 5JF,9
FY5 5JG,9
FY5 5JH,9
FY5 5JJ,8
FY5 5JL,8
FY5 5JN,8
FY5 5JP,8
FY5 5JQ,9
FY5 5JR,9
FY5 5JS,9
FY5 5JT,8
FY5 5JU,8
FY5 5JW,8
FY5 5JX,9
FY5 5JY,9
FY5 5JZ,9
FY5 5LA,9
FY5 5LB,9
FY5 5LD,9
FY5 5LE,9
FY5 5LF,9
FY5 5LG,9
FY5 5LH,9
FY5 5LJ,9
FY5 5LL,9
FY5 5LN,9
FY5 5LP,9
FY5 5LQ,9
FY5 5LR,9
FY5 5LS,9
FY5 5LT,9
FY5 5LU,9
FY5 5LW,9
FY5 5LX,9
FY5 5LY,9
FY5 5LZ,9
FY5 5NA,9
FY5 5NB,9
FY5 5ND,9
FY5 5NE,9
FY5 5NF,9
FY5 5NG,9
FY5 5NH,10
FY5 5NJ,10
FY5 5NL,9
FY5 5NN,10
FY5 5NP,10
FY5 5NQ,10
FY5 5NR,10
FY5 5NS,10
FY5 5NT,9
FY5 5NU,7
FY5 5NW,9
FY5 5NX,7
FY5 5NY,9
FY5 5NZ,9
FY5 5PA,9
FY5 5PB,9
FY5 5PD,9
FY5 5PE,9
FY5 5PF,9
FY5 5PG,7
FY5 5PH,9
FY5 5PJ,9
FY5 5PL,7
FY5 5PN,7
FY5 5QA,9
FY5 5QB,9
FY5 5QD,9
FY5 5RD,7
FY5 5WA,9
FY5 5WJ,1
FY5 5WL,1
FY5 5WN,1
FY5 5WP,1
FY5 5WQ,1
FY5 5WR,1
FY5 5WS,1
FY5 5WT,1
FY5 5WU,1
FY5 5WW,1
FY5 5WX,9
FY5 5WY,1
FY5 5WZ,1
FY5 5XA,1
FY5 5XB,9
FY5 9AA,
FY5 9AB,1
FY5 9AD,
FY5 9AE,
FY5 9AF,1
FY5 9AG,1
FY5 9AH,
FY5 9AJ,
FY5 9AL,
FY5 9AN,
FY5 9AP,
FY5 9AQ,
FY5 9AR,1
FY5 9AS,
FY5 9AT,1
FY5 9AU,1
FY5 9AW,
FY5 9AX,
FY5 9AY,
FY5 9AZ,
FY5 9BA,
FY5 9BB,1
FY5 9BD,
FY5 9BE,1
FY5 9BF,1
FY5 9BG,1
FY5 9BH,1
FY5 9BJ,1
FY5 9BL,1
FY5 9BN,1
FY5 9BP,1
FY5 9BQ,1
FY5 9BR,1
FY5 9BS,1
FY5 9BT,1
FY5 9BU,1
FY5 9BW,1
FY5 9BX,1
FY5 9BY,1
FY5 9BZ,1
FY5 9DA,1
FY6 0AA,4
FY6 0AB,4
FY6 0AD,4
FY6 0AE,4
FY6 0AF,6
FY6 0AG,4
FY6 0AH,4
FY6 0AJ,6
FY6 0AL,6
FY6 0AN,4
FY6 0AP,4
FY6 0AQ,4
FY6 0AR,6
FY6 0AS,6
FY6 0AT,4
FY6 0AU,4
FY6 0AW,6
FY6 0AX,4
FY6 0AY,4
FY6 0AZ,4
FY6 0BA,4
FY6 0BB,5
FY6 0BD,4
FY6 0BE,4
FY6 0BF,4
FY6 0BG,9
FY6 0BH,4
FY6 0BJ,4
FY6 0BL,4
FY6 0BN,4
FY6 0BP,4
FY6 0BQ,4
FY6 0BS,4
FY6 0BT,4
FY6 0BU,4
FY6 0BW,4
FY6 0BX,4
FY6 0BY,4
FY6 0BZ,4
FY6 0DA,4
FY6 0DB,4
FY6 0DD,4
FY6 0DE,4
FY6 0DF,4
FY6 0DG,4
FY6 0DH,6
FY6 0DJ,6
FY6 0DL,6
FY6 0DN,6
FY6 0DP,6
FY6 0DQ,4
FY6 0DR,6
FY6 0DS,6
FY6 0DT,6
FY6 0DU,6
FY6 0DW,6
FY6 0DX,6
FY6 0DY,6
FY6 0DZ,5
FY6 0EA,4
FY6 0EB,6
FY6 0ED,6
FY6 0EE,5
FY6 0EF,6
FY6 0EG,6
FY6 0EH,5
FY6 0EJ,6
FY6 0EL,5
FY6 0EN,5
FY6 0EP,6
FY6 0EQ,5
FY6 0ER,6
FY6 0ES,6
FY6 0ET,4
FY6 0EU,6
FY6 0EW,5
FY6 0EX,6
FY6 0EY,6
FY6 0EZ,6
FY6 0FA,6
FY6 0FB,6
FY6 0FD,6
FY6 0FE,6
FY6 0FF,7
FY6 0FG,4
FY6 0FH,7
FY6 0FL,4
FY6 0FT,6
FY6 0GA,5
FY6 0GB,5
FY6 0GD,5
FY6 0GE,5
FY6 0GF,5
FY6 0GG,5
FY6 0GH,9
FY6 0GJ,7
FY6 0HA,6
FY6 0HB,6
FY6 0HD,6
FY6 0HE,6
FY6 0HF,6
FY6 0HG,6
FY6 0HH,6
FY6 0HJ,6
FY6 0HL,5
FY6 0HN,5
FY6 0HP,5
FY6 0HQ,6
FY6 0HR,7
FY6 0HS,5
FY6 0HT,5
FY6 0HU,5
FY6 0HW,5
FY6 0HX,5
FY6 0HY,5
FY6 0HZ,5
FY6 0JA,5
FY6 0JB,5
FY6 0JD,7
FY6 0JE,7
FY6 0JF,7
FY6 0JG,7
FY6 0JH,7
FY6 0JJ,7
FY6 0JL,7
FY6 0JN,7
FY6 0JP,7
FY6 0JQ,7
FY6 0JR,7
FY6 0JS,7
FY6 0JT,7
FY6 0JU,5
FY6 0JW,7
FY6 0JX,5
FY6 0JY,6
FY6 0JZ,6
FY6 0LA,7
FY6 0LB,7
FY6 0LD,7
FY6 0LE,7
FY6 0LF,7
FY6 0LG,7
FY6 0LH,7
FY6 0LJ,7
FY6 0LL,7
FY6 0LN,7
FY6 0LP,7
FY6 0LQ,7
FY6 0LR,7
FY6 0LS,7
FY6 0LT,5
FY6 0LU,5
FY6 0LW,7
FY6 0LX,7
FY6 0LY,5
FY6 0LZ,7
FY6 0NA,7
FY6 0NB,7
FY6 0ND,6
FY6 0NE,6
FY6 0NF,6
FY6 0NG,5
FY6 0NH,5
FY6 0NJ,5
FY6 0NL,5
FY6 0NN,5
FY6 0NP,5
FY6 0NQ,5
FY6 0NR,5
FY6 0NS,5
FY6 0NT,5
FY6 0NU,5
FY6 0NW,5
FY6 0NX,5
FY6 0NY,5
FY6 0NZ,7
FY6 0PA,5
FY6 0PB,6
FY6 0PD,6
FY6 0PE,5
FY6 0PF,5
FY6 0PG,5
FY6 0PH,5
FY6 0PJ,5
FY6 0PL,7
FY6 0PN,7
FY6 0PP,7
FY6 0PQ,5
FY6 0PR,6
FY6 0PS,6
FY6 0PT,6
FY6 0PU,6
FY6 0PW,7
FY6 0PX,6
FY6 0PY,6
FY6 0PZ,7
FY6 0QA,7
FY6 0QB,6
FY6 0QD,7
FY6 0QE,6
FY6 0QF,6
FY6 0QG,6
FY6 0QH,6
FY6 0QJ,6
FY6 0QL,6
FY6 0QN,5
FY6 0QP,7
FY6 0QQ,7
FY6 0QR,7
FY6 0QS,7
FY6 0QT,7
FY6 0QU,7
FY6 0QW,7
FY6 0QX,6
FY6 0QY,6
FY6 0RA,6
FY6 0RB,6
FY6 0RD,6
FY6 0RE,6
FY6 0RF,6
FY6 0RG,6
FY6 0RH,7
FY6 0RJ,6
FY6 0RL,6
FY6 0RN,6
FY6 0RS,6
FY6 0RT,6
FY6 0TZ,4
FY6 0WA,5
FY6 0WW,9
FY6 0WX,9
FY6 0WY,5
FY6 0WZ,9
FY6 0XA,9
FY6 0XB,9
FY6 6AA,9
FY6 6AB,9
FY6 6AD,9
FY6 6AE,9
FY6 6AF,9
FY6 6AG,9
FY6 6AH,9
FY6 6AJ,9
FY6 6AL,9
FY6 6AN,9
FY6 6AP,9
FY6 6AQ,9
FY6 6AR,9
FY6 6AS,9
FY6 6AT,9
FY6 6AU,9
FY6 6AW,9
FY6 6AX,9
FY6 6AY,9
FY6 6AZ,9
FY6 6BA,9
FY6 6BB,9
FY6 6BD,9
FY6 6BE,9
FY6 6BF,9
FY6 6BG,9
FY6 6BH,9
FY6 6BJ,9
FY6 6BL,9
FY6 6BN,9
FY6 6BP,9
FY6 6DA,9
FY6 6DB,9
FY6 6DD,9
FY6 6DE,9
FY6 6DF,9
FY6 6DG,9
FY6 6DH,9
FY6 6DJ,9
FY6 6DL,9
FY6 6DN,9
FY6 6DP,9
FY6 6DQ,9
FY6 6DR,9
FY6 6DS,9
FY6 6DT,9
FY6 6DU,9
FY6 6DW,9
FY6 6DX,9
FY6 6DY,9
FY6 6DZ,9
FY6 6EA,9
FY6 6EB,9
FY6 6ED,9
FY6 6EE,9
FY6 6EF,9
FY6 6EG,9
FY6 6EJ,9
FY6 6EL,9
FY6 6EN,9
FY6 6EP,9
FY6 6RA,9
FY6 6RB,9
FY6 6RD,9
FY6 6RE,9
FY6 6RF,6
FY6 6RG,6
FY6 6RH,9
FY6 6RJ,9
FY6 6SA,6
FY6 6SB,6
FY6 6SD,6
FY6 6SE,6
FY6 6SF,6
FY6 6SG,6
FY6 6SH,6
FY6 6SJ,6
FY6 6SL,6
FY6 6SN,6
FY6 6SP,6
FY6 6SQ,6
FY6 6SR,6
FY6 6SS,6
FY6 6ST,6
FY6 6SU,6
FY6 6SW,6
FY6 6SX,6
FY6 6SY,6
FY6 6SZ,6
FY6 6TA,6
FY6 6TB,6
FY6 6TD,6
FY6 6TE,6
FY6 6TF,6
FY6 6TH,6
FY6 6TJ,6
FY6 6TN,6
FY6 6ZZ,9
FY6 7AA,6
FY6 7AB,6
FY6 7AD,6
FY6 7AE,6
FY6 7AF,9
FY6 7AG,9
FY6 7AH,9
FY6 7AJ,9
FY6 7AL,6
FY6 7AN,9
FY6 7AP,6
FY6 7AQ,6
FY6 7AR,9
FY6 7AS,6
FY6 7AT,6
FY6 7AU,9
FY6 7AW,4
FY6 7AX,6
FY6 7AY,6
FY6 7AZ,6
FY6 7BA,6
FY6 7BB,6
FY6 7BD,6
FY6 7BE,6
FY6 7BF,9
FY6 7BG,6
FY6 7BH,6
FY6 7BJ,6
FY6 7BL,6
FY6 7BN,6
FY6 7BP,6
FY6 7BQ,6
FY6 7BS,6
FY6 7BT,6
FY6 7BU,6
FY6 7BW,6
FY6 7BX,6
FY6 7BY,6
FY6 7BZ,6
FY6 7DA,6
FY6 7DB,6
FY6 7DD,9
FY6 7DE,6
FY6 7DF,6
FY6 7DG,6
FY6 7DH,6
FY6 7DJ,9
FY6 7DL,9
FY6 7DN,9
FY6 7DP,9
FY6 7DQ,9
FY6 7DR,9
FY6 7DS,9
FY6 7DT,9
FY6 7DU,9
FY6 7DW,9
FY6 7DX,9
FY6 7DY,9
FY6 7DZ,9
FY6 7EA,9
FY6 7EB,9
FY6 7ED,9
FY6 7EE,6
FY6 7EF,9
FY6 7EG,9
FY6 7EH,4
FY6 7EJ,4
FY6 7EL,4
FY6 7EN,4
FY6 7EP,4
FY6 7EQ,9
FY6 7ER,9
FY6 7ES,9
FY6 7ET,9
FY6 7EU,9
FY6 7EW,4
FY6 7EX,9
FY6 7EY,9
FY6 7EZ,9
FY6 7FA,6
FY6 7FB,10
FY6 7FD,10
FY6 7FE,10
FY6 7FF,10
FY6 7FG,10
FY6 7FH,10
FY6 7FJ,9
FY6 7FL,9
FY6 7FN,9
FY6 7FP,9
FY6 7FQ,9
FY6 7FR,8
FY6 7FS,9
FY6 7FT,9
FY6 7FU,6
FY6 7FW,8
FY6 7FX,8
FY6 7FY,9
FY6 7FZ,9
FY6 7GA,6
FY6 7GB,6
FY6 7GD,6
FY6 7GE,9
FY6 7GF,9
FY6 7GG,9
FY6 7GH,6
FY6 7GJ,9
FY6 7GL,6
FY6 7GN,6
FY6 7GP,6
FY6 7GQ,6
FY6 7GR,9
FY6 7GS,9
FY6 7GT,6
FY6 7GU,9
FY6 7GW,9
FY6 7GX,6
FY6 7GY,6
FY6 7GZ,9
FY6 7HA,9
FY6 7HB,9
FY6 7HD,9
FY6 7HE,9
FY6 7HF,9
FY6 7HG,9
FY6 7HH,9
FY6 7HJ,9
FY6 7HL,9
FY6 7HN,9
FY6 7HP,9
FY6 7HQ,9
FY6 7HR,9
FY6 7HS,9
FY6 7HT,9
FY6 7HU,6
FY6 7HW,9
FY6 7HX,9
FY6 7HY,9
FY6 7HZ,6
FY6 7JA,6
FY6 7JB,6
FY6 7JD,6
FY6 7JE,6
FY6 7JF,6
FY6 7JG,6
FY6 7JH,6
FY6 7JJ,6
FY6 7JL,4
FY6 7JN,4
FY6 7JP,9
FY6 7JQ,6
FY6 7JR,6
FY6 7JS,9
FY6 7JT,9
FY6 7JU,9
FY6 7JW,4
FY6 7JX,9
FY6 7JY,9
FY6 7JZ,9
FY6 7LA,6
FY6 7LB,6
FY6 7LD,6
FY6 7LE,6
FY6 7LF,6
FY6 7LG,6
FY6 7LH,6
FY6 7LJ,6
FY6 7LL,9
FY6 7LN,8
FY6 7LP,10
FY6 7LQ,6
FY6 7LR,6
FY6 7LS,10
FY6 7LT,6
FY6 7LU,6
FY6 7LW,10
FY6 7LX,9
FY6 7LY,6
FY6 7LZ,6
FY6 7NA,6
FY6 7NB,6
FY6 7ND,6
FY6 7NE,6
FY6 7NF,6
FY6 7NG,6
FY6 7NH,6
FY6 7NJ,6
FY6 7NL,10
FY6 7NN,10
FY6 7NP,10
FY6 7NQ,10
FY6 7NR,10
FY6 7NS,8
FY6 7NT,8
FY6 7NU,10
FY6 7NW,8
FY6 7NX,8
FY6 7NY,10
FY6 7NZ,10
FY6 7PA,9
FY6 7PB,10
FY6 7PD,10
FY6 7PE,8
FY6 7PF,8
FY6 7PG,8
FY6 7PH,8
FY6 7PJ,8
FY6 7PL,8
FY6 7PN,8
FY6 7PP,8
FY6 7PQ,8
FY6 7PR,8
FY6 7PS,8
FY6 7PT,8
FY6 7PU,6
FY6 7PW,8
FY6 7PX,9
FY6 7PY,6
FY6 7PZ,8
FY6 7QA,6
FY6 7QB,8
FY6 7QD,6
FY6 7QE,6
FY6 7QF,8
FY6 7QG,8
FY6 7QH,8
FY6 7QJ,8
FY6 7QL,8
FY6 7QN,1
FY6 7QP,1
FY6 7QQ,6
FY6 7QR,8
FY6 7QS,2
FY6 7QT,8
FY6 7QU,8
FY6 7QW,8
FY6 7QX,2
FY6 7QY,8
FY6 7QZ,8
FY6 7RA,6
FY6 7RB,9
FY6 7RD,8
FY6 7RE,9
FY6 7RF,8
FY6 7RG,9
FY6 7RH,9
FY6 7RJ,9
FY6 7RL,9
FY6 7RN,9
FY6 7RP,9
FY6 7RQ,9
FY6 7RR,9
FY6 7RS,9
FY6 7RT,9
FY6 7RU,9
FY6 7RW,9
FY6 7RX,6
FY6 7RY,6
FY6 7RZ,6
FY6 7SA,6
FY6 7SB,6
FY6 7SD,9
FY6 7SE,6
FY6 7SF,6
FY6 7SG,6
FY6 7SH,6
FY6 7SJ,9
FY6 7SL,9
FY6 7SN,9
FY6 7SP,9
FY6 7SQ,6
FY6 7SR,6
FY6 7SS,9
FY6 7ST,9
FY6 7SU,6
FY6 7SW,9
FY6 7SX,6
FY6 7SY,9
FY6 7SZ,6
FY6 7TA,6
FY6 7TB,6
FY6 7TD,8
FY6 7TE,10
FY6 7TF,10
FY6 7TG,10
FY6 7TH,9
FY6 7TJ,9
FY6 7TL,9
FY6 7TN,9
FY6 7TP,9
FY6 7TQ,9
FY6 7TR,9
FY6 7TS,9
FY6 7TT,9
FY6 7TU,9
FY6 7TW,9
FY6 7TX,9
FY6 7TY,9
FY6 7TZ,9
FY6 7UA,9
FY6 7UB,10
FY6 7UD,9
FY6 7UE,10
FY6 7UF,9
FY6 7UG,8
FY6 7UH,8
FY6 7UJ,9
FY6 7UL,9
FY6 7UN,9
FY6 7UP,10
FY6 7UQ,9
FY6 7UR,6
FY6 7US,9
FY6 7UT,9
FY6 7UU,9
FY6 7UW,8
FY6 7UX,6
FY6 7UY,9
FY6 7UZ,9
FY6 7WA,6
FY6 7WB,6
FY6 7WD,8
FY6 7WE,6
FY6 7WF,8
FY6 7WG,9
FY6 7WH,9
FY6 7WJ,6
FY6 7WL,6
FY6 7WN,9
FY6 7WP,9
FY6 7WQ,8
FY6 7WR,9
FY6 7WS,9
FY6 7WT,9
FY6 7WU,9
FY6 7WW,8
FY6 7WX,9
FY6 7WY,8
FY6 7WZ,9
FY6 7XA,9
FY6 7XB,8
FY6 7XD,6
FY6 7XE,8
FY6 7XF,6
FY6 7XG,6
FY6 7XH,6
FY6 7XJ,9
FY6 7XS,9
FY6 7YA,9
FY6 7YB,9
FY6 7YD,9
FY6 7YE,9
FY6 7YT,9
FY6 7YX,6
FY6 7ZA,6
FY6 7ZB,8
FY6 7ZD,6
FY6 7ZE,6
FY6 7ZF,6
FY6 7ZN,8
FY6 7ZP,9
FY6 7ZR,8
FY6 7ZW,9
FY6 7ZY,8
FY6 7ZZ,6
FY6 8AA,9
FY6 8AB,9
FY6 8AD,9
FY6 8AE,9
FY6 8AF,9
FY6 8AG,9
FY6 8AH,9
FY6 8AJ,9
FY6 8AL,9
FY6 8AN,9
FY6 8AP,9
FY6 8AQ,9
FY6 8AR,9
FY6 8AS,9
FY7 8NQ,6
FY7 8NR,7
FY7 8NS,7
FY7 8NT,7
FY7 8NU,7
FY7 8NW,6
FY7 8NX,7
FY7 8NY,7
FY7 8NZ,7
FY7 8PA,7
FY7 8PB,6
FY7 8PD,6
FY7 8PE,6
FY7 8PF,6
FY7 8PG,5
FY7 8PH,5
FY7 8PJ,5
FY7 8PL,6
FY7 8PN,6
FY7 8PP,6
FY7 8PQ,1
FY7 8PR,6
FY7 8PS,6
FY7 8PT,6
FY7 8PU,7
FY7 8PW,6
FY7 8PX,7
FY7 8PY,6
FY7 8PZ,7
FY7 8QA,7
FY7 8QB,7
FY7 8QD,7
FY7 8QE,7
FY7 8QF,6
FY7 8QG,6
FY7 8QH,6
FY7 8QJ,6
FY7 8QL,6
FY7 8QN,6
FY7 8QP,7
FY7 8QQ,6
FY7 8QR,6
FY7 8QS,6
FY7 8QT,6
FY7 8QU,7
FY7 8QW,6
FY7 8QX,6
FY7 8QY,7
FY7 8QZ,7
FY7 8RA,7
FY7 8RB,6
FY7 8RD,6
FY7 8RE,6
FY7 8RF,6
FY7 8RG,6
FY7 8RH,6
FY7 8RJ,6
FY7 8RL,5
FY7 8RN,1
FY7 8RP,7
FY7 8RQ,6
FY7 8RR,1
FY7 8RS,5
FY7 8RT,1
FY7 8RU,1
FY7 8RW,1
FY7 8RX,1
FY7 8RY,5
FY7 8RZ,6
FY7 8SA,1
FY7 8SB,6
FY7 8SD,6
FY7 8SE,7
FY7 8SL,1
FY7 8SS,6
FY7 8SW,7
FY7 8TW,1
FY7 8UT,1
FY7 8UU,1
FY7 8UW,1
FY7 8UX,1
FY7 8UY,1
FY7 8UZ,1
FY7 8WA,1
FY7 8WB,1
FY7 8WD,1
FY7 8WE,1
FY7 8WF,1
FY7 8WG,1
FY7 8WH,1
FY7 8WJ,1
FY7 8WL,1
FY7 8WN,1
FY7 8WP,1
FY7 8WQ,1
FY7 8WR,1
FY7 8WS,1
FY7 8WT,1
FY7 8WU,1
FY7 8WW,1
FY7 8WX,1
FY7 8WY,1
FY7 8WZ,1
FY7 8XA,1
FY7 8XB,1
FY7 8XD,1
FY7 8XE,1
FY7 8XX,1
FY7 8XY,1
FY7 8XZ,1
FY7 8YA,6
FY7 8YB,6
FY7 8YD,6
FY7 8YE,6
FY7 8YF,6
FY7 8YG,6
FY7 8YH,6
FY7 8YJ,6
FY7 8YL,6
FY7 8YN,6
FY7 8YP,6
FY7 8YQ,6
FY7 8YR,6
FY7 8YS,6
FY7 8YT,1
FY7 9AA,1
FY7 9AB,1
FY7 9AD,
FY7 9AE,1
FY7 9AF,
FY7 9AG,1
FY7 9AH,1
FY7 9AJ,1
FY7 9AL,1
FY7 9AN,1
FY7 9AP,1
FY7 9AQ,1
FY7 9AR,1
FY8 1AA,4
FY8 1AB,8
FY8 1AD,8
FY8 1AE,8
FY8 1AF,8
FY8 1AG,8
FY8 1AH,6
FY8 1AJ,6
FY8 1AL,6
FY8 1AN,6
FY8 1AP,3
FY8 1AQ,8
FY8 1AR,8
FY8 1AS,8
FY8 1AT,8
FY8 1AU,8
FY8 1AW,8
FY8 1AX,6
FY8 1AY,6
FY8 1AZ,8
FY8 1BA,8
FY8 1BB,8
FY8 1BD,8
FY8 1BE,8
FY8 1BF,8
FY8 1BG,8
FY8 1BH,8
FY8 1BJ,8
FY8 1BL,8
FY8 1BN,8
FY8 1BP,8
FY8 1BQ,8
FY8 1BR,8
FY8 1BS,8
FY8 1BT,6
FY8 1BU,3
FY8 1BW,8
FY8 1BX,8
FY8 1BY,8
FY8 1BZ,8
FY8 1DA,8
FY8 1DB,6
FY8 1DD,6
FY8 1DE,9
FY8 1DF,9
FY8 1DG,9
FY8 1DH,9
FY8 1DJ,9
FY8 1DL,9
FY8 1DN,9
FY8 1DP,9
FY8 1DQ,9
FY8 1DR,9
FY8 1DS,9
FY8 1DT,8
FY8 1DU,8
FY8 1DW,9
FY8 1DX,8
FY8 1DY,8
FY8 1DZ,8
FY8 1EA,8
FY8 1EB,8
FY8 1ED,8
FY8 1EE,8
FY8 1EF,4
FY8 1EG,3
FY8 1EH,9
FY8 1EJ,9
FY8 1EL,9
FY8 1EN,9
FY8 1EP,9
FY8 1EQ,8
FY8 1ER,9
FY8 1ES,9
FY8 1ET,9
FY8 1EU,9
FY8 1EW,9
FY8 1EX,9
FY8 1EY,9
FY8 1EZ,9
FY8 1FA,7
FY8 1FB,9
FY8 1FD,9
FY8 1FE,9
FY8 1FF,9
FY8 1FG,9
FY8 1FH,9
FY8 1FJ,9
FY8 1FL,9
FY8 1FN,1
FY8 1FP,7
FY8 1FQ,3
FY8 1FR,1
FY8 1FX,1
FY8 1GA,3
FY8 1GB,3
FY8 1GD,3
FY8 1GE,4
FY8 1GF,4
FY8 1GG,4
FY8 1GH,4
FY8 1GJ,4
FY8 1GL,4
FY8 1GN,3
FY8 1GP,4
FY8 1GQ,4
FY8 1GR,3
FY8 1GS,3
FY8 1GT,4
FY8 1GU,4
FY8 1GW,3
FY8 1GX,3
FY8 1GY,4
FY8 1GZ,4
FY8 1HA,9
FY8 1HB,4
FY8 1HD,9
FY8 1HE,9
FY8 1HF,9
FY8 1HG,9
FY8 1HH,1
FY8 1HJ,4
FY8 1HL,3
FY8 1HN,4
FY8 1HP,3
FY8 1HQ,9
FY8 1HR,3
FY8 1HS,9
FY8 1HT,9
FY8 1HU,9
FY8 1HW,3
FY8 1HX,9
FY8 1HY,3
FY8 1HZ,3
FY8 1JA,3
FY8 1JB,3
FY8 1JD,9
FY8 1JE,3
FY8 1JF,3
FY8 1JG,4
FY8 1JH,4
FY8 1JJ,4
FY8 1JL,4
FY8 1JN,7
FY8 1JP,7
FY8 1JQ,6
FY8 1JR,7
FY8 1JS,7
FY8 1JT,7
FY8 1JU,6
FY8 1JW,7
FY8 1JX,7
FY8 1JY,6
FY8 1JZ,3
FY8 1LA,7
FY8 1LB,7
FY8 1LD,6
FY8 1LE,3
FY8 1LF,4
FY8 1LG,7
FY8 1LH,4
FY8 1LJ,4
FY8 1LL,4
FY8 1LN,4
FY8 1LP,1
FY8 1LQ,4
FY8 1LR,4
FY8 1LS,4
FY8 1LT,8
FY8 1LU,4
FY8 1LW,4
FY8 1LX,4
FY8 1LY,4
FY8 1LZ,4
FY8 1NA,4
FY8 1NB,4
FY8 1ND,4
FY8 1NE,4
FY8 1NF,4
FY8 1NG,9
FY8 1NH,3
FY8 1NJ,3
FY8 1NL,3
FY8 1NN,3
FY8 1NP,3
FY8 1NQ,4
FY8 1NR,4
FY8 1NS,4
FY8 1NT,4
FY8 1NU,9
FY8 1NW,4
FY8 1NX,1
FY8 1NY,1
FY8 1NZ,4
FY8 1PA,1
FY8 1PB,9
FY8 1PD,4
FY8 1PE,1
FY8 1PF,1
FY8 1PG,4
FY8 1PH,4
FY8 1PJ,4
FY8 1PL,4
FY8 1PN,4
FY8 1PP,1
FY8 1PQ,4
FY8 1PR,1
FY8 1PS,4
FY8 1PT,4
FY8 1PU,4
FY8 1PW,1
FY8 1PX,1
FY8 1PY,1
FY8 1PZ,1
FY8 1QA,4
FY8 1QB,3
FY8 1QD,1
FY8 1QE,4
FY8 1QF,4
FY8 1QG,1
FY8 1QH,1
FY8 1QJ,9
FY8 1QL,6
FY8 1QN,1
FY8 1QP,4
FY8 1QR,1
FY8 1QS,1
FY8 1QT,6
FY8 1QU,1
FY8 1QW,1
FY8 1QX,1
FY8 1QZ,1
FY8 1RA,1
FY8 1RB,1
FY8 1RD,1
FY8 1RE,1
FY8 1RF,1
FY8 1RG,3
FY8 1RH,1
FY8 1RJ,1
FY8 1RL,4
FY8 1RN,1
FY8 1RP,4
FY8 1RQ,4
FY8 1RR,1
FY8 1RS,1
FY8 1RT,1
FY8 1RU,1
FY8 1RW,1
FY8 1RX,1
FY8 1RY,1
FY8 1RZ,1
FY8 1SA,3
FY8 1SB,3
FY8 1SD,1
FY8 1SE,3
FY8 1SF,1
FY8 1SH,3
FY8 1SJ,4
FY8 1SL,3
FY8 1SN,1
FY8 1SP,7
FY8 1SQ,1
FY8 1SR,1
FY8 1SS,4
FY8 1ST,1
FY8 1SU,1
FY8 1SW,4
FY8 1SX,1
FY8 1SY,1
FY8 1SZ,1
FY8 1TA,3
FY8 1TB,1
FY8 1TD,1
FY8 1TE,1
FY8 1TF,1
FY8 1TG,1
FY8 1TH,1
FY8 1TJ,1
FY8 1TL,3
FY8 1TN,1
FY8 1TP,7
FY8 1TQ,7
FY8 1TR,1
FY8 1TS,7
FY8 1TT,7
FY8 1TU,7
FY8 1TW,1
FY8 1TX,7
FY8 1TY,7
FY8 1TZ,7
FY8 1UA,7
FY8 1UB,1
FY8 1UD,3
FY8 1UE,1
FY8 1UF,1
FY8 1UG,1
FY8 1UH,1
FY8 1UJ,5
FY8 1UL,3
FY8 1UN,1
FY8 1UP,1
FY8 1UQ,1
FY8 1UR,5
FY8 1US,3
FY8 1UT,5
FY8 1UU,5
FY8 1UW,1
FY8 1UX,5
FY8 1UY,1
FY8 1UZ,1
FY8 1WA,3
FY8 1WB,3
FY8 1WD,4
FY8 1WE,4
FY8 1WF,4
FY8 1WG,4
FY8 1WH,4
FY8 1WJ,4
FY8 1WL,4
FY8 1WN,4
FY8 1WP,4
FY8 1WQ,4
FY8 1WR,4
FY8 1WS,4
FY8 1WT,3
FY8 1WU,3
FY8 1WW,4
FY8 1WX,4
FY8 1WY,4
FY8 1WZ,4
FY8 1XA,1
FY8 1XB,1
FY8 1XD,1
FY8 1XE,5
FY8 1XF,1
FY8 1XG,1
FY8 1XH,6
FY8 1XJ,7
FY8 1XL,7
FY8 1XN,7
FY8 1XP,1
FY8 1XQ,1
FY8 1XR,1
FY8 1XS,1
FY8 1XT,7
FY8 1XU,6
FY8 1XW,7
FY8 1XX,3
FY8 1XY,5
FY8 1XZ,4
FY8 1YA,3
FY8 1YB,3
FY8 1YD,6
FY8 1YE,6
FY8 1YF,5
FY8 1YG,5
FY8 1YH,4
FY8 1YJ,8
FY8 1YL,8
FY8 1YN,4
FY8 1YP,4
FY8 1YQ,1
FY8 1YR,1
FY8 1YS,1
FY8 1YU,1
FY8 1YW,4
FY8 1YZ,5
FY8 1ZA,1
FY8 1ZB,5
FY8 1ZD,1
FY8 1ZN,4
FY8 1ZU,4
FY8 1ZX,5
FY8 1ZZ,1
FY8 2AA,3
FY8 2AB,5
FY8 2AD,3
FY8 2AE,3
FY8 2AF,6
FY8 2AG,3
FY8 2AH,3
FY8 2AJ,3
FY8 2AL,3
FY8 2AN,3
FY8 2AP,1
FY8 2AQ,3
FY8 2AR,6
FY8 2AS,3
FY8 2AT,3
FY8 2AU,3
FY8 2AW,3
FY8 2AX,3
FY8 2AY,5
FY8 2AZ,5
FY8 2BA,7
FY8 2BB,3
FY8 2BD,3
FY8 2BE,3
FY8 2BF,3
FY8 2BG,7
FY8 2BH,5
FY8 2BJ,7
FY8 2BL,3
FY8 2BN,7
FY8 2BP,7
FY8 2BQ,5
FY8 2BR,7
FY8 2BS,3
FY8 2BT,3
FY8 2BU,3
FY8 2BW,5
FY8 2BX,7
FY8 2BY,9
FY8 2BZ,3
FY8 2DA,3
FY8 2DB,7
FY8 2DD,7
FY8 2DE,7
FY8 2DF,7
FY8 2DG,8
FY8 2DH,3
FY8 2DJ,7
FY8 2DL,7
FY8 2DN,7
FY8 2DP,7
FY8 2DQ,8
FY8 2DR,7
FY8 2DS,7
FY8 2DT,7
FY8 2DU,7
FY8 2DW,3
FY8 2DX,7
FY8 2DY,7
FY8 2DZ,7
FY8 2EA,5
FY8 2EB,7
FY8 2ED,7
FY8 2EE,7
FY8 2EF,7
FY8 2EG,7
FY8 2EH,7
FY8 2EJ,7
FY8 2EL,4
FY8 2EN,9
FY8 2EP,3
FY8 2EQ,7
FY8 2ER,7
FY8 2ES,7
FY8 2ET,3
FY8 2EU,3
FY8 2EW,9
FY8 2EX,9
FY8 2EY,6
FY8 2EZ,7
FY8 2FA,4
FY8 2FB,4
FY8 2FD,4
FY8 2FE,3
FY8 2FF,9
FY8 2FL,4
FY8 2FP,9
FY8 2FS,4
FY8 2FT,4
FY8 2FU,4
FY8 2FW,4
FY8 2FX,4
FY8 2FZ,6
FY8 2GA,6
FY8 2GB,4
FY8 2GD,4
FY8 2GE,4
FY8 2GF,6
FY8 2GG,4
FY8 2GH,6
FY8 2GJ,6
FY8 2GL,6
FY8 2GN,6
FY8 2GP,6
FY8 2GQ,6
FY8 2GR,9
FY8 2GS,4
FY8 2GT,9
FY8 2GU,6
FY8 2GW,6
FY8 2GX,6
FY8 2GY,6
FY8 2GZ,4
FY8 2HA,7
FY8 2HB,7
FY8 2HD,7
FY8 2HE,6
FY8 2HF,6
FY8 2HG,6
FY8 2HH,6
FY8 2HJ,6
FY8 2HL,7
FY8 2HN,6
FY8 2HP,6
FY8 2HQ,7
FY8 2HR,6
FY8 2HS,6
FY8 2HT,6
FY8 2HU,6
FY8 2HW,6
FY8 2HX,6
FY8 2HY,6
FY8 2HZ,6
FY8 2JA,8
FY8 2JB,3
FY8 2JD,3
FY8 2JE,3
FY8 2JF,3
FY8 2JG,8
FY8 2JH,3
FY8 2JJ,8
FY8 2JL,8
FY8 2JN,8
FY8 2JP,6
FY8 2JQ,8
FY8 2JR,4
FY8 2JS,6
FY8 2JT,3
FY8 2JU,6
FY8 2JW,8
FY8 2JX,6
FY8 2JY,6
FY8 2JZ,4
FY8 2LA,4
FY8 2LB,4
FY8 2LD,4
FY8 2LE,4
FY8 2LF,4
FY8 2LG,6
FY8 2LH,6
FY8 2LJ,6
FY8 2LL,4
FY8 2LN,4
FY8 2LP,4
FY8 2LQ,6
FY8 2LR,9
FY8 2LS,6
FY8 2LT,8
FY8 2LU,6
FY8 2LW,4
FY8 2LX,3
FY8 2LY,9
FY8 2LZ,3
FY8 2NA,3
FY8 2NB,3
FY8 2ND,8
FY8 2NE,3
FY8 2NF,3
FY8 2NG,3
FY8 2NH,8
FY8 2NJ,8
FY8 2NL,8
FY8 2NN,8
FY8 2NP,8
FY8 2NQ,3
FY8 2NR,3
FY8 2NS,3
FY8 2NT,8
FY8 2NU,8
FY8 2NW,8
FY8 2NX,8
FY8 2NY,3
FY8 2NZ,4
FY8 2PA,3
FY8 2PB,3
FY8 2PD,3
FY8 2PE,3
FY8 2PF,8
FY8 2PG,6
FY8 2PH,3
FY8 2PJ,8
FY8 2PL,8
FY8 2PN,8
FY8 2PP,8
FY8 2PQ,3
FY8 2PR,3
FY8 2PS,8
FY8 2PT,8
FY8 2PU,8
FY8 2PW,8
FY8 2PX,8
FY8 2PY,8
FY8 2PZ,8
FY8 2QA,8
FY8 2QB,8
FY8 2QD,8
FY8 2QE,8
FY8 2QF,8
FY8 2QG,8
FY8 2QH,8
FY8 2QJ,8
FY8 2QL,8
FY8 2QN,8
FY8 2QP,8
FY8 2QQ,8
FY8 2QR,6
FY8 2QS,6
FY8 2QT,6
FY8 2QU,4
FY8 2QW,8
FY8 2QX,4
FY8 2QY,4
FY8 2QZ,4
FY8 2RA,4
FY8 2RB,4
FY8 2RD,4
FY8 2RE,8
FY8 2RF,4
FY8 2RG,9
FY8 2RH,4
FY8 2RJ,9
FY8 2RL,4
FY8 2RN,4
FY8 2RP,9
FY8 2RQ,9
FY8 2RR,9
FY8 2RS,9
FY8 2RT,9
FY8 2RU,9
FY8 2RW,9
FY8 2RX,9
FY8 2RY,9
FY8 2RZ,9
FY8 2SA,9
FY8 2SB,9
FY8 2SD,9
FY8 2SE,9
FY8 2SF,4
FY8 2SG,4
FY8 2SH,4
FY8 2SJ,4
FY8 2SL,4
FY8 2SN,4
FY8 2SP,4
FY8 2SQ,4
FY8 2SR,4
FY8 2SS,4
FY8 2ST,4
FY8 2SU,4
FY8 2SW,4
FY8 2SX,4
FY8 2SY,7
FY8 2SZ,9
FY8 2TA,9
FY8 2TB,9
FY8 2TD,4
FY8 2TE,6
FY8 2TF,9
FY8 2TG,9
FY8 2TH,9
FY8 2TJ,9
FY8 2TL,6
FY8 2TN,4
FY8 2TP,9
FY8 2TR,8
FY8 2TS,4
FY8 2TT,3
FY8 2TU,3
FY8 2TW,4
FY8 2TX,8
FY8 2TY,4
FY8 2TZ,4
FY8 2WA,6
FY8 2WB,4
FY8 2WD,4
FY8 2WR,4
FY8 2WS,4
FY8 2WT,4
FY8 2WU,4
FY8 2WW,4
FY8 2WX,4
FY8 2WY,4
FY8 2WZ,4
FY8 2XA,4
FY8 2XS,6
FY8 2YL,9
FY8 2ZA,4
FY8 2ZB,9
FY8 2ZS,4
FY8 2ZX,9
FY8 2ZY,8
FY8 2ZZ,9
FY8 3AA,6
FY8 3AB,6
FY8 3AD,6
FY8 3AE,6
FY8 3AF,6
FY8 3AG,6
FY8 3AH,6
FY8 3AJ,6
FY8 3AL,6
FY8 3AN,9
FY8 3AP,6
FY8 3AQ,6
FY8 3AR,6
FY8 3AS,6
FY8 3AT,6
FY8 3AU,6
FY8 3AW,9
FY8 3AX,6
FY8 3AY,2
FY8 3AZ,2
FY8 3BA,5
FY8 3BB,5
FY8 3BD,7
FY8 3BE,7
FY8 3BF,7
FY8 3BG,6
FY8 3BH,6
FY8 3BJ,2
FY8 3BL,6
FY8 3BN,7
FY8 3BP,2
FY8 3BQ,5
FY8 3BR,2
FY8 3BS,2
FY8 3BT,2
FY8 3BU,2
FY8 3BW,2
FY8 3BX,2
FY8 3BY,6
FY8 3BZ,6
FY8 3DA,6
FY8 3DB,6
FY8 3DD,2
FY8 3DE,2
FY8 3DF,7
FY8 3DG,2
FY8 3DH,2
FY8 3DJ,2
FY8 3DL,2
FY8 3DN,7
FY8 3DP,2
FY8 3DQ,2
FY8 3DR,2
FY8 3DS,2
FY8 3DT,2
FY8 3DU,2
FY8 3DW,7
FY8 3DX,7
FY8 3DY,7
FY8 3DZ,2
FY8 3EA,2
FY8 3EB,2
FY8 3ED,5
FY8 3EE,5
FY8 3EF,5
FY8 3EG,6
FY8 3EH,7
FY8 3EJ,7
FY8 3EL,6
FY8 3EN,7
FY8 3EP,6
FY8 3EQ,7
FY8 3ER,7
FY8 3ES,7
FY8 3ET,2
FY8 3EU,7
FY8 3EW,7
FY8 3EX,7
FY8 3EY,7
FY8 3EZ,7
FY8 3FB,4
FY8 3FD,2
FY8 3FE,2
FY8 3FF,4
FY8 3FG,4
FY8 3FH,4
FY8 3FJ,4
FY8 3FL,4
FY8 3FN,4
FY8 3FP,4
FY8 3FQ,4
FY8 3FR,2
FY8 3FS,4
FY8 3GA,7
FY8 3GB,7
FY8 3GD,7
FY8 3GE,7
FY8 3GF,7
FY8 3GG,7
FY8 3GH,7
FY8 3GJ,7
FY8 3GL,7
FY8 3GN,7
FY8 3GP,7
FY8 3GQ,7
FY8 3GR,7
FY8 3GS,4
FY8 3GT,4
FY8 3GU,4
FY8 3GW,4
FY8 3GX,4
FY8 3HA,7
FY8 3HB,7
FY8 3HD,7
FY8 3HE,2
FY8 3HF,7
FY8 3HG,7
FY8 3HH,5
FY8 3HJ,7
FY8 3HL,7
FY8 3HN,7
FY8 3HP,7
FY8 3HQ,7
FY8 3HR,7
FY8 3HS,7
FY8 3HT,7
FY8 3HU,5
FY8 3HW,5
FY8 3HX,5
FY8 3HY,5
FY8 3HZ,5
FY8 3JA,7
FY8 3JB,7
FY8 3JD,7
FY8 3JE,7
FY8 3JF,7
FY8 3JG,4
FY8 3JH,4
FY8 3JJ,7
FY8 3JL,4
FY8 3JN,6
FY8 3JP,4
FY8 3JQ,7
FY8 3JR,4
FY8 3JS,4
FY8 3JT,4
FY8 3JU,4
FY8 3JW,6
FY8 3JX,4
FY8 3JY,4
FY8 3JZ,4
FY8 3LA,2
FY8 3LB,2
FY8 3LD,2
FY8 3LE,2
FY8 3LF,7
FY8 3LG,7
FY8 3LH,7
FY8 3LJ,7
FY8 3LL,7
FY8 3LN,5
FY8 3LP,6
FY8 3LQ,7
FY8 3LR,5
FY8 3LS,5
FY8 3LT,5
FY8 3LU,5
FY8 3LW,7
FY8 3LX,5
FY8 3LY,5
FY8 3LZ,2
FY8 3NA,2
FY8 3NB,7
FY8 3ND,4
FY8 3NE,5
FY6 8AT,9
FY6 8AU,9
FY6 8AW,9
FY6 8AX,9
FY6 8AY,4
FY6 8AZ,9
FY6 8BA,9
FY6 8BB,9
FY6 8BD,9
FY6 8BE,9
FY6 8BF,9
FY6 8BG,9
FY6 8BH,9
FY6 8BJ,9
FY6 8BL,6
FY6 8BN,6
FY6 8BP,6
FY6 8BQ,9
FY6 8BR,6
FY6 8BS,9
FY6 8BT,7
FY6 8BU,4
FY6 8BW,6
FY6 8BX,6
FY6 8BY,9
FY6 8BZ,9
FY6 8DA,6
FY6 8DB,9
FY6 8DD,7
FY6 8DE,9
FY6 8DF,9
FY6 8DG,9
FY6 8DH,9
FY6 8DJ,7
FY6 8DL,9
FY6 8DN,9
FY6 8DP,9
FY6 8DQ,9
FY6 8DR,9
FY6 8DS,9
FY6 8DT,9
FY6 8DU,9
FY6 8DW,9
FY6 8DX,9
FY6 8DY,7
FY6 8DZ,4
FY6 8EA,4
FY6 8EB,4
FY6 8ED,4
FY6 8EE,4
FY6 8EF,9
FY6 8EG,9
FY6 8EH,9
FY6 8EJ,9
FY6 8EL,9
FY6 8EN,9
FY6 8EP,9
FY6 8EQ,9
FY6 8ER,9
FY6 8ES,9
FY6 8ET,9
FY6 8EU,9
FY6 8EW,9
FY6 8EX,9
FY6 8EY,9
FY6 8EZ,9
FY6 8FA,9
FY6 8FB,9
FY6 8FD,9
FY6 8FE,9
FY6 8FF,9
FY6 8FG,9
FY6 8FH,9
FY6 8FJ,9
FY6 8FL,9
FY6 8FN,9
FY6 8FP,9
FY6 8FQ,9
FY6 8FS,9
FY6 8FU,4
FY6 8FW,9
FY6 8FY,9
FY6 8GA,9
FY6 8GB,9
FY6 8GD,9
FY6 8GE,9
FY6 8GF,9
FY6 8GG,9
FY6 8GH,9
FY6 8GJ,9
FY6 8GL,9
FY6 8GN,9
FY6 8GP,9
FY6 8GQ,9
FY6 8GR,9
FY6 8GS,9
FY6 8GT,9
FY6 8GU,9
FY6 8HA,9
FY6 8HB,9
FY6 8HD,9
FY6 8HE,9
FY6 8HF,4
FY6 8HG,6
FY6 8HH,6
FY6 8HJ,4
FY6 8HL,4
FY6 8HN,4
FY6 8HP,4
FY6 8HQ,6
FY6 8HR,4
FY6 8HS,4
FY6 8HT,4
FY6 8HU,4
FY6 8HW,4
FY6 8HX,4
FY6 8HY,4
FY6 8HZ,4
FY6 8JA,4
FY6 8JB,9
FY6 8JD,4
FY6 8JE,9
FY6 8JF,9
FY6 8JG,9
FY6 8JH,9
FY6 8JJ,9
FY6 8JL,9
FY6 8JN,9
FY6 8JP,9
FY6 8JQ,4
FY6 8JR,9
FY6 8JS,9
FY6 8JT,9
FY6 8JU,9
FY6 8JW,9
FY6 8JX,9
FY6 8JY,9
FY6 8JZ,6
FY6 8LA,9
FY6 8LB,9
FY6 8LD,9
FY6 8LE,9
FY6 8LF,7
FY6 8LG,6
FY6 8LH,6
FY6 8LJ,6
FY6 8LL,6
FY6 8LN,6
FY6 8LP,6
FY6 8LQ,6
FY6 8LR,6
FY6 8LS,6
FY6 8LT,6
FY6 8LU,6
FY6 8LW,6
FY6 8LX,6
FY6 8LY,6
FY6 8LZ,6
FY6 8NA,6
FY6 8NB,6
FY6 8ND,8
FY6 8NE,8
FY6 8NF,6
FY6 8NG,6
FY6 8NH,9
FY6 8NJ,9
FY6 8NL,6
FY6 8NN,4
FY6 8NP,6
FY6 8NQ,6
FY6 8NR,6
FY6 8NW,9
FY6 8NZ,9
FY6 8WA,9
FY6 8WB,9
FY6 8WT,9
FY6 8WU,9
FY6 8WW,9
FY6 8WX,9
FY6 8WY,9
FY6 8WZ,9
FY6 8YZ,9
FY6 8ZZ,9
FY6 9AA,8
FY6 9AB,8
FY6 9AD,8
FY6 9AE,8
FY6 9AF,8
FY6 9AG,8
FY6 9AH,6
FY6 9AJ,8
FY6 9AL,8
FY6 9AN,6
FY6 9AP,8
FY6 9AQ,8
FY6 9AR,8
FY6 9AS,8
FY6 9AT,8
FY6 9AU,8
FY6 9AW,8
FY6 9AX,8
FY6 9AY,8
FY6 9AZ,8
FY6 9BA,8
FY6 9BB,6
FY6 9BD,6
FY6 9BE,8
FY6 9BF,8
FY6 9BG,7
FY6 9BH,8
FY6 9BJ,8
FY6 9BL,8
FY6 9BN,8
FY6 9BP,8
FY6 9BQ,8
FY6 9BS,8
FY6 9BT,6
FY6 9BU,6
FY6 9BW,8
FY6 9BX,6
FY6 9BY,8
FY6 9BZ,8
FY6 9DA,8
FY6 9DB,6
FY6 9DD,6
FY6 9DE,6
FY6 9DF,6
FY6 9DG,6
FY6 9DH,6
FY6 9DJ,6
FY6 9DL,9
FY6 9DN,8
FY6 9DP,6
FY6 9DQ,6
FY6 9DR,7
FY6 9DS,7
FY6 9DT,7
FY6 9DU,7
FY6 9DW,7
FY6 9DX,7
FY6 9DY,6
FY6 9DZ,6
FY6 9EA,6
FY6 9EB,6
FY6 9ED,6
FY6 9EE,8
FY6 9EF,8
FY6 9EG,8
FY6 9EH,6
FY6 9EJ,6
FY6 9EL,6
FY6 9EN,6
FY6 9EP,6
FY6 9EQ,6
FY6 9ER,8
FY6 9ES,8
FY6 9ET,6
FY6 9EU,8
FY6 9EW,7
FY6 9EX,6
FY6 9EY,8
FY6 9EZ,8
FY6 9FA,8
FY6 9FB,8
FY6 9FD,8
FY6 9FE,8
FY6 9FF,8
FY6 9FG,8
FY6 9GA,9
FY6 9GB,9
FY6 9GD,8
FY6 9GE,8
FY6 9GF,9
FY6 9WZ,9
FY6 9XA,9
FY6 9XB,9
FY6 9ZU,9
FY6 9ZW,9
FY6 9ZZ,9
FY7 6AA,1
FY7 6AB,1
FY7 6AD,1
FY7 6AE,1
FY7 6AF,1
FY7 6AG,1
FY7 6AH,1
FY7 6AJ,1
FY7 6AL,1
FY7 6AN,1
FY7 6AP,1
FY7 6AQ,1
FY7 6AR,1
FY7 6AS,1
FY7 6AT,1
FY7 6AU,1
FY7 6AW,1
FY7 6AX,1
FY7 6AY,1
FY7 6AZ,1
FY7 6BA,1
FY7 6BB,1
FY7 6BD,1
FY7 6BE,1
FY7 6BF,1
FY7 6BG,1
FY7 6BH,1
FY7 6BJ,1
FY7 6BL,1
FY7 6BN,1
FY7 6BP,1
FY7 6BQ,1
FY7 6BR,1
FY7 6BS,1
FY7 6BT,1
FY7 6BU,1
FY7 6BW,1
FY7 6BX,1
FY7 6BY,1
FY7 6BZ,1
FY7 6DA,1
FY7 6DB,1
FY7 6DD,1
FY7 6DE,1
FY7 6DF,1
FY7 6DG,1
FY7 6DH,1
FY7 6DJ,1
FY7 6DL,1
FY7 6DN,1
FY7 6DP,1
FY7 6DQ,1
FY7 6DR,1
FY7 6DS,1
FY7 6DT,1
FY7 6DU,1
FY7 6DW,1
FY7 6DX,1
FY7 6DY,1
FY7 6DZ,1
FY7 6EA,1
FY7 6EB,1
FY7 6ED,1
FY7 6EE,1
FY7 6EF,1
FY7 6EG,1
FY7 6EH,1
FY7 6EJ,1
FY7 6EL,1
FY7 6EN,1
FY7 6EP,2
FY7 6EQ,1
FY7 6ER,1
FY7 6ES,1
FY7 6ET,1
FY7 6EU,1
FY7 6EW,1
FY7 6EX,2
FY7 6EY,2
FY7 6EZ,1
FY7 6FA,1
FY7 6FB,1
FY7 6FD,1
FY7 6FE,1
FY7 6FF,1
FY7 6FG,1
FY7 6FH,1
FY7 6FJ,1
FY7 6FL,1
FY7 6FN,1
FY7 6FP,1
FY7 6FQ,1
FY7 6FR,1
FY7 6FS,1
FY7 6FT,1
FY7 6FU,1
FY7 6FW,1
FY7 6FX,1
FY7 6FY,1
FY7 6FZ,1
FY7 6GA,1
FY7 6GB,1
FY7 6GD,1
FY7 6GE,1
FY7 6GF,1
FY7 6GG,1
FY7 6GH,1
FY7 6GJ,1
FY7 6GL,1
FY7 6GN,1
FY7 6GP,1
FY7 6GQ,1
FY7 6GR,1
FY7 6GS,1
FY7 6GT,1
FY7 6GU,1
FY7 6GW,1
FY7 6GX,1
FY7 6GY,1
FY7 6GZ,1
FY7 6HA,1
FY7 6HB,1
FY7 6HD,1
FY7 6HE,1
FY7 6HF,1
FY7 6HG,1
FY7 6HH,1
FY7 6HJ,1
FY7 6HL,1
FY7 6HN,1
FY7 6HP,1
FY7 6HQ,1
FY7 6HR,1
FY7 6HS,1
FY7 6HT,1
FY7 6HU,1
FY7 6HW,1
FY7 6HX,1
FY7 6HY,1
FY7 6HZ,1
FY7 6JA,1
FY7 6JB,1
FY7 6JD,1
FY7 6JE,1
FY7 6JF,1
FY7 6JG,1
FY7 6JH,1
FY7 6JJ,1
FY7 6JL,1
FY7 6JN,1
FY7 6JP,1
FY7 6JQ,1
FY7 6JR,1
FY7 6JS,1
FY7 6JT,1
FY7 6JU,1
FY7 6JW,1
FY7 6JX,1
FY7 6JY,1
FY7 6JZ,1
FY7 6LA,1
FY7 6LB,1
FY7 6LD,1
FY7 6LE,2
FY7 6LF,1
FY7 6LG,2
FY7 6LH,1
FY7 6LJ,1
FY7 6LL,2
FY7 6LN,2
FY7 6LP,1
FY7 6LQ,2
FY7 6LR,1
FY7 6LS,1
FY7 6LT,1
FY7 6LU,1
FY7 6LW,1
FY7 6LX,1
FY7 6LY,1
FY7 6LZ,1
FY7 6NA,1
FY7 6NB,1
FY7 6ND,1
FY7 6NE,1
FY7 6NF,1
FY7 6NG,1
FY7 6NN,1
FY7 6NP,1
FY7 6NQ,1
FY7 6NR,1
FY7 6NS,1
FY7 6NT,1
FY7 6NU,1
FY7 6NW,1
FY7 6NX,1
FY7 6NY,1
FY7 6NZ,1
FY7 6PA,1
FY7 6PB,1
FY7 6PD,1
FY7 6PF,1
FY7 6PH,1
FY7 6PJ,1
FY7 6PN,1
FY7 6PP,1
FY7 6PQ,1
FY7 6PR,1
FY7 6PS,1
FY7 6PW,1
FY7 6PX,1
FY7 6PY,2
FY7 6PZ,1
FY7 6QA,2
FY7 6QB,2
FY7 6QD,2
FY7 6QE,2
FY7 6QF,2
FY7 6QG,2
FY7 6QH,2
FY7 6QJ,1
FY7 6QL,2
FY7 6QN,2
FY7 6QP,1
FY7 6QQ,2
FY7 6QR,2
FY7 6QS,2
FY7 6QT,2
FY7 6QU,2
FY7 6QW,1
FY7 6QX,2
FY7 6QY,2
FY7 6QZ,2
FY7 6RA,2
FY7 6RB,1
FY7 6RD,2
FY7 6RE,2
FY7 6RF,2
FY7 6RG,2
FY7 6RH,2
FY7 6RJ,1
FY7 6RL,1
FY7 6RN,1
FY7 6RP,1
FY7 6RQ,2
FY7 6RR,1
FY7 6RS,1
FY7 6RT,1
FY7 6RU,1
FY7 6RW,1
FY7 6RX,1
FY7 6RY,1
FY7 6RZ,1
FY7 6SA,1
FY7 6SB,1
FY7 6SD,1
FY7 6SE,1
FY7 6SF,1
FY7 6SG,1
FY7 6SH,1
FY7 6SJ,1
FY7 6SL,1
FY7 6SN,1
FY7 6SP,1
FY7 6SQ,1
FY7 6SR,1
FY7 6SS,1
FY7 6ST,1
FY7 6SU,1
FY7 6SW,1
FY7 6SX,1
FY7 6SY,1
FY7 6SZ,1
FY7 6TA,1
FY7 6TB,1
FY7 6TD,1
FY7 6TE,1
FY7 6TF,1
FY7 6TG,1
FY7 6TH,1
FY7 6TJ,1
FY7 6TL,1
FY7 6TN,1
FY7 6TP,1
FY7 6TQ,1
FY7 6TR,1
FY7 6TS,1
FY7 6TT,1
FY7 6TU,1
FY7 6TW,1
FY7 6TX,1
FY7 6TY,1
FY7 6TZ,1
FY7 6UA,1
FY7 6UB,1
FY7 6UD,1
FY7 6UE,1
FY7 6UF,1
FY7 6UG,1
FY7 6UH,1
FY7 6UJ,1
FY7 6UL,1
FY7 6UN,1
FY7 6UP,1
FY7 6UQ,1
FY7 6UR,1
FY7 6US,1
FY7 6UU,1
FY7 6UW,1
FY7 6UX,1
FY7 6UY,1
FY7 6UZ,1
FY7 6WL,1
FY7 6WN,1
FY7 6WP,1
FY7 6WQ,1
FY7 6WR,1
FY7 6WS,1
FY7 6WT,1
FY7 6WU,1
FY7 6WW,1
FY7 6WX,1
FY7 6WY,1
FY7 6WZ,1
FY7 6YJ,1
FY7 6YL,1
FY7 6YZ,1
FY7 6ZA,1
FY7 6ZB,1
FY7 6ZD,1
FY7 6ZT,1
FY7 6ZZ,1
FY7 7AA,6
FY7 7AB,2
FY7 7AD,1
FY7 7AE,1
FY7 7AF,1
FY7 7AG,1
FY7 7AH,1
FY7 7AJ,1
FY7 7AL,5
FY7 7AN,1
FY7 7AP,1
FY7 7AQ,1
FY7 7AR,1
FY7 7AS,6
FY7 7AT,6
FY7 7AU,6
FY7 7AW,1
FY7 7AX,6
FY7 7AY,6
FY7 7AZ,6
FY7 7BA,6
FY7 7BB,6
FY7 7BD,6
FY7 7BE,6
FY7 7BF,5
FY7 7BG,6
FY7 7BH,6
FY7 7BJ,6
FY7 7BL,6
FY7 7BN,6
FY7 7BP,6
FY7 7BQ,6
FY7 7BR,5
FY7 7BS,6
FY7 7BT,6
FY7 7BU,6
FY7 7BW,6
FY7 7BX,6
FY7 7BY,6
FY7 7BZ,6
FY7 7DA,5
FY7 7DB,1
FY7 7DD,5
FY7 7DE,5
FY7 7DF,5
FY7 7DG,5
FY7 7DH,6
FY7 7DJ,5
FY7 7DL,5
FY7 7DN,6
FY7 7DP,5
FY7 7DQ,5
FY7 7DR,5
FY7 7DS,5
FY7 7DT,1
FY7 7DU,1
FY7 7DW,6
FY7 7DX,5
FY7 7DY,5
FY7 7DZ,2
FY7 7EA,5
FY7 7EB,5
FY7 7ED,5
FY7 7EE,5
FY7 7EF,5
FY7 7EG,5
FY7 7EH,5
FY7 7EJ,5
FY7 7EL,5
FY7 7EN,5
FY7 7EP,5
FY7 7EQ,5
FY7 7ER,5
FY7 7ES,5
FY7 7ET,5
FY7 7EU,5
FY7 7EW,5
FY7 7EX,5
FY7 7EY,5
FY7 7EZ,1
FY7 7FA,1
FY7 7FB,1
FY7 7FD,1
FY7 7FE,1
FY7 7FF,6
FY7 7FG,6
FY7 7FH,1
FY7 7GA,1
FY7 7GB,1
FY7 7GD,1
FY7 7GE,1
FY7 7GF,5
FY7 7GG,5
FY7 7GH,5
FY7 7GJ,1
FY7 7GL,5
FY7 7GN,1
FY7 7GP,5
FY7 7GQ,1
FY7 7GR,1
FY7 7HA,1
FY7 7HB,1
FY7 7HD,5
FY7 7HE,5
FY7 7HG,1
FY7 7HH,1
FY7 7HJ,1
FY7 7HL,1
FY7 7HN,1
FY7 7HP,1
FY7 7HQ,6
FY7 7HR,1
FY7 7HS,1
FY7 7HT,1
FY7 7HU,6
FY7 7HW,1
FY7 7HX,1
FY7 7HY,1
FY7 7HZ,1
FY7 7JA,1
FY7 7JB,1
FY7 7JD,1
FY7 7JE,1
FY7 7JF,1
FY7 7JG,1
FY7 7JH,1
FY7 7JJ,1
FY7 7JL,5
FY7 7JN,1
FY7 7JP,6
FY7 7JQ,1
FY7 7JR,6
FY7 7JT,6
FY7 7JU,5
FY7 7JW,6
FY7 7JX,6
FY7 7JY,6
FY7 7JZ,6
FY7 7LA,6
FY7 7LB,6
FY7 7LD,6
FY7 7LE,6
FY7 7LF,6
FY7 7LG,6
FY7 7LH,6
FY7 7LJ,6
FY7 7LL,6
FY7 7LN,6
FY7 7LP,1
FY7 7LQ,6
FY7 7LR,2
FY7 7LS,1
FY7 7LT,1
FY7 7LU,1
FY7 7LW,6
FY7 7LX,1
FY7 7LY,2
FY7 7LZ,2
FY7 7NA,2
FY7 7NB,2
FY7 7ND,3
FY7 7NE,2
FY7 7NF,3
FY7 7NG,3
FY7 7NH,3
FY7 7NJ,2
FY7 7NL,2
FY7 7NN,2
FY7 7NP,2
FY7 7NQ,3
FY7 7NR,2
FY7 7NS,1
FY7 7NT,1
FY7 7NU,2
FY7 7NW,2
FY7 7NX,3
FY7 7NY,1
FY7 7NZ,6
FY7 7PA,1
FY7 7PB,1
FY7 7PD,3
FY7 7PE,1
FY7 7PF,1
FY7 7PG,3
FY7 7PH,3
FY7 7PJ,5
FY7 7PL,5
FY7 7PN,3
FY7 7PP,3
FY7 7PQ,3
FY7 7PR,3
FY7 7PS,3
FY7 7PT,3
FY7 7PU,3
FY7 7PW,3
FY7 7PX,3
FY7 7PY,5
FY7 7PZ,5
FY7 7QA,5
FY7 7QB,2
FY7 7QE,1
FY7 7QF,1
FY7 7QG,2
FY7 7QH,1
FY7 7QJ,2
FY7 7WA,1
FY7 7WW,1
FY7 7WX,1
FY7 7WY,1
FY7 7WZ,1
FY7 7YX,2
FY7 7YZ,1
FY7 7ZZ,2
FY7 8AA,5
FY7 8AB,6
FY7 8AD,5
FY7 8AE,5
FY7 8AF,5
FY7 8AG,5
FY7 8AH,5
FY7 8AJ,6
FY7 8AL,5
FY7 8AN,6
FY7 8AP,1
FY7 8AQ,5
FY7 8AR,5
FY7 8AS,5
FY7 8AT,3
FY7 8AU,5
FY7 8AW,5
FY7 8AX,5
FY7 8AY,5
FY7 8AZ,5
FY7 8BA,7
FY7 8BB,5
FY7 8BD,5
FY7 8BE,6
FY7 8BF,1
FY7 8BG,1
FY7 8BH,5
FY7 8BJ,5
FY7 8BL,5
FY7 8BN,6
FY7 8BP,5
FY7 8BQ,6
FY7 8BR,5
FY7 8BS,5
FY7 8BT,5
FY7 8BU,5
FY7 8BW,5
FY7 8BX,5
FY7 8BY,5
FY7 8BZ,1
FY7 8DA,1
FY7 8DB,1
FY7 8DD,5
FY7 8DE,1
FY7 8DF,1
FY7 8DG,1
FY7 8DH,1
FY7 8DJ,1
FY7 8DL,1
FY7 8DN,1
FY7 8DP,1
FY7 8DQ,1
FY7 8DR,1
FY7 8DS,1
FY7 8DT,1
FY7 8DU,5
FY7 8DW,1
FY7 8DX,1
FY7 8DY,1
FY7 8DZ,6
FY7 8EA,1
FY7 8EB,1
FY7 8ED,1
FY7 8EE,1
FY7 8EF,1
FY7 8EG,1
FY7 8EH,1
FY7 8EJ,1
FY7 8EL,1
FY7 8EN,1
FY7 8EP,1
FY7 8EQ,1
FY7 8ER,1
FY7 8ES,1
FY7 8ET,1
FY7 8EU,1
FY7 8EW,1
FY7 8EX,1
FY7 8EY,1
FY7 8EZ,1
FY7 8FA,6
FY7 8FB,1
FY7 8FD,1
FY7 8FE,1
FY7 8FF,1
FY7 8FG,1
FY7 8FH,1
FY7 8FJ,1
FY7 8FL,1
FY7 8GA,1
FY7 8GB,1
FY7 8GD,1
FY7 8GE,6
FY7 8GF,6
FY7 8GG,1
FY7 8GH,6
FY7 8GJ,6
FY7 8GL,6
FY7 8GN,1
FY7 8GP,1
FY7 8GQ,1
FY7 8GR,1
FY7 8GS,1
FY7 8GT,3
FY7 8GU,2
FY7 8GX,3
FY7 8HA,1
FY7 8HB,1
FY7 8HD,6
FY7 8HE,1
FY7 8HF,3
FY7 8HG,3
FY7 8HH,3
FY7 8HJ,3
FY7 8HL,3
FY7 8HN,3
FY7 8HP,2
FY7 8HQ,3
FY7 8HR,5
FY7 8HS,5
FY7 8HT,5
FY7 8HU,5
FY7 8HW,3
FY7 8HX,5
FY7 8HY,5
FY7 8HZ,5
FY7 8JA,7
FY7 8JB,7
FY7 8JD,7
FY7 8JE,7
FY7 8JF,7
FY7 8JG,7
FY7 8JH,7
FY7 8JJ,7
FY7 8JL,7
FY7 8JN,5
FY7 8JP,5
FY7 8JQ,7
FY7 8JR,5
FY7 8JS,7
FY7 8JT,1
FY7 8JU,1
FY7 8JW,7
FY7 8JX,1
FY7 8JY,1
FY7 8JZ,5
FY7 8LA,5
FY7 8LB,1
FY7 8LD,1
FY7 8LE,1
FY7 8LF,5
FY7 8LG,6
FY7 8LH,5
FY7 8LJ,6
FY7 8LL,6
FY7 8LN,6
FY7 8LP,6
FY7 8LQ,1
FY7 8LR,6
FY7 8LS,6
FY7 8LT,6
FY7 8LU,6
FY7 8LW,6
FY7 8LX,6
FY7 8LY,6
FY7 8LZ,6
FY7 8NA,6
FY7 8NB,1
FY7 8ND,6
FY7 8NE,6
FY7 8NF,6
FY7 8NG,6
FY7 8NH,6
FY7 8NJ,6
FY7 8NL,7
FY7 8NN,6
FY7 8NP,7
FY8 3NF,5
FY8 3NG,5
FY8 3NH,2
FY8 3NJ,6
FY8 3NL,6
FY8 3NN,7
FY8 3NP,5
FY8 3NQ,5
FY8 3NR,5
FY8 3NS,6
FY8 3NT,6
FY8 3NU,7
FY8 3NW,7
FY8 3NX,7
FY8 3NY,5
FY8 3NZ,4
FY8 3PA,5
FY8 3PB,5
FY8 3PD,8
FY8 3PE,5
FY8 3PF,8
FY8 3PG,8
FY8 3PH,5
FY8 3PJ,5
FY8 3PL,8
FY8 3PN,4
FY8 3PP,7
FY8 3PQ,5
FY8 3PR,7
FY8 3PS,8
FY8 3PT,8
FY8 3PU,8
FY8 3PW,4
FY8 3PX,8
FY8 3PY,8
FY8 3PZ,4
FY8 3QA,4
FY8 3QB,8
FY8 3QD,4
FY8 3QE,4
FY8 3QF,4
FY8 3QG,4
FY8 3QH,8
FY8 3QJ,8
FY8 3QL,8
FY8 3QN,8
FY8 3QP,4
FY8 3QQ,8
FY8 3QR,4
FY8 3QS,4
FY8 3QT,4
FY8 3QU,4
FY8 3QW,4
FY8 3QX,4
FY8 3QY,8
FY8 3QZ,5
FY8 3RA,4
FY8 3RB,8
FY8 3RD,6
FY8 3RE,8
FY8 3RF,4
FY8 3RG,4
FY8 3RH,4
FY8 3RJ,4
FY8 3RL,4
FY8 3RN,4
FY8 3RP,7
FY8 3RQ,8
FY8 3RR,7
FY8 3RS,4
FY8 3RT,4
FY8 3RU,7
FY8 3RW,4
FY8 3RX,7
FY8 3RY,7
FY8 3RZ,8
FY8 3SA,8
FY8 3SB,7
FY8 3SD,6
FY8 3SE,5
FY8 3SF,5
FY8 3SG,6
FY8 3SH,6
FY8 3SJ,6
FY8 3SL,6
FY8 3SN,5
FY8 3SP,6
FY8 3SQ,6
FY8 3SR,6
FY8 3SS,6
FY8 3ST,6
FY8 3SU,6
FY8 3SW,6
FY8 3SX,6
FY8 3SY,6
FY8 3SZ,6
FY8 3TA,6
FY8 3TB,6
FY8 3TD,6
FY8 3TE,6
FY8 3TF,6
FY8 3TG,6
FY8 3TH,7
FY8 3TJ,6
FY8 3TL,5
FY8 3TN,4
FY8 3TP,4
FY8 3TQ,6
FY8 3TR,8
FY8 3TS,8
FY8 3TT,8
FY8 3TU,8
FY8 3TW,8
FY8 3TX,8
FY8 3TY,8
FY8 3TZ,8
FY8 3UA,8
FY8 3UB,8
FY8 3UD,8
FY8 3UE,8
FY8 3UF,5
FY8 3UG,7
FY8 3UH,7
FY8 3UJ,6
FY8 3UL,6
FY8 3UN,6
FY8 3UP,7
FY8 3UQ,4
FY8 3UR,6
FY8 3US,4
FY8 3UT,4
FY8 3UZ,2
FY8 3WA,7
FY8 3WB,4
FY8 3WQ,4
FY8 3WR,4
FY8 3WS,4
FY8 3WT,4
FY8 3WU,4
FY8 3WW,4
FY8 3WX,4
FY8 3WY,4
FY8 3WZ,4
FY8 3XA,2
FY8 3XB,2
FY8 3XD,2
FY8 3XE,2
FY8 3XS,4
FY8 3YA,2
FY8 3YG,6
FY8 3YR,4
FY8 3YS,4
FY8 3YT,4
FY8 3YU,4
FY8 3YW,4
FY8 3YX,4
FY8 3YZ,2
FY8 3ZA,6
FY8 3ZB,6
FY8 3ZD,6
FY8 3ZE,6
FY8 3ZF,6
FY8 3ZY,6
FY8 3ZZ,6
FY8 4AA,10
FY8 4AB,10
FY8 4AD,10
FY8 4AE,10
FY8 4AF,10
FY8 4AG,10
FY8 4AH,8
FY8 4AJ,10
FY8 4AL,7
FY8 4AN,5
FY8 4AP,6
FY8 4AQ,5
FY8 4AR,5
FY8 4AS,10
FY8 4AT,9
FY8 4AU,9
FY8 4AW,5
FY8 4AX,10
FY8 4AY,10
FY8 4AZ,5
FY8 4BA,5
FY8 4BB,5
FY8 4BD,5
FY8 4BE,5
FY8 4BF,9
FY8 4BG,10
FY8 4BH,10
FY8 4BJ,10
FY8 4BL,5
FY8 4BN,5
FY8 4BP,9
FY8 4BQ,10
FY8 4BS,9
FY8 4BT,10
FY8 4BU,9
FY8 4BW,5
FY8 4BX,6
FY8 4BY,9
FY8 4BZ,9
FY8 4DA,6
FY8 4DB,9
FY8 4DD,6
FY8 4DE,6
FY8 4DF,6
FY8 4DG,9
FY8 4DH,9
FY8 4DJ,9
FY8 4DL,9
FY8 4DN,9
FY8 4DP,9
FY8 4DQ,9
FY8 4DR,9
FY8 4DS,9
FY8 4DT,9
FY8 4DU,9
FY8 4DW,9
FY8 4DX,9
FY8 4DY,9
FY8 4DZ,9
FY8 4EA,6
FY8 4EB,6
FY8 4ED,9
FY8 4EE,9
FY8 4EF,9
FY8 4EG,6
FY8 4EH,9
FY8 4EJ,9
FY8 4EL,9
FY8 4EN,10
FY8 4EP,9
FY8 4EQ,9
FY8 4ER,9
FY8 4ES,9
FY8 4ET,9
FY8 4EU,6
FY8 4EW,10
FY8 4EX,9
FY8 4EY,9
FY8 4EZ,9
FY8 4FA,9
FY8 4FB,10
FY8 4FD,10
FY8 4FE,10
FY8 4FF,10
FY8 4FG,10
FY8 4FH,10
FY8 4FJ,10
FY8 4FL,10
FY8 4FN,10
FY8 4FP,10
FY8 4FQ,10
FY8 4FR,10
FY8 4FS,10
FY8 4FT,10
FY8 4FW,10
FY8 4FX,10
FY8 4FY,10
FY8 4FZ,10
FY8 4GA,4
FY8 4GB,9
FY8 4GD,9
FY8 4GE,9
FY8 4GF,9
FY8 4GG,4
FY8 4GH,9
FY8 4GJ,9
FY8 4GL,9
FY8 4GN,9
FY8 4GP,9
FY8 4GQ,4
FY8 4GR,9
FY8 4GS,4
FY8 4GT,4
FY8 4GU,4
FY8 4GW,6
FY8 4GY,9
FY8 4GZ,9
FY8 4HA,7
FY8 4HB,9
FY8 4HD,9
FY8 4HE,10
FY8 4HF,9
FY8 4HG,9
FY8 4HH,9
FY8 4HJ,9
FY8 4HL,9
FY8 4HN,6
FY8 4HP,6
FY8 4HQ,9
FY8 4HR,9
FY8 4HS,6
FY8 4HT,6
FY8 4HU,7
FY8 4HW,9
FY8 4HX,9
FY8 4HY,9
FY8 4HZ,9
FY8 4JA,9
FY8 4JB,9
FY8 4JD,9
FY8 4JE,9
FY8 4JF,9
FY8 4JG,9
FY8 4JH,9
FY8 4JJ,9
FY8 4JL,9
FY8 4JN,9
FY8 4JP,9
FY8 4JQ,9
FY8 4JR,9
FY8 4JS,9
FY8 4JT,4
FY8 4JU,9
FY8 4JW,7
FY8 4JX,9
FY8 4JY,7
FY8 4JZ,9
FY8 4LA,9
FY8 4LB,7
FY8 4LD,9
FY8 4LE,9
FY8 4LF,9
FY8 4LG,9
FY8 4LH,9
FY8 4LJ,6
FY8 4LL,6
FY8 4LN,6
FY8 4LP,6
FY8 4LQ,9
FY8 4LR,6
FY8 4LS,6
FY8 4LT,6
FY8 4LU,7
FY8 4LW,6
FY8 4LX,6
FY8 4LY,6
FY8 4LZ,6
FY8 4NA,6
FY8 4NB,6
FY8 4ND,6
FY8 4NE,6
FY8 4NF,6
FY8 4NG,6
FY8 4NH,6
FY8 4NJ,6
FY8 4NL,6
FY8 4NN,6
FY8 4NP,9
FY8 4NQ,6
FY8 4NR,8
FY8 4NS,8
FY8 4NT,8
FY8 4NU,4
FY8 4NW,6
FY8 4NX,10
FY8 4NY,6
FY8 4NZ,7
FY8 4PA,9
FY8 4PB,9
FY8 4PD,9
FY8 4PE,9
FY8 4PF,9
FY8 4PG,9
FY8 4PH,9
FY8 4PJ,9
FY8 4PL,9
FY8 4PN,9
FY8 4PP,9
FY8 4PQ,9
FY8 4PR,9
FY8 4PS,9
FY8 4PT,9
FY8 4PU,9
FY8 4PW,9
FY8 4PX,9
FY8 4PY,9
FY8 4PZ,9
FY8 4QA,7
FY8 4QB,9
FY8 4QD,9
FY8 4QE,9
FY8 4QF,9
FY8 4QG,9
FY8 4QH,9
FY8 4QJ,10
FY8 4QL,10
FY8 4QN,10
FY8 4QP,10
FY8 4QQ,9
FY8 4QR,10
FY8 4QS,10
FY8 4QT,10
FY8 4QU,9
FY8 4QW,10
FY8 4QX,9
FY8 4QY,10
FY8 4QZ,10
FY8 4RA,9
FY8 4RB,9
FY8 4RD,9
FY8 4RE,9
FY8 4RF,9
FY8 4RG,9
FY8 4RH,9
FY8 4RJ,9
FY8 4RL,9
FY8 4RN,9
FY8 4RP,9
FY8 4RQ,9
FY8 4RR,9
FY8 4RS,9
FY8 4RT,10
FY8 4RU,10
FY8 4RW,9
FY8 4RX,10
FY8 4RY,10
FY8 4RZ,10
FY8 4SA,10
FY8 4SB,9
FY8 4SD,9
FY8 4SE,6
FY8 4SF,9
FY8 4SG,9
FY8 4SH,7
FY8 4SJ,7
FY8 4SL,9
FY8 4SN,4
FY8 4SP,7
FY8 4SQ,9
FY8 4SR,9
FY8 4ST,7
FY8 4SU,7
FY8 4SW,7
FY8 4SX,7
FY8 4SY,7
FY8 4SZ,4
FY8 4TA,6
FY8 4TB,6
FY8 4TD,6
FY8 4TE,6
FY8 4TF,6
FY8 4TG,6
FY8 4TH,9
FY8 4TJ,9
FY8 4TL,10
FY8 4TN,10
FY8 4TP,9
FY8 4TQ,7
FY8 4TR,7
FY8 4TS,7
FY8 4TT,7
FY8 4UA,10
FY8 4UB,8
FY8 4UD,8
FY8 4UE,10
FY8 4UF,10
FY8 4UG,10
FY8 4UH,10
FY8 4UJ,8
FY8 4UL,10
FY8 4WA,9
FY8 4WB,4
FY8 4WD,4
FY8 4WE,4
FY8 4WF,4
FY8 4WG,4
FY8 4WH,4
FY8 4WJ,4
FY8 4WL,4
FY8 4WN,4
FY8 4WP,4
FY8 4WQ,4
FY8 4WR,4
FY8 4WS,4
FY8 4WT,4
FY8 4WU,4
FY8 4WW,4
FY8 4WX,4
FY8 4WY,4
FY8 4WZ,4
FY8 4XA,4
FY8 4XB,4
FY8 4XD,4
FY8 4XE,4
FY8 4YY,9
FY8 4ZW,4
FY8 4ZX,9
FY8 5AA,10
FY8 5AB,10
FY8 5AD,10
FY8 5AE,10
FY8 5AF,10
FY8 5AG,6
FY8 5AH,6
FY8 5AJ,6
FY8 5AL,10
FY8 5AN,10
FY8 5AP,6
FY8 5AQ,6
FY8 5AR,6
FY8 5AS,6
FY8 5AT,6
FY8 5AU,10
FY8 5AW,6
FY8 5AX,6
FY8 5AY,6
FY8 5AZ,6
FY8 5BA,6
FY8 5BB,6
FY8 5BD,6
FY8 5BE,10
FY8 5BF,10
FY8 5BG,6
FY8 5BH,10
FY8 5BJ,10
FY8 5BL,10
FY8 5BN,10
FY8 5BP,10
FY8 5BQ,7
FY8 5BR,10
FY8 5BS,10
FY8 5BT,10
FY8 5BU,10
FY8 5BW,10
FY8 5BX,10
FY8 5BY,7
FY8 5BZ,10
FY8 5DA,10
FY8 5DB,10
FY8 5DD,10
FY8 5DE,10
FY8 5DF,10
FY8 5DG,7
FY8 5DH,7
FY8 5DJ,7
FY8 5DL,7
FY8 5DN,7
FY8 5DP,7
FY8 5DQ,7
FY8 5DR,7
FY8 5DS,10
FY8 5DT,7
FY8 5DU,9
FY8 5DW,7
FY8 5DX,7
FY8 5DY,10
FY8 5DZ,10
FY8 5EA,10
FY8 5EB,10
FY8 5ED,10
FY8 5EE,10
FY8 5EF,10
FY8 5EG,7
FY8 5EH,7
FY8 5EJ,7
FY8 5EL,7
FY8 5EN,7
FY8 5EP,7
FY8 5EQ,7
FY8 5ER,7
FY8 5ES,7
FY8 5ET,7
FY8 5EU,7
FY8 5EW,7
FY8 5EX,7
FY8 5EY,10
FY8 5EZ,10
FY8 5FA,9
FY8 5FB,10
FY8 5FD,10
FY8 5FE,4
FY8 5FF,7
FY8 5FG,10
FY8 5FH,7
FY8 5FJ,7
FY8 5FL,6
FY8 5FN,6
FY8 5FP,6
FY8 5FQ,10
FY8 5FR,7
FY8 5FT,10
FY8 5FW,6
FY8 5FZ,7
FY8 5GA,7
FY8 5GB,7
FY8 5GD,10
FY8 5GE,7
FY8 5GF,4
FY8 5GG,10
FY8 5GH,7
FY8 5GJ,4
FY8 5GL,4
FY8 5GN,4
FY8 5GP,4
FY8 5GQ,4
FY8 5GR,4
FY8 5GS,4
FY8 5GT,7
FY8 5GU,4
FY8 5GW,4
FY8 5GX,4
FY8 5HA,7
FY8 5HB,10
FY8 5HD,7
FY8 5HE,7
FY8 5HF,7
FY8 5HG,7
FY8 5HH,7
FY8 5HJ,7
FY8 5HL,7
FY8 5HN,7
FY8 5HP,7
FY8 5HQ,7
FY8 5HR,7
FY8 5HS,7
FY8 5HT,6
FY8 5HU,6
FY8 5HW,6
FY8 5HX,7
FY8 5HY,6
FY8 5HZ,6
FY8 5JA,6
FY8 5JB,7
FY8 5JD,6
FY8 5JE,6
FY8 5JF,7
FY8 5JG,7
FY8 5JH,7
FY8 5JJ,7
FY8 5JL,7
FY8 5JN,6
FY8 5JP,6
FY8 5JQ,7
FY8 5JR,7
FY8 5JS,6
FY8 5JT,7
FY8 5JU,7
FY8 5JW,7
FY8 5JX,7
FY8 5JY,7
FY8 5JZ,7
FY8 5LA,7
FY8 5LB,7
FY8 5LD,6
FY8 5LE,6
FY8 5LF,6
FY8 5LG,6
FY8 5LH,6
FY8 5LJ,6
FY8 5LL,6
FY8 5LN,6
FY8 5LP,6
FY8 5LQ,6
FY8 5LR,6
FY8 5LS,6
FY8 5LT,6
FY8 5LU,6
FY8 5LW,6
FY8 5LX,6
FY8 5LY,6
FY8 5LZ,7
FY8 5NA,7
FY8 5ND,7
FY8 5NE,7
FY8 5NF,7
FY8 5NG,7
FY8 5NH,6
FY8 5NJ,6
FY8 5NL,6
FY8 5NN,6
FY8 5NP,9
FY8 5NQ,6
FY8 5NR,9
FY8 5NS,6
FY8 5NT,6
FY8 5NU,6
FY8 5NW,9
FY8 5NX,6
FY8 5NY,6
FY8 5PA,7
FY8 5PB,6
FY8 5PD,9
FY8 5PE,6
FY8 5PF,6
FY8 5PG,6
FY8 5PH,6
FY8 5PJ,6
FY8 5PL,9
FY8 5PN,9
FY8 5PP,6
FY8 5PQ,6
FY8 5PR,9
FY8 5PS,9
FY8 5PT,9
FY8 5PU,9
FY8 5PW,9
FY8 5PX,9
FY8 5PY,6
FY8 5PZ,6
FY8 5QA,6
FY8 5QB,6
FY8 5QD,6
FY8 5QE,6
FY8 5QF,6
FY8 5QG,6
FY8 5QH,6
FY8 5QJ,6
FY8 5QL,6
FY8 5QN,6
FY8 5QP,9
FY8 5QQ,6
FY8 5QR,9
FY8 5QS,6
FY8 5QT,6
FY8 5QU,6
FY8 5QW,9
FY8 5QX,6
FY8 5QY,6
FY8 5QZ,9
FY8 5RA,9
FY8 5RB,9
FY8 5RD,9
FY8 5RE,6
FY8 5RF,6
FY8 5RG,6
FY8 5RH,6
FY8 5RJ,6
FY8 5RL,7
FY8 5RN,6
FY8 5RP,7
FY8 5RQ,6
FY8 5RR,2
FY8 5RS,6
FY8 5RT,9
FY8 5RU,7
FY8 5RW,7
FY8 5RX,6
FY8 5RY,5
FY8 5SA,6
FY8 5SB,6
FY8 5SE,6
FY8 5SG,6
FY8 5SJ,6
FY8 5SP,6
FY8 5SQ,7
FY8 5SR,6
FY8 5SW,4
FY8 5TA,7
FY8 5TB,6
FY8 5TD,6
FY8 5TE,6
FY8 5TF,10
FY8 5TG,10
FY8 5TH,10
FY8 5TJ,10
FY8 5TL,10
FY8 5TN,10
FY8 5TP,10
FY8 5TQ,10
FY8 5TR,10
FY8 5TS,6
FY8 5TU,6
FY8 5TZ,6
FY8 5WA,4
FY8 5WW,4
FY8 5WX,4
FY8 5WY,4
FY8 5WZ,4
FY8 5XA,4
FY8 5XB,4
FY8 5XD,4
FY8 5XE,4
FY8 5XF,4
FY8 5XG,4
FY8 5XH,4
FY8 5ZA,6
FY8 5ZB,6
FY8 5ZX,6
FY8 8JA,
FY8 9AA,4
FY8 9AB,4
FY8 9AD,4
FY8 9AE,4
FY8 9AF,4
FY8 9AG,4
FY8 9AH,4
FY8 9AJ,4
FY8 9AL,4
FY8 9AN,4
FY8 9AP,4
FY8 9AQ,4
FY8 9AR,4
FY8 9AT,4
FY8 9AU,4
FY8 9AW,4
FY8 9AX,4
FY8 9AY,4
FY8 9AZ,4
FY8 9BA,4
FY8 9BB,4
FY8 9BD,4
FY8 9BE,4
FY8 9BF,4
FY8 9BG,4
FY8 9BH,4
FY8 9BJ,4
FY8 9BL,4
FY8 9BN,4
FY8 9BP,4
FY8 9BQ,4
FY8 9BR,4
FY8 9BS,4
FY8 9BT,4
FY8 9BU,4
FY8 9BW,4
FY8 9BX,4
FY8 9BY,4
FY8 9BZ,4
FY8 9DA,4
FY8 9DB,4
FY8 9DD,4
FY8 9DE,4
FY8 9DF,4
FY8 9DG,4
FY8 9DH,4
FY8 9DJ,4
FY8 9DL,4
FY8 9DN,4
FY8 9DP,4
FY8 9DQ,4
FY8 9DR,4
FY8 9DS,4
FY8 9DT,4
FY8 9DU,4
FY8 9DW,4
FY8 9DX,4
FY8 9DY,4
FY8 9DZ,4
FY8 9EA,4
FY8 9EB,4
FY8 9ED,4
FY8 9EE,4
FY8 9EF,4
FY8 9EG,4
FY8 9EH,4
FY8 9EJ,4
FY8 9EL,4
FY8 9EN,4
FY8 9EP,4
FY8 9EQ,4
FY8 9ER,4
FY8 9ES,4
FY8 9ET,4
FY8 9EU,4
FY8 9EW,4
FY8 9EX,4
FY8 9EY,4
FY8 9EZ,4
FY8 9FA,4
FY8 9FB,4
FY8 9FD,4
FY8 9FE,4
FY8 9FF,4
FY8 9FG,4
FY8 9FH,4
FY8 9FJ,4
FY8 9FL,4
FY8 9FN,4
FY8 9FP,4
FY8 9FR,4
FY8 9FS,4
FY8 9FT,4
FY8 9FU,4
FY8 9FW,4
FY8 9FX,4
FY8 9FY,4
FY8 9FZ,4
FY8 9GA,4
FY8 9GB,4
FY8 9GD,4
FY8 9GE,4
FY8 9GF,4
FY8 9GG,4
FY8 9GH,4
FY8 9GJ,4
FY8 9GL,4
FY8 9GN,4
FY8 9GP,4
FY8 9GQ,4
FY8 9GR,4
FY8 9GS,4
FY8 9GT,4
FY8 9GU,4
FY8 9GW,4
FY8 9GX,4
FY8 9GY,4
FY8 9GZ,4
FY8 9HA,4
FY8 9HB,4
FY8 9HD,4
FY8 9HE,4
FY8 9HF,4
FY8 9HG,4
FY8 9HH,4
FY8 9HJ,4
FY8 9HL,4
FY8 9HN,4
FY8 9HP,4
FY8 9HQ,4
FY8 9HR,4
FY8 9HS,4
FY8 9HT,4
FY8 9HW,4
FY8 9HX,4
FY8 9HY,4
FY8 9HZ,4
FY8 9JA,4
FY8 9JB,4
FY8 9JD,4
FY8 9JE,4
FY8 9JF,4
FY8 9JG,4
FY8 9JH,4
FY8 9JJ,4
FY8 9JL,4
FY8 9SA,4
FY8 9SB,4
FY8 9SD,4
FY8 9SE,4
FY8 9SF,4
FY8 9SG,4
FY8 9SH,4
FY8 9SJ,4
FY8 9SL,4
FY8 9SN,4
FY8 9SP,4
FY8 9SQ,4
FY8 9SR,4
FY8 9SS,4
FY8 9ST,4
FY8 9SU,4
FY8 9SW,4
FY8 9SX,4
FY8 9SY,4
FY8 9SZ,4
FY8 9TA,4
FY8 9TB,4
FY8 9ZZ,4
