GY1 1EQ,
GY1 1ER,
GY1 1ES,
GY1 1ET,
GY1 1EU,
GY1 1EW,
GY1 1EX,
GY1 1EY,
GY1 1EZ,
GY1 1FB,
GY1 1FD,
GY1 1FE,
GY1 1FF,
GY1 1FG,
GY1 1FH,
GY1 1FJ,
GY1 1FL,
GY1 1FN,
GY1 1FP,
GY1 1FQ,
GY1 1FR,
GY1 1FS,
GY1 1FT,
GY1 1FW,
GY1 1FX,
GY1 1FY,
GY1 1FZ,
GY1 1GA,
GY1 1GB,
GY1 1GD,
GY1 1GE,
GY1 1GF,
GY1 1GG,
GY1 1GH,
GY1 1GL,
GY1 1GP,
GY1 1GQ,
GY1 1GR,
GY1 1GS,
GY1 1GX,
GY1 1GZ,
GY1 1HB,
GY1 1HD,
GY1 1HE,
GY1 1HF,
GY1 1HG,
GY1 1HH,
GY1 1HJ,
GY1 1HL,
GY1 1HN,
GY1 1HP,
GY1 1HQ,
GY1 1HR,
GY1 1HS,
GY1 1HT,
GY1 1HU,
GY1 1HW,
GY1 1HX,
GY1 1HY,
GY1 1HZ,
GY1 1JA,
GY1 1JB,
GY1 1JD,
GY1 1JE,
GY1 1JF,
GY1 1JG,
GY1 1JH,
GY1 1JJ,
GY1 1JL,
GY1 1JP,
GY1 1JQ,
GY1 1JR,
GY1 1JS,
GY1 1JT,
GY1 1JU,
GY1 1JX,
GY1 1JZ,
GY1 1LA,
GY1 1LB,
GY1 1LD,
GY1 1LE,
GY1 1LF,
GY1 1LG,
GY1 1LH,
GY1 1LJ,
GY1 1LL,
GY1 1LN,
GY1 1LP,
GY1 1LQ,
GY1 1LR,
GY1 1LS,
GY1 1LT,
GY1 1LU,
GY1 1LW,
GY1 1LX,
GY1 1LY,
GY1 1LZ,
GY1 1NA,
GY1 1NB,
GY1 1ND,
GY1 1NE,
GY1 1NF,
GY1 1NG,
GY1 1NH,
GY1 1NJ,
GY1 1NL,
GY1 1NN,
GY1 1NQ,
GY1 1NR,
GY1 1NS,
GY1 1NT,
GY1 1NU,
GY1 1NW,
GY1 1NX,
GY1 1NY,
GY1 1NZ,
GY1 1PA,
GY1 1PB,
GY1 1PD,
GY1 1PE,
GY1 1PF,
GY1 1PG,
GY1 1PH,
GY1 1PJ,
GY1 1PL,
GY1 1PN,
GY1 1PQ,
GY1 1PS,
GY1 1PT,
GY1 1PU,
GY1 1PX,
GY1 1PY,
GY1 1PZ,
GY1 1QA,
GY1 1QB,
GY1 1QD,
GY1 1QE,
GY1 1QF,
GY1 1QG,
GY1 1QH,
GY1 1QJ,
GY1 1QL,
GY1 1QN,
GY1 1QP,
GY1 1QQ,
GY1 1QR,
GY1 1QS,
GY1 1QT,
GY1 1QW,
GY1 1RB,
GY1 1RD,
GY1 1RE,
GY1 1RF,
GY1 1RG,
GY1 1RH,
GY1 1RJ,
GY1 1RL,
GY1 1RN,
GY1 1RP,
GY1 1RQ,
GY1 1RR,
GY1 1RS,
GY1 1RT,
GY1 1RU,
GY1 1RW,
GY1 1RX,
GY1 1RY,
GY1 1RZ,
GY1 1SA,
GY1 1SB,
GY1 1SD,
GY1 1SE,
GY1 1SF,
GY1 1SL,
GY1 1SN,
GY1 1SP,
GY1 1SR,
GY1 1SS,
GY1 1ST,
GY1 1SU,
GY1 1SW,
GY1 1SX,
GY1 1SY,
GY1 1SZ,
GY1 1TA,
GY1 1TB,
GY1 1TD,
GY1 1TE,
GY1 1TF,
GY1 1TG,
GY1 1TH,
GY1 1TJ,
GY1 1TL,
GY1 1TN,
GY1 1TP,
GY1 1TQ,
GY1 1TR,
GY1 1TS,
GY1 1TT,
GY1 1TU,
GY1 1TW,
GY1 1TX,
GY1 1TY,
GY1 1TZ,
GY1 1UF,
GY1 1UG,
GY1 1UH,
GY1 1UJ,
GY1 1UL,
GY1 1UN,
GY1 1UP,
GY1 1UQ,
GY1 1UR,
GY1 1US,
GY1 1UT,
GY1 1UU,
GY1 1UW,
GY1 1UX,
GY1 1UY,
GY1 1UZ,
GY1 1WA,
GY1 1WB,
GY1 1WD,
GY1 1WE,
GY1 1WF,
GY1 1WG,
GY1 1WH,
GY1 1WJ,
GY1 1WL,
GY1 1WN,
GY1 1WP,
GY1 1WQ,
GY1 1WR,
GY1 1WS,
GY1 1WT,
GY1 1WU,
GY1 1WW,
GY1 1WX,
GY1 1WY,
GY1 1WZ,
GY1 1XA,
GY1 1XB,
GY1 1XD,
GY1 1XE,
GY1 1XF,
GY1 1XG,
GY1 1XH,
GY1 1XJ,
GY1 1XL,
GY1 1XN,
GY1 1XP,
GY1 1XQ,
GY1 1XR,
GY1 1XS,
GY1 1XT,
GY1 1XU,
GY1 1XW,
GY1 1XX,
GY1 1XY,
GY1 1XZ,
GY1 1YA,
GY1 1YG,
GY1 1YJ,
GY1 1YL,
GY1 1YN,
GY1 1YP,
GY1 1YQ,
GY1 1YR,
GY1 1YS,
GY1 1YT,
GY1 1YU,
GY1 1YW,
GY1 1YX,
GY1 1YY,
GY1 1YZ,
GY1 1ZA,
GY1 1ZB,
GY1 1ZD,
GY1 1ZE,
GY1 1ZF,
GY1 1ZG,
GY1 1ZH,
GY1 1ZL,
GY1 1ZN,
GY1 1ZP,
GY1 1ZQ,
GY1 1ZR,
GY1 1ZS,
GY1 1ZT,
GY1 1ZU,
GY1 1ZW,
GY1 1ZX,
GY1 1ZZ,
GY1 2AA,
GY1 2AB,
GY1 2AD,
GY1 2AE,
GY1 2AF,
GY1 2AG,
GY1 2AH,
GY1 2AJ,
GY1 2AL,
GY1 2AN,
GY1 2AP,
GY1 2AQ,
GY1 2AR,
GY1 2AS,
GY1 2AT,
GY1 2AU,
GY1 2AW,
GY1 2AX,
GY1 2AY,
GY1 2AZ,
GY1 2BA,
GY1 2BB,
GY1 2BD,
GY1 2BE,
GY1 2BF,
GY1 2BG,
GY1 2BH,
GY1 2BJ,
GY1 2BL,
GY1 2BN,
GY1 2BP,
GY1 2BQ,
GY1 2BR,
GY1 2BS,
GY1 2BT,
GY1 2BU,
GY1 2BW,
GY1 2BX,
GY1 2BY,
GY1 2BZ,
GY1 2DA,
GY1 2DB,
GY1 2DD,
GY1 2DE,
GY1 2DF,
GY1 2DG,
GY1 2DH,
GY1 2DJ,
GY1 2DL,
GY1 2DN,
GY1 2DP,
GY1 2DQ,
GY1 2DR,
GY1 2DS,
GY1 2DT,
GY1 2DU,
GY1 2DW,
GY1 2DX,
GY1 2DY,
GY1 2DZ,
GY1 2EA,
GY1 2EB,
GY1 2ED,
GY1 2EE,
GY1 2EF,
GY1 2EG,
GY1 2EH,
GY1 2EJ,
GY1 2EL,
GY1 2EN,
GY1 2EP,
GY1 2EQ,
GY1 2ER,
GY1 2ES,
GY1 2ET,
GY1 2EU,
GY1 2EW,
GY1 2EX,
GY1 2EY,
GY1 2EZ,
GY1 2GA,
GY1 2GB,
GY1 2HA,
GY1 2HB,
GY1 2HD,
GY1 2HE,
GY1 2HF,
GY1 2HG,
GY1 2HH,
GY1 2HJ,
GY1 2HL,
GY1 2HN,
GY1 2HP,
GY1 2HQ,
GY1 2HR,
GY1 2HS,
GY1 2HT,
GY1 2HU,
GY1 2HX,
GY1 2HY,
GY1 2HZ,
GY1 2JA,
GY1 2JB,
GY1 2JD,
GY1 2JE,
GY1 2JF,
GY1 2JG,
GY1 2JH,
GY1 2JJ,
GY1 2JL,
GY1 2JN,
GY1 2JP,
GY1 2JQ,
GY1 2JR,
GY1 2JS,
GY1 2JT,
GY1 2JU,
GY1 2JW,
GY1 2JX,
GY1 2JY,
GY1 2JZ,
GY1 2LB,
GY1 2LD,
GY1 2LE,
GY1 2LF,
GY1 2LG,
GY1 2LH,
GY1 2LJ,
GY1 2LL,
GY1 2LN,
GY1 2LP,
GY1 2LQ,
GY1 2LR,
GY1 2LS,
GY1 2LT,
GY1 2LU,
GY1 2LW,
GY1 2LX,
GY1 2LY,
GY1 2LZ,
GY1 2NA,
GY1 2NB,
GY1 2ND,
GY1 2NE,
GY1 2NF,
GY1 2NG,
GY1 2NH,
GY1 2NJ,
GY1 2NL,
GY1 2NN,
GY1 2NP,
GY1 2NQ,
GY1 2NR,
GY1 2NS,
GY1 2NT,
GY1 2NU,
GY1 2NW,
GY1 2NY,
GY1 2NZ,
GY1 2PA,
GY1 2PB,
GY1 2PD,
GY1 2PE,
GY1 2PF,
GY1 2PG,
GY1 2PH,
GY1 2PJ,
GY1 2PL,
GY1 2PN,
GY1 2PP,
GY1 2PQ,
GY1 2PR,
GY1 2PS,
GY1 2PT,
GY1 2PU,
GY1 2PW,
GY1 2PX,
GY1 2PY,
GY1 2PZ,
GY1 2QA,
GY1 2QB,
GY1 2QD,
GY1 2QE,
GY1 2QF,
GY1 2QG,
GY1 2QH,
GY1 2QJ,
GY1 2QL,
GY1 2QN,
GY1 2QP,
GY1 2QQ,
GY1 2RA,
GY1 2RB,
GY1 2RD,
GY1 2RE,
GY1 2RF,
GY1 2RG,
GY1 2RH,
GY1 2RJ,
GY1 2RL,
GY1 2RN,
GY1 2RP,
GY1 2RQ,
GY1 2RR,
GY1 2RS,
GY1 2RT,
GY1 2RU,
GY1 2RW,
GY1 2RX,
GY1 2RY,
GY1 2RZ,
GY1 2SA,
GY1 2SB,
GY1 2SD,
GY1 2SE,
GY1 2SF,
GY1 2SG,
GY1 2SH,
GY1 2SJ,
GY1 2SL,
GY1 2SN,
GY1 2SP,
GY1 2SR,
GY1 2SS,
GY1 2ST,
GY1 2SU,
GY1 2SW,
GY1 2SX,
GY1 2SY,
GY1 2SZ,
GY1 2TA,
GY1 2TB,
GY1 2TD,
GY1 2TE,
GY1 2TF,
GY1 2TG,
GY1 2TH,
GY1 2TJ,
GY1 2TP,
GY1 2TQ,
GY1 2TS,
GY1 2TT,
GY1 2TU,
GY1 2TW,
GY1 2TX,
GY1 2TY,
GY1 2UA,
GY1 2UB,
GY1 2UD,
GY1 2UE,
GY1 2UF,
GY1 2UG,
GY1 2UL,
GY1 2UN,
GY1 2UP,
GY1 2UQ,
GY1 2UR,
GY1 2UW,
GY1 3AA,
GY1 3AB,
GY1 3AD,
GY1 3AE,
GY1 3AF,
GY1 3AG,
GY1 3AH,
GY1 3AJ,
GY1 3AL,
GY1 3AN,
GY1 3AP,
GY1 3AQ,
GY1 3AR,
GY1 3AS,
GY1 3AT,
GY1 3AU,
GY1 3AW,
GY1 3AX,
GY1 3AY,
GY1 3AZ,
GY1 3BA,
GY1 3BB,
GY1 3BD,
GY1 3BE,
GY1 3BF,
GY1 3BG,
GY1 3BH,
GY1 3BJ,
GY1 3BL,
GY1 3BN,
GY1 3BP,
GY1 3BQ,
GY1 3BR,
GY1 3BS,
GY1 3BT,
GY1 3BU,
GY1 3BW,
GY1 3BX,
GY1 3BY,
GY1 3BZ,
GY1 3DA,
GY1 3DB,
GY1 3DD,
GY1 3DE,
GY1 3DF,
GY1 3DG,
GY1 3DH,
GY1 3DJ,
GY1 3DL,
GY1 3DN,
GY1 3DP,
GY1 3DQ,
GY1 3DR,
GY1 3DS,
GY1 3DT,
GY1 3DU,
GY1 3DW,
GY1 3DX,
GY1 3DY,
GY1 3DZ,
GY1 3EA,
GY1 3EB,
GY1 3ED,
GY1 3EE,
GY1 3EF,
GY1 3EG,
GY1 3EH,
GY1 3EJ,
GY1 3EL,
GY1 3EN,
GY1 3EP,
GY1 3EQ,
GY1 3ER,
GY1 3ES,
GY1 3ET,
GY1 3EU,
GY1 3EW,
GY1 3EX,
GY1 3EY,
GY1 3EZ,
GY1 3FB,
GY1 3FD,
GY1 3FE,
GY1 3FF,
GY1 3FG,
GY1 3FH,
GY1 3FJ,
GY1 3FL,
GY1 3FN,
GY1 3FP,
GY1 3FQ,
GY1 3FR,
GY1 3FS,
GY1 3FT,
GY1 3FW,
GY1 3FX,
GY1 3FY,
GY1 3FZ,
GY1 3GA,
GY1 3GB,
GY1 3GD,
GY1 3GE,
GY1 3GF,
GY1 3GG,
GY1 3GH,
GY1 3GQ,
GY1 3GR,
GY1 3GS,
GY1 3GT,
GY1 3GX,
GY1 3GZ,
GY1 3HA,
GY1 3HB,
GY1 3HD,
GY1 3HE,
GY1 3HF,
GY1 3HG,
GY1 3HH,
GY1 3HJ,
GY1 3HL,
GY1 3HN,
GY1 3HP,
GY1 3HQ,
GY1 3HR,
GY1 3HS,
GY1 3HT,
GY1 3HU,
GY1 3HW,
GY1 3HX,
GY1 3HY,
GY1 3HZ,
GY1 3JA,
GY1 3JB,
GY1 3JD,
GY1 3JE,
GY1 3JF,
GY1 3JG,
GY1 3JH,
GY1 3JJ,
GY1 3JL,
GY1 3JN,
GY1 3JP,
GY1 3JQ,
GY1 3JR,
GY1 3JS,
GY1 3JT,
GY1 3JU,
GY1 3JW,
GY1 3JX,
GY1 3JY,
GY1 3JZ,
GY1 3LA,
GY1 3LB,
GY1 3LD,
GY1 3LE,
GY1 3LF,
GY1 3LG,
GY1 3LH,
GY1 3LJ,
GY1 3LL,
GY1 3LN,
GY1 3LP,
GY1 3LQ,
GY1 3LR,
GY1 3LS,
GY1 3LT,
GY1 3LU,
GY1 3LW,
GY1 3LX,
GY1 3LY,
GY1 3LZ,
GY1 3NA,
GY1 3NB,
GY1 3ND,
GY1 3NE,
GY1 3NF,
GY1 3NG,
GY1 3NH,
GY1 3NJ,
GY1 3NL,
GY1 3NN,
GY1 3NP,
GY1 3NQ,
GY1 3NR,
GY1 3NS,
GY1 3NT,
GY1 3NU,
GY1 3NW,
GY1 3NX,
GY1 3NY,
GY1 3NZ,
GY1 3PA,
GY1 3PB,
GY1 3PD,
GY1 3PE,
GY1 3PF,
GY1 3PG,
GY1 3PH,
GY1 3PJ,
GY1 3PL,
GY1 3PN,
GY1 3PP,
GY1 3PQ,
GY1 3PR,
GY1 3PS,
GY1 3PT,
GY1 3PU,
GY1 3PW,
GY1 3PX,
GY1 3PY,
GY1 3PZ,
GY1 3QA,
GY1 3QB,
GY1 3QD,
GY1 3QE,
GY1 3QF,
GY1 3QG,
GY1 3QH,
GY1 3QJ,
GY1 3QL,
GY1 3QN,
GY1 3QP,
GY1 3QQ,
GY1 3QR,
GY1 3QS,
GY1 3QT,
GY1 3QU,
GY1 3QW,
GY1 3QX,
GY1 3QY,
GY1 3QZ,
GY1 3RA,
GY1 3RB,
GY1 3RD,
GY1 3RE,
GY1 3RF,
GY1 3RG,
GY1 3RH,
GY1 3RJ,
GY1 3RL,
GY1 3RN,
GY1 3RP,
GY1 3RQ,
GY1 3RR,
GY1 3RS,
GY1 3RT,
GY1 3RU,
GY1 3RW,
GY1 3RX,
GY1 3RY,
GY1 3RZ,
GY1 3SA,
GY1 3SB,
GY1 3SD,
GY1 3SE,
GY1 3SF,
GY1 3SG,
GY1 3SH,
GY1 3SJ,
GY1 3SL,
GY1 3SN,
GY1 3SP,
GY1 3SQ,
GY1 3SR,
GY1 3SS,
GY1 3ST,
GY1 3SU,
GY1 3SW,
GY1 3SX,
GY1 3SY,
GY1 3SZ,
GY1 3TA,
GY1 3TB,
GY1 3TD,
GY1 3TE,
GY1 3TF,
GY1 3TG,
GY1 3TH,
GY1 3TJ,
GY1 3TL,
GY1 3TN,
GY1 3TP,
GY1 3TQ,
GY1 3TR,
GY1 3TS,
GY1 3TT,
GY1 3TU,
GY1 3TW,
GY1 3TX,
GY1 3TY,
GY1 3TZ,
GY1 3UA,
GY1 3UB,
GY1 3UD,
GY1 3UE,
GY1 3UF,
GY1 3UG,
GY1 3UH,
GY1 3UJ,
GY1 3UL,
GY1 3UN,
GY1 3UP,
GY1 3UQ,
GY1 3UR,
GY1 3US,
GY1 3UT,
GY1 3UU,
GY1 3UW,
GY1 3UX,
GY1 3UY,
GY1 3UZ,
GY1 3WA,
GY1 3WB,
GY1 3WD,
GY1 3WE,
GY1 3WF,
GY1 3WG,
GY1 3WH,
GY1 3WJ,
GY1 3WL,
GY1 3WN,
GY1 3WP,
GY1 3WQ,
GY1 3WR,
GY1 3WS,
GY1 3WT,
GY1 3WU,
GY1 3WW,
GY1 3WX,
GY1 3WY,
GY1 3WZ,
GY1 3XA,
GY1 3XB,
GY1 3XD,
GY1 3XE,
GY1 3XF,
GY1 3XG,
GY1 3XH,
GY1 3XJ,
GY1 3XL,
GY1 3XN,
GY1 3XP,
GY1 3XQ,
GY1 3XR,
GY1 3XS,
GY1 3XT,
GY1 3XU,
GY1 3XW,
GY1 3XX,
GY1 3XY,
GY1 3XZ,
GY1 3YA,
GY1 3YB,
GY1 3YD,
GY1 3YE,
GY1 3YF,
GY1 3YG,
GY1 3YH,
GY1 3YJ,
GY1 3YL,
GY1 3YN,
GY1 3YP,
GY1 3YQ,
GY1 3YR,
GY1 3YS,
GY1 3YT,
GY1 3YU,
GY1 3YW,
GY1 3YX,
GY1 3YY,
GY1 3YZ,
GY1 3ZA,
GY1 3ZB,
GY1 3ZD,
GY1 3ZE,
GY1 3ZF,
GY1 3ZG,
GY1 3ZH,
GY1 3ZJ,
GY1 3ZL,
GY1 3ZN,
GY1 3ZP,
GY1 3ZQ,
GY1 3ZR,
GY1 3ZS,
GY1 3ZT,
GY1 3ZU,
GY1 3ZW,
GY1 3ZX,
GY1 3ZY,
GY1 3ZZ,
GY1 4AA,
GY1 4AB,
GY1 4AD,
GY1 4AE,
GY1 4AF,
GY1 4AG,
GY1 4AH,
GY1 4AJ,
GY1 4AL,
GY1 4AN,
GY1 4AP,
GY1 4AQ,
GY1 4AR,
GY1 4AS,
GY1 4AT,
GY1 4AU,
GY1 4AW,
GY1 4AX,
GY1 4AY,
GY1 4AZ,
GY1 4BA,
GY1 4BB,
GY1 4BD,
GY1 4BE,
GY1 4BF,
GY1 4BG,
GY1 4BH,
GY1 4BJ,
GY1 4BL,
GY1 4BN,
GY1 4BP,
GY1 4BQ,
GY1 4BR,
GY1 4BS,
GY1 4BT,
GY1 4BU,
GY1 4BW,
GY1 4BX,
GY1 4BY,
GY1 4BZ,
GY1 4DA,
GY1 4DB,
GY1 4DD,
GY1 4DE,
GY1 4DF,
GY1 4EA,
GY1 4EB,
GY1 4ED,
GY1 4EE,
GY1 4EF,
GY1 4EG,
GY1 4EH,
GY1 4EJ,
GY1 4EL,
GY1 4EN,
GY1 4EP,
GY1 4EQ,
GY1 4ER,
GY1 1AA,
GY1 1AB,
GY1 1AD,
GY1 1AE,
GY1 1AF,
GY1 1AG,
GY1 1AH,
GY1 1AJ,
GY1 1AL,
GY1 1AN,
GY1 1AP,
GY1 1AQ,
GY1 1AR,
GY1 1AT,
GY1 1AU,
GY1 1AW,
GY1 1AX,
GY1 1AY,
GY1 1AZ,
GY1 1BA,
GY1 1BB,
GY1 1BD,
GY1 1BE,
GY1 1BF,
GY1 1BG,
GY1 1BH,
GY1 1BJ,
GY1 1BP,
GY1 1BQ,
GY1 1BR,
GY1 1BS,
GY1 1BT,
GY1 1BU,
GY1 1BX,
GY1 1BY,
GY1 1BZ,
GY1 1DA,
GY1 1DB,
GY1 1DD,
GY1 1DE,
GY1 1DF,
GY1 1DG,
GY1 1DH,
GY1 1DJ,
GY1 1DL,
GY1 1DQ,
GY1 1DR,
GY1 1DU,
GY1 1DX,
GY1 1DY,
GY1 1DZ,
GY1 1EA,
GY1 1EB,
GY1 1ED,
GY1 1EE,
GY1 1EF,
GY1 1EG,
GY1 1EH,
GY1 1EJ,
GY1 1EL,
GY1 1EN,
GY1 1EP,
GY4 6PZ,
GY4 6QA,
GY4 6QD,
GY4 6QE,
GY4 6QF,
GY4 6QG,
GY4 6QH,
GY4 6QJ,
GY4 6QL,
GY4 6QN,
GY4 6QP,
GY4 6QQ,
GY4 6QR,
GY4 6QS,
GY4 6QT,
GY4 6QU,
GY4 6QW,
GY4 6QX,
GY4 6QY,
GY4 6RA,
GY4 6RB,
GY4 6RD,
GY4 6RE,
GY4 6RF,
GY4 6RG,
GY4 6RN,
GY4 6RP,
GY4 6RR,
GY4 6RS,
GY4 6RT,
GY4 6RU,
GY4 6RW,
GY4 6RX,
GY4 6RY,
GY4 6RZ,
GY4 6SA,
GY4 6SB,
GY4 6SD,
GY4 6SE,
GY4 6SF,
GY4 6SG,
GY4 6SH,
GY4 6SJ,
GY4 6SP,
GY4 6SQ,
GY4 6SR,
GY4 6SS,
GY4 6ST,
GY4 6SU,
GY4 6SW,
GY4 6SX,
GY4 6SY,
GY4 6SZ,
GY4 6TA,
GY4 6TB,
GY4 6TE,
GY4 6TF,
GY4 6TG,
GY4 6TH,
GY4 6TJ,
GY4 6TL,
GY4 6TP,
GY4 6TQ,
GY4 6TR,
GY4 6TS,
GY4 6TT,
GY4 6TU,
GY4 6TW,
GY4 6TX,
GY4 6TY,
GY4 6UA,
GY4 6UB,
GY4 6UD,
GY4 6UE,
GY4 6UG,
GY4 6UH,
GY4 6UJ,
GY4 6UL,
GY4 6UN,
GY4 6UQ,
GY4 6UT,
GY4 6UU,
GY4 6UY,
GY4 6XA,
GY4 6XB,
GY4 6XD,
GY4 6XE,
GY4 6XF,
GY4 6XG,
GY4 6XH,
GY4 6XQ,
GY5 7AA,
GY5 7AB,
GY5 7AD,
GY5 7AE,
GY5 7AF,
GY5 7AG,
GY5 7AH,
GY5 7AJ,
GY5 7AL,
GY5 7AN,
GY5 7AP,
GY5 7AQ,
GY5 7AR,
GY5 7AS,
GY5 7AT,
GY5 7AU,
GY5 7AW,
GY5 7AX,
GY5 7AY,
GY5 7AZ,
GY5 7BA,
GY5 7BB,
GY5 7BD,
GY5 7BE,
GY5 7BF,
GY5 7BG,
GY5 7BH,
GY5 7BJ,
GY5 7BL,
GY5 7BN,
GY5 7BP,
GY5 7BQ,
GY5 7BR,
GY5 7BS,
GY5 7BT,
GY5 7BU,
GY5 7BW,
GY5 7BX,
GY5 7BY,
GY5 7BZ,
GY5 7DA,
GY5 7DB,
GY5 7DD,
GY5 7DE,
GY5 7DF,
GY5 7DG,
GY5 7DH,
GY5 7DJ,
GY5 7DL,
GY5 7DN,
GY5 7DP,
GY5 7DQ,
GY5 7DR,
GY5 7DS,
GY5 7DT,
GY5 7DU,
GY5 7DW,
GY5 7DX,
GY5 7DY,
GY5 7DZ,
GY5 7EA,
GY5 7EB,
GY5 7ED,
GY5 7EE,
GY5 7EF,
GY5 7EG,
GY5 7EH,
GY5 7EJ,
GY5 7EL,
GY5 7EN,
GY5 7EQ,
GY5 7EZ,
GY5 7FF,
GY5 7FG,
GY5 7FH,
GY5 7FJ,
GY5 7FL,
GY5 7FN,
GY5 7FP,
GY5 7FQ,
GY5 7FR,
GY5 7FS,
GY5 7FT,
GY5 7FW,
GY5 7FX,
GY5 7FY,
GY5 7FZ,
GY5 7GB,
GY5 7GD,
GY5 7GE,
GY5 7GF,
GY5 7GG,
GY5 7HA,
GY5 7HB,
GY5 7HD,
GY5 7HE,
GY5 7HF,
GY5 7HG,
GY5 7HH,
GY5 7HJ,
GY5 7HL,
GY5 7HN,
GY5 7HP,
GY5 7HQ,
GY5 7HR,
GY5 7HS,
GY5 7HT,
GY5 7HU,
GY5 7HW,
GY5 7HX,
GY5 7HY,
GY5 7HZ,
GY5 7JA,
GY5 7JB,
GY5 7JD,
GY5 7JF,
GY5 7JG,
GY5 7JH,
GY5 7JJ,
GY5 7JL,
GY5 7JN,
GY5 7JP,
GY5 7JQ,
GY5 7JR,
GY5 7JS,
GY5 7JT,
GY5 7JU,
GY5 7JW,
GY5 7JX,
GY5 7JZ,
GY5 7LA,
GY5 7LB,
GY5 7LD,
GY5 7LE,
GY5 7LF,
GY5 7LG,
GY5 7LH,
GY5 7LJ,
GY5 7LL,
GY5 7LN,
GY5 7LP,
GY5 7LQ,
GY5 7LR,
GY5 7LS,
GY5 7LT,
GY5 7LU,
GY5 7LW,
GY5 7LY,
GY5 7NA,
GY5 7NB,
GY5 7ND,
GY5 7NE,
GY5 7NF,
GY5 7NG,
GY5 7NH,
GY5 7NJ,
GY5 7NL,
GY5 7NN,
GY5 7NP,
GY5 7NQ,
GY5 7NR,
GY5 7NS,
GY5 7NT,
GY5 7NU,
GY5 7NW,
GY5 7NX,
GY5 7NY,
GY5 7NZ,
GY5 7PA,
GY5 7PB,
GY5 7PD,
GY5 7PE,
GY5 7PF,
GY5 7PG,
GY5 7PH,
GY5 7PJ,
GY5 7PL,
GY5 7PN,
GY5 7PP,
GY5 7PQ,
GY5 7PR,
GY5 7PS,
GY5 7PT,
GY5 7PU,
GY5 7PW,
GY5 7QA,
GY5 7QB,
GY5 7QD,
GY5 7QE,
GY5 7QF,
GY5 7QG,
GY5 7QH,
GY5 7QJ,
GY5 7QL,
GY5 7QQ,
GY5 7RA,
GY5 7RD,
GY5 7RE,
GY5 7RF,
GY5 7RG,
GY5 7RH,
GY5 7RJ,
GY5 7RL,
GY5 7RN,
GY5 7RP,
GY5 7RQ,
GY5 7RR,
GY5 7RS,
GY5 7RT,
GY5 7RU,
GY5 7RW,
GY5 7RX,
GY5 7RY,
GY5 7RZ,
GY5 7SA,
GY5 7SB,
GY5 7SD,
GY5 7SE,
GY5 7SF,
GY5 7SG,
GY5 7SH,
GY5 7SJ,
GY5 7SL,
GY5 7SQ,
GY5 7SS,
GY5 7ST,
GY5 7SU,
GY5 7SX,
GY5 7SY,
GY5 7SZ,
GY5 7TA,
GY5 7TB,
GY5 7TD,
GY5 7TE,
GY5 7TF,
GY5 7TG,
GY5 7TH,
GY5 7TJ,
GY5 7TL,
GY5 7TN,
GY5 7TP,
GY5 7TQ,
GY5 7TR,
GY5 7TS,
GY5 7TT,
GY5 7TU,
GY5 7TW,
GY5 7TX,
GY5 7TY,
GY5 7TZ,
GY5 7UA,
GY5 7UH,
GY5 7UJ,
GY5 7UL,
GY5 7UN,
GY5 7UP,
GY5 7UQ,
GY5 7UR,
GY5 7US,
GY5 7UT,
GY5 7UU,
GY5 7UW,
GY5 7UX,
GY5 7UY,
GY5 7UZ,
GY5 7XA,
GY5 7XB,
GY5 7XD,
GY5 7XE,
GY5 7XF,
GY5 7XG,
GY5 7XH,
GY5 7XJ,
GY5 7XP,
GY5 7XQ,
GY5 7XR,
GY5 7XS,
GY5 7XU,
GY5 7XX,
GY5 7XY,
GY5 7XZ,
GY5 7YA,
GY5 7YB,
GY5 7YD,
GY5 7YE,
GY5 7YF,
GY5 7YG,
GY5 7YH,
GY5 7YJ,
GY5 7YL,
GY5 7YN,
GY5 7YP,
GY5 7YQ,
GY5 7YR,
GY5 7YS,
GY5 7YT,
GY5 7YU,
GY5 7YW,
GY5 7YX,
GY5 7YY,
GY5 7ZX,
GY6 8AA,
GY6 8AB,
GY6 8AD,
GY6 8AG,
GY6 8AH,
GY6 8AN,
GY6 8AP,
GY6 8AQ,
GY6 8AR,
GY6 8AT,
GY6 8AU,
GY6 8AW,
GY6 8AX,
GY6 8AY,
GY6 8AZ,
GY6 8BA,
GY6 8BB,
GY6 8BD,
GY6 8BE,
GY6 8BF,
GY6 8BG,
GY6 8BL,
GY6 8BN,
GY6 8BP,
GY6 8BR,
GY6 8BS,
GY6 8BT,
GY6 8BU,
GY6 8BW,
GY6 8BX,
GY6 8BY,
GY6 8BZ,
GY6 8DA,
GY6 8DB,
GY6 8DD,
GY6 8DE,
GY6 8DF,
GY6 8DG,
GY6 8DH,
GY6 8DJ,
GY6 8DL,
GY6 8DN,
GY6 8DQ,
GY6 8EB,
GY6 8ED,
GY6 8EE,
GY6 8EF,
GY6 8EG,
GY6 8EH,
GY6 8EJ,
GY6 8EL,
GY6 8EN,
GY6 8EP,
GY6 8EQ,
GY6 8ER,
GY6 8ES,
GY6 8ET,
GY6 8EU,
GY6 8EW,
GY6 8EX,
GY6 8EY,
GY6 8EZ,
GY6 8HA,
GY6 8HB,
GY6 8HD,
GY6 8HE,
GY6 8HF,
GY6 8HG,
GY6 8HH,
GY6 8HJ,
GY6 8HL,
GY6 8HN,
GY6 8HP,
GY6 8HR,
GY6 8HS,
GY6 8HT,
GY6 8HU,
GY6 8HW,
GY6 8HX,
GY6 8HY,
GY6 8HZ,
GY6 8JA,
GY6 8JB,
GY6 8JD,
GY6 8JF,
GY6 8JG,
GY6 8JH,
GY6 8JJ,
GY6 8JL,
GY6 8JN,
GY6 8JP,
GY6 8JQ,
GY6 8JR,
GY6 8JS,
GY6 8JT,
GY6 8JU,
GY6 8JW,
GY6 8JX,
GY6 8LA,
GY6 8LB,
GY6 8LD,
GY6 8LE,
GY6 8LF,
GY6 8LG,
GY6 8LH,
GY6 8LJ,
GY6 8LL,
GY6 8LN,
GY6 8LP,
GY6 8LR,
GY6 8LU,
GY6 8LW,
GY6 8LX,
GY6 8LY,
GY6 8LZ,
GY6 8NA,
GY6 8NB,
GY6 8ND,
GY6 8NE,
GY6 8NF,
GY6 8NG,
GY6 8NH,
GY6 8NJ,
GY6 8NL,
GY6 8NN,
GY6 8NP,
GY6 8NQ,
GY6 8NR,
GY6 8NS,
GY6 8NT,
GY6 8NU,
GY6 8NW,
GY6 8NX,
GY6 8RA,
GY6 8RB,
GY6 8RD,
GY6 8RE,
GY6 8RF,
GY6 8RG,
GY6 8RH,
GY6 8RJ,
GY6 8RL,
GY6 8RQ,
GY6 8RT,
GY6 8RU,
GY6 8RX,
GY6 8RY,
GY6 8RZ,
GY6 8SA,
GY6 8SB,
GY6 8SD,
GY6 8SE,
GY6 8SF,
GY6 8SG,
GY6 8SH,
GY6 8SJ,
GY6 8SL,
GY6 8SN,
GY6 8SQ,
GY6 8SR,
GY6 8SS,
GY6 8ST,
GY6 8SU,
GY6 8SX,
GY6 8SY,
GY6 8TA,
GY6 8TB,
GY6 8TD,
GY6 8TE,
GY6 8TF,
GY6 8TG,
GY6 8TH,
GY6 8TP,
GY6 8TQ,
GY6 8TR,
GY6 8TS,
GY6 8TT,
GY6 8TU,
GY6 8TW,
GY6 8TX,
GY6 8TY,
GY6 8TZ,
GY6 8UA,
GY6 8UB,
GY6 8UD,
GY6 8UE,
GY6 8UF,
GY6 8UG,
GY6 8UH,
GY6 8UJ,
GY6 8UL,
GY6 8UN,
GY6 8UP,
GY6 8UQ,
GY6 8UR,
GY6 8US,
GY6 8UT,
GY6 8UW,
GY6 8XA,
GY6 8XB,
GY6 8XD,
GY6 8XE,
GY6 8XF,
GY6 8XG,
GY6 8XH,
GY6 8XJ,
GY6 8XL,
GY6 8XN,
GY6 8XP,
GY6 8XQ,
GY6 8XR,
GY6 8XS,
GY6 8XT,
GY6 8XU,
GY6 8XW,
GY6 8XX,
GY6 8XY,
GY6 8XZ,
GY6 8YA,
GY6 8YB,
GY6 8YD,
GY6 8YE,
GY6 8YF,
GY6 8YG,
GY6 8YH,
GY6 8YJ,
GY6 8YL,
GY6 8YN,
GY6 8YP,
GY6 8YU,
GY6 8YW,
GY6 8YX,
GY6 8YY,
GY6 8YZ,
GY7 9AA,
GY7 9AB,
GY7 9AD,
GY7 9AE,
GY7 9AF,
GY7 9AG,
GY7 9AH,
GY7 9AJ,
GY7 9AL,
GY7 9AN,
GY7 9AP,
GY7 9AQ,
GY7 9AR,
GY7 9AS,
GY7 9AT,
GY7 9AU,
GY7 9AW,
GY7 9BA,
GY7 9BB,
GY7 9BD,
GY7 9BE,
GY7 9BF,
GY7 9BG,
GY7 9BN,
GY7 9BP,
GY7 9BR,
GY7 9BS,
GY7 9BT,
GY7 9BU,
GY7 9BW,
GY7 9BX,
GY7 9BY,
GY7 9BZ,
GY7 9DA,
GY7 9DB,
GY7 9DD,
GY7 9DE,
GY7 9DG,
GY7 9DH,
GY7 9DJ,
GY7 9DL,
GY7 9DN,
GY7 9DP,
GY7 9DQ,
GY7 9DR,
GY7 9DS,
GY7 9DT,
GY7 9DU,
GY7 9DW,
GY7 9DX,
GY7 9DY,
GY7 9DZ,
GY7 9EA,
GY7 9EB,
GY7 9ED,
GY7 9EJ,
GY7 9EL,
GY7 9EN,
GY7 9EP,
GY7 9ER,
GY7 9ES,
GY7 9ET,
GY7 9EU,
GY7 9EW,
GY7 9EX,
GY7 9EY,
GY7 9EZ,
GY7 9FB,
GY7 9FD,
GY7 9FE,
GY7 9FF,
GY7 9FG,
GY7 9FH,
GY7 9FJ,
GY7 9FL,
GY7 9FN,
GY7 9FP,
GY7 9FQ,
GY7 9FR,
GY7 9FS,
GY7 9FT,
GY7 9FW,
GY7 9FX,
GY7 9FY,
GY7 9HA,
GY7 9HB,
GY7 9HD,
GY7 9HE,
GY7 9HF,
GY7 9HG,
GY7 9HH,
GY7 9HJ,
GY7 9HL,
GY7 9HN,
GY7 9HP,
GY7 9HQ,
GY7 9HR,
GY7 9HS,
GY7 9HT,
GY7 9HU,
GY7 9HW,
GY7 9HX,
GY7 9HY,
GY7 9HZ,
GY7 9JA,
GY7 9JB,
GY7 9JD,
GY7 9JE,
GY7 9JJ,
GY7 9JL,
GY7 9JN,
GY7 9JP,
GY7 9JR,
GY7 9JS,
GY7 9JT,
GY7 9JU,
GY7 9JW,
GY7 9JX,
GY7 9JZ,
GY7 9LA,
GY7 9LB,
GY7 9LD,
GY7 9LE,
GY7 9LF,
GY7 9LG,
GY7 9LH,
GY7 9LJ,
GY7 9LL,
GY7 9LN,
GY7 9LP,
GY7 9LQ,
GY7 9LR,
GY7 9LS,
GY7 9LT,
GY7 9LU,
GY7 9LW,
GY7 9LX,
GY7 9LY,
GY7 9LZ,
GY7 9NA,
GY7 9NB,
GY7 9ND,
GY7 9NE,
GY7 9NF,
GY7 9NG,
GY7 9NH,
GY7 9NJ,
GY7 9NL,
GY7 9NN,
GY7 9NP,
GY7 9NQ,
GY7 9NW,
GY7 9PA,
GY7 9PB,
GY7 9PD,
GY7 9PE,
GY7 9PF,
GY7 9PG,
GY7 9PH,
GY7 9PJ,
GY7 9PL,
GY7 9PN,
GY7 9PP,
GY7 9PQ,
GY7 9PR,
GY7 9PS,
GY7 9PT,
GY7 9PU,
GY7 9PW,
GY7 9PX,
GY7 9PY,
GY7 9PZ,
GY7 9QA,
GY7 9QB,
GY7 9QD,
GY7 9QE,
GY7 9QF,
GY7 9QG,
GY7 9QH,
GY7 9QJ,
GY7 9QL,
GY7 9QN,
GY7 9QP,
GY7 9QQ,
GY7 9QR,
GY7 9QS,
GY7 9QT,
GY7 9QU,
GY7 9QW,
GY7 9QX,
GY7 9QY,
GY7 9QZ,
GY7 9RA,
GY7 9RB,
GY7 9RD,
GY7 9RL,
GY7 9RN,
GY7 9RP,
GY7 9RR,
GY7 9RS,
GY7 9RT,
GY7 9RU,
GY7 9RW,
GY7 9RX,
GY7 9RY,
GY7 9RZ,
GY7 9SA,
GY7 9SB,
GY7 9SD,
GY7 9SE,
GY7 9SF,
GY7 9SG,
GY7 9SH,
GY7 9SJ,
GY7 9SL,
GY7 9SN,
GY7 9SP,
GY7 9SQ,
GY7 9SR,
GY7 9SS,
GY7 9ST,
GY7 9SU,
GY7 9SW,
GY7 9SX,
GY7 9SY,
GY7 9SZ,
GY7 9TA,
GY7 9TB,
GY7 9TD,
GY7 9TE,
GY7 9TF,
GY7 9TG,
GY7 9TH,
GY7 9TJ,
GY7 9TL,
GY7 9TN,
GY7 9TQ,
GY7 9TT,
GY7 9TW,
GY7 9UA,
GY7 9UB,
GY7 9UD,
GY7 9UE,
GY7 9UF,
GY7 9UG,
GY7 9UH,
GY7 9UJ,
GY7 9UL,
GY7 9UN,
GY7 9UP,
GY7 9UQ,
GY7 9UW,
GY7 9XA,
GY7 9XB,
GY7 9XD,
GY7 9XE,
GY7 9XF,
GY7 9XG,
GY7 9XH,
GY7 9XN,
GY7 9XP,
GY7 9XQ,
GY7 9XR,
GY7 9XS,
GY7 9XT,
GY7 9XU,
GY7 9XW,
GY7 9XX,
GY7 9XY,
GY7 9YD,
GY7 9YE,
GY7 9YF,
GY7 9YG,
GY7 9YH,
GY7 9YJ,
GY7 9YL,
GY7 9YN,
GY7 9YP,
GY7 9YQ,
GY7 9YR,
GY7 9YS,
GY7 9YT,
GY7 9YU,
GY7 9YW,
GY7 9YX,
GY7 9YY,
GY7 9YZ,
GY8 0AA,
GY8 0AB,
GY8 0AD,
GY8 0AE,
GY8 0AF,
GY8 0AG,
GY8 0AH,
GY8 0AJ,
GY8 0AL,
GY8 0AN,
GY8 0AP,
GY8 0AQ,
GY8 0AR,
GY8 0AS,
GY8 0AT,
GY8 0AU,
GY8 0AW,
GY8 0AX,
GY8 0AY,
GY8 0AZ,
GY8 0BA,
GY8 0BB,
GY8 0BD,
GY8 0BE,
GY8 0BF,
GY8 0BG,
GY8 0BH,
GY8 0BJ,
GY8 0BL,
GY8 0BN,
GY8 0BP,
GY8 0BQ,
GY8 0BR,
GY8 0BS,
GY8 0BT,
GY8 0BW,
GY8 0BY,
GY8 0BZ,
GY8 0DA,
GY8 0DB,
GY8 0DD,
GY8 0DE,
GY8 0DF,
GY8 0DG,
GY8 0DH,
GY8 0DJ,
GY8 0DL,
GY8 0DN,
GY8 0DP,
GY8 0DQ,
GY8 0DR,
GY8 0DS,
GY8 0DT,
GY8 0DU,
GY8 0DW,
GY8 0DX,
GY8 0DY,
GY8 0DZ,
GY8 0EA,
GY8 0EB,
GY8 0ED,
GY8 0EE,
GY8 0EF,
GY8 0EG,
GY8 0EQ,
GY8 0HA,
GY8 0HB,
GY8 0HD,
GY8 0HE,
GY8 0HF,
GY8 0HG,
GY8 0HH,
GY8 0HJ,
GY8 0HL,
GY8 0HN,
GY8 0HP,
GY8 0HQ,
GY8 0HR,
GY8 0HS,
GY8 0HT,
GY8 0HU,
GY8 0HW,
GY8 0HX,
GY8 0HY,
GY8 0HZ,
GY8 0JA,
GY8 0JB,
GY1 4ES,
GY1 4ET,
GY1 4EU,
GY1 4EW,
GY1 4EX,
GY1 4EY,
GY1 4EZ,
GY1 4HA,
GY1 4HB,
GY1 4HD,
GY1 4HE,
GY1 4HF,
GY1 4HG,
GY1 4HH,
GY1 4HJ,
GY1 4HL,
GY1 4HN,
GY1 4HP,
GY1 4HQ,
GY1 4HR,
GY1 4HS,
GY1 4HT,
GY1 4HU,
GY1 4HW,
GY1 4HX,
GY1 4HY,
GY1 4HZ,
GY1 4JA,
GY1 4JB,
GY1 4JD,
GY1 4JE,
GY1 4JF,
GY1 4JG,
GY1 4JH,
GY1 4JQ,
GY1 4LA,
GY1 4LB,
GY1 4LD,
GY1 4LE,
GY1 4LF,
GY1 4LG,
GY1 4LH,
GY1 4LJ,
GY1 4LL,
GY1 4LN,
GY1 4LP,
GY1 4LQ,
GY1 4LR,
GY1 4LS,
GY1 4LT,
GY1 4LU,
GY1 4LW,
GY1 4LX,
GY1 4LY,
GY1 4LZ,
GY1 4NA,
GY1 4NB,
GY1 4ND,
GY1 4NE,
GY1 4NF,
GY1 4NG,
GY1 4NH,
GY1 4NJ,
GY1 4NL,
GY1 4NN,
GY1 4NP,
GY1 4NQ,
GY1 4NR,
GY1 4NS,
GY1 4NT,
GY1 4NU,
GY1 4NW,
GY1 4NX,
GY1 4NY,
GY1 4NZ,
GY1 4PA,
GY1 4PB,
GY1 4PD,
GY1 4PE,
GY1 4PF,
GY1 4PG,
GY1 4PH,
GY1 4PJ,
GY1 4PL,
GY1 4PN,
GY1 4PP,
GY1 4PQ,
GY1 4PR,
GY1 4PS,
GY1 4PU,
GY1 4PW,
GY1 4PX,
GY1 4PY,
GY1 4PZ,
GY1 4QA,
GY1 6AA,
GY1 6AB,
GY1 6AD,
GY1 6AE,
GY1 6AF,
GY1 6AG,
GY1 6AH,
GY1 6AJ,
GY1 6AL,
GY1 6AN,
GY1 6AP,
GY1 6AQ,
GY1 6AR,
GY1 6AS,
GY1 6AT,
GY1 6AU,
GY1 6AW,
GY1 6AX,
GY1 6AY,
GY1 6AZ,
GY1 6BA,
GY1 6BB,
GY1 6BD,
GY1 6BE,
GY1 6BF,
GY1 6BG,
GY1 6BH,
GY1 6BJ,
GY1 6BL,
GY1 6BN,
GY1 6BP,
GY1 6BQ,
GY1 6BR,
GY1 6BS,
GY1 6BT,
GY1 6BU,
GY1 6BW,
GY1 6BX,
GY1 6BY,
GY1 6BZ,
GY1 6DA,
GY1 6DB,
GY1 6DD,
GY1 6DE,
GY1 6DF,
GY1 6DG,
GY1 6DH,
GY1 6DJ,
GY1 6DL,
GY1 6DN,
GY1 6DP,
GY1 6DQ,
GY1 6DR,
GY1 6DS,
GY1 6DT,
GY1 6DU,
GY1 6DW,
GY1 6DX,
GY1 6DY,
GY1 6DZ,
GY1 6EA,
GY1 6EB,
GY1 6ED,
GY1 6EE,
GY1 6EF,
GY1 6EG,
GY1 6EH,
GY1 6EJ,
GY1 6EL,
GY1 6EN,
GY1 6EP,
GY1 6EQ,
GY1 6ER,
GY1 6ES,
GY1 6ET,
GY1 6EU,
GY1 6EW,
GY1 6EX,
GY1 6EY,
GY1 6EZ,
GY1 6HA,
GY1 6HB,
GY1 6HD,
GY1 6HE,
GY1 6HF,
GY1 6HG,
GY1 6HH,
GY1 6HJ,
GY1 6HL,
GY1 6HN,
GY1 6HP,
GY1 6HQ,
GY1 6HR,
GY1 6HS,
GY1 6HT,
GY1 6HU,
GY1 6HW,
GY1 6HX,
GY1 6HY,
GY1 6HZ,
GY1 6JA,
GY1 6JB,
GY1 6JD,
GY1 6JF,
GY1 6JG,
GY1 6JH,
GY1 6JJ,
GY1 6JL,
GY1 6JN,
GY1 6JP,
GY1 6JQ,
GY1 6JR,
GY1 6JS,
GY1 6JT,
GY1 6JU,
GY1 6JW,
GY1 6JX,
GY1 6JZ,
GY1 6LA,
GY1 6LB,
GY1 6LD,
GY1 6LE,
GY1 6LF,
GY1 6LG,
GY1 6LH,
GY1 6LJ,
GY1 6LL,
GY1 6LN,
GY1 6LP,
GY1 6LQ,
GY1 6LR,
GY1 6LS,
GY1 6LT,
GY1 6LU,
GY1 6LW,
GY1 6LX,
GY1 6LY,
GY1 6LZ,
GY1 6NA,
GY1 6NB,
GY1 6ND,
GY1 6NE,
GY1 6NF,
GY1 6NG,
GY1 6NQ,
GY1 7SL,
GY1 7SN,
GY1 7SP,
GY1 7SR,
GY1 7SS,
GY1 7ST,
GY1 7SU,
GY1 7SW,
GY1 7TB,
GY101PB,
GY101SA,
GY101SB,
GY101SD,
GY101SE,
GY101SF,
GY101SG,
GY101SH,
GY2 4AA,
GY2 4AB,
GY2 4AD,
GY2 4AE,
GY2 4AF,
GY2 4AG,
GY2 4AH,
GY2 4AJ,
GY2 4AL,
GY2 4AN,
GY2 4AP,
GY2 4AQ,
GY2 4AR,
GY2 4AS,
GY2 4AT,
GY2 4AU,
GY2 4AW,
GY2 4AX,
GY2 4AY,
GY2 4AZ,
GY2 4BA,
GY2 4BB,
GY2 4BD,
GY2 4BE,
GY2 4BF,
GY2 4BG,
GY2 4BH,
GY2 4BJ,
GY2 4BL,
GY2 4BN,
GY2 4BP,
GY2 4BQ,
GY2 4BR,
GY2 4BS,
GY2 4BT,
GY2 4BU,
GY2 4BW,
GY2 4BX,
GY2 4BY,
GY2 4BZ,
GY2 4DA,
GY2 4DD,
GY2 4DG,
GY2 4DH,
GY2 4DJ,
GY2 4DL,
GY2 4DN,
GY2 4DP,
GY2 4DQ,
GY2 4DR,
GY2 4DS,
GY2 4DT,
GY2 4DU,
GY2 4DW,
GY2 4DX,
GY2 4DY,
GY2 4DZ,
GY2 4EA,
GY2 4EB,
GY2 4ED,
GY2 4EE,
GY2 4EF,
GY2 4EG,
GY2 4EH,
GY2 4EJ,
GY2 4EL,
GY2 4EN,
GY2 4EP,
GY2 4EQ,
GY2 4ER,
GY2 4ES,
GY2 4ET,
GY2 4EU,
GY2 4EW,
GY2 4EX,
GY2 4EY,
GY2 4EZ,
GY2 4FB,
GY2 4FD,
GY2 4FE,
GY2 4FF,
GY2 4FG,
GY2 4FH,
GY2 4FJ,
GY2 4FL,
GY2 4FN,
GY2 4FP,
GY2 4FQ,
GY2 4FR,
GY2 4FW,
GY2 4GA,
GY2 4GB,
GY2 4GD,
GY2 4GE,
GY2 4GF,
GY2 4GG,
GY2 4GH,
GY2 4GJ,
GY2 4GL,
GY2 4GN,
GY2 4GP,
GY2 4GQ,
GY2 4GR,
GY2 4GS,
GY2 4GT,
GY2 4GW,
GY2 4GX,
GY2 4GZ,
GY2 4HA,
GY2 4HH,
GY2 4HJ,
GY2 4HL,
GY2 4HN,
GY2 4HQ,
GY2 4HR,
GY2 4HS,
GY2 4HT,
GY2 4HU,
GY2 4HW,
GY2 4HX,
GY2 4HY,
GY2 4HZ,
GY2 4JA,
GY2 4JB,
GY2 4JD,
GY2 4JF,
GY2 4JG,
GY2 4JH,
GY2 4JJ,
GY2 4JL,
GY2 4JN,
GY2 4JP,
GY2 4JQ,
GY2 4JR,
GY2 4JS,
GY2 4JT,
GY2 4JU,
GY2 4JW,
GY2 4JX,
GY2 4JZ,
GY2 4LA,
GY2 4LB,
GY2 4LD,
GY2 4LE,
GY2 4LF,
GY2 4LG,
GY2 4LH,
GY2 4LJ,
GY2 4LL,
GY2 4LN,
GY2 4LP,
GY2 4LQ,
GY2 4LR,
GY2 4LW,
GY2 4LX,
GY2 4LY,
GY2 4NA,
GY2 4NB,
GY2 4ND,
GY2 4NE,
GY2 4NF,
GY2 4NG,
GY2 4NH,
GY2 4NJ,
GY2 4NL,
GY2 4NN,
GY2 4NQ,
GY2 4NR,
GY2 4NS,
GY2 4NT,
GY2 4NU,
GY2 4NW,
GY2 4NX,
GY2 4NY,
GY2 4NZ,
GY2 4PA,
GY2 4PB,
GY2 4PD,
GY2 4PE,
GY2 4PF,
GY2 4PG,
GY2 4PH,
GY2 4PJ,
GY2 4PL,
GY2 4PN,
GY2 4PP,
GY2 4PQ,
GY2 4PR,
GY2 4PS,
GY2 4PW,
GY2 4QA,
GY2 4QB,
GY2 4QD,
GY2 4QE,
GY2 4QF,
GY2 4QG,
GY2 4QH,
GY2 4QJ,
GY2 4QL,
GY2 4QN,
GY2 4QP,
GY2 4QQ,
GY2 4QR,
GY2 4QS,
GY2 4QW,
GY2 4RA,
GY2 4RB,
GY2 4RD,
GY2 4RE,
GY2 4RF,
GY2 4RG,
GY2 4RH,
GY2 4RJ,
GY2 4RL,
GY2 4RN,
GY2 4RP,
GY2 4RQ,
GY2 4RR,
GY2 4RS,
GY2 4RT,
GY2 4RU,
GY2 4RW,
GY2 4RX,
GY2 4RY,
GY2 4RZ,
GY2 4SA,
GY2 4SB,
GY2 4SD,
GY2 4SE,
GY2 4SF,
GY2 4SG,
GY2 4SN,
GY2 4SP,
GY2 4SR,
GY2 4SS,
GY2 4ST,
GY2 4SU,
GY2 4SW,
GY2 4SX,
GY2 4SY,
GY2 4SZ,
GY2 4TA,
GY2 4TB,
GY2 4TD,
GY2 4TE,
GY2 4TF,
GY2 4TG,
GY2 4TH,
GY2 4TJ,
GY2 4TL,
GY2 4TN,
GY2 4TQ,
GY2 4TR,
GY2 4TS,
GY2 4TT,
GY2 4TU,
GY2 4TW,
GY2 4TX,
GY2 4TZ,
GY2 4UG,
GY2 4UH,
GY2 4UJ,
GY2 4UL,
GY2 4UN,
GY2 4UP,
GY2 4UQ,
GY2 4UR,
GY2 4US,
GY2 4UT,
GY2 4UU,
GY2 4UW,
GY2 4UX,
GY2 4UY,
GY2 4WA,
GY2 4WB,
GY2 4WD,
GY2 4WE,
GY2 4WF,
GY2 4WG,
GY2 4WH,
GY2 4WJ,
GY2 4WL,
GY2 4WN,
GY2 4WQ,
GY2 4WU,
GY2 4WX,
GY2 4WY,
GY2 4XA,
GY2 4XB,
GY2 4XD,
GY2 4XE,
GY2 4XF,
GY2 4XG,
GY2 4XH,
GY2 4XJ,
GY2 4XL,
GY2 4XN,
GY2 4XP,
GY2 4XQ,
GY2 4XT,
GY2 4XU,
GY2 4XW,
GY2 4XX,
GY2 4XY,
GY2 4XZ,
GY2 4YA,
GY2 4YB,
GY2 4YD,
GY2 4YE,
GY2 4YF,
GY2 4YG,
GY2 4YH,
GY2 4YJ,
GY2 4YL,
GY2 4YN,
GY2 4YP,
GY2 4YQ,
GY2 4YR,
GY2 4YS,
GY2 4YT,
GY2 4YU,
GY2 4YW,
GY2 4YX,
GY2 4YY,
GY2 4YZ,
GY2 4ZA,
GY2 4ZB,
GY3 5AA,
GY3 5AB,
GY3 5AD,
GY3 5AE,
GY3 5AF,
GY3 5AG,
GY3 5AH,
GY3 5AJ,
GY3 5AL,
GY3 5AN,
GY3 5AP,
GY3 5AQ,
GY3 5AR,
GY3 5AS,
GY3 5AT,
GY3 5AU,
GY3 5AW,
GY3 5AX,
GY3 5AY,
GY3 5AZ,
GY3 5BA,
GY3 5BB,
GY3 5BD,
GY3 5BE,
GY3 5BG,
GY3 5BH,
GY3 5BJ,
GY3 5BL,
GY3 5BN,
GY3 5BP,
GY3 5BQ,
GY3 5BR,
GY3 5BS,
GY3 5BT,
GY3 5BU,
GY3 5BW,
GY3 5BX,
GY3 5BY,
GY3 5BZ,
GY3 5DA,
GY3 5DB,
GY3 5DD,
GY3 5DE,
GY3 5DF,
GY3 5DG,
GY3 5DH,
GY3 5DJ,
GY3 5DL,
GY3 5DN,
GY3 5DP,
GY3 5DQ,
GY3 5DR,
GY3 5DS,
GY3 5DT,
GY3 5DU,
GY3 5DW,
GY3 5DX,
GY3 5DY,
GY3 5DZ,
GY3 5EA,
GY3 5EB,
GY3 5ED,
GY3 5EE,
GY3 5EF,
GY3 5EG,
GY3 5EH,
GY3 5EJ,
GY3 5EL,
GY3 5EN,
GY3 5EP,
GY3 5EQ,
GY3 5ER,
GY3 5ES,
GY3 5EU,
GY3 5EW,
GY3 5HA,
GY3 5HB,
GY3 5HD,
GY3 5HE,
GY3 5HF,
GY3 5HG,
GY3 5HH,
GY3 5HJ,
GY3 5HL,
GY3 5HN,
GY3 5HP,
GY3 5HQ,
GY3 5HR,
GY3 5HS,
GY3 5HU,
GY3 5HW,
GY3 5HX,
GY3 5HY,
GY3 5HZ,
GY3 5JA,
GY3 5JB,
GY3 5JD,
GY3 5JF,
GY3 5JG,
GY3 5JH,
GY3 5JJ,
GY3 5JL,
GY3 5JN,
GY3 5JP,
GY3 5JQ,
GY3 5JR,
GY3 5JS,
GY3 5JT,
GY3 5JU,
GY3 5JW,
GY3 5JX,
GY3 5LA,
GY3 5LB,
GY3 5LD,
GY3 5LE,
GY3 5LF,
GY3 5LG,
GY3 5LH,
GY3 5LJ,
GY3 5LL,
GY3 5LN,
GY3 5LP,
GY3 5LQ,
GY3 5LR,
GY3 5LS,
GY3 5LT,
GY3 5LU,
GY3 5LW,
GY3 5LX,
GY3 5LY,
GY3 5LZ,
GY3 5NA,
GY3 5NB,
GY3 5ND,
GY3 5NE,
GY3 5NF,
GY3 5NG,
GY3 5NH,
GY3 5NJ,
GY3 5NL,
GY3 5NN,
GY3 5NP,
GY3 5NQ,
GY3 5NR,
GY3 5NS,
GY3 5NT,
GY3 5NU,
GY3 5NW,
GY3 5PA,
GY3 5PB,
GY3 5PD,
GY3 5PE,
GY3 5PG,
GY3 5PH,
GY3 5PJ,
GY3 5PL,
GY3 5PN,
GY3 5PP,
GY3 5PQ,
GY3 5PR,
GY3 5PS,
GY3 5PT,
GY3 5PU,
GY3 5PW,
GY3 5PX,
GY3 5PY,
GY3 5PZ,
GY3 5QA,
GY3 5QB,
GY3 5QD,
GY3 5QE,
GY3 5QF,
GY3 5QG,
GY3 5QH,
GY3 5QJ,
GY3 5QL,
GY3 5QN,
GY3 5QP,
GY3 5QQ,
GY3 5QR,
GY3 5QS,
GY3 5QT,
GY3 5QU,
GY3 5QW,
GY3 5QX,
GY3 5QY,
GY3 5QZ,
GY3 5RA,
GY3 5RB,
GY3 5RD,
GY3 5RE,
GY3 5RF,
GY3 5RG,
GY3 5RP,
GY3 5RQ,
GY3 5RR,
GY3 5RS,
GY3 5RT,
GY3 5RU,
GY3 5RW,
GY3 5RX,
GY3 5RY,
GY3 5RZ,
GY3 5SA,
GY3 5SB,
GY3 5SD,
GY3 5SE,
GY3 5SF,
GY3 5SG,
GY3 5SH,
GY3 5SJ,
GY3 5SL,
GY3 5SN,
GY3 5SP,
GY3 5SQ,
GY3 5SR,
GY3 5SZ,
GY3 5TA,
GY3 5TB,
GY3 5TD,
GY3 5TE,
GY3 5TF,
GY3 5TG,
GY3 5TH,
GY3 5TJ,
GY3 5TL,
GY3 5TN,
GY3 5TP,
GY3 5TQ,
GY3 5TR,
GY3 5TS,
GY3 5TT,
GY3 5TU,
GY3 5TW,
GY3 5TX,
GY3 5TZ,
GY3 5UA,
GY3 5UB,
GY3 5UD,
GY3 5UE,
GY3 5UF,
GY3 5UG,
GY3 5UH,
GY3 5UJ,
GY3 5UQ,
GY3 5XA,
GY3 5XB,
GY3 5XD,
GY3 5XE,
GY3 5XF,
GY3 5XG,
GY3 5XH,
GY3 5XJ,
GY3 5XQ,
GY4 6AA,
GY4 6AB,
GY4 6AD,
GY4 6AE,
GY4 6AF,
GY4 6AG,
GY4 6AH,
GY4 6AJ,
GY4 6AL,
GY4 6AN,
GY4 6AP,
GY4 6AQ,
GY4 6AR,
GY4 6AS,
GY4 6AT,
GY4 6AU,
GY4 6AW,
GY4 6AY,
GY4 6AZ,
GY4 6BA,
GY4 6BB,
GY4 6BD,
GY4 6BE,
GY4 6BF,
GY4 6BG,
GY4 6BH,
GY4 6BJ,
GY4 6BL,
GY4 6BN,
GY4 6BQ,
GY4 6DA,
GY4 6DB,
GY4 6DE,
GY4 6DF,
GY4 6DG,
GY4 6DH,
GY4 6DJ,
GY4 6DL,
GY4 6DN,
GY4 6DP,
GY4 6DQ,
GY4 6DR,
GY4 6DS,
GY4 6DT,
GY4 6DU,
GY4 6DW,
GY4 6DX,
GY4 6DY,
GY4 6DZ,
GY4 6EA,
GY4 6EB,
GY4 6ED,
GY4 6EE,
GY4 6EF,
GY4 6EG,
GY4 6EH,
GY4 6EJ,
GY4 6EL,
GY4 6EN,
GY4 6EP,
GY4 6EQ,
GY4 6ER,
GY4 6ES,
GY4 6ET,
GY4 6EU,
GY4 6EW,
GY4 6EX,
GY4 6EY,
GY4 6EZ,
GY4 6HA,
GY4 6HB,
GY4 6HE,
GY4 6HF,
GY4 6HG,
GY4 6HH,
GY4 6HJ,
GY4 6HL,
GY4 6HN,
GY4 6HP,
GY4 6HQ,
GY4 6HR,
GY4 6HS,
GY4 6HT,
GY4 6HU,
GY4 6HW,
GY4 6HX,
GY4 6HY,
GY4 6HZ,
GY4 6JA,
GY4 6JB,
GY4 6JD,
GY4 6JE,
GY4 6JF,
GY4 6JG,
GY4 6JH,
GY4 6JJ,
GY4 6JL,
GY4 6JN,
GY4 6JP,
GY4 6JQ,
GY4 6JR,
GY4 6JS,
GY4 6JT,
GY4 6JU,
GY4 6JW,
GY4 6JX,
GY4 6JY,
GY4 6JZ,
GY4 6LA,
GY4 6LB,
GY4 6LD,
GY4 6LE,
GY4 6LG,
GY4 6LH,
GY4 6LJ,
GY4 6LL,
GY4 6LN,
GY4 6LP,
GY4 6LQ,
GY4 6LR,
GY4 6LS,
GY4 6LT,
GY4 6LU,
GY4 6LW,
GY4 6LX,
GY4 6LY,
GY4 6LZ,
GY4 6NA,
GY4 6NB,
GY4 6ND,
GY4 6NE,
GY4 6NF,
GY4 6NG,
GY4 6NH,
GY4 6NJ,
GY4 6NL,
GY4 6NN,
GY4 6NP,
GY4 6NQ,
GY4 6NR,
GY4 6NS,
GY4 6NT,
GY4 6NU,
GY4 6NW,
GY4 6NX,
GY4 6PA,
GY4 6PE,
GY4 6PF,
GY4 6PG,
GY4 6PH,
GY4 6PJ,
GY4 6PL,
GY4 6PN,
GY4 6PP,
GY4 6PQ,
GY4 6PR,
GY4 6PS,
GY4 6PT,
GY4 6PU,
GY4 6PW,
GY4 6PX,
GY4 6PY,
GY8 0JD,
GY8 0JF,
GY8 0JG,
GY8 0JH,
GY8 0JJ,
GY8 0JL,
GY8 0JP,
GY8 0JQ,
GY8 0JW,
GY8 0JZ,
GY8 0LA,
GY8 0LB,
GY8 0LD,
GY8 0LE,
GY8 0LF,
GY8 0LG,
GY8 0LH,
GY8 0LJ,
GY8 0LL,
GY8 0LN,
GY8 0LP,
GY8 0LQ,
GY8 0LR,
GY8 0LS,
GY8 0LT,
GY8 0LU,
GY8 0LW,
GY8 0LX,
GY8 0LY,
GY8 0LZ,
GY8 0NA,
GY8 0NB,
GY8 0ND,
GY8 0NE,
GY8 0NF,
GY8 0NG,
GY8 0NH,
GY8 0NJ,
GY8 0NL,
GY8 0PA,
GY8 0PB,
GY8 0PD,
GY8 0PE,
GY8 0PF,
GY8 0PG,
GY8 0PH,
GY8 0PJ,
GY8 0PL,
GY8 0PN,
GY8 0PP,
GY8 0PQ,
GY8 0PR,
GY8 0PS,
GY8 0PT,
GY8 0PU,
GY8 0PW,
GY8 0PX,
GY8 0PY,
GY8 0PZ,
GY8 0QA,
GY8 0QD,
GY8 0QE,
GY8 0QP,
GY8 0QQ,
GY8 0RA,
GY8 0RB,
GY8 0RD,
GY8 0RE,
GY8 0RF,
GY8 0RG,
GY8 0RH,
GY8 0RJ,
GY8 0RQ,
GY9 0SA,
GY9 0SB,
GY9 0SD,
GY9 0SE,
GY9 0SF,
GY9 0SG,
GY9 3AA,
GY9 3AB,
GY9 3AD,
GY9 3AE,
GY9 3AF,
GY9 3AG,
GY9 3AH,
GY9 3AJ,
GY9 3AL,
GY9 3AN,
GY9 3AP,
GY9 3AQ,
GY9 3AR,
GY9 3AS,
GY9 3AT,
GY9 3AU,
GY9 3AW,
GY9 3AX,
GY9 3AY,
GY9 3AZ,
GY9 3BA,
GY9 3BB,
GY9 3BD,
GY9 3BE,
GY9 3BF,
GY9 3BG,
GY9 3BH,
GY9 3BJ,
GY9 3BL,
GY9 3BN,
GY9 3BP,
GY9 3BQ,
GY9 3BR,
GY9 3BS,
GY9 3BT,
GY9 3BU,
GY9 3BW,
GY9 3BX,
GY9 3BY,
GY9 3BZ,
GY9 3DA,
GY9 3DB,
GY9 3DD,
GY9 3DE,
GY9 3DF,
GY9 3DG,
GY9 3DH,
GY9 3DJ,
GY9 3DL,
GY9 3DN,
GY9 3DP,
GY9 3DQ,
GY9 3DR,
GY9 3DS,
GY9 3DT,
GY9 3DU,
GY9 3DW,
GY9 3DX,
GY9 3DY,
GY9 3DZ,
GY9 3EA,
GY9 3EB,
GY9 3ED,
GY9 3EE,
GY9 3EF,
GY9 3EG,
GY9 3EH,
GY9 3EJ,
GY9 3EL,
GY9 3EN,
GY9 3EP,
GY9 3EQ,
GY9 3ER,
GY9 3ES,
GY9 3ET,
GY9 3EU,
GY9 3EW,
GY9 3EX,
GY9 3EY,
GY9 3EZ,
GY9 3HA,
GY9 3HB,
GY9 3HD,
GY9 3HE,
GY9 3HF,
GY9 3HG,
GY9 3HH,
GY9 3HJ,
GY9 3HL,
GY9 3HN,
GY9 3HP,
GY9 3HQ,
GY9 3HR,
GY9 3HS,
GY9 3HT,
GY9 3HU,
GY9 3HW,
GY9 3HX,
GY9 3HY,
GY9 3HZ,
GY9 3JA,
GY9 3JB,
GY9 3JD,
GY9 3JE,
GY9 3JF,
GY9 3JG,
GY9 3JH,
GY9 3JJ,
GY9 3JL,
GY9 3JN,
GY9 3JP,
GY9 3JQ,
GY9 3JR,
GY9 3JS,
GY9 3JT,
GY9 3JU,
GY9 3JW,
GY9 3JX,
GY9 3JY,
GY9 3JZ,
GY9 3LA,
GY9 3LB,
GY9 3LD,
GY9 3LE,
GY9 3LG,
GY9 3LJ,
GY9 3LL,
GY9 3LN,
GY9 3LP,
GY9 3LQ,
GY9 3LS,
GY9 3LT,
GY9 3LU,
GY9 3LW,
GY9 3LX,
GY9 3LY,
GY9 3LZ,
GY9 3NA,
GY9 3NB,
GY9 3ND,
GY9 3NE,
GY9 3NF,
GY9 3NG,
GY9 3NJ,
GY9 3NL,
GY9 3NN,
GY9 3NP,
GY9 3NQ,
GY9 3NW,
GY9 3NX,
GY9 3NY,
GY9 3RS,
GY9 3TA,
GY9 3TB,
GY9 3TD,
GY9 3TE,
GY9 3TF,
GY9 3TG,
GY9 3TH,
GY9 3TJ,
GY9 3TL,
GY9 3TN,
GY9 3TP,
GY9 3TQ,
GY9 3TR,
GY9 3TS,
GY9 3TT,
GY9 3TU,
GY9 3TW,
GY9 3TX,
GY9 3TY,
GY9 3TZ,
GY9 3UA,
GY9 3UB,
GY9 3UD,
GY9 3UE,
GY9 3UF,
GY9 3UG,
GY9 3UH,
GY9 3UL,
GY9 3UN,
GY9 3UP,
GY9 3UQ,
GY9 3UR,
GY9 3US,
GY9 3UT,
GY9 3UU,
GY9 3UW,
GY9 3UX,
GY9 3UY,
GY9 3UZ,
GY9 3WA,
GY9 3XA,
GY9 3XB,
GY9 3XD,
GY9 3XE,
GY9 3XF,
GY9 3XG,
GY9 3XH,
GY9 3XJ,
GY9 3XL,
GY9 3XN,
GY9 3XP,
GY9 3XQ,
GY9 3XR,
GY9 3XS,
GY9 3XT,
GY9 3XU,
GY9 3XW,
GY9 3XX,
GY9 3XY,
GY9 3XZ,
GY9 3YA,
GY9 3YB,
GY9 3YD,
GY9 3YE,
GY9 3YF,
GY9 3YG,
GY9 3YH,
GY9 3YJ,
GY9 3YL,
GY9 3YN,
GY9 3YP,
GY9 3YQ,
GY9 3YR,
GY9 3YS,
GY9 3YW,
GY9 3YZ,
