HG1 3LE,10
HG1 3LF,10
HG1 3LG,10
HG1 3LH,10
HG1 3LJ,10
HG1 3LL,10
HG1 3LN,10
HG1 3LP,10
HG1 3LQ,10
HG1 3LR,10
HG1 3LS,10
HG1 3LT,10
HG1 3LU,10
HG1 3LW,10
HG1 3LX,10
HG1 3LY,10
HG1 3NA,10
HG1 3NB,10
HG1 3ND,10
HG1 3UX,5
HG1 3UY,5
HG1 3UZ,10
HG1 3WA,5
HG1 3WU,5
HG1 3WW,5
HG1 3WX,5
HG1 3WY,5
HG1 3WZ,5
HG1 3XA,5
HG1 3XB,5
HG1 3XD,10
HG1 3XE,5
HG1 3XF,5
HG1 3XG,10
HG1 3XH,8
HG1 3XJ,10
HG1 3XL,10
HG1 3XN,10
HG1 3XP,10
HG1 3XQ,10
HG1 3XR,10
HG1 3XS,5
HG1 3XT,5
HG1 3XU,5
HG1 3XW,10
HG1 3XX,5
HG1 3XY,10
HG1 3XZ,5
HG1 3YL,5
HG1 3YN,5
HG1 3YZ,10
HG1 4AA,6
HG1 4AB,5
HG1 4AD,7
HG1 4AE,5
HG1 4AF,7
HG1 4AG,7
HG1 4AH,7
HG1 4AJ,5
HG1 4AL,5
HG1 4AN,5
HG1 4AP,5
HG1 4AQ,7
HG1 4AR,5
HG1 4AS,5
HG1 4AT,5
HG1 4AU,5
HG1 4AW,5
HG1 4AX,5
HG1 4AY,5
HG1 4AZ,7
HG1 4BA,5
HG1 4BB,5
HG1 4BD,7
HG1 4BE,7
HG1 4BF,7
HG1 4BG,7
HG1 4BH,7
HG1 4BJ,7
HG1 4BL,7
HG1 4BN,7
HG1 4BP,7
HG1 4BQ,7
HG1 4BS,7
HG1 4BT,7
HG1 4BU,7
HG1 4BW,7
HG1 4BX,7
HG1 4BY,7
HG1 4BZ,7
HG1 4DA,7
HG1 4DB,7
HG1 4DD,7
HG1 4DE,5
HG1 4DF,5
HG1 4DG,7
HG1 4DH,10
HG1 4DJ,10
HG1 4DL,10
HG1 4DN,10
HG1 4DP,7
HG1 4DQ,10
HG1 4DR,7
HG1 4DS,5
HG1 4DT,7
HG1 4DU,6
HG1 4DW,10
HG1 4DY,7
HG1 4DZ,7
HG1 4EA,7
HG1 4EB,7
HG1 4ED,7
HG1 4EE,5
HG1 4EF,7
HG1 4EG,8
HG1 4EH,8
HG1 4EJ,8
HG1 4EL,6
HG1 4EN,8
HG1 4EP,6
HG1 4EQ,8
HG1 4ER,6
HG1 4ES,6
HG1 4ET,6
HG1 4EU,6
HG1 4EW,6
HG1 4EX,6
HG1 4EY,6
HG1 4EZ,6
HG1 4FA,5
HG1 4FB,5
HG1 4FD,7
HG1 4FE,5
HG1 4FF,5
HG1 4FG,5
HG1 4FH,7
HG1 4FL,6
HG1 4GQ,7
HG1 4GS,7
HG1 4GU,7
HG1 4HA,7
HG1 4HB,8
HG1 4HE,7
HG1 4HF,7
HG1 4HG,7
HG1 4HH,8
HG1 4HJ,8
HG1 4HL,7
HG1 4HN,7
HG1 4HP,8
HG1 4HQ,8
HG1 4HR,8
HG1 4HS,8
HG1 4HT,8
HG1 4HU,7
HG1 4HW,8
HG1 4HX,7
HG1 4HY,5
HG1 4HZ,1
HG1 4JA,1
HG1 4JB,1
HG1 4JD,1
HG1 4JE,6
HG1 4JF,6
HG1 4JG,6
HG1 4JH,6
HG1 4JJ,6
HG1 4JL,6
HG1 4JN,6
HG1 4JP,6
HG1 4JQ,6
HG1 4JR,6
HG1 4JS,6
HG1 4JT,1
HG1 4JU,1
HG1 4JW,6
HG1 4JX,1
HG1 4JY,1
HG1 4JZ,1
HG1 4LA,1
HG1 4LB,1
HG1 4LD,1
HG1 4LE,7
HG1 4LF,7
HG1 4LG,7
HG1 4LH,7
HG1 4LJ,7
HG1 4LL,7
HG1 4LN,1
HG1 4LP,1
HG1 4LQ,7
HG1 4LR,1
HG1 4LS,1
HG1 4LT,1
HG1 4LU,1
HG1 4LW,1
HG1 4LX,1
HG1 4LY,1
HG1 4LZ,1
HG1 4NA,1
HG1 4NB,1
HG1 4ND,1
HG1 4NE,1
HG1 4NF,1
HG1 4NG,1
HG1 4NH,1
HG1 4NJ,6
HG1 4NL,8
HG1 4NN,6
HG1 4NP,7
HG1 4NQ,1
HG1 4NR,7
HG1 4NS,7
HG1 4NT,7
HG1 4NU,7
HG1 4NW,6
HG1 4NX,7
HG1 4PA,5
HG1 4PD,5
HG1 4PE,1
HG1 4PF,8
HG1 4PG,5
HG1 4PH,5
HG1 4PL,8
HG1 4PN,6
HG1 4PP,6
HG1 4PQ,5
HG1 4PR,6
HG1 4PS,7
HG1 4PT,5
HG1 4PW,6
HG1 4PX,7
HG1 4PY,7
HG1 4PZ,5
HG1 4QA,7
HG1 4QB,7
HG1 4QD,7
HG1 4QE,7
HG1 4QF,7
HG1 4QG,7
HG1 4QH,7
HG1 4QJ,7
HG1 4QL,7
HG1 4QN,7
HG1 4QP,7
HG1 4QQ,7
HG1 4QR,7
HG1 4QS,7
HG1 4QT,7
HG1 4QW,7
HG1 4QX,6
HG1 4QY,8
HG1 4QZ,8
HG1 4RA,7
HG1 4RB,6
HG1 4RD,7
HG1 4RE,8
HG1 4RF,7
HG1 4RG,7
HG1 4RH,7
HG1 4RJ,7
HG1 4RL,7
HG1 4RN,7
HG1 4RP,7
HG1 4RQ,7
HG1 4RT,8
HG1 4RU,8
HG1 4RW,7
HG1 4RX,5
HG1 4RY,8
HG1 4RZ,8
HG1 4SA,8
HG1 4SB,8
HG1 4SD,8
HG1 4SE,8
HG1 4SF,8
HG1 4SG,8
HG1 4SH,8
HG1 4SJ,8
HG1 4SL,8
HG1 4SN,5
HG1 4SP,7
HG1 4SQ,8
HG1 4SR,5
HG1 4SS,7
HG1 4ST,5
HG1 4SU,5
HG1 4SW,8
HG1 4SX,5
HG1 4SY,5
HG1 4SZ,5
HG1 4TA,5
HG1 4TB,5
HG1 4TD,5
HG1 4TE,5
HG1 4TF,5
HG1 4TG,5
HG1 4TH,5
HG1 4TJ,8
HG1 4TL,8
HG1 4TN,8
HG1 4TP,5
HG1 4TQ,5
HG1 4TR,5
HG1 4TU,5
HG1 4TW,5
HG1 4TX,5
HG1 4TY,5
HG1 4UA,7
HG1 4UB,5
HG1 4UD,5
HG1 4UE,5
HG1 4UF,5
HG1 4UG,5
HG1 4UH,5
HG1 4UJ,5
HG1 4UL,5
HG1 4UN,5
HG1 4UP,5
HG1 4UQ,5
HG1 4UR,5
HG1 4UT,5
HG1 4UU,5
HG1 4UW,5
HG1 4UX,5
HG1 4UY,5
HG1 4UZ,5
HG1 4WA,5
HG1 4WB,5
HG1 4WD,5
HG1 4WL,5
HG1 4WN,5
HG1 4WP,5
HG1 4WQ,5
HG1 4WR,5
HG1 4WS,5
HG1 4WT,5
HG1 4WU,5
HG1 4WW,5
HG1 4WX,5
HG1 4WY,5
HG1 4WZ,5
HG1 4XA,5
HG1 4XB,5
HG1 4XD,5
HG1 4XE,5
HG1 4XF,5
HG1 4XG,5
HG1 4XH,5
HG1 4XJ,5
HG1 4XL,5
HG1 4XN,5
HG1 4XP,5
HG1 4XQ,5
HG1 4XR,5
HG1 4XS,5
HG1 4XT,5
HG1 4XU,5
HG1 4XW,5
HG1 4XX,5
HG1 4XZ,5
HG1 4YH,5
HG1 4YW,5
HG1 4ZN,5
HG1 4ZS,5
HG1 4ZU,5
HG1 4ZX,5
HG1 5AA,8
HG1 5AB,8
HG1 5AD,8
HG1 5AE,8
HG1 5AF,8
HG1 5AG,7
HG1 5AH,8
HG1 5AJ,8
HG1 5AL,7
HG1 5AN,6
HG1 5AP,8
HG1 5AQ,7
HG1 5AR,6
HG1 5AS,6
HG1 5AT,6
HG1 5AU,6
HG1 5AW,6
HG1 5AX,6
HG1 5AY,6
HG1 5AZ,6
HG1 5BA,6
HG1 5BB,6
HG1 5BD,9
HG1 5BE,8
HG1 5BF,6
HG1 5BG,8
HG1 5BH,8
HG1 5BJ,8
HG1 5BL,4
HG1 5BN,9
HG1 5BP,8
HG1 5BQ,8
HG1 5BS,6
HG1 5BT,6
HG1 5BU,7
HG1 5BW,8
HG1 5BX,6
HG1 5BY,6
HG1 5BZ,6
HG1 5DA,6
HG1 5DB,6
HG1 5DD,6
HG1 5DE,6
HG1 5DF,6
HG1 5DG,6
HG1 5DH,6
HG1 5DJ,6
HG1 5DL,6
HG1 5DN,6
HG1 5DP,8
HG1 5DQ,6
HG1 5DR,6
HG1 5DS,6
HG1 5DT,6
HG1 5DU,7
HG1 5DW,6
HG1 5DX,7
HG1 5DY,8
HG1 5DZ,7
HG1 5EA,7
HG1 5EB,7
HG1 5ED,7
HG1 5EE,7
HG1 5EF,4
HG1 5EG,4
HG1 5EH,7
HG1 5EJ,7
HG1 5EL,7
HG1 5EN,7
HG1 5EP,7
HG1 5EQ,4
HG1 5ER,7
HG1 5ES,7
HG1 5ET,7
HG1 5EU,7
HG1 5EW,7
HG1 5EX,7
HG1 5EY,4
HG1 5EZ,4
HG1 5FA,6
HG1 5FB,6
HG1 5FD,5
HG1 5FE,5
HG1 5FF,5
HG1 5FG,5
HG1 5FH,6
HG1 5FJ,5
HG1 5FL,7
HG1 5FQ,4
HG1 5GY,5
HG1 5GZ,5
HG1 5HA,4
HG1 5HB,4
HG1 5HD,4
HG1 5HE,7
HG1 5HF,6
HG1 5HG,7
HG1 5HH,7
HG1 5HJ,7
HG1 5HL,7
HG1 5HN,7
HG1 5HP,7
HG1 5HQ,8
HG1 5HR,7
HG1 5HS,7
HG1 5HT,7
HG1 5HU,7
HG1 5HW,7
HG1 5HX,7
HG1 5HY,7
HG1 5HZ,7
HG1 5JA,7
HG1 5JB,7
HG1 5JD,7
HG1 5JE,7
HG1 5JF,7
HG1 5JG,7
HG1 5JH,5
HG1 5JJ,7
HG1 5JL,7
HG1 5JN,7
HG1 5JP,4
HG1 5JQ,7
HG1 5JR,7
HG1 5JS,7
HG1 5JT,4
HG1 5JU,7
HG1 5JW,4
HG1 5JX,7
HG1 5JY,7
HG1 5JZ,7
HG1 5LA,7
HG1 5LB,8
HG1 5LD,8
HG1 5LE,8
HG1 5LF,8
HG1 5LG,6
HG1 5LH,8
HG1 5LJ,8
HG1 5LL,8
HG1 5LN,8
HG1 5LP,6
HG1 5LQ,8
HG1 5LR,6
HG1 5LS,6
HG1 5LT,6
HG1 5LU,6
HG1 5LW,8
HG1 5LX,8
HG1 5LY,8
HG1 5LZ,8
HG1 5NA,8
HG1 5NB,8
HG1 5ND,8
HG1 5NE,8
HG1 5NF,8
HG1 5NG,8
HG1 5NH,8
HG1 5NJ,8
HG1 5NL,8
HG1 5NN,8
HG1 5NP,6
HG1 5NQ,8
HG1 5NR,6
HG1 5NS,8
HG1 5NT,8
HG1 5NU,4
HG1 5NW,7
HG1 5NX,7
HG1 5PA,8
HG1 5PB,8
HG1 5PD,8
HG1 5PE,8
HG1 5PF,8
HG1 5PG,8
HG1 5PH,8
HG1 5PJ,8
HG1 5PL,8
HG1 5PN,8
HG1 5PP,8
HG1 5PQ,8
HG1 5PR,8
HG1 5PS,8
HG1 5PT,8
HG1 5PU,8
HG1 5PW,8
HG1 5PX,8
HG1 5PY,8
HG1 5PZ,8
HG1 5QA,8
HG1 5QB,8
HG1 5QD,8
HG1 5QE,8
HG1 5QF,6
HG1 5QG,8
HG1 5QJ,8
HG1 5QL,8
HG1 5QN,8
HG1 5QP,8
HG1 5QQ,8
HG1 5QR,8
HG1 5QS,8
HG1 5QT,8
HG1 5QU,8
HG1 5QX,8
HG1 5QY,8
HG1 5RA,8
HG1 5RD,8
HG1 5RE,6
HG1 5RF,8
HG1 5RG,6
HG1 5RH,8
HG1 5RJ,8
HG1 5RL,8
HG1 5RN,6
HG1 5RP,6
HG1 5RQ,8
HG1 5RR,6
HG1 5RS,6
HG1 5RT,6
HG1 5RU,6
HG1 5RW,6
HG1 5RX,8
HG1 5RZ,6
HG1 5SA,7
HG1 5SJ,5
HG1 5SL,6
HG1 5SN,6
HG1 5SP,6
HG1 5SR,6
HG1 5SS,5
HG1 5ST,5
HG1 5SU,6
HG1 5SW,5
HG1 5SX,6
HG1 5SY,7
HG1 5SZ,6
HG1 5TA,8
HG1 5TB,8
HG1 5TE,8
HG1 5TF,8
HG1 5TH,8
HG1 5TJ,8
HG1 5TL,8
HG1 5TN,8
HG1 5TP,8
HG1 5TQ,5
HG1 5TR,6
HG1 5TS,6
HG1 5TT,8
HG1 5TU,8
HG1 5TW,8
HG1 5TX,6
HG1 5TY,8
HG1 5TZ,5
HG1 5UA,5
HG1 5UN,5
HG1 5UP,5
HG1 5UR,5
HG1 5US,5
HG1 5UT,8
HG1 5UU,5
HG1 5UY,5
HG1 5UZ,5
HG1 5WA,5
HG1 5WB,5
HG1 5WD,5
HG1 5WE,5
HG1 5WF,6
HG1 5WG,8
HG1 5WH,8
HG1 5WJ,5
HG1 5WL,5
HG1 5WN,5
HG1 5WP,5
HG1 5WQ,5
HG1 5WS,5
HG1 5WT,5
HG1 5WU,5
HG1 5WW,5
HG1 5WX,5
HG1 5WY,5
HG1 5WZ,5
HG1 5XE,5
HG1 5XL,5
HG1 5XP,5
HG1 5XQ,5
HG1 5XR,5
HG1 5XS,6
HG1 5XY,5
HG1 5XZ,5
HG1 5YF,5
HG1 5ZA,5
HG1 5ZB,6
HG1 5ZD,5
HG1 5ZE,5
HG1 5ZF,5
HG1 5ZG,6
HG1 5ZH,6
HG1 5ZJ,6
HG1 5ZL,5
HG1 5ZN,5
HG1 5ZP,5
HG1 5ZQ,6
HG1 5ZR,6
HG1 5ZS,5
HG1 5ZT,6
HG1 5ZU,6
HG1 9AA,5
HG1 9AB,5
HG1 9AD,5
HG1 9AE,5
HG1 9AF,5
HG1 9AG,5
HG1 9AH,5
HG1 9AJ,5
HG1 9AL,5
HG1 9AN,5
HG1 9AP,5
HG1 9AQ,5
HG1 9AR,5
HG1 9AS,5
HG1 9AT,5
HG1 9AU,5
HG1 9AW,5
HG1 9AX,5
HG1 9AY,5
HG1 9AZ,5
HG1 9BA,5
HG1 9BB,5
HG1 9BD,5
HG1 9BE,5
HG1 9BF,5
HG1 9BG,5
HG1 9BH,5
HG1 9BJ,5
HG1 9BL,5
HG1 9BN,5
HG1 9BP,5
HG1 9BQ,5
HG1 9BR,5
HG1 9BS,5
HG1 9BT,5
HG1 9BU,5
HG1 9BW,5
HG1 9BX,5
HG1 9BY,5
HG1 9BZ,5
HG1 9DA,5
HG1 9DB,5
HG1 9DD,5
HG1 9DE,5
HG1 9DF,5
HG1 9DG,5
HG1 9DH,5
HG1 9DJ,5
HG1 9DL,5
HG1 9DN,5
HG1 9DP,5
HG1 9DQ,5
HG1 9DR,5
HG1 9DS,5
HG1 9DT,5
HG1 9DU,5
HG1 9DW,5
HG1 9DX,5
HG1 9DY,5
HG1 9DZ,5
HG1 9EA,5
HG1 9EB,5
HG1 9ED,5
HG1 9EE,5
HG1 9EF,5
HG1 9EG,5
HG1 9EJ,5
HG1 9EL,5
HG1 9EN,5
HG1 9EP,5
HG1 9EQ,5
HG1 9ER,5
HG1 9ES,5
HG1 9ET,5
HG1 9EU,5
HG1 9EW,5
HG1 9EX,5
HG1 9EY,5
HG1 9EZ,5
HG1 9FA,5
HG1 9FB,5
HG1 9FD,5
HG1 9FE,5
HG1 9FF,5
HG1 9FG,5
HG1 9FH,5
HG1 9FJ,5
HG1 9FL,5
HG1 9FN,5
HG1 9FP,5
HG1 9FQ,5
HG1 9FR,5
HG1 9FS,5
HG1 9FT,5
HG1 9FU,5
HG1 9FX,5
HG1 9FY,5
HG1 9FZ,5
HG1 9GA,5
HG1 9GB,5
HG1 9GD,5
HG1 9GE,5
HG1 9GF,5
HG1 9GG,5
HG1 9GH,5
HG1 9GJ,5
HG1 9GL,5
HG1 9GN,5
HG1 9GP,5
HG1 9GQ,5
HG1 9GR,5
HG1 9GS,5
HG1 9GT,5
HG1 9GU,5
HG1 9GW,5
HG1 9GX,5
HG1 9GY,5
HG1 9GZ,5
HG1 9HA,5
HG1 9HB,5
HG1 9HD,5
HG1 9HE,5
HG1 9HF,5
HG1 9HG,5
HG1 9HH,5
HG1 9HJ,5
HG1 9HL,5
HG1 9HN,5
HG1 9HP,5
HG1 9HQ,5
HG1 9HR,5
HG1 9HS,5
HG1 9JA,5
HG1 9JB,5
HG1 9JD,5
HG1 9JE,5
HG1 9JF,5
HG1 9JG,5
HG1 9JH,5
HG1 9JJ,5
HG1 9JL,5
HG1 9JN,5
HG1 9JP,5
HG1 9JQ,5
HG1 9JR,5
HG1 9JS,5
HG1 9JT,5
HG1 9JU,5
HG1 9JW,5
HG1 9JX,5
HG1 9JY,5
HG1 9JZ,5
HG1 9LA,5
HG1 9LB,5
HG1 9LD,5
HG1 9LE,5
HG1 9LF,5
HG1 9LG,5
HG1 9LH,5
HG1 9LJ,5
HG1 9LL,5
HG1 9LN,5
HG1 9LP,5
HG1 9LQ,5
HG1 9LR,5
HG1 9LS,5
HG1 9LT,5
HG1 9LU,5
HG1 9LW,5
HG1 9LX,5
HG1 9LY,5
HG1 9LZ,5
HG1 9NA,5
HG1 9NB,5
HG1 9ND,5
HG1 9NE,5
HG1 9NF,5
HG1 9NG,5
HG1 9NH,5
HG1 9NJ,5
HG1 9NL,5
HG1 9NN,5
HG1 9NP,5
HG1 9NQ,5
HG1 9NR,5
HG1 9NS,5
HG1 9NU,5
HG1 9NW,5
HG1 9NX,5
HG1 9NY,5
HG1 9NZ,5
HG1 9PA,5
HG1 9PB,5
HG1 9PD,5
HG1 9PE,5
HG1 9PF,5
HG1 9PG,5
HG1 9PH,5
HG1 9PJ,5
HG1 9PL,5
HG1 9PN,5
HG1 9PP,5
HG1 9PQ,5
HG1 9PR,5
HG1 9PS,5
HG1 9PT,5
HG1 9PU,5
HG1 9PW,5
HG1 9PX,5
HG1 9PY,5
HG1 9PZ,5
HG1 9QA,5
HG1 9QB,5
HG1 9QD,5
HG1 9QE,5
HG1 9QF,5
HG1 9QG,5
HG1 9QH,5
HG1 9QJ,5
HG1 9QL,5
HG1 9QN,5
HG1 9QP,5
HG1 9QQ,5
HG1 9QR,5
HG1 9QS,5
HG1 9QT,5
HG1 9QU,5
HG1 9QW,5
HG1 9QX,5
HG1 9QY,5
HG1 9QZ,5
HG1 9RA,5
HG1 9RB,5
HG1 9RD,5
HG1 9RE,5
HG1 9RF,5
HG1 9RG,5
HG1 9RH,5
HG1 9RJ,5
HG1 9RL,5
HG1 9RN,5
HG1 9RP,5
HG1 9RQ,5
HG1 9RR,5
HG1 9RS,5
HG1 9RT,5
HG1 9RU,5
HG1 9RW,5
HG1 9RX,5
HG1 9RY,5
HG1 9RZ,5
HG1 9SA,4
HG1 9SB,4
HG1 9SD,4
HG1 9SE,4
HG1 9SF,4
HG1 9SG,4
HG1 9SH,4
HG1 9SJ,4
HG1 9SL,4
HG1 9SN,4
HG1 9SP,4
HG1 9SQ,4
HG1 9SR,4
HG1 9SS,4
HG1 9ST,4
HG1 9SU,4
HG1 9SW,4
HG1 9SX,4
HG1 9SY,4
HG1 9SZ,4
HG1 9TA,4
HG1 9TB,4
HG1 9TD,4
HG1 9TE,4
HG1 9TF,4
HG1 9TG,4
HG1 9TH,4
HG1 9TJ,4
HG1 9TL,4
HG1 9TN,4
HG1 9TP,4
HG1 9TQ,4
HG1 9TR,4
HG1 9TS,4
HG1 9TT,4
HG1 9TU,4
HG1 9TW,4
HG1 9TX,4
HG1 9TY,4
HG1 9TZ,4
HG1 9UA,4
HG1 9UB,4
HG1 9UD,5
HG1 9UE,5
HG1 9UF,5
HG1 9UG,5
HG1 9UH,5
HG1 9UJ,5
HG1 9UL,5
HG1 9UN,5
HG1 9UQ,5
HG1 9UR,4
HG1 9US,4
HG1 9UT,4
HG1 9UU,4
HG1 9UW,4
HG1 9UX,4
HG1 9UY,5
HG1 9UZ,4
HG1 9WA,4
HG1 9WB,4
HG1 9WD,4
HG1 9WE,5
HG1 9WF,5
HG1 9WG,5
HG1 9WH,5
HG1 9WJ,5
HG1 9WL,5
HG1 9WN,5
HG1 9WP,5
HG1 9WQ,4
HG1 9WR,4
HG1 9WS,5
HG1 9WT,5
HG1 1AA,9
HG1 1AB,4
HG1 1AD,4
HG1 1AE,4
HG1 1AF,4
HG1 1AG,4
HG1 1AH,4
HG1 1AQ,5
HG1 1AX,4
HG1 1AY,5
HG1 1BA,4
HG1 1BB,4
HG1 1BE,4
HG1 1BH,9
HG1 1BJ,9
HG1 1BL,9
HG1 1BN,9
HG1 1BP,4
HG1 1BS,4
HG1 1BT,4
HG1 1BU,4
HG1 1BW,4
HG1 1BX,4
HG1 1BY,4
HG1 1BZ,4
HG1 1DA,4
HG1 1DB,4
HG1 1DD,4
HG1 1DE,4
HG1 1DF,4
HG1 1DG,4
HG1 1DH,4
HG1 1DJ,4
HG1 1DL,4
HG1 1DN,4
HG1 1DP,4
HG1 1DQ,4
HG1 1DT,4
HG1 1DU,4
HG1 1DW,4
HG1 1DX,4
HG1 1DY,4
HG1 1DZ,4
HG1 1EB,4
HG1 1ED,4
HG1 1EE,4
HG1 1EF,4
HG1 1EG,4
HG1 1EJ,4
HG1 1EL,4
HG1 1EN,9
HG1 1EP,9
HG1 1EQ,4
HG1 1ER,4
HG1 1ET,4
HG1 1EU,9
HG1 1EW,4
HG1 1EY,9
HG1 1HA,9
HG1 1HB,9
HG1 1HD,9
HG1 1HE,4
HG1 1HF,9
HG1 1HG,4
HG1 1HH,4
HG1 1HJ,4
HG1 1HL,9
HG1 1HN,9
HG1 1HP,4
HG1 1HQ,4
HG1 1HR,4
HG1 1HS,4
HG1 1HT,4
HG1 1HU,5
HG1 1HW,9
HG1 1HX,4
HG1 1HY,4
HG1 1HZ,4
HG1 1JA,4
HG1 1JB,9
HG1 1JD,4
HG1 1JE,4
HG1 1JF,7
HG1 1JG,4
HG1 1JH,4
HG1 1JJ,4
HG1 1JL,4
HG1 1JN,4
HG1 1JP,9
HG1 1JR,4
HG1 1JS,5
HG1 1JT,9
HG1 1JU,4
HG1 1JW,9
HG1 1JX,4
HG1 1JY,9
HG1 1JZ,9
HG1 1LA,9
HG1 1LB,4
HG1 1LD,4
HG1 1LE,4
HG1 1LF,4
HG1 1LG,9
HG1 1LH,9
HG1 1LJ,4
HG1 1LL,4
HG1 1LN,4
HG1 1LP,4
HG1 1LQ,4
HG1 1LR,4
HG1 1LS,5
HG1 1LT,4
HG1 1LU,4
HG1 1LW,4
HG1 1LX,4
HG1 1LY,4
HG1 1LZ,4
HG1 1NA,4
HG1 1NB,4
HG1 1ND,4
HG1 1NE,4
HG1 1NF,9
HG1 1NG,4
HG1 1NH,9
HG1 1NJ,9
HG1 1NL,9
HG1 1NN,9
HG1 1NP,9
HG1 1NQ,4
HG1 1NR,5
HG1 1NS,4
HG1 1NW,4
HG1 1NX,9
HG1 1PA,9
HG1 1PB,9
HG1 1PD,9
HG1 1PE,9
HG1 1PF,9
HG1 1PG,9
HG1 1PH,9
HG1 1PJ,4
HG1 1PL,4
HG1 1PN,4
HG1 1PP,4
HG1 1PQ,9
HG1 1PR,9
HG1 1PS,9
HG1 1PT,4
HG1 1PU,4
HG1 1PW,4
HG1 1PX,4
HG1 1PY,4
HG1 1PZ,4
HG1 1QA,4
HG1 1QB,4
HG1 1QD,4
HG1 1QE,4
HG1 1QF,4
HG1 1QG,4
HG1 1QH,4
HG1 1QJ,4
HG1 1QL,4
HG1 1QN,4
HG1 1QP,4
HG1 1QQ,4
HG1 1QR,4
HG1 1QS,4
HG1 1QT,4
HG1 1QU,4
HG1 1QW,4
HG1 1QX,9
HG1 1QY,9
HG1 1QZ,9
HG1 1RA,4
HG1 1RB,4
HG1 1RD,4
HG1 1RE,4
HG1 1RF,9
HG1 1RG,4
HG1 1RH,9
HG1 1RJ,4
HG1 1RL,9
HG1 1RN,9
HG1 1RP,9
HG1 1RQ,9
HG1 1RR,4
HG1 1RS,4
HG1 1RT,4
HG1 1RU,4
HG1 1RW,9
HG1 1RX,4
HG1 1RY,4
HG1 1RZ,4
HG1 1SA,9
HG1 1SB,9
HG1 1SD,4
HG1 1SE,4
HG1 1SF,4
HG1 1SG,9
HG1 1SH,9
HG1 1SJ,9
HG1 1SL,5
HG1 1SN,4
HG1 1SP,4
HG1 1SQ,9
HG1 1SR,4
HG1 1SS,4
HG1 1ST,4
HG1 1SU,4
HG1 1SX,5
HG1 1SY,4
HG1 1SZ,4
HG1 1TB,4
HG1 1TD,4
HG1 1TE,4
HG1 1TF,4
HG1 1TH,4
HG1 1TJ,4
HG1 1TL,4
HG1 1TN,9
HG1 1TQ,5
HG1 1TR,4
HG1 1TS,4
HG1 1TT,4
HG1 1TU,4
HG1 1TW,9
HG1 1TX,4
HG1 1TY,4
HG1 1TZ,4
HG1 1UA,4
HG1 1UB,4
HG1 1UD,4
HG1 1UE,4
HG1 1UF,4
HG1 1UG,4
HG1 1UH,4
HG1 1UJ,4
HG1 1UN,4
HG1 1UW,4
HG1 1WA,5
HG1 1WB,5
HG1 1WE,4
HG1 1WF,5
HG1 1WG,5
HG1 1WH,5
HG1 1WJ,5
HG1 1WU,5
HG1 1WW,5
HG1 1WX,5
HG1 1WY,5
HG1 1WZ,5
HG1 1XF,4
HG1 1XJ,5
HG1 1XQ,5
HG1 1XT,4
HG1 1XU,5
HG1 1XX,7
HG1 1YA,4
HG1 1YJ,4
HG1 1ZB,5
HG1 1ZD,5
HG1 1ZE,4
HG1 1ZF,5
HG1 1ZG,4
HG1 1ZJ,4
HG1 1ZL,4
HG1 1ZN,4
HG1 1ZP,5
HG1 1ZQ,4
HG1 1ZR,5
HG1 1ZS,4
HG1 1ZT,5
HG1 1ZW,4
HG1 1ZY,4
HG1 1ZZ,4
HG1 2AA,7
HG1 2AB,7
HG1 2AD,7
HG1 2AE,7
HG1 2AF,7
HG1 2AG,7
HG1 2AH,7
HG1 2AJ,7
HG1 2AL,7
HG1 2AN,7
HG1 2AP,7
HG1 2AQ,7
HG1 2AR,7
HG1 2AS,7
HG1 2AT,7
HG1 2AU,8
HG1 2AW,7
HG1 2AX,8
HG1 2AY,8
HG1 2AZ,8
HG1 2BA,8
HG1 2BB,8
HG1 2BD,8
HG1 2BE,8
HG1 2BF,9
HG1 2BG,8
HG1 2BH,8
HG1 2BJ,8
HG1 2BL,8
HG1 2BN,8
HG1 2BP,8
HG1 2BQ,8
HG1 2BS,7
HG1 2BT,7
HG1 2BU,4
HG1 2BW,8
HG1 2BX,9
HG1 2BY,8
HG1 2BZ,9
HG1 2DA,9
HG1 2DB,9
HG1 2DD,9
HG1 2DE,7
HG1 2DF,7
HG1 2DG,7
HG1 2DH,7
HG1 2DJ,7
HG1 2DL,7
HG1 2DN,7
HG1 2DP,7
HG1 2DQ,7
HG1 2DR,7
HG1 2DS,7
HG1 2DT,7
HG1 2DU,7
HG1 2DW,7
HG1 2DX,7
HG1 2DY,7
HG1 2DZ,7
HG1 2EA,7
HG1 2EB,7
HG1 2ED,7
HG1 2EE,7
HG1 2EF,7
HG1 2EG,4
HG1 2EH,7
HG1 2EJ,7
HG1 2EL,7
HG1 2EN,5
HG1 2EP,9
HG1 2EQ,9
HG1 2ER,9
HG1 2ES,9
HG1 2ET,9
HG1 2EU,10
HG1 2EW,10
HG1 2EX,10
HG1 2EY,9
HG1 2EZ,9
HG1 2FA,9
HG1 2HA,9
HG1 2HB,9
HG1 2HD,9
HG1 2HE,10
HG1 2HF,10
HG1 2HG,9
HG1 2HH,7
HG1 2HJ,7
HG1 2HL,9
HG1 2HN,9
HG1 2HP,7
HG1 2HR,7
HG1 2HS,7
HG1 2HT,7
HG1 2HU,7
HG1 2HW,7
HG1 2HX,7
HG1 2HY,7
HG1 2HZ,9
HG1 2JA,9
HG1 2JB,7
HG1 2JD,9
HG1 2JE,7
HG1 2JF,7
HG1 2JG,7
HG1 2JH,7
HG1 2JJ,7
HG1 2JL,9
HG1 2JN,7
HG1 2JP,7
HG1 2JQ,7
HG1 2JR,7
HG1 2JS,5
HG1 2JT,7
HG1 2JU,7
HG1 2JW,7
HG1 2JX,9
HG1 2JY,10
HG1 2JZ,10
HG1 2LA,5
HG1 2LB,7
HG1 2LD,9
HG1 2LE,9
HG1 2LF,9
HG1 2LG,9
HG1 2LH,9
HG1 2LJ,9
HG1 2LL,10
HG1 2LN,10
HG1 2LP,10
HG1 2LQ,9
HG1 2LR,10
HG1 2LS,10
HG1 2LT,10
HG1 2LU,10
HG1 2LW,10
HG1 2LX,10
HG1 2LY,10
HG1 2LZ,7
HG1 2NA,10
HG1 2NB,9
HG1 2ND,9
HG1 2NE,9
HG1 2NF,9
HG1 2NG,10
HG1 2NH,10
HG1 2NJ,10
HG1 2NL,10
HG1 2NN,10
HG1 2NP,9
HG1 2NQ,10
HG1 2NR,9
HG1 2NS,9
HG1 2NT,9
HG1 2NU,9
HG1 2NW,9
HG1 2NX,9
HG1 2NY,10
HG1 2NZ,9
HG1 2PA,9
HG1 2PB,9
HG1 2PD,7
HG1 2PE,9
HG1 2PF,9
HG1 2PG,9
HG1 2PH,9
HG1 2PJ,9
HG1 2PL,9
HG1 2PN,9
HG1 2PP,9
HG1 2PQ,9
HG1 2PR,9
HG1 2PS,9
HG1 2PT,9
HG1 2PU,9
HG1 2PW,9
HG1 2PX,9
HG1 2PY,9
HG1 2PZ,9
HG1 2QA,9
HG1 2QB,9
HG1 2QD,9
HG1 2QE,9
HG1 2QF,9
HG1 2QG,9
HG1 2QH,9
HG1 2QJ,9
HG1 2QL,9
HG1 2QN,9
HG1 2QP,9
HG1 2QQ,9
HG1 2QR,7
HG1 2QS,7
HG1 2QT,7
HG1 2QU,4
HG1 2QW,9
HG1 2QX,9
HG1 2QY,4
HG1 2QZ,4
HG1 2RA,4
HG1 2RB,4
HG1 2RD,7
HG1 2RE,4
HG1 2RF,4
HG1 2RG,4
HG1 2RH,9
HG1 2RJ,4
HG1 2RL,4
HG1 2RN,4
HG1 2RP,8
HG1 2RQ,4
HG1 2RR,4
HG1 2RS,4
HG1 2RT,4
HG1 2RU,4
HG1 2RW,4
HG1 2RX,4
HG1 2RY,4
HG1 2RZ,4
HG1 2SA,4
HG1 2SB,4
HG1 2SD,5
HG1 2SE,9
HG1 2SF,9
HG1 2SG,4
HG1 2SH,9
HG1 2SJ,9
HG1 2SL,9
HG1 2SN,9
HG1 2SP,4
HG1 2SQ,9
HG1 2SR,9
HG1 2SS,4
HG1 2ST,4
HG1 2SU,7
HG1 2SW,4
HG1 2SX,4
HG1 2SY,4
HG1 2SZ,4
HG1 2TA,4
HG1 2TB,4
HG1 2TD,4
HG1 2TE,4
HG1 2TF,4
HG1 2TG,4
HG1 2TH,9
HG1 2TJ,9
HG1 2TL,9
HG1 2TN,9
HG1 2TP,9
HG1 2TQ,4
HG1 2TR,7
HG1 2TS,7
HG1 2TT,9
HG1 2TU,9
HG1 2TW,5
HG1 2TY,9
HG1 2TZ,9
HG1 2UA,8
HG1 2UB,5
HG1 2UD,9
HG1 2UE,9
HG1 2UH,9
HG1 2UJ,9
HG1 2UL,9
HG1 2UN,9
HG1 2UP,9
HG1 2UQ,5
HG1 2UR,5
HG1 2US,5
HG1 2UT,8
HG1 2UU,9
HG1 2UW,5
HG1 2UX,9
HG1 2UY,9
HG1 2UZ,9
HG1 2WA,9
HG1 2WB,9
HG1 2WD,5
HG1 2WE,5
HG1 2WF,5
HG1 2WG,5
HG1 2WH,4
HG1 2WJ,4
HG1 2WL,4
HG1 2WN,5
HG1 2WP,5
HG1 2WQ,5
HG1 2WR,5
HG1 2WS,5
HG1 2WT,5
HG1 2WU,5
HG1 2WW,5
HG1 2WX,5
HG1 2WY,5
HG1 2WZ,5
HG1 2XA,9
HG1 2XB,5
HG1 2XD,5
HG1 2XE,5
HG1 2XF,7
HG1 2XG,5
HG1 2XH,9
HG1 2XJ,5
HG1 2XL,5
HG1 2XN,5
HG1 2XP,5
HG1 2XQ,5
HG1 2XR,5
HG1 2XT,5
HG1 2XU,5
HG1 2XY,9
HG1 2YA,9
HG1 2YB,5
HG1 2YF,5
HG1 2YG,9
HG1 2YH,5
HG1 2YR,5
HG1 2YS,5
HG1 2YW,9
HG1 2YZ,9
HG1 2ZB,5
HG1 2ZD,5
HG1 2ZE,5
HG1 2ZP,5
HG1 2ZU,5
HG1 2ZX,5
HG1 3AA,8
HG1 3AB,8
HG1 3AD,8
HG1 3AE,8
HG1 3AF,9
HG1 3AG,8
HG1 3AH,9
HG1 3AJ,8
HG1 3AL,8
HG1 3AN,8
HG1 3AP,10
HG1 3AQ,8
HG1 3AR,9
HG1 3AS,10
HG1 3AT,8
HG1 3AU,9
HG1 3AW,9
HG1 3AZ,10
HG1 3BA,8
HG1 3BB,8
HG1 3BD,8
HG1 3BE,10
HG1 3BF,8
HG1 3BG,8
HG1 3BH,8
HG1 3BJ,8
HG1 3BL,10
HG1 3BN,10
HG1 3BP,10
HG1 3BQ,8
HG1 3BR,8
HG1 3BS,10
HG1 3BT,10
HG1 3BU,10
HG1 3BW,10
HG1 3BX,10
HG1 3BY,8
HG1 3BZ,8
HG1 3DA,10
HG1 3DB,10
HG1 3DD,10
HG1 3DE,10
HG1 3DF,10
HG1 3DG,8
HG1 3DH,10
HG1 3DJ,8
HG1 3DL,10
HG1 3DN,10
HG1 3DP,10
HG1 3DQ,10
HG1 3DR,7
HG1 3DS,10
HG1 3DT,10
HG1 3DU,8
HG1 3DW,10
HG1 3DX,10
HG1 3DY,10
HG1 3DZ,10
HG1 3EA,10
HG1 3EB,10
HG1 3ED,10
HG1 3EE,10
HG1 3EF,10
HG1 3EG,10
HG1 3EH,10
HG1 3EJ,10
HG1 3EL,10
HG1 3EN,10
HG1 3EP,9
HG1 3EQ,10
HG1 3EW,10
HG1 3EX,8
HG1 3EY,9
HG1 3EZ,8
HG1 3GZ,8
HG1 3HA,9
HG1 3HB,9
HG1 3HD,9
HG1 3HE,8
HG1 3HF,9
HG1 3HG,8
HG1 3HH,8
HG1 3HJ,8
HG1 3HL,8
HG1 3HN,8
HG1 3HP,8
HG1 3HQ,8
HG1 3HR,8
HG1 3HS,8
HG1 3HT,8
HG1 3HU,8
HG1 3HW,8
HG1 3HX,9
HG1 3HY,9
HG1 3HZ,9
HG1 3JA,9
HG1 3JB,9
HG1 3JD,9
HG1 3JE,9
HG1 3JF,9
HG1 3JG,8
HG1 3JH,9
HG1 3JJ,9
HG1 3JL,9
HG1 3JN,8
HG1 3JP,5
HG1 3JQ,9
HG1 3JR,8
HG1 3JS,10
HG1 3JT,8
HG1 3JU,10
HG1 3JW,8
HG1 3JX,6
HG1 3JY,10
HG1 3JZ,10
HG1 3LA,9
HG1 3LB,10
HG1 3LD,10
HG2 9PQ,10
HG2 9QE,10
HG2 9QF,10
HG2 9QG,10
HG2 9QH,10
HG2 9QJ,10
HG2 9QL,10
HG2 9QN,10
HG2 9QP,10
HG2 9QQ,10
HG2 9RA,10
HG2 9RB,10
HG2 9RD,10
HG2 9RE,10
HG2 9RF,10
HG2 9RG,10
HG2 9TA,10
HG2 9TB,10
HG2 9TD,10
HG2 9TE,5
HG2 9TG,10
HG2 9TU,10
HG2 9WA,5
HG2 9WQ,5
HG2 9WR,5
HG2 9WS,5
HG2 9WT,5
HG2 9WU,5
HG2 9WW,5
HG2 9WX,10
HG2 9WY,5
HG2 9WZ,5
HG2 9XA,10
HG2 9XB,5
HG2 9XD,10
HG2 9XE,5
HG2 9XF,5
HG2 9XG,5
HG2 9XH,5
HG2 9XJ,10
HG2 9XL,5
HG2 9XN,5
HG2 9XP,10
HG2 9XQ,10
HG2 9XR,10
HG2 9XS,5
HG2 9XT,10
HG2 9XU,5
HG2 9XW,10
HG2 9XX,10
HG2 9XY,10
HG2 9XZ,10
HG2 9YU,5
HG2 9YZ,10
HG3 1AA,10
HG3 1AB,10
HG3 1AD,10
HG3 1AE,10
HG3 1AF,10
HG3 1AG,10
HG3 1AH,10
HG3 1AJ,10
HG3 1AL,10
HG3 1AN,10
HG3 1AP,10
HG3 1AQ,10
HG3 1AR,10
HG3 1AS,10
HG3 1AT,10
HG3 1AU,10
HG3 1AW,10
HG3 1AX,10
HG3 1AY,10
HG3 1AZ,10
HG3 1BA,10
HG3 1BB,10
HG3 1BD,10
HG3 1BE,10
HG3 1BF,10
HG3 1BG,10
HG3 1BH,10
HG3 1BJ,10
HG3 1BL,10
HG3 1BN,10
HG3 1BP,10
HG3 1BQ,10
HG3 1BS,10
HG3 1BT,10
HG3 1BU,10
HG3 1BW,10
HG3 1BX,10
HG3 1BY,10
HG3 1BZ,10
HG3 1DA,10
HG3 1DB,10
HG3 1DD,10
HG3 1DE,8
HG3 1DF,9
HG3 1DG,9
HG3 1DH,8
HG3 1DJ,10
HG3 1DL,10
HG3 1DN,10
HG3 1DP,10
HG3 1DQ,10
HG3 1DR,10
HG3 1DS,10
HG3 1DT,10
HG3 1DU,10
HG3 1DW,10
HG3 1DX,10
HG3 1DY,10
HG3 1DZ,10
HG3 1EA,10
HG3 1EB,10
HG3 1ED,10
HG3 1EE,10
HG3 1EF,10
HG3 1EG,10
HG3 1EH,10
HG3 1EJ,10
HG3 1EL,10
HG3 1EN,10
HG3 1EP,10
HG3 1EQ,10
HG3 1ER,10
HG3 1ES,10
HG3 1ET,10
HG3 1EU,10
HG3 1EW,10
HG3 1EX,10
HG3 1EY,10
HG3 1EZ,7
HG3 1FA,8
HG3 1FB,6
HG3 1FD,10
HG3 1FE,10
HG3 1FG,6
HG3 1FQ,6
HG3 1FR,10
HG3 1FS,7
HG3 1FT,7
HG3 1GP,8
HG3 1GW,7
HG3 1GY,6
HG3 1GZ,5
HG3 1HA,10
HG3 1HB,7
HG3 1HD,7
HG3 1HE,7
HG3 1HF,7
HG3 1HG,7
HG3 1HH,7
HG3 1HJ,7
HG3 1HL,7
HG3 1HN,7
HG3 1HP,7
HG3 1HQ,7
HG3 1HR,7
HG3 1HS,7
HG3 1HT,7
HG3 1HU,7
HG3 1HW,7
HG3 1HX,7
HG3 1HY,7
HG3 1HZ,7
HG3 1JA,7
HG3 1JB,7
HG3 1JD,7
HG3 1JE,6
HG3 1JF,10
HG3 1JG,10
HG3 1JH,10
HG3 1JJ,10
HG3 1JL,10
HG3 1JN,10
HG3 1JP,10
HG3 1JQ,10
HG3 1JR,10
HG3 1JS,10
HG3 1JT,10
HG3 1JU,10
HG3 1JW,10
HG3 1JX,10
HG3 1JY,10
HG3 1JZ,10
HG3 1LA,10
HG3 1LB,10
HG3 1LD,10
HG3 1LE,10
HG3 1LF,7
HG3 1LG,10
HG3 1LH,10
HG3 1LJ,10
HG3 1LL,10
HG3 1LN,8
HG3 1LP,10
HG3 1LQ,10
HG3 1LR,10
HG3 1LS,10
HG3 1LT,10
HG3 1LU,10
HG3 1LW,10
HG3 1LX,10
HG3 1LY,10
HG3 1LZ,10
HG3 1NA,10
HG3 1NB,10
HG3 1ND,10
HG3 1NE,10
HG3 1NF,10
HG3 1NG,10
HG3 1NH,10
HG3 1NJ,10
HG3 1NL,10
HG3 1NN,10
HG3 1NP,10
HG3 1NQ,10
HG3 1NR,10
HG3 1NS,10
HG3 1NT,10
HG3 1NU,10
HG3 1NW,10
HG3 1NX,10
HG3 1NY,10
HG3 1NZ,10
HG3 1PA,10
HG3 1PB,10
HG3 1PD,10
HG3 1PE,10
HG3 1PF,10
HG3 1PG,6
HG3 1PH,6
HG3 1PJ,6
HG3 1PL,6
HG3 1PN,6
HG3 1PP,6
HG3 1PQ,6
HG3 1PR,10
HG3 1PS,10
HG3 1PT,7
HG3 1PU,6
HG3 1PW,6
HG3 1PX,7
HG3 1PY,10
HG3 1PZ,7
HG3 1QA,10
HG3 1QB,10
HG3 1QD,6
HG3 1QE,6
HG3 1QF,10
HG3 1QG,6
HG3 1QH,6
HG3 1QJ,6
HG3 1QL,6
HG3 1QN,6
HG3 1QP,6
HG3 1QQ,6
HG3 1QR,6
HG3 1QS,6
HG3 1QT,6
HG3 1QU,6
HG3 1QW,6
HG3 1QX,6
HG3 1QY,6
HG3 1QZ,6
HG3 1RA,6
HG3 1RB,6
HG3 1RD,7
HG3 1RE,10
HG3 1RF,10
HG3 1RG,10
HG3 1RH,10
HG3 1RJ,10
HG3 1RL,10
HG3 1RN,5
HG3 1RP,7
HG3 1RQ,6
HG3 1RR,8
HG3 1RS,10
HG3 1RT,6
HG3 1RU,8
HG3 1RW,8
HG3 1RX,8
HG3 1RY,10
HG3 1RZ,10
HG3 1SA,10
HG3 1SB,6
HG3 1SD,6
HG3 1SE,5
HG3 1SF,9
HG3 1SG,6
HG3 1SH,6
HG3 1SJ,6
HG3 1SL,6
HG3 1SN,6
HG3 1SP,7
HG3 1SQ,6
HG3 1SR,7
HG3 1SS,7
HG3 1ST,7
HG3 1SU,7
HG3 1SW,7
HG3 1SX,6
HG3 1SY,7
HG3 1SZ,6
HG3 1TA,6
HG3 1TB,6
HG3 1TD,6
HG3 1TE,6
HG3 1TF,6
HG3 1TG,6
HG3 1TH,6
HG3 1TJ,6
HG3 1TL,6
HG3 1TN,5
HG3 1TP,6
HG3 1TQ,6
HG3 1TR,6
HG3 1TU,5
HG3 1TW,5
HG3 1TY,10
HG3 1TZ,9
HG3 1UA,10
HG3 1UB,10
HG3 1UD,10
HG3 1UE,10
HG3 1UF,10
HG3 1UG,10
HG3 1UH,5
HG3 1UJ,5
HG3 1UL,5
HG3 1UN,10
HG3 1UP,10
HG3 1UQ,5
HG3 1UR,5
HG3 1US,7
HG3 1UT,5
HG3 1UU,5
HG3 1UW,5
HG3 1UX,5
HG3 1UY,10
HG3 1UZ,10
HG3 1WA,10
HG3 1WB,5
HG3 1WD,5
HG3 1WE,10
HG3 1WF,5
HG3 1WG,10
HG3 1WH,6
HG3 1WJ,10
HG3 1WL,5
HG3 1WN,5
HG3 1WP,5
HG3 1WQ,5
HG3 1WR,5
HG3 1WS,5
HG3 1WT,5
HG3 1WU,5
HG3 1WW,5
HG3 1WX,5
HG3 1WY,5
HG3 1WZ,5
HG3 1XA,10
HG3 1XB,5
HG3 1XD,10
HG3 1XE,5
HG3 1XF,5
HG3 1XG,5
HG3 1XH,5
HG3 1XJ,5
HG3 1XL,10
HG3 1XN,5
HG3 1XP,5
HG3 1XQ,10
HG3 1XR,10
HG3 1XS,10
HG3 1XT,5
HG3 1XU,5
HG3 1XW,5
HG3 1XX,5
HG3 1YR,5
HG3 1YS,5
HG3 1YU,10
HG3 1ZE,6
HG3 1ZF,10
HG3 1ZG,10
HG3 1ZN,5
HG3 1ZP,5
HG3 1ZQ,5
HG3 1ZS,5
HG3 1ZT,5
HG3 1ZX,5
HG3 2AA,9
HG3 2AB,9
HG3 2AD,9
HG3 2AE,8
HG3 2AF,9
HG3 2AG,9
HG3 2AH,8
HG3 2AJ,9
HG3 2AL,9
HG3 2AN,9
HG3 2AP,9
HG3 2AQ,9
HG3 2AR,9
HG3 2AS,9
HG3 2AT,9
HG3 2AU,9
HG3 2AW,7
HG3 2AX,9
HG3 2AY,9
HG3 2AZ,9
HG3 2BA,9
HG3 2BB,9
HG3 2BD,9
HG3 2BE,9
HG3 2BF,8
HG3 2BG,9
HG3 2BH,9
HG3 2BJ,9
HG3 2BL,9
HG3 2BN,9
HG3 2BP,9
HG3 2BQ,9
HG3 2BS,9
HG3 2BT,9
HG3 2BU,9
HG3 2BW,9
HG3 2BX,9
HG3 2BY,9
HG3 2BZ,9
HG3 2DA,9
HG3 2DB,9
HG3 2DD,9
HG3 2DE,9
HG3 2DF,9
HG3 2DG,9
HG3 2DH,9
HG3 2DJ,9
HG3 2DL,9
HG3 2DN,9
HG3 2DP,9
HG3 2DQ,9
HG3 2DR,9
HG3 2DS,9
HG3 2DT,9
HG3 2DU,9
HG3 2DW,9
HG3 2DX,9
HG3 2DY,9
HG3 2DZ,9
HG3 2EA,9
HG3 2EB,9
HG3 2ED,9
HG3 2EE,9
HG3 2EF,9
HG3 2EG,9
HG3 2EH,9
HG3 2EJ,9
HG3 2EL,9
HG3 2EN,9
HG3 2EP,9
HG3 2EQ,9
HG3 2ER,9
HG3 2ES,9
HG3 2ET,9
HG3 2EU,9
HG3 2EW,9
HG3 2EX,9
HG3 2EY,9
HG3 2EZ,9
HG3 2FA,5
HG3 2FB,9
HG3 2FD,9
HG3 2FE,9
HG3 2FF,5
HG3 2FG,9
HG3 2FH,5
HG3 2FJ,5
HG3 2FL,5
HG3 2FN,5
HG3 2FP,5
HG3 2FQ,5
HG3 2FR,9
HG3 2FS,9
HG3 2FT,9
HG3 2FU,9
HG3 2FW,9
HG3 2FX,9
HG3 2FY,9
HG3 2FZ,9
HG3 2GA,10
HG3 2GB,10
HG3 2GD,10
HG3 2GE,10
HG3 2GF,10
HG3 2GG,10
HG3 2GH,10
HG3 2GJ,10
HG3 2GL,9
HG3 2GN,9
HG3 2GP,9
HG3 2GQ,5
HG3 2GR,5
HG3 2GS,9
HG3 2GT,9
HG3 2GU,5
HG3 2GW,9
HG3 2GX,5
HG3 2GY,9
HG3 2GZ,5
HG3 2HA,9
HG3 2HB,9
HG3 2HD,9
HG3 2HE,10
HG3 2HF,10
HG3 2HG,9
HG3 2HH,9
HG3 2HJ,9
HG3 2HL,9
HG3 2HN,9
HG3 2HP,9
HG3 2HQ,9
HG3 2HR,9
HG3 2HS,8
HG3 2HT,9
HG3 2HU,8
HG3 2HW,9
HG3 2HX,8
HG3 2HY,8
HG3 2HZ,8
HG3 2JA,8
HG3 2JB,8
HG3 2JD,8
HG3 2JE,8
HG3 2JF,8
HG3 2JG,8
HG3 2JH,8
HG3 2JJ,8
HG3 2JL,8
HG3 2JN,8
HG3 2JP,8
HG3 2JQ,8
HG3 2JR,8
HG3 2JS,8
HG3 2JT,8
HG3 2JU,8
HG3 2JW,8
HG3 2JX,8
HG3 2JY,8
HG3 2JZ,8
HG3 2LA,8
HG3 2LB,8
HG3 2LD,8
HG3 2LE,8
HG3 2LF,8
HG3 2LG,8
HG3 2LH,8
HG3 2LJ,8
HG3 2LL,8
HG3 2LN,8
HG3 2LP,8
HG3 2LQ,8
HG3 2LR,8
HG3 2LS,8
HG3 2LT,8
HG3 2LU,8
HG3 2LW,8
HG3 2LX,8
HG3 2LY,8
HG3 2LZ,9
HG3 2NA,10
HG3 2NB,10
HG3 2ND,10
HG3 2NE,9
HG3 2NF,8
HG3 2NG,8
HG3 2NH,8
HG3 2NJ,8
HG3 2NL,8
HG3 2NN,8
HG3 2NP,8
HG3 2NQ,8
HG3 2NR,10
HG3 2NS,10
HG3 2NT,10
HG3 2NU,10
HG3 2NW,8
HG3 2NX,10
HG3 2NY,10
HG3 2NZ,10
HG3 2PA,8
HG3 2PB,8
HG3 2PD,9
HG3 2PE,8
HG3 2PF,8
HG3 2PG,8
HG3 2PH,8
HG3 2PJ,8
HG3 2PL,8
HG3 2PN,8
HG3 2PP,8
HG3 2PQ,8
HG3 2PR,8
HG3 2PS,8
HG3 2PT,8
HG3 2PU,8
HG3 2PW,8
HG3 2PX,8
HG3 2PY,8
HG3 2PZ,8
HG3 2QA,8
HG3 2QB,8
HG3 2QD,8
HG3 2QE,8
HG3 2QF,8
HG3 2QG,8
HG3 2QH,7
HG3 2QJ,8
HG3 2QL,8
HG3 2QN,8
HG3 2QP,7
HG3 2QQ,8
HG3 2QR,8
HG3 2QS,7
HG3 2QT,7
HG3 2QU,7
HG3 2QW,8
HG3 2QX,7
HG3 2QY,7
HG3 2QZ,7
HG3 2RA,8
HG3 2RB,8
HG3 2RD,8
HG3 2RE,8
HG3 2RF,8
HG3 2RG,8
HG3 2RH,8
HG3 2RJ,8
HG3 2RL,8
HG3 2RN,8
HG3 2RP,8
HG3 2RQ,8
HG3 2RR,8
HG3 2RS,8
HG3 2RT,9
HG3 2RU,9
HG3 2RW,8
HG3 2RX,9
HG3 2RY,9
HG3 2RZ,9
HG3 2SA,10
HG3 2SB,9
HG3 2SD,10
HG3 2SE,9
HG3 2SF,9
HG3 2SG,10
HG3 2SH,10
HG3 2SJ,10
HG3 2SL,10
HG3 2SN,9
HG3 2SP,10
HG3 2SQ,10
HG3 2SR,5
HG3 2SS,6
HG3 2ST,6
HG3 2SU,10
HG3 2SW,8
HG3 2SX,6
HG3 2SY,10
HG3 2SZ,5
HG3 2TA,6
HG3 2TB,6
HG3 2TD,6
HG3 2TE,6
HG3 2TF,6
HG3 2TG,6
HG3 2TH,6
HG3 2TJ,5
HG3 2TL,5
HG3 2TN,6
HG3 2TP,5
HG3 2TQ,6
HG3 2TR,6
HG3 2TS,5
HG3 2TT,6
HG3 2TU,6
HG3 2TW,5
HG3 2TX,5
HG3 2TY,5
HG3 2TZ,5
HG3 2UA,6
HG3 2UB,5
HG3 2UD,6
HG3 2UE,6
HG3 2UF,10
HG3 2UG,10
HG3 2UH,10
HG3 2UJ,10
HG3 2UL,10
HG3 2UN,6
HG3 2UP,6
HG3 2UQ,10
HG3 2UR,5
HG3 2US,5
HG3 2UT,5
HG3 2UU,10
HG3 2UW,6
HG3 2UX,10
HG3 2UY,5
HG3 2UZ,5
HG3 2WA,8
HG3 2WB,10
HG3 2WD,10
HG3 2WE,10
HG3 2WF,10
HG3 2WG,10
HG3 2WH,10
HG3 2WJ,10
HG3 2WL,10
HG3 2WN,10
HG3 2WP,10
HG3 2WQ,10
HG3 2WR,10
HG3 2WS,10
HG3 2WT,10
HG3 2WU,10
HG3 2WW,10
HG3 2WX,9
HG3 2WY,9
HG3 2XA,5
HG3 2XB,10
HG3 2XD,10
HG3 2XE,10
HG3 2XF,10
HG3 2XG,10
HG3 2XH,10
HG3 2XJ,10
HG3 2XL,5
HG3 2XN,5
HG3 2XP,5
HG3 2XQ,6
HG3 2XR,5
HG3 2XS,5
HG3 2XT,5
HG3 2XU,5
HG3 2XW,5
HG3 2XX,10
HG3 2XY,5
HG3 2XZ,10
HG3 2YA,10
HG3 2YB,10
HG3 2YD,6
HG3 2YE,10
HG3 2YF,10
HG3 2YG,10
HG3 2YH,5
HG3 2YJ,6
HG3 2YL,6
HG3 2YN,6
HG3 2YP,5
HG3 2YQ,6
HG3 2YR,6
HG3 2YS,6
HG3 2YT,9
HG3 2YU,6
HG3 2YW,10
HG3 2YX,10
HG3 2YY,10
HG3 2YZ,5
HG3 2ZA,5
HG3 2ZB,5
HG3 2ZD,5
HG3 2ZE,5
HG3 2ZF,5
HG3 2ZG,5
HG3 2ZH,5
HG3 2ZJ,5
HG3 2ZL,5
HG3 2ZN,9
HG3 2ZP,5
HG3 2ZQ,5
HG3 2ZR,5
HG3 2ZS,5
HG3 2ZT,5
HG3 2ZU,5
HG3 2ZW,5
HG3 2ZY,5
HG3 3AA,8
HG3 3AB,8
HG3 3AD,9
HG3 3AE,9
HG3 3AF,8
HG3 3AG,8
HG3 3AH,8
HG3 3AJ,8
HG3 3AL,8
HG3 3AN,8
HG3 3AP,8
HG3 3AQ,8
HG3 3AR,8
HG3 3AS,8
HG3 3AT,9
HG3 3AU,9
HG3 3AW,8
HG3 3AX,9
HG3 3AY,9
HG3 3AZ,9
HG3 3BA,9
HG3 3BB,9
HG3 3BD,9
HG3 3BE,9
HG3 3BF,6
HG3 3BG,9
HG3 3BH,9
HG3 3BJ,9
HG3 3BL,9
HG3 3BN,9
HG3 3BP,9
HG3 3BQ,9
HG3 3BS,9
HG3 3BT,7
HG3 3BU,7
HG3 3BW,9
HG3 3BX,7
HG3 3BY,7
HG3 3BZ,7
HG3 3DA,7
HG3 3DB,7
HG3 3DD,7
HG3 3DE,7
HG3 3DF,9
HG3 3DG,9
HG3 3DH,8
HG3 3DJ,6
HG3 3DL,8
HG3 3DN,9
HG3 3DP,8
HG3 3DQ,9
HG3 3DR,8
HG3 3DS,8
HG3 3DT,8
HG3 3DU,8
HG3 3DW,8
HG3 3DZ,9
HG3 3EA,9
HG3 3EB,8
HG3 3ED,8
HG3 3EE,8
HG3 3EF,8
HG3 3EG,8
HG3 3EH,8
HG3 3EJ,8
HG3 3EL,8
HG3 3EN,8
HG3 3EP,6
HG3 3EQ,8
HG3 3ER,6
HG3 3ES,6
HG3 3ET,6
HG3 3EU,6
HG3 3EW,6
HG3 3EX,6
HG3 3EY,6
HG3 3EZ,6
HG3 3GY,8
HG3 3HA,6
HG3 3HB,6
HG3 3HD,6
HG3 3HE,6
HG3 3HF,6
HG3 3HG,8
HG3 3HH,8
HG3 3HJ,6
HG3 3HL,8
HG3 3HN,8
HG3 3HP,6
HG3 3HQ,8
HG3 3HR,6
HG3 3HS,6
HG3 3HT,6
HG3 3HU,6
HG3 3HW,8
HG3 3HX,6
HG3 3HY,6
HG3 3HZ,6
HG3 3JA,6
HG3 3JB,6
HG3 3JD,6
HG3 3JE,6
HG3 3JF,6
HG3 3JG,8
HG3 3JH,6
HG3 3JJ,9
HG3 3JL,6
HG3 3JN,6
HG3 3JP,6
HG3 3JQ,9
HG3 3JR,6
HG3 3JS,6
HG3 3JT,6
HG3 3JU,6
HG3 3JW,6
HG3 3JX,6
HG3 3JY,6
HG3 3JZ,6
HG3 3LA,8
HG3 3LB,6
HG3 3LD,6
HG3 3LE,6
HG3 3LF,6
HG3 3LG,6
HG3 3LH,6
HG3 3LJ,6
HG3 3LL,6
HG3 3LN,8
HG3 3LQ,6
HG3 3LR,8
HG3 3LS,9
HG3 3LT,9
HG3 3LU,9
HG3 3LX,9
HG3 3LY,9
HG3 3LZ,9
HG3 3NA,9
HG3 3NB,9
HG3 3ND,9
HG3 3NE,9
HG3 3NF,9
HG3 3NG,9
HG3 3NH,8
HG3 3NJ,8
HG3 3NL,8
HG3 3NN,8
HG3 3NP,8
HG3 3NQ,8
HG3 3NR,8
HG3 3NS,8
HG3 3NT,8
HG3 3NU,8
HG3 3NW,8
HG3 3NX,8
HG3 3NY,8
HG3 3NZ,8
HG3 3PA,8
HG3 3PB,8
HG3 3PD,8
HG3 3PE,8
HG3 3PF,8
HG3 3PG,8
HG3 3PH,8
HG3 3PJ,8
HG3 3PL,6
HG3 3PN,8
HG3 3PQ,8
HG3 3PR,8
HG3 3PS,8
HG3 3PT,8
HG3 3PU,8
HG3 3PW,8
HG3 3PX,9
HG3 3PY,8
HG3 3PZ,8
HG3 3QA,9
HG3 3QB,8
HG3 3QD,9
HG3 3QE,8
HG3 3QF,9
HG3 3QG,9
HG3 3QH,9
HG3 3QJ,9
HG3 3QL,9
HG3 3QN,9
HG3 3QP,9
HG3 3QQ,9
HG3 3QR,9
HG3 3QS,9
HG3 3QT,8
HG3 3QU,8
HG3 3QW,9
HG3 3QX,8
HG3 3QY,8
HG3 3QZ,8
HG3 3RA,8
HG3 3RB,9
HG3 3RD,9
HG3 3RE,9
HG3 3RF,9
HG3 3RG,9
HG3 3RH,9
HG3 3RJ,9
HG3 3RL,9
HG3 3RN,9
HG3 3RP,9
HG3 3RQ,8
HG3 3RR,9
HG3 3RS,9
HG3 3RT,9
HG3 3RU,9
HG1 9WU,5
HG1 9WW,5
HG1 9WX,5
HG1 9WY,5
HG1 9WZ,5
HG1 9XA,5
HG1 9XB,5
HG1 9XD,5
HG1 9XE,5
HG1 9XF,5
HG1 9XG,5
HG1 9XH,5
HG1 9XJ,5
HG1 9XL,5
HG1 9XN,5
HG1 9XP,5
HG1 9XQ,5
HG1 9XR,5
HG1 9XS,5
HG1 9XT,5
HG1 9XU,5
HG1 9XW,5
HG1 9XX,5
HG1 9XY,5
HG1 9XZ,5
HG1 9ZZ,5
HG2 0AA,7
HG2 0AB,7
HG2 0AD,7
HG2 0AE,7
HG2 0AF,10
HG2 0AG,10
HG2 0AH,10
HG2 0AJ,10
HG2 0AL,10
HG2 0AN,10
HG2 0AP,10
HG2 0AQ,10
HG2 0AR,10
HG2 0AS,10
HG2 0AT,10
HG2 0AU,10
HG2 0AW,10
HG2 0AX,10
HG2 0AY,10
HG2 0AZ,7
HG2 0BA,9
HG2 0BB,7
HG2 0BD,7
HG2 0BE,10
HG2 0BF,8
HG2 0BG,10
HG2 0BH,10
HG2 0BJ,10
HG2 0BL,10
HG2 0BN,10
HG2 0BP,10
HG2 0BQ,10
HG2 0BS,10
HG2 0BT,10
HG2 0BU,10
HG2 0BW,10
HG2 0BX,10
HG2 0BY,10
HG2 0BZ,10
HG2 0DA,10
HG2 0DB,7
HG2 0DD,7
HG2 0DE,7
HG2 0DF,7
HG2 0DG,10
HG2 0DH,8
HG2 0DJ,10
HG2 0DL,10
HG2 0DN,9
HG2 0DP,7
HG2 0DQ,10
HG2 0DR,7
HG2 0DS,7
HG2 0DT,7
HG2 0DU,10
HG2 0DW,10
HG2 0DX,10
HG2 0DY,10
HG2 0DZ,10
HG2 0EA,10
HG2 0EB,10
HG2 0ED,10
HG2 0EE,10
HG2 0EF,10
HG2 0EG,7
HG2 0EH,10
HG2 0EJ,9
HG2 0EL,9
HG2 0EN,9
HG2 0EP,9
HG2 0EQ,7
HG2 0ER,9
HG2 0ES,9
HG2 0ET,9
HG2 0EU,9
HG2 0EW,9
HG2 0EX,9
HG2 0EY,9
HG2 0EZ,9
HG2 0FA,7
HG2 0FB,7
HG2 0FD,7
HG2 0FE,7
HG2 0FF,7
HG2 0FG,7
HG2 0FH,7
HG2 0FJ,9
HG2 0FL,8
HG2 0FN,8
HG2 0FQ,10
HG2 0HA,9
HG2 0HB,9
HG2 0HD,9
HG2 0HE,9
HG2 0HF,9
HG2 0HG,9
HG2 0HH,7
HG2 0HJ,7
HG2 0HL,9
HG2 0HN,9
HG2 0HP,7
HG2 0HQ,8
HG2 0HR,7
HG2 0HS,10
HG2 0HT,10
HG2 0HU,10
HG2 0HW,7
HG2 0HX,10
HG2 0HY,10
HG2 0HZ,10
HG2 0JA,10
HG2 0JB,10
HG2 0JD,10
HG2 0JE,9
HG2 0JF,7
HG2 0JG,8
HG2 0JH,8
HG2 0JJ,8
HG2 0JL,8
HG2 0JN,8
HG2 0JP,8
HG2 0JQ,8
HG2 0JR,8
HG2 0JS,9
HG2 0JT,9
HG2 0JU,9
HG2 0JW,8
HG2 0JX,9
HG2 0JY,9
HG2 0JZ,7
HG2 0LA,7
HG2 0LB,7
HG2 0LD,7
HG2 0LE,7
HG2 0LF,7
HG2 0LG,9
HG2 0LH,4
HG2 0LJ,9
HG2 0LL,9
HG2 0LN,8
HG2 0LP,8
HG2 0LQ,9
HG2 0LR,8
HG2 0LS,8
HG2 0LT,8
HG2 0LU,9
HG2 0LW,8
HG2 0LX,9
HG2 0LY,9
HG2 0LZ,9
HG2 0NA,8
HG2 0NB,9
HG2 0ND,9
HG2 0NE,9
HG2 0NF,4
HG2 0NG,8
HG2 0NH,8
HG2 0NJ,9
HG2 0NL,8
HG2 0NN,8
HG2 0NP,8
HG2 0NQ,8
HG2 0NR,8
HG2 0NS,8
HG2 0NT,8
HG2 0NU,9
HG2 0NW,8
HG2 0NX,9
HG2 0PA,9
HG2 0PB,9
HG2 0PD,7
HG2 0PE,7
HG2 0PH,9
HG2 0PJ,9
HG2 0PL,9
HG2 0PN,9
HG2 0PP,9
HG2 0PQ,9
HG2 0PR,9
HG2 0PS,9
HG2 0PT,9
HG2 0PU,7
HG2 0PW,9
HG2 0PX,9
HG2 0PY,9
HG2 0PZ,9
HG2 0QA,4
HG2 0QB,7
HG2 0QD,9
HG2 0QH,7
HG2 0QJ,7
HG2 0TA,7
HG2 0TB,7
HG2 0TD,7
HG2 0TE,7
HG2 0TJ,7
HG2 0TL,7
HG2 0TN,7
HG2 0TP,5
HG2 0TR,9
HG2 0TS,5
HG2 0TT,7
HG2 0TU,5
HG2 0TW,5
HG2 0TX,7
HG2 0TY,7
HG2 0TZ,7
HG2 0UA,7
HG2 0UB,7
HG2 0UD,9
HG2 0UE,7
HG2 0UF,5
HG2 0UG,7
HG2 0UH,5
HG2 0UJ,5
HG2 0UQ,9
HG2 0UZ,9
HG2 0WA,5
HG2 0WL,5
HG2 0WN,5
HG2 0WP,5
HG2 0WQ,5
HG2 0WR,5
HG2 0WS,5
HG2 0WT,5
HG2 0WU,5
HG2 0WW,5
HG2 0WX,5
HG2 0WY,5
HG2 0WZ,5
HG2 0XA,7
HG2 0XB,5
HG2 0XD,5
HG2 0XE,5
HG2 0XF,5
HG2 0XG,7
HG2 0XH,5
HG2 0XJ,5
HG2 0XL,5
HG2 0XN,7
HG2 0XP,7
HG2 0XQ,9
HG2 0XR,7
HG2 0XS,5
HG2 0XT,7
HG2 0XU,5
HG2 0XW,7
HG2 0XX,7
HG2 0XY,7
HG2 0XZ,9
HG2 0YH,5
HG2 0YN,7
HG2 0YP,5
HG2 0YS,7
HG2 0YW,7
HG2 0YX,5
HG2 0YY,7
HG2 0YZ,5
HG2 0ZW,5
HG2 0ZX,5
HG2 7AA,9
HG2 7AB,9
HG2 7AD,9
HG2 7AE,9
HG2 7AF,8
HG2 7AG,9
HG2 7AH,9
HG2 7AJ,8
HG2 7AL,8
HG2 7AN,9
HG2 7AP,8
HG2 7AQ,8
HG2 7AR,8
HG2 7AS,9
HG2 7AT,9
HG2 7AU,3
HG2 7AW,9
HG2 7AX,6
HG2 7AY,8
HG2 7AZ,8
HG2 7BA,8
HG2 7BB,8
HG2 7BD,8
HG2 7BE,8
HG2 7BF,5
HG2 7BG,8
HG2 7BH,8
HG2 7BJ,8
HG2 7BL,9
HG2 7BN,5
HG2 7BP,9
HG2 7BQ,9
HG2 7BU,9
HG2 7BW,8
HG2 7BX,9
HG2 7BY,9
HG2 7BZ,9
HG2 7DA,9
HG2 7DB,9
HG2 7DD,9
HG2 7DE,9
HG2 7DF,9
HG2 7DG,9
HG2 7DH,9
HG2 7DJ,9
HG2 7DL,9
HG2 7DN,9
HG2 7DP,9
HG2 7DQ,9
HG2 7DR,9
HG2 7DS,8
HG2 7DT,8
HG2 7DU,8
HG2 7DW,8
HG2 7DX,7
HG2 7DZ,7
HG2 7EA,9
HG2 7EB,7
HG2 7ED,9
HG2 7EE,9
HG2 7EF,9
HG2 7EG,8
HG2 7EH,8
HG2 7EJ,8
HG2 7EL,8
HG2 7EN,8
HG2 7EP,8
HG2 7EQ,8
HG2 7ER,8
HG2 7ES,8
HG2 7ET,8
HG2 7EU,8
HG2 7EW,8
HG2 7EX,8
HG2 7EY,8
HG2 7EZ,7
HG2 7HA,7
HG2 7HB,7
HG2 7HD,7
HG2 7HE,9
HG2 7HF,9
HG2 7HG,9
HG2 7HH,9
HG2 7HJ,8
HG2 7HL,8
HG2 7HN,8
HG2 7HP,9
HG2 7HQ,9
HG2 7HR,9
HG2 7HS,9
HG2 7HT,9
HG2 7HU,9
HG2 7HW,9
HG2 7HX,7
HG2 7HY,7
HG2 7HZ,5
HG2 7JA,7
HG2 7JB,7
HG2 7JD,7
HG2 7JE,5
HG2 7JF,5
HG2 7JG,5
HG2 7JH,8
HG2 7JJ,8
HG2 7JL,5
HG2 7JN,8
HG2 7JP,8
HG2 7JQ,5
HG2 7JR,8
HG2 7JS,8
HG2 7JT,8
HG2 7JU,8
HG2 7JW,8
HG2 7JX,8
HG2 7JY,8
HG2 7JZ,8
HG2 7LA,8
HG2 7LB,8
HG2 7LD,9
HG2 7LE,8
HG2 7LF,5
HG2 7LH,7
HG2 7LJ,7
HG2 7LL,7
HG2 7LN,7
HG2 7LP,7
HG2 7LQ,5
HG2 7LT,5
HG2 7LU,3
HG2 7LW,7
HG2 7LX,5
HG2 7LY,8
HG2 7LZ,8
HG2 7NA,8
HG2 7NB,9
HG2 7ND,8
HG2 7NE,3
HG2 7NF,6
HG2 7NG,6
HG2 7NH,6
HG2 7NJ,6
HG2 7NL,6
HG2 7NN,7
HG2 7NP,5
HG2 7NQ,6
HG2 7NR,5
HG2 7NS,5
HG2 7NT,9
HG2 7NU,8
HG2 7NW,6
HG2 7NX,9
HG2 7NY,7
HG2 7NZ,3
HG2 7PA,5
HG2 7PB,7
HG2 7PD,5
HG2 7PE,5
HG2 7PF,5
HG2 7PG,5
HG2 7PH,5
HG2 7PJ,5
HG2 7PL,5
HG2 7PN,5
HG2 7PP,6
HG2 7PQ,5
HG2 7PR,5
HG2 7PS,5
HG2 7PT,5
HG2 7PU,5
HG2 7PW,5
HG2 7PX,3
HG2 7PY,3
HG2 7PZ,3
HG2 7QA,3
HG2 7QB,3
HG2 7QD,6
HG2 7QE,6
HG2 7QF,6
HG2 7QG,6
HG2 7QH,6
HG2 7QJ,6
HG2 7QL,6
HG2 7QN,8
HG2 7QP,7
HG2 7QQ,6
HG2 7QR,6
HG2 7QU,3
HG2 7QW,6
HG2 7QX,3
HG2 7QY,3
HG2 7QZ,6
HG2 7RA,3
HG2 7RB,3
HG2 7RD,3
HG2 7RE,3
HG2 7RF,3
HG2 7RG,3
HG2 7RH,3
HG2 7RJ,8
HG2 7RL,3
HG2 7RN,8
HG2 7RP,3
HG2 7RQ,3
HG2 7RR,3
HG2 7RS,8
HG2 7RT,8
HG2 7RU,3
HG2 7RW,8
HG2 7RX,3
HG2 7RY,5
HG2 7RZ,10
HG2 7SA,10
HG2 7SB,10
HG2 7SD,10
HG2 7SE,6
HG2 7SF,5
HG2 7SG,3
HG2 7SH,3
HG2 7SJ,6
HG2 7SL,9
HG2 7SN,3
HG2 7SP,5
HG2 7SQ,9
HG2 7SR,5
HG2 7SS,5
HG2 7ST,5
HG2 7SU,5
HG2 7SW,5
HG2 7SX,5
HG2 7SY,3
HG2 7SZ,10
HG2 7TA,3
HG2 7TB,5
HG2 7TD,7
HG2 7TE,7
HG2 7TF,7
HG2 7TG,7
HG2 7TH,8
HG2 7TJ,8
HG2 7TL,8
HG2 7TN,8
HG2 7TQ,7
HG2 7TW,9
HG2 7UA,7
HG2 7UB,5
HG2 7UD,5
HG2 7UE,5
HG2 7UF,5
HG2 7UG,5
HG2 7UH,5
HG2 7UJ,5
HG2 7UL,7
HG2 7UQ,5
HG2 7UR,5
HG2 7UT,7
HG2 7UU,7
HG2 7UW,7
HG2 7UX,7
HG2 7WA,5
HG2 7WB,5
HG2 7WD,5
HG2 7WE,5
HG2 7WH,5
HG2 7WJ,5
HG2 7WL,5
HG2 7WN,5
HG2 7WP,5
HG2 7WQ,5
HG2 7WR,5
HG2 7WS,5
HG2 7WT,5
HG2 7WU,5
HG2 7WW,5
HG2 7WX,5
HG2 7WY,5
HG2 7WZ,5
HG2 7XA,5
HG2 7XB,7
HG2 7XD,5
HG2 7XE,5
HG2 7XF,5
HG2 7XG,7
HG2 7XH,7
HG2 7XJ,7
HG2 7XL,7
HG2 7XN,5
HG2 7XP,7
HG2 7XQ,5
HG2 7XR,7
HG2 7XS,5
HG2 7XT,5
HG2 7XU,5
HG2 7XW,7
HG2 7XX,5
HG2 7YN,5
HG2 7YP,5
HG2 7YS,5
HG2 7YY,5
HG2 8AA,10
HG2 8AB,10
HG2 8AD,10
HG2 8AE,10
HG2 8AF,10
HG2 8AH,10
HG2 8AN,10
HG2 8AP,10
HG2 8AQ,10
HG2 8AR,10
HG2 8AS,10
HG2 8AT,10
HG2 8AU,10
HG2 8AW,10
HG2 8AX,10
HG2 8AY,10
HG2 8AZ,10
HG2 8BA,10
HG2 8BB,10
HG2 8BD,10
HG2 8BE,10
HG2 8BG,10
HG2 8BH,10
HG2 8BP,10
HG2 8BQ,10
HG2 8BS,10
HG2 8BT,10
HG2 8BU,10
HG2 8BW,10
HG2 8BX,10
HG2 8BY,10
HG2 8BZ,10
HG2 8DA,10
HG2 8DB,10
HG2 8DD,10
HG2 8DE,10
HG2 8DF,10
HG2 8DG,10
HG2 8DH,10
HG2 8DJ,10
HG2 8DL,10
HG2 8DN,10
HG2 8DQ,10
HG2 8DS,10
HG2 8DW,10
HG2 8DY,10
HG2 8DZ,10
HG2 8EA,10
HG2 8EB,10
HG2 8ED,10
HG2 8EE,10
HG2 8EF,10
HG2 8EG,10
HG2 8EH,10
HG2 8EJ,10
HG2 8EL,10
HG2 8EN,10
HG2 8EP,10
HG2 8EQ,10
HG2 8ER,10
HG2 8ES,10
HG2 8ET,10
HG2 8EU,10
HG2 8EX,10
HG2 8EY,10
HG2 8EZ,10
HG2 8HA,10
HG2 8HB,10
HG2 8HD,10
HG2 8HE,10
HG2 8HF,10
HG2 8HG,10
HG2 8HH,10
HG2 8HJ,10
HG2 8HL,10
HG2 8HN,10
HG2 8HP,10
HG2 8HQ,10
HG2 8HR,10
HG2 8HS,10
HG2 8HT,10
HG2 8HU,10
HG2 8HW,10
HG2 8HX,10
HG2 8HY,10
HG2 8HZ,10
HG2 8JA,10
HG2 8JB,10
HG2 8JD,10
HG2 8JE,10
HG2 8JF,10
HG2 8JG,10
HG2 8JH,10
HG2 8JJ,10
HG2 8JL,10
HG2 8JN,10
HG2 8JP,10
HG2 8JQ,10
HG2 8JR,10
HG2 8JS,10
HG2 8JT,10
HG2 8JU,10
HG2 8JW,10
HG2 8JX,10
HG2 8JY,10
HG2 8JZ,10
HG2 8LA,10
HG2 8LB,10
HG2 8LD,10
HG2 8LE,10
HG2 8LF,10
HG2 8LJ,10
HG2 8LL,10
HG2 8LN,10
HG2 8LP,10
HG2 8LR,10
HG2 8LS,10
HG2 8LT,10
HG2 8LU,10
HG2 8LW,10
HG2 8LX,10
HG2 8LY,10
HG2 8LZ,10
HG2 8NA,10
HG2 8NB,10
HG2 8ND,10
HG2 8NE,10
HG2 8NF,10
HG2 8NG,10
HG2 8NH,10
HG2 8NJ,10
HG2 8NL,10
HG2 8NN,9
HG2 8NP,9
HG2 8NQ,10
HG2 8NR,10
HG2 8NS,10
HG2 8NT,10
HG2 8NU,10
HG2 8NW,9
HG2 8NX,10
HG2 8NZ,9
HG2 8PA,10
HG2 8PB,10
HG2 8PD,10
HG2 8PE,9
HG2 8PF,9
HG2 8PG,9
HG2 8PH,9
HG2 8PJ,9
HG2 8PL,9
HG2 8PN,9
HG2 8PP,9
HG2 8PQ,9
HG2 8PR,9
HG2 8PS,10
HG2 8PT,10
HG2 8PU,10
HG2 8PW,9
HG2 8PX,10
HG2 8PY,10
HG2 8PZ,10
HG2 8QA,10
HG2 8QB,9
HG2 8QD,9
HG2 8QE,9
HG2 8QF,9
HG2 8QG,9
HG2 8QH,10
HG2 8QJ,10
HG2 8QL,10
HG2 8QN,10
HG2 8QP,10
HG2 8QQ,10
HG2 8QR,10
HG2 8QS,10
HG2 8QT,10
HG2 8QU,10
HG2 8QX,10
HG2 8QY,10
HG2 8QZ,9
HG2 8RA,10
HG2 8RB,10
HG2 8RD,10
HG2 8RE,10
HG2 8RX,5
HG2 8RY,5
HG2 8TA,4
HG2 8TB,10
HG2 8TD,10
HG2 8TG,10
HG2 8TH,5
HG2 8TJ,5
HG2 8TL,10
HG2 8TN,10
HG2 8TP,10
HG2 8TQ,10
HG2 8TR,9
HG2 8TS,10
HG2 8TT,5
HG2 8TU,5
HG2 8TW,10
HG2 8TX,10
HG2 8TZ,10
HG2 8UA,5
HG2 8UB,5
HG2 8UE,5
HG2 8UF,10
HG2 8UG,10
HG2 8UH,5
HG2 8UJ,5
HG2 8UL,5
HG2 8UN,9
HG2 8UR,5
HG2 8UT,10
HG2 8UU,5
HG2 8UW,5
HG2 8UX,5
HG2 8UY,10
HG2 8UZ,5
HG2 8WA,5
HG2 8WG,5
HG2 8WH,5
HG2 8WJ,5
HG2 8WL,5
HG2 8WN,5
HG2 8WP,5
HG2 8WQ,5
HG2 8WR,5
HG2 8WS,5
HG2 8WT,5
HG2 8WU,5
HG2 8WW,5
HG2 8WX,5
HG2 8WY,5
HG2 8WZ,5
HG2 8XA,10
HG2 8XB,5
HG2 8XD,5
HG2 8XE,5
HG2 8XF,5
HG2 8XG,5
HG2 8XH,5
HG2 8XJ,5
HG2 8XL,10
HG2 8XN,5
HG2 8XP,10
HG2 8XQ,5
HG2 8XR,5
HG2 8XS,5
HG2 8XT,5
HG2 8XU,10
HG2 8XW,10
HG2 8XX,10
HG2 8XY,5
HG2 8XZ,5
HG2 8YE,5
HG2 8YJ,5
HG2 8YW,10
HG2 8YX,5
HG2 8YY,10
HG2 8ZG,5
HG2 8ZP,5
HG2 8ZQ,5
HG2 8ZS,5
HG2 8ZT,5
HG2 8ZU,5
HG2 9AA,10
HG2 9AB,10
HG2 9AD,10
HG2 9AE,10
HG2 9AF,10
HG2 9AG,10
HG2 9AH,10
HG2 9AJ,10
HG2 9AL,10
HG2 9AN,10
HG2 9AP,10
HG2 9AQ,10
HG2 9AR,10
HG2 9AS,10
HG2 9AT,10
HG2 9AU,10
HG2 9AW,10
HG2 9AX,10
HG2 9AY,10
HG2 9AZ,10
HG2 9BA,10
HG2 9BB,10
HG2 9BD,10
HG2 9BE,10
HG2 9BF,10
HG2 9BG,10
HG2 9BH,10
HG2 9BJ,10
HG2 9BN,10
HG2 9BP,10
HG2 9BQ,10
HG2 9BS,10
HG2 9BT,10
HG2 9BU,10
HG2 9BX,10
HG2 9BY,10
HG2 9BZ,10
HG2 9DB,10
HG2 9DD,10
HG2 9DE,10
HG2 9DG,10
HG2 9DH,10
HG2 9DJ,10
HG2 9DL,10
HG2 9DN,10
HG2 9DP,10
HG2 9DQ,10
HG2 9DS,10
HG2 9DT,10
HG2 9DU,10
HG2 9DW,10
HG2 9DX,10
HG2 9DY,10
HG2 9DZ,10
HG2 9EG,10
HG2 9EH,10
HG2 9EN,10
HG2 9EQ,10
HG2 9ER,10
HG2 9EX,10
HG2 9EY,10
HG2 9EZ,10
HG2 9HA,10
HG2 9HB,10
HG2 9HD,10
HG2 9HE,10
HG2 9HF,10
HG2 9HG,10
HG2 9HH,10
HG2 9HJ,10
HG2 9HL,10
HG2 9HN,10
HG2 9HP,10
HG2 9HQ,10
HG2 9HS,10
HG2 9HT,10
HG2 9HU,10
HG2 9HW,10
HG2 9HY,10
HG2 9HZ,10
HG2 9JA,10
HG2 9JB,10
HG2 9JD,10
HG2 9JE,10
HG2 9JF,10
HG2 9JG,10
HG2 9JH,10
HG2 9JJ,10
HG2 9JL,10
HG2 9JN,10
HG2 9JP,10
HG2 9JQ,10
HG2 9JR,10
HG2 9JS,10
HG2 9JT,10
HG2 9JU,10
HG2 9JW,10
HG2 9JX,10
HG2 9JY,10
HG2 9JZ,10
HG2 9LA,10
HG2 9LB,10
HG2 9LD,10
HG2 9LE,10
HG2 9LF,10
HG2 9LG,10
HG2 9LH,10
HG2 9LJ,10
HG2 9LL,10
HG2 9LN,10
HG2 9LP,10
HG2 9LQ,10
HG2 9LR,10
HG2 9LS,10
HG2 9LT,10
HG2 9LU,10
HG2 9LW,10
HG2 9LX,10
HG2 9LY,10
HG2 9LZ,10
HG2 9NA,10
HG2 9NB,10
HG2 9ND,10
HG2 9NE,10
HG2 9NF,10
HG2 9NG,10
HG2 9NH,10
HG2 9NJ,10
HG2 9NL,10
HG2 9NN,10
HG2 9NP,10
HG2 9NQ,10
HG2 9NR,10
HG2 9NS,10
HG2 9NT,10
HG2 9NU,10
HG2 9NW,10
HG2 9NX,10
HG2 9NY,10
HG2 9NZ,10
HG2 9PA,10
HG2 9PB,10
HG2 9PD,10
HG2 9PE,10
HG2 9PF,10
HG2 9PG,10
HG2 9PH,10
HG2 9PJ,5
HG2 9PP,10
HG4 2RU,9
HG4 2RX,8
HG4 2RY,9
HG4 2RZ,9
HG4 2SA,5
HG4 2SB,9
HG4 2SD,9
HG4 2SE,10
HG4 2SF,9
HG4 2SG,8
HG4 2SH,9
HG4 2SZ,8
HG4 2TA,8
HG4 2TB,8
HG4 2TD,4
HG4 2TE,8
HG4 2TF,8
HG4 2TG,8
HG4 2TH,8
HG4 2TJ,8
HG4 2TL,8
HG4 2TN,8
HG4 2TP,10
HG4 2TQ,8
HG4 2TR,10
HG4 2TS,10
HG4 2TT,10
HG4 2TU,10
HG4 2TW,8
HG4 2TX,10
HG4 2TY,10
HG4 2TZ,10
HG4 2UA,8
HG4 2UB,8
HG4 2UD,8
HG4 2WA,4
HG4 2WR,4
HG4 2WS,4
HG4 2WT,4
HG4 2WU,4
HG4 2WW,4
HG4 2WX,4
HG4 2WY,10
HG4 2WZ,4
HG4 2XA,8
HG4 2XW,10
HG4 2XX,10
HG4 2XY,10
HG4 2XZ,10
HG4 2YD,8
HG4 2YE,8
HG4 2YF,4
HG4 2YH,4
HG4 2YJ,8
HG4 2YL,8
HG4 2YN,8
HG4 2YP,8
HG4 2YQ,9
HG4 2YR,4
HG4 2YS,4
HG4 2YT,4
HG4 2YW,8
HG4 3AA,8
HG4 3AB,8
HG4 3AD,8
HG4 3AE,8
HG4 3AF,8
HG4 3AG,8
HG4 3AH,7
HG4 3AJ,7
HG4 3AL,7
HG4 3AN,8
HG4 3AP,8
HG4 3AQ,8
HG4 3AR,8
HG4 3AS,8
HG4 3AT,8
HG4 3AU,7
HG4 3AW,8
HG4 3AX,7
HG4 3AY,7
HG4 3AZ,7
HG4 3BA,7
HG4 3BB,7
HG4 3BD,7
HG4 3BE,8
HG4 3BF,7
HG4 3BG,8
HG4 3BH,6
HG4 3BJ,7
HG4 3BL,6
HG4 3BN,6
HG4 3BP,6
HG4 3BQ,8
HG4 3BS,6
HG4 3BT,6
HG4 3BU,6
HG4 3BW,6
HG4 3BX,6
HG4 3BY,6
HG4 3BZ,6
HG4 3DA,6
HG4 3DB,6
HG4 3DD,6
HG4 3DE,6
HG4 3DF,6
HG4 3DG,6
HG4 3DH,6
HG4 3DJ,6
HG4 3DL,8
HG4 3DN,6
HG4 3DP,8
HG4 3DQ,6
HG4 3DR,6
HG4 3DS,6
HG4 3DT,7
HG4 3DU,7
HG4 3DW,6
HG4 3DX,8
HG4 3DY,7
HG4 3DZ,7
HG4 3EA,8
HG4 3EB,8
HG4 3ED,8
HG4 3EE,8
HG4 3EF,8
HG4 3EG,8
HG4 3EH,8
HG4 3EJ,8
HG4 3EL,8
HG4 3EN,8
HG4 3EP,8
HG4 3EQ,8
HG4 3ER,8
HG4 3ES,8
HG4 3ET,8
HG4 3EU,8
HG4 3EW,8
HG4 3EX,8
HG4 3EY,8
HG4 3EZ,8
HG4 3FA,8
HG4 3FB,7
HG4 3FD,8
HG4 3HA,8
HG4 3HB,8
HG4 3HD,8
HG4 3HE,7
HG4 3HF,7
HG4 3HG,7
HG4 3HH,7
HG4 3HJ,7
HG4 3HL,7
HG4 3HN,7
HG4 3HP,7
HG4 3HQ,7
HG4 3HR,7
HG4 3HS,7
HG4 3HT,7
HG4 3HU,7
HG4 3HW,7
HG4 3HX,7
HG4 3HY,7
HG4 3HZ,7
HG4 3JA,7
HG4 3JB,7
HG4 3JD,7
HG4 3JE,7
HG4 3JF,7
HG4 3JG,7
HG4 3JH,7
HG4 3JJ,7
HG4 3JL,7
HG4 3JN,7
HG4 3JP,7
HG4 3JQ,7
HG4 3JT,7
HG4 3JU,7
HG4 3JW,7
HG4 3JX,7
HG4 3JY,7
HG4 3JZ,7
HG4 3LA,7
HG4 3LB,7
HG4 3LD,7
HG4 3LE,7
HG4 3LF,8
HG4 3LG,8
HG4 3LH,8
HG4 3LJ,8
HG4 3LL,8
HG4 3LN,8
HG4 3LP,8
HG4 3LQ,8
HG4 3LR,8
HG4 3LS,8
HG4 3LT,8
HG4 3LU,8
HG4 3LW,8
HG4 3LX,8
HG4 3LY,8
HG4 3LZ,8
HG4 3NB,7
HG4 3ND,8
HG4 3NE,7
HG4 3NF,7
HG4 3NG,7
HG4 3NJ,7
HG4 3NL,7
HG4 3NN,7
HG4 3NP,7
HG4 3NR,7
HG4 3NS,7
HG4 3NT,7
HG4 3NU,8
HG4 3NW,7
HG4 3NX,8
HG4 3NY,7
HG4 3PA,8
HG4 3PB,7
HG4 3PG,7
HG4 3PH,8
HG4 3PJ,8
HG4 3PL,8
HG4 3PN,8
HG4 3PP,8
HG4 3PQ,7
HG4 3PR,8
HG4 3PS,8
HG4 3PT,8
HG4 3PU,8
HG4 3PW,8
HG4 3PX,8
HG4 3PY,8
HG4 3QD,8
HG4 3QE,8
HG4 3QF,8
HG4 3QG,8
HG4 3QH,8
HG4 3QJ,8
HG4 3QL,8
HG4 3QN,8
HG4 3QP,8
HG4 3QQ,8
HG4 3QR,8
HG4 3QS,8
HG4 3QT,8
HG4 3QU,8
HG4 3QW,8
HG4 3QX,8
HG4 3QY,8
HG4 3QZ,8
HG4 3RA,8
HG4 3RB,8
HG4 3RD,8
HG4 3RE,8
HG4 3RF,8
HG4 3RG,8
HG4 3RH,8
HG4 3RJ,8
HG4 3RP,8
HG4 3RQ,8
HG4 3RR,8
HG4 3RS,8
HG4 3RT,8
HG4 3RU,8
HG4 3RW,8
HG4 3RX,8
HG4 3RY,8
HG4 3RZ,8
HG4 3SA,8
HG4 3SB,8
HG4 3SD,8
HG4 3SE,8
HG4 3SF,8
HG4 3SG,8
HG4 3SH,8
HG4 3SJ,8
HG4 3SL,8
HG4 3SN,8
HG4 3SP,8
HG4 3SQ,8
HG4 3SR,8
HG4 3SS,8
HG4 3ST,8
HG4 3SU,8
HG4 3SW,8
HG4 3SX,8
HG4 3SY,8
HG4 3SZ,8
HG4 3TA,8
HG4 3TB,7
HG4 3TD,8
HG4 3TE,6
HG4 3TT,8
HG4 3UA,8
HG4 3WQ,4
HG4 3WR,4
HG4 3WS,4
HG4 3WT,4
HG4 3WU,4
HG4 3WW,4
HG4 3WX,4
HG4 3WY,4
HG4 3WZ,4
HG4 3XA,8
HG4 3XB,4
HG4 3XD,7
HG4 3XE,4
HG4 3XG,4
HG4 3XH,4
HG4 3XJ,7
HG4 3XL,7
HG4 3XN,7
HG4 3XP,4
HG4 3XQ,4
HG4 3XR,7
HG4 3XS,7
HG4 3XT,4
HG4 3XU,4
HG4 3XW,4
HG4 3XX,4
HG4 3XY,4
HG4 3YB,4
HG4 3YD,7
HG4 3YE,4
HG4 3YF,4
HG4 3YR,8
HG4 3ZX,4
HG4 4AA,8
HG4 4AB,8
HG4 4AD,8
HG4 4AE,8
HG4 4AF,8
HG4 4AG,8
HG4 4AH,8
HG4 4AJ,8
HG4 4AL,8
HG4 4AN,8
HG4 4AP,8
HG4 4AQ,8
HG4 4AR,8
HG4 4AS,8
HG4 4AT,8
HG4 4AU,8
HG4 4AW,8
HG4 4AX,8
HG4 4AY,8
HG4 4AZ,6
HG4 4BA,6
HG4 4BB,6
HG4 4BD,6
HG4 4BE,6
HG4 4BF,8
HG4 4BG,6
HG4 4BH,6
HG4 4BJ,8
HG4 4BP,6
HG4 4BQ,6
HG4 4BS,6
HG4 4BT,8
HG4 4DA,7
HG4 4DB,7
HG4 4DD,6
HG4 4DE,6
HG4 4DF,6
HG4 4DG,6
HG4 4DH,6
HG4 4DJ,6
HG4 4DL,6
HG4 4DN,6
HG4 4DP,6
HG4 4DQ,6
HG4 4DR,7
HG4 4DS,7
HG4 4DT,7
HG4 4DU,7
HG4 4DW,6
HG4 4DX,7
HG4 4DY,7
HG4 4DZ,7
HG4 4EA,7
HG4 4EB,7
HG4 4ED,7
HG4 4EE,7
HG4 4EF,7
HG4 4EG,7
HG4 4EH,7
HG4 4EJ,7
HG4 4EL,7
HG4 4EN,7
HG4 4EP,7
HG4 4EQ,7
HG4 4ER,7
HG4 4ES,7
HG4 4ET,7
HG4 4EU,7
HG4 4EW,7
HG4 4EX,7
HG4 4EY,7
HG4 4EZ,7
HG4 4FA,7
HG4 4HA,7
HG4 4HB,7
HG4 4HD,7
HG4 4HE,7
HG4 4HF,7
HG4 4HG,7
HG4 4HH,7
HG4 4HJ,7
HG4 4HL,7
HG4 4HN,7
HG4 4HP,7
HG4 4HQ,7
HG4 4HR,7
HG4 4HS,7
HG4 4HT,7
HG4 4HU,7
HG4 4HW,7
HG4 4HX,7
HG4 4HY,7
HG4 4HZ,7
HG4 4JA,7
HG4 4JB,7
HG4 4JD,7
HG4 4JF,6
HG4 4JH,6
HG4 4JP,6
HG4 4JR,6
HG4 4JS,6
HG4 4JT,6
HG4 4JU,6
HG4 4JW,6
HG4 4JX,6
HG4 4JY,6
HG4 4JZ,6
HG4 4LA,6
HG4 4LB,6
HG4 4LD,6
HG4 4LH,6
HG4 4LJ,6
HG4 4LL,6
HG4 4LN,6
HG4 4LP,6
HG4 4LR,6
HG4 4LS,6
HG4 4LT,6
HG4 4LU,6
HG4 4LW,6
HG4 4LX,6
HG4 4ND,6
HG4 4NE,6
HG4 4NF,6
HG4 4NG,6
HG4 4NH,6
HG4 4NJ,6
HG4 4NL,6
HG4 4NN,6
HG4 4NQ,6
HG4 4NS,7
HG4 4NT,6
HG4 4NU,7
HG4 4NX,7
HG4 4PA,6
HG4 4PB,6
HG4 4PD,6
HG4 4PE,6
HG4 4PF,6
HG4 4PG,6
HG4 4PH,6
HG4 4PJ,6
HG4 4PL,6
HG4 4PN,6
HG4 4PP,6
HG4 4PQ,6
HG4 4PR,6
HG4 4PS,7
HG4 4PW,6
HG4 4TA,4
HG4 4TB,7
HG4 4WA,4
HG4 4WW,4
HG4 4WX,4
HG4 4WY,4
HG4 4WZ,4
HG4 4XA,4
HG4 4XB,4
HG4 4XD,4
HG4 4XE,4
HG4 4XY,6
HG4 4XZ,4
HG4 4YD,7
HG4 4YE,4
HG4 4YF,6
HG4 4YG,4
HG4 4YQ,6
HG4 4YZ,4
HG4 4ZW,4
HG4 5AA,8
HG4 5AB,8
HG4 5AD,8
HG4 5AE,8
HG4 5AF,8
HG4 5AG,8
HG4 5AH,8
HG4 5AJ,8
HG4 5AL,8
HG4 5AN,8
HG4 5AP,8
HG4 5AQ,8
HG4 5AR,8
HG4 5AS,8
HG4 5AT,8
HG4 5AU,8
HG4 5AW,9
HG4 5AX,8
HG4 5AY,8
HG4 5AZ,8
HG4 5BA,8
HG4 5BB,8
HG4 5BD,8
HG4 5BE,8
HG4 5BF,6
HG4 5BG,8
HG4 5BH,8
HG4 5BJ,8
HG4 5BL,8
HG4 5BN,8
HG4 5BP,8
HG4 5BQ,8
HG4 5BS,8
HG4 5BT,8
HG4 5BU,8
HG4 5BW,8
HG4 5BX,8
HG4 5BY,8
HG4 5BZ,8
HG4 5DA,8
HG4 5DB,8
HG4 5DD,8
HG4 5DE,8
HG4 5DF,8
HG4 5DG,8
HG4 5DH,6
HG4 5DJ,8
HG4 5DL,8
HG4 5DN,6
HG4 5DP,8
HG4 5DQ,8
HG4 5DR,8
HG4 5DS,8
HG4 5DT,8
HG4 5DU,6
HG4 5DW,7
HG4 5DX,6
HG4 5DY,6
HG4 5DZ,6
HG4 5EA,6
HG4 5EB,6
HG4 5ED,6
HG4 5EE,6
HG4 5EF,6
HG4 5EG,8
HG4 5EH,6
HG4 5EJ,6
HG4 5EL,6
HG4 5EN,6
HG4 5EP,6
HG4 5EQ,6
HG4 5ER,6
HG4 5ES,6
HG4 5ET,6
HG4 5EU,6
HG4 5EW,6
HG4 5EX,6
HG4 5EY,6
HG4 5EZ,6
HG4 5FA,6
HG4 5FB,8
HG4 5FE,8
HG4 5FG,8
HG4 5GZ,6
HG4 5HA,6
HG4 5HB,6
HG4 5HD,6
HG4 5HE,6
HG4 5HF,6
HG4 5HG,6
HG4 5HH,6
HG4 5HJ,6
HG4 5HL,6
HG4 5HN,6
HG4 5HP,6
HG4 5HQ,6
HG4 5HR,6
HG4 5HS,6
HG4 5HT,6
HG4 5HU,6
HG4 5HW,6
HG4 5HX,6
HG4 5HY,6
HG4 5HZ,6
HG4 5JA,6
HG4 5JB,6
HG4 5JD,6
HG4 5JE,6
HG4 5JF,6
HG4 5JG,7
HG4 5JH,6
HG4 5JJ,6
HG4 5JL,6
HG4 5JN,6
HG4 5JP,6
HG4 5JQ,6
HG4 5JR,6
HG4 5JS,6
HG4 5JT,6
HG4 5JU,6
HG4 5JW,6
HG4 5JX,6
HG4 5JY,6
HG4 5JZ,6
HG4 5LA,6
HG4 5LB,6
HG4 5LD,6
HG4 5LE,6
HG4 5LF,6
HG4 5LG,6
HG4 5LH,6
HG4 5LJ,6
HG4 5LL,6
HG4 5LN,6
HG4 5LP,6
HG4 5LQ,6
HG4 5LR,6
HG4 5LS,6
HG4 5LT,6
HG4 5LU,6
HG4 5LW,6
HG4 5LX,6
HG4 5LY,6
HG4 5LZ,6
HG4 5NA,6
HG4 5NB,6
HG4 5ND,8
HG4 5NE,6
HG4 5NF,6
HG4 5NJ,6
HG4 5NL,6
HG4 5NZ,6
HG4 5PA,6
HG4 5PG,6
HG4 5WA,4
HG4 5WS,4
HG4 5WT,4
HG4 5WU,4
HG4 5WW,4
HG4 5WX,6
HG4 5WY,4
HG4 5WZ,4
HG4 5XA,6
HG4 5XB,6
HG4 5XD,4
HG4 5XE,6
HG4 5XF,6
HG4 5XG,6
HG4 5XH,6
HG4 5XJ,6
HG4 5XL,6
HG4 5XN,4
HG4 5XP,6
HG4 5XQ,4
HG4 5XR,4
HG4 5XS,4
HG4 5XT,4
HG4 5XU,4
HG4 5XW,4
HG4 5XX,4
HG4 5YX,4
HG4 5ZP,4
HG4 9AB,4
HG4 9AD,4
HG4 9AE,4
HG4 9AF,4
HG4 9AG,4
HG4 9AH,4
HG4 9AJ,4
HG4 9AL,4
HG4 9AN,4
HG4 9AP,4
HG4 9AQ,4
HG4 9AR,4
HG4 9AS,4
HG4 9AT,4
HG4 9AU,4
HG4 9AW,4
HG4 9AX,4
HG4 9AY,4
HG4 9AZ,4
HG4 9BA,4
HG4 9BB,4
HG4 9BD,4
HG4 9BE,4
HG4 9BF,4
HG4 9BG,4
HG4 9BH,4
HG4 9BJ,4
HG4 9BL,4
HG4 9BN,4
HG4 9BP,4
HG4 9BQ,4
HG4 9BR,4
HG5 0AA,7
HG5 0AB,7
HG5 0AD,6
HG5 0AE,7
HG5 0AF,6
HG5 0AG,8
HG5 0AH,10
HG5 0AJ,6
HG5 0AL,6
HG5 0AN,6
HG5 0AP,8
HG5 0AQ,8
HG5 0AR,8
HG5 0AS,8
HG5 0AT,8
HG5 0AU,8
HG5 0AW,8
HG5 0AX,8
HG5 0AY,8
HG5 0AZ,8
HG5 0BA,10
HG5 0BB,8
HG5 0BD,8
HG5 0BE,10
HG5 0BG,10
HG5 0BH,6
HG5 0BJ,6
HG5 0BL,6
HG5 0BN,6
HG5 0BP,6
HG5 0BQ,10
HG5 0BS,6
HG5 0BT,6
HG5 0BU,6
HG5 0BW,6
HG5 0BX,6
HG5 0BY,6
HG5 0BZ,6
HG5 0DA,8
HG5 0DB,6
HG5 0DD,6
HG5 0DE,8
HG5 0DF,8
HG5 0DG,8
HG5 0DH,8
HG5 0DJ,8
HG5 0DL,8
HG5 0DN,6
HG5 0DP,6
HG5 0DQ,10
HG5 0DR,6
HG5 0DS,8
HG5 0DT,6
HG5 0DU,10
HG5 0DW,6
HG5 0DX,8
HG5 0DY,8
HG5 0DZ,10
HG5 0EA,6
HG5 0EB,6
HG5 0ED,6
HG5 0EE,6
HG5 0EF,6
HG5 0EG,6
HG5 0EH,7
HG5 0EJ,6
HG5 0EL,6
HG5 0EN,6
HG5 0EP,6
HG5 0EQ,6
HG5 0ER,6
HG5 0ES,6
HG5 0ET,7
HG5 0EU,7
HG5 0EW,6
HG5 0EX,6
HG5 0EY,6
HG5 0EZ,7
HG5 0FA,8
HG5 0FB,10
HG5 0FD,8
HG5 0FE,10
HG5 0FF,7
HG5 0HA,7
HG5 0HB,7
HG5 0HD,7
HG5 0HE,7
HG5 0HF,7
HG5 0HG,7
HG5 0HH,8
HG5 0HJ,8
HG5 0HL,7
HG5 0HN,6
HG5 0HP,6
HG5 0HQ,10
HG5 0HR,6
HG5 0HS,6
HG5 0HT,10
HG5 0HU,10
HG5 0HW,7
HG5 0HX,10
HG5 0HY,6
HG5 0HZ,6
HG5 0JA,6
HG5 0JB,6
HG5 0JD,6
HG5 0JE,6
HG5 0JF,10
HG5 0JG,6
HG5 0JH,6
HG5 0JJ,6
HG5 0JL,6
HG5 0JN,6
HG5 0JP,6
HG5 0JQ,6
HG5 0JR,6
HG5 0JS,6
HG5 0JT,6
HG5 0JU,6
HG5 0JW,6
HG5 0JX,6
HG5 0JY,6
HG5 0JZ,6
HG5 0LA,6
HG5 0LB,6
HG5 0LD,6
HG5 0LE,6
HG5 0LF,6
HG5 0LG,6
HG5 0LH,6
HG5 0LJ,6
HG5 0LL,6
HG5 0LN,6
HG5 0LP,10
HG5 0LQ,6
HG5 0LR,10
HG5 0LS,10
HG5 0LT,10
HG5 0LU,10
HG5 0LW,6
HG5 0LX,10
HG5 0LY,10
HG5 0LZ,10
HG5 0NA,10
HG5 0NB,10
HG5 0ND,10
HG5 0NE,6
HG5 0NF,10
HG5 0NG,6
HG5 0NH,6
HG5 0NJ,10
HG5 0NL,10
HG5 0NN,10
HG5 0NP,10
HG5 0NQ,10
HG5 0NR,10
HG5 0NS,10
HG5 0NT,6
HG5 0NU,6
HG5 0NW,10
HG5 0NX,10
HG5 0NY,10
HG5 0NZ,10
HG5 0PA,10
HG5 0PB,6
HG5 0PD,6
HG5 0PE,6
HG5 0PF,6
HG5 0PG,6
HG5 0PH,10
HG5 0PJ,6
HG5 0PL,6
HG5 0PN,6
HG5 0PP,6
HG5 0PQ,6
HG5 0PR,10
HG5 0PS,8
HG5 0PT,6
HG5 0PU,10
HG5 0PW,6
HG5 0PX,10
HG5 0PY,8
HG5 0PZ,7
HG5 0QA,7
HG5 0QB,7
HG5 0QD,7
HG5 0QE,6
HG5 0QF,10
HG5 0QG,10
HG5 0QH,7
HG5 0QJ,7
HG5 0QL,7
HG5 0QN,7
HG5 0QP,7
HG5 0QQ,7
HG5 0QR,7
HG5 0QS,7
HG5 0QT,7
HG5 0QU,7
HG5 0QW,7
HG5 0QX,7
HG5 0QY,7
HG5 0QZ,7
HG5 0RA,7
HG5 0RB,7
HG5 0RD,7
HG5 0RE,7
HG5 0RF,7
HG5 0RG,7
HG5 0RH,7
HG5 0RJ,7
HG5 0RL,7
HG5 0RN,7
HG5 0RP,10
HG5 0RQ,7
HG5 0RR,7
HG5 0RS,10
HG5 0RT,7
HG5 0RU,7
HG5 0RW,7
HG5 0RX,10
HG5 0RY,7
HG5 0RZ,7
HG5 0SA,7
HG5 0SB,7
HG5 0SD,7
HG5 0SE,7
HG5 0SF,7
HG5 0SG,7
HG5 0SH,8
HG5 0SJ,6
HG5 0SL,10
HG5 0SN,10
HG5 0SP,10
HG5 0SQ,6
HG5 0SR,10
HG5 0SS,10
HG5 0ST,10
HG5 0SU,10
HG5 0SW,10
HG5 0SX,10
HG5 0SY,10
HG5 0SZ,10
HG5 0TA,10
HG5 0TB,6
HG5 0TD,10
HG5 0TE,8
HG5 0TF,8
HG5 0TG,6
HG5 0TH,6
HG5 0TJ,6
HG5 0TL,6
HG5 0TN,6
HG5 0TP,8
HG5 0TQ,7
HG5 0TR,10
HG5 0TS,10
HG5 0TT,10
HG5 0TU,10
HG5 0TX,10
HG5 0TY,10
HG5 0TZ,10
HG5 0UA,8
HG5 0UB,6
HG5 0UD,6
HG5 0UE,6
HG5 0UF,10
HG5 0UG,10
HG5 0UH,10
HG5 0UJ,10
HG5 0UL,10
HG5 0UN,10
HG5 0US,6
HG5 0UT,6
HG5 0UU,6
HG5 0UW,6
HG5 0UX,6
HG5 0UY,6
HG5 0UZ,10
HG5 0WA,10
HG5 0WB,6
HG5 0WD,6
HG5 0WE,6
HG5 0WF,10
HG5 0WG,10
HG5 0WH,10
HG5 0WJ,10
HG5 0WL,10
HG3 3RW,9
HG3 3RX,9
HG3 3RY,9
HG3 3RZ,9
HG3 3SA,9
HG3 3SB,9
HG3 3SD,9
HG3 3SE,9
HG3 3SF,9
HG3 3SG,9
HG3 3SH,9
HG3 3SJ,9
HG3 3SL,9
HG3 3SN,9
HG3 3SP,9
HG3 3SQ,9
HG3 3SR,9
HG3 3SS,7
HG3 3ST,9
HG3 3SU,9
HG3 3SW,9
HG3 3SX,9
HG3 3SY,9
HG3 3SZ,7
HG3 3TA,7
HG3 3TB,7
HG3 3TD,7
HG3 3TE,9
HG3 3TF,7
HG3 3TG,9
HG3 3TH,7
HG3 3TJ,9
HG3 3TL,9
HG3 3TN,9
HG3 3TP,7
HG3 3TR,7
HG3 3TS,7
HG3 3TT,5
HG3 3TU,8
HG3 3TW,7
HG3 3TX,9
HG3 3TY,7
HG3 3TZ,7
HG3 3UA,9
HG3 3UB,8
HG3 3UD,8
HG3 3UX,5
HG3 3UY,5
HG3 3UZ,5
HG3 3WR,5
HG3 3WS,5
HG3 3WT,5
HG3 3WU,5
HG3 3WW,5
HG3 3WX,5
HG3 3WY,5
HG3 3WZ,5
HG3 3XA,9
HG3 3XB,9
HG3 3XD,9
HG3 3XE,9
HG3 3XF,9
HG3 3XG,5
HG3 3XH,5
HG3 3XJ,9
HG3 3XL,9
HG3 3XN,9
HG3 3XP,9
HG3 3XQ,9
HG3 3XR,9
HG3 3XS,9
HG3 3XT,9
HG3 3XU,9
HG3 3XW,9
HG3 3XX,9
HG3 3XY,5
HG3 3XZ,5
HG3 3ZE,5
HG3 3ZX,5
HG3 4AA,7
HG3 4AB,7
HG3 4AD,7
HG3 4AE,7
HG3 4AF,7
HG3 4AG,7
HG3 4AH,7
HG3 4AJ,7
HG3 4AL,7
HG3 4AN,7
HG3 4AP,7
HG3 4AQ,7
HG3 4AR,7
HG3 4AS,7
HG3 4AT,6
HG3 4AU,7
HG3 4AW,7
HG3 4AX,7
HG3 4AY,7
HG3 4AZ,7
HG3 4BA,7
HG3 4BB,7
HG3 4BD,7
HG3 4BE,7
HG3 4BF,6
HG3 4BG,6
HG3 4BH,7
HG3 4BJ,6
HG3 4BL,6
HG3 4BN,6
HG3 4BP,6
HG3 4BQ,6
HG3 4BS,6
HG3 4BT,6
HG3 4BU,6
HG3 4BW,6
HG3 4BX,6
HG3 4BY,6
HG3 4BZ,6
HG3 4DA,6
HG3 4DB,6
HG3 4DD,6
HG3 4DE,6
HG3 4DF,6
HG3 4DG,6
HG3 4DH,6
HG3 4DJ,6
HG3 4DL,6
HG3 4DN,6
HG3 4DP,6
HG3 4DQ,6
HG3 4DR,6
HG3 4DS,6
HG3 4DT,6
HG3 4DU,6
HG3 4DW,6
HG3 4DX,7
HG3 4DY,7
HG3 4EA,7
HG3 4EB,7
HG3 4ED,7
HG3 4EE,7
HG3 4EF,7
HG3 4EG,7
HG3 4EH,7
HG3 4EJ,7
HG3 4EL,7
HG3 4EN,7
HG3 4EP,7
HG3 4EQ,7
HG3 4ER,7
HG3 4ES,7
HG3 4ET,7
HG3 4EU,7
HG3 4EW,7
HG3 4EX,7
HG3 4EY,7
HG3 4EZ,7
HG3 4HA,7
HG3 4HD,7
HG3 4HE,7
HG3 4HG,7
HG3 4HH,7
HG3 4HJ,7
HG3 4HP,6
HG3 4HQ,7
HG3 4HR,6
HG3 4HS,6
HG3 4HT,6
HG3 4HU,6
HG3 4HX,6
HG3 4HY,6
HG3 4HZ,6
HG3 4JA,6
HG3 4JB,6
HG3 4JD,6
HG3 4JE,6
HG3 4JF,6
HG3 4JG,6
HG3 4JH,6
HG3 4JJ,6
HG3 4JL,6
HG3 4JN,6
HG3 4JP,6
HG3 4JQ,6
HG3 4JR,6
HG3 4JS,6
HG3 4JT,6
HG3 4JU,6
HG3 4JW,6
HG3 4LA,6
HG3 4LL,6
HG3 4WA,6
HG3 4WB,6
HG3 4WD,6
HG3 4WE,6
HG3 4WN,6
HG3 4WP,6
HG3 4WQ,6
HG3 4WR,6
HG3 4WS,6
HG3 4WT,6
HG3 4WU,6
HG3 4WW,6
HG3 4WX,6
HG3 4WY,6
HG3 4WZ,6
HG3 4XL,6
HG3 4XN,6
HG3 4XP,6
HG3 4XQ,6
HG3 4XR,6
HG3 4XS,7
HG3 4XT,7
HG3 4XU,7
HG3 4XW,6
HG3 4XX,6
HG3 4XY,6
HG3 4XZ,6
HG3 4ZA,6
HG3 5AA,6
HG3 5AB,6
HG3 5AD,6
HG3 5AE,6
HG3 5AF,8
HG3 5AL,8
HG3 5AN,8
HG3 5AP,8
HG3 5AQ,8
HG3 5AR,8
HG3 5AS,8
HG3 5AT,8
HG3 5AU,8
HG3 5AW,8
HG3 5AX,8
HG3 5AY,8
HG3 5AZ,8
HG3 5BA,8
HG3 5BD,7
HG3 5BH,7
HG3 5BJ,7
HG3 5BL,7
HG3 5BN,7
HG3 5BP,7
HG3 5BQ,7
HG3 5BS,7
HG3 5BT,7
HG3 5BU,7
HG3 5BW,7
HG3 5BX,6
HG3 5BY,7
HG3 5BZ,8
HG3 5DA,8
HG3 5DE,6
HG3 5DF,8
HG3 5DG,6
HG3 5DH,6
HG3 5DJ,6
HG3 5DL,6
HG3 5DN,6
HG3 5DP,6
HG3 5DQ,6
HG3 5DR,6
HG3 5DT,6
HG3 5DU,6
HG3 5DW,6
HG3 5DX,6
HG3 5DY,6
HG3 5EA,6
HG3 5EB,6
HG3 5ED,6
HG3 5EE,6
HG3 5EF,6
HG3 5EG,6
HG3 5EH,6
HG3 5EJ,6
HG3 5EL,6
HG3 5EN,6
HG3 5EP,6
HG3 5EQ,6
HG3 5ER,6
HG3 5ES,6
HG3 5ET,6
HG3 5EU,6
HG3 5EW,6
HG3 5EX,6
HG3 5EY,6
HG3 5EZ,6
HG3 5HA,7
HG3 5HG,7
HG3 5HH,7
HG3 5HJ,7
HG3 5HL,7
HG3 5HN,7
HG3 5HP,7
HG3 5HQ,7
HG3 5HR,7
HG3 5HS,7
HG3 5HU,7
HG3 5HW,7
HG3 5HX,7
HG3 5HY,7
HG3 5HZ,7
HG3 5JA,7
HG3 5JB,7
HG3 5JD,7
HG3 5JE,7
HG3 5JF,7
HG3 5JG,7
HG3 5JH,7
HG3 5JJ,7
HG3 5JL,6
HG3 5JN,7
HG3 5JP,7
HG3 5JQ,7
HG3 5JR,7
HG3 5JS,8
HG3 5JT,8
HG3 5JU,8
HG3 5JW,8
HG3 5JX,8
HG3 5JY,8
HG3 5JZ,8
HG3 5LA,8
HG3 5LB,8
HG3 5LD,8
HG3 5LE,8
HG3 5LF,8
HG3 5LG,8
HG3 5LH,8
HG3 5LJ,8
HG3 5LL,8
HG3 5LN,8
HG3 5LP,8
HG3 5LQ,8
HG3 5LR,8
HG3 5LS,8
HG3 5LT,8
HG3 5LU,8
HG3 5LW,8
HG3 5LX,8
HG3 5LY,8
HG3 5LZ,8
HG3 5NA,8
HG3 5NB,6
HG3 5ND,6
HG3 5NE,6
HG3 5NF,6
HG3 5NG,6
HG3 5NH,6
HG3 5NJ,8
HG3 5NL,8
HG3 5NN,8
HG3 5NP,8
HG3 5NQ,6
HG3 5NR,8
HG3 5NS,8
HG3 5NT,8
HG3 5NU,8
HG3 5NW,8
HG3 5NX,8
HG3 5NY,8
HG3 5NZ,8
HG3 5PA,8
HG3 5PB,8
HG3 5PE,6
HG3 5PG,6
HG3 5PH,6
HG3 5PJ,6
HG3 5PL,6
HG3 5PN,6
HG3 5PP,6
HG3 5PQ,6
HG3 5PR,6
HG3 5PS,6
HG3 5PT,6
HG3 5PU,6
HG3 5PW,6
HG3 5PX,6
HG3 5PY,6
HG3 5PZ,6
HG3 5QA,7
HG3 5QE,6
HG3 5QF,7
HG3 5QG,7
HG3 5QH,6
HG3 5QJ,6
HG3 5QL,6
HG3 5QN,6
HG3 5QP,6
HG3 5QQ,7
HG3 5QR,6
HG3 5QS,6
HG3 5QT,6
HG3 5QU,6
HG3 5QW,6
HG3 5QX,6
HG3 5QY,6
HG3 5QZ,6
HG3 5RA,6
HG3 5RB,6
HG3 5RD,6
HG3 5RE,8
HG3 5RG,6
HG3 5RH,6
HG3 5RJ,6
HG3 5RL,6
HG3 5RN,6
HG3 5RP,6
HG3 5RQ,6
HG3 5RR,6
HG3 5RS,6
HG3 5RT,6
HG3 5RU,6
HG3 5RW,6
HG3 5RZ,6
HG3 5SA,6
HG3 5SB,6
HG3 5SD,6
HG3 5SE,6
HG3 5SF,6
HG3 5SG,6
HG3 5SN,6
HG3 5SP,6
HG3 5SQ,6
HG3 5ST,6
HG3 5SU,6
HG3 5SW,6
HG3 5SX,6
HG3 5SY,6
HG3 5SZ,6
HG3 5TA,6
HG3 5UA,6
HG3 5UB,6
HG3 5UD,6
HG3 5WA,6
HG3 5WB,8
HG3 5WG,8
HG3 5WH,8
HG3 5WJ,8
HG3 5WL,8
HG3 5WN,8
HG3 5WP,8
HG3 5WQ,8
HG3 5WR,8
HG3 5WS,8
HG3 5WT,6
HG3 5WU,6
HG3 5WW,6
HG3 5WX,8
HG3 5WY,6
HG3 5WZ,6
HG3 5XA,8
HG3 5XB,8
HG3 5XD,8
HG3 5XE,8
HG3 5XG,6
HG3 5XH,6
HG3 5XJ,8
HG3 5XL,6
HG3 5XN,8
HG3 5XP,8
HG3 5XQ,6
HG3 5XR,8
HG3 5XS,8
HG3 5XT,8
HG3 5XW,6
HG3 5ZW,8
HG4 1AA,4
HG4 1AB,7
HG4 1AD,8
HG4 1AE,7
HG4 1AF,7
HG4 1AG,4
HG4 1AH,8
HG4 1AJ,7
HG4 1AL,4
HG4 1AN,4
HG4 1AP,4
HG4 1AQ,7
HG4 1AR,4
HG4 1AS,4
HG4 1AT,4
HG4 1AU,4
HG4 1AW,4
HG4 1AX,4
HG4 1AY,4
HG4 1AZ,4
HG4 1BA,8
HG4 1BB,8
HG4 1BD,4
HG4 1BE,8
HG4 1BF,4
HG4 1BG,4
HG4 1BH,4
HG4 1BJ,4
HG4 1BL,4
HG4 1BN,8
HG4 1BP,4
HG4 1BQ,4
HG4 1BS,4
HG4 1BT,4
HG4 1BU,4
HG4 1BW,4
HG4 1BX,4
HG4 1BY,7
HG4 1BZ,4
HG4 1DA,4
HG4 1DB,4
HG4 1DD,4
HG4 1DE,7
HG4 1DF,8
HG4 1DG,4
HG4 1DH,4
HG4 1DJ,8
HG4 1DL,7
HG4 1DN,4
HG4 1DP,8
HG4 1DQ,7
HG4 1DR,4
HG4 1DS,4
HG4 1DT,8
HG4 1DU,8
HG4 1DW,8
HG4 1DX,8
HG4 1DY,8
HG4 1DZ,8
HG4 1EA,4
HG4 1EB,4
HG4 1ED,4
HG4 1EE,4
HG4 1EF,4
HG4 1EG,4
HG4 1EH,8
HG4 1EJ,8
HG4 1EL,8
HG4 1EN,8
HG4 1EP,8
HG4 1EQ,4
HG4 1ER,8
HG4 1ES,8
HG4 1ET,8
HG4 1EU,8
HG4 1EW,8
HG4 1EX,8
HG4 1EY,8
HG4 1EZ,8
HG4 1FA,8
HG4 1FG,7
HG4 1FH,7
HG4 1FN,7
HG4 1GY,7
HG4 1HA,8
HG4 1HB,8
HG4 1HD,8
HG4 1HE,8
HG4 1HF,8
HG4 1HG,8
HG4 1HH,7
HG4 1HJ,4
HG4 1HL,4
HG4 1HN,7
HG4 1HP,7
HG4 1HQ,8
HG4 1HR,7
HG4 1HS,7
HG4 1HT,7
HG4 1HU,7
HG4 1HW,7
HG4 1HX,7
HG4 1HY,7
HG4 1HZ,7
HG4 1JA,7
HG4 1JB,7
HG4 1JD,7
HG4 1JE,4
HG4 1JF,7
HG4 1JG,7
HG4 1JH,8
HG4 1JJ,8
HG4 1JL,8
HG4 1JN,8
HG4 1JP,7
HG4 1JQ,7
HG4 1JR,8
HG4 1JS,7
HG4 1JT,7
HG4 1JU,7
HG4 1JW,8
HG4 1JX,7
HG4 1JY,4
HG4 1JZ,8
HG4 1LA,4
HG4 1LB,4
HG4 1LD,4
HG4 1LE,4
HG4 1LF,4
HG4 1LG,4
HG4 1LH,7
HG4 1LJ,7
HG4 1LL,7
HG4 1LN,7
HG4 1LP,7
HG4 1LQ,7
HG4 1LR,7
HG4 1LS,7
HG4 1LT,7
HG4 1LU,7
HG4 1LW,7
HG4 1LX,7
HG4 1LY,4
HG4 1LZ,7
HG4 1NA,7
HG4 1NB,7
HG4 1ND,7
HG4 1NE,7
HG4 1NF,4
HG4 1NG,7
HG4 1NH,7
HG4 1NJ,7
HG4 1NL,7
HG4 1NN,7
HG4 1NP,7
HG4 1NQ,7
HG4 1NR,4
HG4 1NS,7
HG4 1NT,5
HG4 1NU,7
HG4 1NW,7
HG4 1NX,7
HG4 1NY,4
HG4 1NZ,4
HG4 1PA,4
HG4 1PB,4
HG4 1PD,4
HG4 1PE,4
HG4 1PF,4
HG4 1PG,4
HG4 1PH,4
HG4 1PJ,7
HG4 1PL,4
HG4 1PN,4
HG4 1PP,4
HG4 1PQ,4
HG4 1PR,4
HG4 1PS,7
HG4 1PT,4
HG4 1PU,4
HG4 1PW,4
HG4 1PX,4
HG4 1PY,4
HG4 1PZ,4
HG4 1QA,4
HG4 1QB,4
HG4 1QD,4
HG4 1QE,4
HG4 1QF,4
HG4 1QG,4
HG4 1QH,7
HG4 1QJ,7
HG4 1QL,4
HG4 1QN,7
HG4 1QP,7
HG4 1QQ,4
HG4 1QR,7
HG4 1QS,7
HG4 1QT,7
HG4 1QU,4
HG4 1QW,7
HG4 1QX,4
HG4 1QY,7
HG4 1QZ,4
HG4 1RA,4
HG4 1RB,9
HG4 1RD,7
HG4 1RE,7
HG4 1RF,7
HG4 1RG,7
HG4 1RH,5
HG4 1RJ,5
HG4 1RL,5
HG4 1RN,5
HG4 1RP,5
HG4 1RQ,7
HG4 1RR,5
HG4 1RS,5
HG4 1RT,5
HG4 1RU,4
HG4 1RW,9
HG4 1RX,5
HG4 1RY,4
HG4 1RZ,5
HG4 1SA,5
HG4 1SB,5
HG4 1SD,5
HG4 1SE,5
HG4 1SF,4
HG4 1SG,5
HG4 1SH,5
HG4 1SJ,7
HG4 1SL,4
HG4 1SN,4
HG4 1SP,10
HG4 1SQ,5
HG4 1SR,10
HG4 1SS,4
HG4 1ST,4
HG4 1SU,4
HG4 1SW,4
HG4 1SX,5
HG4 1SY,4
HG4 1SZ,9
HG4 1TA,9
HG4 1TB,9
HG4 1TD,4
HG4 1TE,9
HG4 1TF,9
HG4 1TG,4
HG4 1TH,5
HG4 1TJ,4
HG4 1TL,7
HG4 1TN,7
HG4 1TP,7
HG4 1TQ,5
HG4 1TR,4
HG4 1TS,7
HG4 1TT,7
HG4 1TU,7
HG4 1TW,7
HG4 1TX,7
HG4 1TY,7
HG4 1TZ,7
HG4 1UA,7
HG4 1UB,7
HG4 1UD,7
HG4 1UE,7
HG4 1UF,7
HG4 1UG,8
HG4 1UH,7
HG4 1UJ,7
HG4 1UL,7
HG4 1UN,8
HG4 1UP,7
HG4 1UQ,7
HG4 1UR,8
HG4 1US,7
HG4 1UT,4
HG4 1UU,8
HG4 1UW,8
HG4 1UX,4
HG4 1UY,4
HG4 1UZ,4
HG4 1WA,4
HG4 1WB,7
HG4 1WD,9
HG4 1WE,4
HG4 1WF,4
HG4 1WG,4
HG4 1WH,4
HG4 1WJ,4
HG4 1WL,4
HG4 1WN,4
HG4 1WP,4
HG4 1WQ,4
HG4 1WR,4
HG4 1WS,4
HG4 1WT,4
HG4 1WU,4
HG4 1WW,4
HG4 1WX,4
HG4 1WY,4
HG4 1WZ,4
HG4 1XA,8
HG4 1XB,4
HG4 1XD,4
HG4 1XE,8
HG4 1XF,4
HG4 1XG,4
HG4 1XH,8
HG4 1XJ,4
HG4 1XL,4
HG4 1XN,4
HG4 1XP,7
HG4 1XQ,8
HG4 1XR,4
HG4 1XS,4
HG4 1XT,4
HG4 1XU,8
HG4 1XW,4
HG4 1XX,4
HG4 1XY,4
HG4 1YA,4
HG4 1YE,7
HG4 1YP,4
HG4 1YS,8
HG4 1YX,4
HG4 1ZB,4
HG4 1ZD,4
HG4 1ZE,4
HG4 1ZF,5
HG4 1ZW,7
HG4 2AA,8
HG4 2AB,8
HG4 2AD,8
HG4 2AE,8
HG4 2AF,8
HG4 2AG,8
HG4 2AH,8
HG4 2AJ,8
HG4 2AL,8
HG4 2AN,8
HG4 2AP,8
HG4 2AQ,8
HG4 2AR,8
HG4 2AS,4
HG4 2AT,8
HG4 2AU,8
HG4 2AW,8
HG4 2AX,8
HG4 2AY,8
HG4 2AZ,8
HG4 2BA,8
HG4 2BB,8
HG4 2BD,8
HG4 2BE,8
HG4 2BF,10
HG4 2BG,8
HG4 2BH,8
HG4 2BJ,8
HG4 2BL,8
HG4 2BN,8
HG4 2BP,8
HG4 2BQ,8
HG4 2BS,8
HG4 2BT,8
HG4 2BU,8
HG4 2BW,8
HG4 2BX,8
HG4 2BY,8
HG4 2BZ,8
HG4 2DA,10
HG4 2DB,8
HG4 2DD,8
HG4 2DE,10
HG4 2DF,10
HG4 2DG,10
HG4 2DH,10
HG4 2DJ,10
HG4 2DL,10
HG4 2DN,10
HG4 2DP,10
HG4 2DQ,10
HG4 2DR,10
HG4 2DS,10
HG4 2DT,10
HG4 2DU,10
HG4 2DW,10
HG4 2DX,8
HG4 2DY,10
HG4 2DZ,10
HG4 2EA,10
HG4 2EB,10
HG4 2ED,10
HG4 2EE,10
HG4 2EF,10
HG4 2EG,10
HG4 2EH,10
HG4 2EJ,10
HG4 2EL,10
HG4 2EN,10
HG4 2EP,10
HG4 2EQ,10
HG4 2ER,8
HG4 2ES,8
HG4 2ET,8
HG4 2EU,8
HG4 2EW,10
HG4 2EX,8
HG4 2EY,8
HG4 2EZ,8
HG4 2HA,8
HG4 2HB,8
HG4 2HD,8
HG4 2HE,8
HG4 2HF,8
HG4 2HG,8
HG4 2HH,10
HG4 2HJ,10
HG4 2HL,10
HG4 2HN,10
HG4 2HP,10
HG4 2HQ,8
HG4 2HR,10
HG4 2HS,10
HG4 2HT,10
HG4 2HU,8
HG4 2HW,10
HG4 2HX,8
HG4 2HY,8
HG4 2HZ,8
HG4 2JA,8
HG4 2JB,8
HG4 2JD,8
HG4 2JE,8
HG4 2JF,10
HG4 2JH,10
HG4 2JJ,10
HG4 2JL,10
HG4 2JN,10
HG4 2JP,10
HG4 2JT,10
HG4 2JW,10
HG4 2JX,10
HG4 2JY,10
HG4 2JZ,10
HG4 2LA,10
HG4 2LB,10
HG4 2LD,10
HG4 2LE,10
HG4 2LF,10
HG4 2LG,10
HG4 2LH,9
HG4 2LJ,9
HG4 2LL,9
HG4 2LN,9
HG4 2LP,4
HG4 2LQ,9
HG4 2LR,9
HG4 2LS,9
HG4 2LT,9
HG4 2LU,10
HG4 2LW,4
HG4 2LX,4
HG4 2LY,10
HG4 2LZ,10
HG4 2NA,4
HG4 2NB,4
HG4 2ND,4
HG4 2NE,10
HG4 2NF,4
HG4 2NG,4
HG4 2NH,4
HG4 2NJ,9
HG4 2NL,9
HG4 2NN,9
HG4 2NP,9
HG4 2NR,9
HG4 2NS,4
HG4 2NW,9
HG4 2NX,9
HG4 2PA,9
HG4 2PB,9
HG4 2PD,9
HG4 2PE,4
HG4 2PF,4
HG4 2PG,4
HG4 2PH,4
HG4 2PJ,4
HG4 2PL,9
HG4 2PN,9
HG4 2PP,8
HG4 2PQ,4
HG4 2PR,8
HG4 2PS,8
HG4 2PT,8
HG4 2PU,8
HG4 2PW,8
HG4 2PX,8
HG4 2PY,8
HG4 2PZ,8
HG4 2QA,8
HG4 2QB,8
HG4 2QD,8
HG4 2QE,8
HG4 2QF,8
HG4 2QG,8
HG4 2QH,8
HG4 2QJ,8
HG4 2QL,8
HG4 2QN,10
HG4 2QP,10
HG4 2QQ,8
HG4 2QR,10
HG4 2QS,8
HG4 2QT,8
HG4 2QW,10
HG4 2QX,8
HG4 2QZ,8
HG4 2RA,8
HG4 2RB,10
HG4 2RD,10
HG4 2RE,10
HG4 2RF,10
HG4 2RH,10
HG4 2RJ,10
HG4 2RL,8
HG4 2RN,8
HG4 2RP,8
HG4 2RQ,10
HG4 2RR,8
HG4 2RT,10
HG5 0WN,6
HG5 0WP,6
HG5 0WQ,6
HG5 0WR,6
HG5 0WS,6
HG5 0WT,6
HG5 0WU,6
HG5 0WW,6
HG5 0WX,6
HG5 0WY,6
HG5 0WZ,6
HG5 0XA,6
HG5 0XB,10
HG5 0XD,10
HG5 0XE,6
HG5 0XF,6
HG5 0XG,8
HG5 0XH,6
HG5 0XJ,7
HG5 0XL,8
HG5 0XN,10
HG5 0XP,8
HG5 0XQ,10
HG5 0XR,8
HG5 0XS,6
HG5 0XT,6
HG5 0XU,6
HG5 0XW,10
HG5 0XX,6
HG5 0XY,6
HG5 0XZ,6
HG5 0YA,10
HG5 0YB,6
HG5 0YD,10
HG5 0YE,10
HG5 0YF,10
HG5 0YG,8
HG5 0YN,6
HG5 0YQ,6
HG5 0YR,6
HG5 0YT,10
HG5 0YZ,6
HG5 0ZW,6
HG5 5AA,
HG5 5AB,
HG5 5AD,6
HG5 5AE,
HG5 5AF,6
HG5 5AG,6
HG5 5AH,6
HG5 5AJ,
HG5 5AL,6
HG5 5AN,
HG5 5AP,6
HG5 5AQ,
HG5 5AR,6
HG5 5AS,6
HG5 5AT,6
HG5 5AU,6
HG5 5AW,6
HG5 5AX,6
HG5 5AY,6
HG5 5AZ,6
HG5 5BA,6
HG5 5BB,6
HG5 5BD,6
HG5 5BE,6
HG5 5BF,6
HG5 5BG,6
HG5 5BH,6
HG5 5BJ,6
HG5 5BL,6
HG5 5BN,6
HG5 5BP,6
HG5 5BQ,6
HG5 5BR,6
HG5 5BS,6
HG5 5BT,6
HG5 5BU,6
HG5 5BW,6
HG5 5BX,6
HG5 8AA,7
HG5 8AB,7
HG5 8AD,7
HG5 8AE,7
HG5 8AF,7
HG5 8AG,7
HG5 8AH,7
HG5 8AJ,7
HG5 8AL,7
HG5 8AN,7
HG5 8AP,10
HG5 8AQ,7
HG5 8AR,7
HG5 8AS,7
HG5 8AT,7
HG5 8AU,7
HG5 8AW,7
HG5 8AX,7
HG5 8AY,7
HG5 8AZ,7
HG5 8BA,7
HG5 8BB,7
HG5 8BD,7
HG5 8BE,7
HG5 8BF,7
HG5 8BG,7
HG5 8BH,7
HG5 8BJ,7
HG5 8BL,7
HG5 8BN,7
HG5 8BP,6
HG5 8BQ,7
HG5 8BS,10
HG5 8BT,7
HG5 8BU,7
HG5 8BW,7
HG5 8BX,7
HG5 8BY,7
HG5 8BZ,7
HG5 8DA,10
HG5 8DB,10
HG5 8DD,7
HG5 8DE,7
HG5 8DF,7
HG5 8DG,7
HG5 8DH,7
HG5 8DJ,7
HG5 8DL,7
HG5 8DN,7
HG5 8DP,7
HG5 8DQ,7
HG5 8DR,7
HG5 8DS,7
HG5 8DT,7
HG5 8DU,7
HG5 8DW,7
HG5 8DX,7
HG5 8DY,7
HG5 8DZ,7
HG5 8EA,7
HG5 8EB,7
HG5 8ED,7
HG5 8EE,7
HG5 8EF,9
HG5 8EG,9
HG5 8EH,9
HG5 8EJ,9
HG5 8EL,9
HG5 8EN,9
HG5 8EP,9
HG5 8EQ,9
HG5 8ER,10
HG5 8ES,10
HG5 8ET,10
HG5 8EU,10
HG5 8EW,9
HG5 8EX,9
HG5 8EY,9
HG5 8EZ,9
HG5 8FA,10
HG5 8FD,7
HG5 8FE,7
HG5 8HA,9
HG5 8HB,10
HG5 8HD,10
HG5 8HE,9
HG5 8HF,9
HG5 8HG,10
HG5 8HH,9
HG5 8HJ,9
HG5 8HL,10
HG5 8HN,10
HG5 8HP,9
HG5 8HQ,10
HG5 8HR,10
HG5 8HS,10
HG5 8HT,10
HG5 8HU,9
HG5 8HW,10
HG5 8HX,9
HG5 8HY,9
HG5 8HZ,7
HG5 8JA,7
HG5 8JB,7
HG5 8JD,7
HG5 8JE,7
HG5 8JF,7
HG5 8JG,9
HG5 8JH,9
HG5 8JJ,9
HG5 8JL,7
HG5 8JN,9
HG5 8JP,9
HG5 8JQ,7
HG5 8JR,9
HG5 8JS,9
HG5 8JT,9
HG5 8JU,9
HG5 8JW,9
HG5 8JX,9
HG5 8JY,9
HG5 8JZ,9
HG5 8LA,9
HG5 8LB,10
HG5 8LD,10
HG5 8LE,7
HG5 8LF,10
HG5 8LG,10
HG5 8LH,10
HG5 8LJ,10
HG5 8LL,10
HG5 8LN,10
HG5 8LP,10
HG5 8LQ,10
HG5 8LR,9
HG5 8LS,9
HG5 8LT,9
HG5 8LU,9
HG5 8LW,10
HG5 8LX,10
HG5 8LY,10
HG5 8LZ,10
HG5 8NA,10
HG5 8NB,10
HG5 8ND,10
HG5 8NE,10
HG5 8NF,10
HG5 8NG,10
HG5 8NH,10
HG5 8NJ,10
HG5 8NL,10
HG5 8NN,10
HG5 8NP,10
HG5 8NQ,10
HG5 8NR,10
HG5 8NS,10
HG5 8NT,10
HG5 8NU,10
HG5 8NW,10
HG5 8NX,7
HG5 8NY,10
HG5 8NZ,10
HG5 8PA,7
HG5 8PB,7
HG5 8PD,7
HG5 8PE,7
HG5 8PF,7
HG5 8PG,10
HG5 8PH,7
HG5 8PJ,10
HG5 8PL,10
HG5 8PN,7
HG5 8PP,7
HG5 8PQ,7
HG5 8PR,10
HG5 8PS,10
HG5 8PT,10
HG5 8PW,10
HG5 8PX,10
HG5 8PY,10
HG5 8PZ,10
HG5 8QA,10
HG5 8QB,10
HG5 8QD,9
HG5 8TA,7
HG5 8TB,7
HG5 8TE,6
HG5 8TF,7
HG5 8TG,7
HG5 8TH,7
HG5 8TJ,7
HG5 8TL,7
HG5 8TN,7
HG5 8TW,6
HG5 8UQ,6
HG5 8UR,6
HG5 8US,6
HG5 8UT,6
HG5 8UU,6
HG5 8UW,6
HG5 8UX,6
HG5 8UY,6
HG5 8UZ,6
HG5 8WA,6
HG5 8WB,6
HG5 8WD,6
HG5 8WE,6
HG5 8WF,6
HG5 8WG,6
HG5 8WH,6
HG5 8WJ,6
HG5 8WL,10
HG5 8WN,6
HG5 8WP,6
HG5 8WQ,10
HG5 8WR,6
HG5 8WS,10
HG5 8WT,6
HG5 8WU,6
HG5 8WW,6
HG5 8WX,6
HG5 8WY,10
HG5 8WZ,6
HG5 8XA,6
HG5 8XB,6
HG5 8XD,6
HG5 8XE,6
HG5 8XF,6
HG5 8XG,6
HG5 8XH,6
HG5 8XJ,6
HG5 8XL,6
HG5 8XN,6
HG5 8XP,6
HG5 8XQ,6
HG5 8XR,6
HG5 8XS,6
HG5 8XT,6
HG5 8XU,6
HG5 8XW,6
HG5 8XX,9
HG5 8XY,6
HG5 8XZ,6
HG5 8YA,9
HG5 8YB,6
HG5 8YD,6
HG5 8YE,6
HG5 8YF,6
HG5 8YG,6
HG5 8YH,6
HG5 8YJ,6
HG5 8YL,6
HG5 8YQ,6
HG5 8YW,6
HG5 8YX,6
HG5 8YZ,6
HG5 8ZB,6
HG5 8ZD,6
HG5 8ZE,6
HG5 8ZF,6
HG5 8ZG,6
HG5 8ZH,6
HG5 8ZL,6
HG5 8ZN,6
HG5 8ZP,6
HG5 8ZQ,6
HG5 8ZS,6
HG5 8ZT,6
HG5 8ZU,6
HG5 8ZW,6
HG5 8ZX,6
HG5 9AA,7
HG5 9AB,7
HG5 9AD,7
HG5 9AE,7
HG5 9AF,7
HG5 9AG,7
HG5 9AH,7
HG5 9AJ,10
HG5 9AL,10
HG5 9AN,7
HG5 9AP,10
HG5 9AQ,10
HG5 9AR,7
HG5 9AS,7
HG5 9AT,7
HG5 9AU,7
HG5 9AW,7
HG5 9AX,10
HG5 9AY,10
HG5 9AZ,7
HG5 9BA,7
HG5 9BB,10
HG5 9BG,10
HG5 9BH,10
HG5 9BJ,10
HG5 9BL,10
HG5 9BN,10
HG5 9BP,10
HG5 9BQ,10
HG5 9BS,10
HG5 9BT,10
HG5 9BU,10
HG5 9BW,10
HG5 9BX,10
HG5 9BY,10
HG5 9BZ,10
HG5 9DA,10
HG5 9DB,10
HG5 9DD,10
HG5 9DE,10
HG5 9DF,10
HG5 9DG,10
HG5 9DH,7
HG5 9DJ,10
HG5 9DL,10
HG5 9DN,10
HG5 9DP,10
HG5 9DQ,10
HG5 9DR,10
HG5 9DS,10
HG5 9DT,10
HG5 9DU,10
HG5 9DW,10
HG5 9DX,10
HG5 9DY,10
HG5 9DZ,10
HG5 9EA,10
HG5 9EB,10
HG5 9ED,10
HG5 9EF,10
HG5 9EG,10
HG5 9EH,10
HG5 9EJ,10
HG5 9EL,10
HG5 9EN,10
HG5 9EP,10
HG5 9EQ,10
HG5 9ER,10
HG5 9ES,10
HG5 9ET,10
HG5 9EU,10
HG5 9EW,10
HG5 9EX,10
HG5 9HA,10
HG5 9HB,10
HG5 9HD,10
HG5 9HE,10
HG5 9HF,7
HG5 9HG,10
HG5 9HH,7
HG5 9HJ,7
HG5 9HL,7
HG5 9HN,7
HG5 9HP,7
HG5 9HQ,10
HG5 9HR,7
HG5 9HS,7
HG5 9HT,7
HG5 9HU,7
HG5 9HW,7
HG5 9HX,7
HG5 9HY,7
HG5 9HZ,7
HG5 9JA,7
HG5 9JB,7
HG5 9JD,7
HG5 9JE,7
HG5 9JF,7
HG5 9JG,7
HG5 9JH,7
HG5 9JJ,7
HG5 9JL,7
HG5 9JN,7
HG5 9JP,7
HG5 9JQ,7
HG5 9JR,7
HG5 9JS,7
HG5 9JT,7
HG5 9JU,7
HG5 9JW,7
HG5 9JX,7
HG5 9JY,7
HG5 9JZ,7
HG5 9LA,7
HG5 9LB,7
HG5 9LD,7
HG5 9LE,7
HG5 9LF,7
HG5 9LG,7
HG5 9LH,7
HG5 9LJ,7
HG5 9LL,7
HG5 9LN,8
HG5 9LP,7
HG5 9LQ,7
HG5 9LR,7
HG5 9LS,10
HG5 9LT,10
HG5 9LU,10
HG5 9LW,7
HG5 9LX,10
HG5 9LY,10
HG5 9LZ,10
HG5 9NA,7
HG5 9NB,7
HG5 9ND,7
HG5 9NE,10
HG5 9NF,10
HG5 9NG,7
HG5 9NH,7
HG5 9NJ,7
HG5 9NL,7
HG5 9NQ,10
HG5 9UZ,6
HG5 9WA,6
HG5 9WB,6
HG5 9WD,6
HG5 9WE,6
HG5 9WF,6
HG5 9WG,6
HG5 9WH,6
HG5 9WJ,6
HG5 9WL,6
HG5 9WN,6
HG5 9WP,6
HG5 9WQ,6
HG5 9WR,10
HG5 9WS,6
HG5 9WT,6
HG5 9WU,6
HG5 9WW,10
HG5 9WX,6
HG5 9WY,6
HG5 9WZ,6
HG5 9XA,6
HG5 9XB,7
HG5 9XD,7
HG5 9XE,10
HG5 9XF,10
HG5 9XG,7
HG5 9XH,10
HG5 9XJ,6
HG5 9XL,10
HG5 9XN,6
HG5 9XP,7
HG5 9XQ,6
HG5 9XR,10
HG5 9XS,10
HG5 9XT,7
HG5 9XU,6
HG5 9XW,6
HG5 9XX,6
HG5 9XY,6
HG5 9XZ,6
HG5 9YA,6
HG5 9YB,6
HG5 9YD,6
HG5 9YE,6
HG5 9YF,6
HG5 9ZS,6
