HR1 3SX,5
HR1 3SY,5
HR1 3SZ,7
HR1 3TA,5
HR1 3TB,5
HR1 3TD,5
HR1 3TE,5
HR1 3TF,5
HR1 3TG,5
HR1 3TH,5
HR1 3UH,5
HR1 3UJ,5
HR1 3UN,5
HR1 3UP,5
HR1 3UQ,7
HR1 3UR,7
HR1 3UT,7
HR1 3UY,7
HR1 3WA,5
HR1 3WR,5
HR1 3XB,3
HR1 3XP,5
HR1 3YA,3
HR1 3YB,3
HR1 3YD,7
HR1 3YE,3
HR1 3YF,7
HR1 3YG,3
HR1 3YH,3
HR1 3YJ,3
HR1 3YL,3
HR1 3YN,3
HR1 3YP,3
HR1 3YQ,3
HR1 3YR,3
HR1 3YS,3
HR1 3YT,7
HR1 3YU,3
HR1 3YW,3
HR1 3YX,3
HR1 3YY,3
HR1 3YZ,3
HR1 3ZA,3
HR1 3ZU,3
HR1 3ZY,3
HR1 4AA,9
HR1 4AB,9
HR1 4AD,9
HR1 4AE,9
HR1 4AF,9
HR1 4AG,9
HR1 4AH,9
HR1 4AJ,9
HR1 4AL,9
HR1 4AN,9
HR1 4AP,9
HR1 4AQ,9
HR1 4AR,9
HR1 4AS,9
HR1 4AT,9
HR1 4AU,9
HR1 4AW,9
HR1 4AX,5
HR1 4AY,9
HR1 4AZ,4
HR1 4BA,9
HR1 4BB,9
HR1 4BD,9
HR1 4BE,9
HR1 4BF,9
HR1 4BG,4
HR1 4BH,4
HR1 4BJ,4
HR1 4BL,4
HR1 4BN,4
HR1 4BP,9
HR1 4BQ,9
HR1 4BS,9
HR1 4BT,9
HR1 4BU,9
HR1 4BW,4
HR1 4BX,9
HR1 4BY,9
HR1 4BZ,9
HR1 4DA,9
HR1 4DB,9
HR1 4DD,9
HR1 4DE,9
HR1 4DF,9
HR1 4DG,9
HR1 4DH,9
HR1 4DJ,9
HR1 4DL,9
HR1 4DN,9
HR1 4DP,9
HR1 4DQ,9
HR1 4DR,9
HR1 4DS,9
HR1 4DT,9
HR1 4DU,9
HR1 4DW,9
HR1 4DX,9
HR1 4DY,4
HR1 4DZ,9
HR1 4EA,4
HR1 4EB,4
HR1 4ED,4
HR1 4EE,4
HR1 4EF,8
HR1 4EG,4
HR1 4EH,8
HR1 4EJ,4
HR1 4EL,8
HR1 4EN,4
HR1 4EP,8
HR1 4EQ,4
HR1 4ER,4
HR1 4ES,4
HR1 4ET,4
HR1 4EU,4
HR1 4EW,8
HR1 4EX,4
HR1 4EY,4
HR1 4EZ,4
HR1 4FA,4
HR1 4FD,4
HR1 4FE,4
HR1 4FF,9
HR1 4GA,9
HR1 4GB,9
HR1 4HA,9
HR1 4HB,9
HR1 4HD,5
HR1 4HE,4
HR1 4HF,8
HR1 4HG,4
HR1 4HH,4
HR1 4HJ,4
HR1 4HL,4
HR1 4HN,4
HR1 4HP,4
HR1 4HQ,4
HR1 4HR,4
HR1 4HT,9
HR1 4HW,4
HR1 4HX,4
HR1 4HY,4
HR1 4HZ,4
HR1 4JA,4
HR1 4JB,4
HR1 4JD,4
HR1 4JE,4
HR1 4JF,4
HR1 4JG,4
HR1 4JH,4
HR1 4JL,8
HR1 4JN,8
HR1 4JP,8
HR1 4JQ,4
HR1 4JR,8
HR1 4JS,8
HR1 4JT,8
HR1 4JU,8
HR1 4JW,8
HR1 4JX,8
HR1 4JY,8
HR1 4JZ,8
HR1 4LA,8
HR1 4LB,8
HR1 4LD,8
HR1 4LE,8
HR1 4LF,8
HR1 4LG,8
HR1 4LN,8
HR1 4LP,8
HR1 4LQ,8
HR1 4LR,8
HR1 4LS,8
HR1 4LT,8
HR1 4LU,8
HR1 4LW,8
HR1 4NA,4
HR1 4NB,4
HR1 4ND,4
HR1 4NE,5
HR1 4NF,5
HR1 4NG,3
HR1 4NH,8
HR1 4NJ,8
HR1 4NL,8
HR1 4NN,8
HR1 4NP,8
HR1 4NT,8
HR1 4NU,8
HR1 4NW,8
HR1 4NX,8
HR1 4NY,8
HR1 4PA,8
HR1 4PB,8
HR1 4PD,8
HR1 4PE,8
HR1 4PF,8
HR1 4PG,8
HR1 4PH,8
HR1 4PJ,8
HR1 4PL,8
HR1 4PN,8
HR1 4PP,8
HR1 4PQ,8
HR1 4PR,8
HR1 4PS,8
HR1 4PT,8
HR1 4PU,5
HR1 4PW,8
HR1 4PX,5
HR1 4PY,5
HR1 4PZ,8
HR1 4QA,8
HR1 4QH,8
HR1 4QJ,5
HR1 4QL,5
HR1 4QN,5
HR1 4QP,5
HR1 4QR,5
HR1 4QS,5
HR1 4QT,5
HR1 4QU,5
HR1 4QW,5
HR1 4QX,8
HR1 4QY,5
HR1 4QZ,5
HR1 4RA,5
HR1 4RB,5
HR1 4RD,5
HR1 4RE,5
HR1 4RF,5
HR1 4RG,5
HR1 4RH,5
HR1 4RJ,5
HR1 4RL,5
HR1 4RN,5
HR1 4RP,5
HR1 4RQ,5
HR1 4RR,5
HR1 4RS,5
HR1 4RW,5
HR1 4RY,9
HR1 4SA,5
HR1 4SB,5
HR1 4SD,5
HR1 4SE,5
HR1 4SF,5
HR1 4SG,5
HR1 4SH,5
HR1 4SJ,5
HR1 4SL,5
HR1 4SN,5
HR1 4SP,5
HR1 4SQ,5
HR1 4SR,5
HR1 4SS,5
HR1 4ST,5
HR1 4SU,5
HR1 4SW,5
HR1 4SX,5
HR1 4SY,5
HR1 4SZ,5
HR1 4TA,5
HR1 4TB,5
HR1 4TD,5
HR1 4TE,5
HR1 4TF,5
HR1 4TG,5
HR1 4TH,5
HR1 4TJ,5
HR1 4TQ,5
HR1 4TT,5
HR1 4TU,5
HR1 4TX,5
HR1 4TY,5
HR1 4TZ,5
HR1 4UA,5
HR1 4UB,5
HR1 4UD,5
HR1 4UE,5
HR1 4UF,5
HR1 4UG,5
HR1 4UH,5
HR1 4UJ,5
HR1 4UL,5
HR1 4UN,5
HR1 4UQ,5
HR1 4UW,5
HR1 4XR,3
HR1 4YA,8
HR1 4YB,3
HR1 4YD,3
HR1 4YE,5
HR1 4YF,3
HR1 4YG,3
HR1 4YH,3
HR1 4YJ,3
HR1 4YL,3
HR1 4YN,3
HR1 4YP,3
HR1 4YQ,3
HR1 4YR,3
HR1 4YS,3
HR1 4YT,8
HR1 4YU,3
HR1 4YW,3
HR1 4YX,5
HR1 4YY,8
HR1 4YZ,8
HR1 4ZA,3
HR1 4ZB,5
HR1 4ZD,3
HR1 4ZR,3
HR1 4ZS,3
HR1 4ZU,3
HR1 5TD,5
HR1 5TE,5
HR1 9AA,3
HR1 9AB,5
HR1 9AD,3
HR1 9AE,3
HR1 9AF,3
HR1 9AG,3
HR1 9AH,3
HR1 9AJ,3
HR1 9AL,3
HR1 9AN,3
HR1 9AP,3
HR1 9AQ,3
HR1 9AR,3
HR1 9AS,3
HR1 9AT,5
HR1 9AU,5
HR1 9AW,3
HR1 9AX,3
HR1 9AY,3
HR1 9AZ,3
HR1 9BA,3
HR1 9BB,3
HR1 9BD,3
HR1 9BE,3
HR1 9BF,5
HR1 9BG,3
HR1 9BH,3
HR1 9BJ,3
HR1 9BL,3
HR1 9BN,3
HR1 9BP,3
HR1 9BQ,3
HR1 9BR,5
HR1 9BS,3
HR1 9BT,3
HR1 9BU,3
HR1 9BW,3
HR1 9BX,3
HR1 9BY,3
HR1 9BZ,3
HR1 9DA,3
HR1 9DB,3
HR1 9DD,3
HR1 9DE,3
HR1 9DF,3
HR1 9DG,3
HR1 9DH,3
HR1 9DJ,3
HR1 9DL,3
HR1 9DN,3
HR1 9DP,3
HR1 9DQ,3
HR1 9DR,3
HR1 9DS,3
HR1 9DT,3
HR1 9DU,3
HR1 9DW,3
HR1 9DX,3
HR1 9DY,3
HR1 9DZ,3
HR1 9EA,3
HR1 9EB,3
HR1 9ED,3
HR1 9EE,3
HR1 9EF,3
HR1 9EG,3
HR1 9EH,3
HR1 9EJ,3
HR1 9EL,5
HR1 9EN,3
HR1 9EP,5
HR1 9EQ,3
HR1 9ER,3
HR1 9ES,3
HR1 9ET,5
HR1 9EU,5
HR1 9EW,5
HR1 9EX,3
HR1 9EY,3
HR1 9EZ,3
HR1 9FA,3
HR1 9FB,3
HR1 9FD,3
HR1 9FE,3
HR1 9FF,3
HR1 9FG,3
HR1 9FH,3
HR1 9FJ,3
HR1 9FL,5
HR1 9FN,5
HR1 9FQ,3
HR1 9FR,5
HR1 9FS,3
HR1 9FT,3
HR1 9FU,3
HR1 9FW,3
HR1 9FX,3
HR1 9FY,3
HR1 9FZ,3
HR1 9GA,5
HR1 9GB,3
HR1 9GD,3
HR1 9GE,3
HR1 9GF,3
HR1 9GG,5
HR1 9GH,3
HR1 9GJ,3
HR1 9GL,3
HR1 9GN,3
HR1 9GP,3
HR1 9GQ,5
HR1 9GR,3
HR1 9GS,3
HR1 9GT,3
HR1 9GU,3
HR1 9GW,3
HR1 9GX,3
HR1 9GY,3
HR1 9GZ,3
HR1 9HA,3
HR1 9HB,5
HR1 9HD,3
HR1 9HE,3
HR1 9HF,3
HR1 9HG,3
HR1 9HH,3
HR1 9HJ,3
HR1 9HL,3
HR1 9HN,3
HR1 9HP,3
HR1 9HQ,3
HR1 9HR,3
HR1 9HS,3
HR1 9HT,3
HR1 9HU,3
HR1 9HW,3
HR1 9HX,3
HR1 9HY,3
HR1 9HZ,3
HR1 9JA,3
HR1 9JB,5
HR1 9JD,5
HR1 9JE,3
HR1 9JF,5
HR1 9JH,3
HR1 9JJ,3
HR1 9JL,3
HR1 9JN,5
HR1 9JP,3
HR1 9JQ,5
HR1 9JR,3
HR1 9JS,3
HR1 9JT,3
HR1 9JU,5
HR1 9JW,5
HR1 9JX,5
HR1 9JY,3
HR1 9JZ,3
HR1 9LA,3
HR1 9LB,5
HR1 9LD,3
HR1 9LE,5
HR1 9LF,5
HR1 9LG,5
HR1 9LH,5
HR1 9LJ,5
HR1 9LL,5
HR1 9LP,5
HR1 9LQ,5
HR1 9LR,5
HR1 9LS,5
HR1 9LT,5
HR1 9LU,5
HR1 9LW,5
HR1 9LY,5
HR1 9LZ,5
HR1 9NA,5
HR1 9NB,5
HR1 9ND,5
HR1 9NE,5
HR1 9NF,5
HR1 9NG,5
HR1 9NH,5
HR1 9NJ,5
HR1 9NL,5
HR1 9NN,5
HR1 9NP,5
HR1 9NQ,5
HR1 9NS,5
HR1 9NT,5
HR1 9NU,5
HR1 9NW,5
HR1 9NX,5
HR1 9NY,5
HR1 9PA,5
HR1 9PB,5
HR1 9PD,5
HR1 9PE,5
HR1 9PF,5
HR1 9PG,5
HR1 9PH,5
HR1 9PJ,5
HR1 9PL,5
HR1 9PN,5
HR1 9PP,5
HR1 9PQ,5
HR1 9PR,5
HR1 9PU,5
HR1 9SA,10
HR1 9SB,10
HR1 9SD,10
HR1 9SE,10
HR1 9SF,10
HR1 9SG,10
HR1 9SH,10
HR1 9SJ,10
HR1 9SL,10
HR1 9SQ,10
HR1 9SR,10
HR1 9SS,10
HR1 9ST,10
HR1 9SU,10
HR1 9SW,10
HR1 9SX,10
HR1 9SY,10
HR1 9SZ,10
HR1 9TA,10
HR1 9TB,10
HR1 9TD,10
HR1 9TE,10
HR1 9TF,10
HR1 9TG,10
HR1 9TH,10
HR1 9TJ,10
HR1 9TL,10
HR1 9TN,10
HR1 9TP,10
HR1 9TQ,10
HR1 9TR,10
HR1 9TS,10
HR1 9TT,10
HR1 9TU,10
HR1 9TW,10
HR1 9TX,10
HR1 9TY,10
HR1 9TZ,10
HR1 9UA,10
HR1 9UB,10
HR1 9UD,3
HR1 9UE,3
HR1 9ZZ,3
HR2 0AA,5
HR2 0AB,5
HR2 0AD,5
HR2 0AE,5
HR2 0AF,4
HR2 0AG,5
HR2 0AH,5
HR2 0AJ,5
HR2 0AL,5
HR2 0AN,5
HR2 0AP,5
HR2 0AQ,5
HR2 0AR,5
HR2 0AS,4
HR2 0AT,4
HR2 0AU,5
HR2 0AW,5
HR2 0AX,5
HR2 0AY,4
HR2 0AZ,5
HR2 0BA,5
HR2 0BB,5
HR2 0BD,4
HR2 0BE,4
HR2 0BG,4
HR2 0BH,5
HR2 0BJ,5
HR2 0BL,5
HR2 0BN,5
HR2 0BP,5
HR2 0BQ,5
HR2 0BS,5
HR2 0BW,5
HR2 0BX,5
HR2 0BY,5
HR2 0BZ,5
HR2 0DA,5
HR2 0DB,5
HR2 0DD,5
HR2 0DE,5
HR2 0DF,5
HR2 0DH,5
HR2 0DJ,5
HR2 0DL,5
HR2 0DN,5
HR2 0DP,5
HR2 0DQ,5
HR2 0DR,5
HR2 0DS,5
HR2 0DT,4
HR2 0DU,4
HR2 0DW,5
HR2 0DX,4
HR2 0DY,4
HR2 0DZ,4
HR2 0EA,4
HR2 0EB,5
HR2 0ED,4
HR2 0EE,5
HR2 0EF,4
HR2 0EG,5
HR2 0EH,5
HR2 0EJ,5
HR2 0EL,5
HR2 0EN,5
HR2 0EP,5
HR2 0EQ,5
HR2 0ER,5
HR2 0ES,5
HR2 0ET,5
HR2 0EU,5
HR2 0EW,5
HR2 0EX,5
HR2 0EY,5
HR2 0EZ,5
HR2 0HA,5
HR2 0HB,5
HR2 0HD,5
HR2 0HE,5
HR2 0HF,5
HR2 0HG,5
HR2 0HH,5
HR2 0HJ,5
HR2 0HL,4
HR2 0HN,4
HR2 0HP,4
HR2 0HQ,5
HR2 0HR,4
HR2 0HS,4
HR2 0HT,5
HR2 0HU,5
HR2 0HW,4
HR2 0HX,5
HR2 0HY,5
HR2 0HZ,5
HR2 0JA,5
HR2 0JB,5
HR2 0JD,5
HR2 0JE,5
HR2 0JF,5
HR2 0JG,5
HR2 0JH,5
HR2 0JJ,5
HR2 0JL,5
HR2 0JN,4
HR2 0JP,4
HR2 0JQ,5
HR2 0JR,4
HR2 0JS,4
HR2 0JT,4
HR2 0JU,4
HR2 0JW,4
HR2 0JX,4
HR2 0JY,4
HR2 0JZ,4
HR2 0LA,4
HR2 0LB,4
HR2 0LD,4
HR2 0LE,4
HR2 0LF,4
HR2 0LG,4
HR2 0LH,4
HR2 0LJ,4
HR2 0LL,4
HR2 0LN,4
HR2 0LP,4
HR2 0LQ,4
HR2 0LR,4
HR2 0LS,4
HR2 0LT,4
HR2 0LU,4
HR2 0LW,4
HR2 0LX,4
HR2 0LY,4
HR2 0LZ,4
HR2 0NA,4
HR2 0NB,4
HR2 0ND,4
HR2 0NE,4
HR2 0NF,4
HR2 0NG,4
HR2 0NH,4
HR2 0NJ,4
HR2 0NL,4
HR2 0NN,4
HR2 0NP,4
HR2 0NQ,4
HR2 0NR,4
HR2 0NS,4
HR2 0NT,4
HR2 0NU,4
HR2 0NW,5
HR2 0NX,5
HR2 0NY,4
HR2 0NZ,4
HR2 0PA,4
HR2 0PB,4
HR2 0PD,4
HR2 0PE,4
HR2 0PF,4
HR2 0PG,4
HR2 0PH,4
HR2 0PJ,4
HR2 0PL,4
HR2 0PN,4
HR2 0PP,4
HR2 0PR,4
HR2 0PS,4
HR2 0PT,4
HR2 0PU,4
HR2 0PW,4
HR2 0PX,4
HR2 0QA,5
HR2 0QB,4
HR2 0QD,4
HR2 0QE,4
HR2 0QF,4
HR2 0QG,4
HR2 0QH,4
HR2 0QJ,4
HR2 0QL,4
HR2 0QN,4
HR2 0QP,4
HR2 0QQ,4
HR2 0QR,4
HR2 0QS,4
HR2 0QT,4
HR2 0QU,4
HR2 0QW,4
HR2 0QX,4
HR2 0QY,4
HR2 0RA,4
HR2 0RB,4
HR2 0RD,4
HR2 0RE,4
HR2 0RF,4
HR2 0RG,4
HR2 0RH,4
HR2 0RJ,4
HR2 0RL,4
HR2 0RN,4
HR2 0RP,4
HR2 0RQ,4
HR2 0RR,4
HR2 0RS,4
HR2 0RT,4
HR2 0RU,4
HR2 0RW,4
HR2 0RX,4
HR2 0RY,4
HR2 0RZ,4
HR2 0SB,4
HR2 0SD,4
HR2 0SE,4
HR2 0SF,4
HR2 0SG,4
HR2 0SH,4
HR2 0SJ,4
HR2 0SL,4
HR2 0SN,4
HR2 0SP,4
HR2 0SQ,4
HR2 0SR,4
HR2 0SS,4
HR2 0ST,4
HR2 0SU,4
HR2 0SW,4
HR2 0SX,4
HR2 0SY,4
HR2 0TA,4
HR2 0TD,4
HR2 0TE,4
HR2 0TF,4
HR2 0TG,4
HR2 0TQ,4
HR2 0TX,5
HR2 0TY,5
HR2 0TZ,5
HR2 0UA,5
HR2 0UB,5
HR2 0UD,5
HR2 0UE,5
HR2 0UN,5
HR2 0UW,3
HR2 0WD,3
HR2 0WE,3
HR2 0WZ,3
HR2 0YA,3
HR2 0YB,3
HR2 0YD,3
HR2 0YE,3
HR2 0YF,3
HR2 0YG,3
HR2 0YH,5
HR2 0YJ,5
HR2 0YL,3
HR2 0YN,3
HR2 0YP,5
HR2 0YQ,3
HR2 0YR,3
HR2 0YS,5
HR2 0YT,5
HR2 0YU,3
HR2 0ZX,3
HR2 2JY,5
HR2 6AA,2
HR2 6AB,2
HR2 6AD,2
HR2 6AE,2
HR2 6AF,2
HR2 6AG,2
HR2 6AH,2
HR2 6AJ,2
HR2 6AL,2
HR2 6AN,4
HR2 6AP,4
HR2 6AQ,2
HR2 6AR,4
HR2 6AS,4
HR2 6AT,4
HR2 6AU,4
HR2 6AW,4
HR2 6AX,4
HR2 6AY,4
HR2 6AZ,4
HR2 6BA,4
HR2 6BB,4
HR2 6BD,4
HR2 6BE,4
HR2 6BG,4
HR2 6BH,7
HR2 6BJ,4
HR2 6BL,2
HR2 6BN,4
HR2 6BP,4
HR2 6BQ,5
HR2 6BS,4
HR2 6BT,4
HR2 6BU,4
HR2 6BW,4
HR2 6BX,4
HR2 6BY,7
HR2 6BZ,4
HR2 6DA,4
HR2 6DB,4
HR2 6DD,7
HR2 6DE,4
HR2 6DF,4
HR2 6DG,4
HR2 6DH,2
HR2 6DJ,4
HR2 6DL,4
HR2 6DN,7
HR2 6DP,5
HR2 6DQ,4
HR2 6DR,5
HR2 6DS,5
HR2 6DT,4
HR2 6DU,5
HR2 6DW,7
HR2 6DX,5
HR2 6DY,4
HR2 6DZ,4
HR2 6EA,5
HR2 6EB,5
HR2 6ED,5
HR2 6EE,5
HR2 6EF,5
HR2 6EG,5
HR2 6EH,5
HR2 6EJ,5
HR2 6EL,5
HR2 6EN,7
HR2 6EP,5
HR2 6EQ,5
HR2 6ER,5
HR2 6ES,5
HR2 6ET,5
HR2 6EU,5
HR2 6EW,5
HR2 6EX,5
HR2 6EY,5
HR2 6EZ,5
HR2 6FA,5
HR2 6FB,5
HR2 6FD,5
HR2 6FE,5
HR2 6FF,5
HR2 6FG,5
HR2 6FH,7
HR2 6FL,5
HR2 6FN,5
HR2 6GA,4
HR2 6GB,4
HR2 6GD,4
HR2 6GE,4
HR2 6GG,4
HR2 6GH,4
HR2 6GL,7
HR2 6GN,7
HR2 6GP,4
HR2 6GU,4
HR2 6GW,4
HR2 6HA,4
HR2 6HB,4
HR2 6HD,4
HR2 6HE,4
HR2 6HF,4
HR2 6HG,7
HR2 6HH,4
HR2 6HJ,4
HR2 6HL,4
HR2 6HN,4
HR2 6HP,4
HR2 6HQ,7
HR2 6HR,4
HR2 6HS,4
HR2 6HT,4
HR2 6HU,4
HR2 6HW,4
HR2 6HX,4
HR2 6HY,4
HR2 6HZ,4
HR2 6JA,5
HR2 6JB,5
HR2 6JD,5
HR2 6JE,5
HR2 6JF,5
HR2 6JG,5
HR2 6JH,5
HR2 6JJ,5
HR2 6JL,5
HR2 6JN,5
HR2 6JP,5
HR2 6JQ,5
HR2 6JR,5
HR2 6JS,5
HR2 6JT,5
HR2 6JU,5
HR2 6JW,5
HR2 6JX,5
HR2 6JY,5
HR2 6JZ,5
HR2 6LA,5
HR2 6LB,5
HR2 6LD,5
HR2 6LE,5
HR2 6LF,5
HR2 6LG,5
HR2 6LH,5
HR2 6LJ,5
HR2 6LL,5
HR2 6LN,5
HR2 6LP,5
HR2 6LQ,5
HR2 6LR,5
HR2 6LS,5
HR2 6LT,5
HR2 6LU,5
HR2 6LW,5
HR2 6LX,5
HR2 6LY,5
HR2 6LZ,5
HR2 6NA,5
HR2 6NB,5
HR2 6ND,5
HR2 6NE,5
HR1 1AA,3
HR1 1AB,7
HR1 1AD,9
HR1 1AE,7
HR1 1AF,7
HR1 1AG,9
HR1 1AH,9
HR1 1AJ,9
HR1 1AL,9
HR1 1AN,9
HR1 1AP,9
HR1 1AQ,9
HR1 1AR,9
HR1 1AS,4
HR1 1AT,6
HR1 1AU,6
HR1 1AW,4
HR1 1AX,8
HR1 1AY,6
HR1 1AZ,6
HR1 1BA,3
HR1 1BB,3
HR1 1BD,6
HR1 1BE,4
HR1 1BG,4
HR1 1BH,7
HR1 1BJ,9
HR1 1BL,9
HR1 1BN,9
HR1 1BP,9
HR1 1BQ,7
HR1 1BS,9
HR1 1BT,9
HR1 1BU,9
HR1 1BW,9
HR1 1BX,9
HR1 1BY,4
HR1 1BZ,4
HR1 1DA,4
HR1 1DB,4
HR1 1DD,4
HR1 1DE,9
HR1 1DF,9
HR1 1DG,9
HR1 1DH,9
HR1 1DJ,9
HR1 1DL,9
HR1 1DN,3
HR1 1DP,9
HR1 1DQ,9
HR1 1DR,9
HR1 1DS,9
HR1 1DT,9
HR1 1DU,4
HR1 1DW,4
HR1 1DX,9
HR1 1DY,9
HR1 1DZ,4
HR1 1EA,7
HR1 1EB,7
HR1 1ED,4
HR1 1EE,4
HR1 1EF,4
HR1 1EG,4
HR1 1EH,4
HR1 1EJ,4
HR1 1EL,4
HR1 1EN,4
HR1 1EP,4
HR1 1EQ,4
HR1 1ER,4
HR1 1ES,4
HR1 1ET,4
HR1 1EU,4
HR1 1EW,4
HR1 1EX,5
HR1 1EY,9
HR1 1EZ,4
HR1 1FA,7
HR1 1FB,8
HR1 1FE,8
HR1 1FF,8
HR1 1FG,8
HR1 1FH,8
HR1 1FJ,8
HR1 1FL,7
HR1 1GA,7
HR1 1GB,7
HR1 1GD,7
HR1 1GE,7
HR1 1GF,7
HR1 1GG,7
HR1 1GH,7
HR1 1GJ,7
HR1 1GL,7
HR1 1GN,7
HR1 1GP,7
HR1 1GQ,7
HR1 1GR,7
HR1 1GS,7
HR1 1GT,7
HR1 1GW,7
HR1 1GX,7
HR1 1GY,4
HR1 1GZ,7
HR1 1HA,4
HR1 1HB,4
HR1 1HD,4
HR1 1HE,4
HR1 1HF,4
HR1 1HG,4
HR1 1HH,4
HR1 1HJ,4
HR1 1HL,4
HR1 1HN,4
HR1 1HP,4
HR1 1HQ,4
HR1 1HR,7
HR1 1HS,7
HR1 1HT,7
HR1 1HU,5
HR1 1HW,4
HR1 1HX,7
HR1 1HY,7
HR1 1HZ,7
HR1 1JA,7
HR1 1JB,7
HR1 1JD,9
HR1 1JE,9
HR1 1JF,9
HR1 1JG,7
HR1 1JH,7
HR1 1JJ,9
HR1 1JL,9
HR1 1JN,7
HR1 1JP,7
HR1 1JQ,9
HR1 1JR,4
HR1 1JS,9
HR1 1JT,9
HR1 1JU,9
HR1 1JW,7
HR1 1JX,7
HR1 1JY,7
HR1 1JZ,7
HR1 1LA,7
HR1 1LB,7
HR1 1LD,7
HR1 1LE,7
HR1 1LF,7
HR1 1LG,7
HR1 1LH,7
HR1 1LJ,7
HR1 1LL,7
HR1 1LN,5
HR1 1LP,7
HR1 1LQ,5
HR1 1LR,7
HR1 1LS,7
HR1 1LT,7
HR1 1LU,7
HR1 1LW,5
HR1 1LX,6
HR1 1LY,6
HR1 1LZ,7
HR1 1NA,7
HR1 1NB,7
HR1 1ND,7
HR1 1NE,6
HR1 1NF,6
HR1 1NG,6
HR1 1NH,6
HR1 1NJ,6
HR1 1NL,6
HR1 1NN,6
HR1 1NP,9
HR1 1NQ,6
HR1 1NR,9
HR1 1NS,7
HR1 1NT,7
HR1 1NU,9
HR1 1NW,9
HR1 1NX,6
HR1 1NY,6
HR1 1NZ,6
HR1 1PA,6
HR1 1PB,6
HR1 1PD,6
HR1 1PE,6
HR1 1PF,6
HR1 1PG,6
HR1 1PH,6
HR1 1PJ,6
HR1 1PL,6
HR1 1PN,6
HR1 1PP,9
HR1 1PQ,6
HR1 1PR,9
HR1 1PS,9
HR1 1PT,6
HR1 1PU,6
HR1 1PW,6
HR1 1PX,6
HR1 1PY,7
HR1 1PZ,7
HR1 1QA,7
HR1 1QB,7
HR1 1QD,9
HR1 1QE,9
HR1 1QF,9
HR1 1QG,9
HR1 1QH,9
HR1 1QJ,9
HR1 1QL,9
HR1 1QN,9
HR1 1QP,9
HR1 1QQ,9
HR1 1QR,9
HR1 1QS,9
HR1 1QT,9
HR1 1QU,9
HR1 1QW,9
HR1 1QX,9
HR1 1QY,9
HR1 1QZ,9
HR1 1RA,9
HR1 1RB,7
HR1 1RD,7
HR1 1RE,7
HR1 1RF,10
HR1 1RG,10
HR1 1RH,10
HR1 1RJ,7
HR1 1RL,7
HR1 1RN,7
HR1 1RP,9
HR1 1RQ,7
HR1 1RR,9
HR1 1RS,9
HR1 1RT,10
HR1 1RU,10
HR1 1RW,7
HR1 1RX,10
HR1 1RY,7
HR1 1RZ,6
HR1 1SA,10
HR1 1SB,10
HR1 1SD,10
HR1 1SG,10
HR1 1SH,10
HR1 1SJ,6
HR1 1SL,10
HR1 1SN,10
HR1 1SP,10
HR1 1SQ,10
HR1 1SR,10
HR1 1SS,10
HR1 1ST,10
HR1 1SU,10
HR1 1SW,10
HR1 1SX,10
HR1 1SY,10
HR1 1SZ,10
HR1 1TA,10
HR1 1TB,6
HR1 1TD,10
HR1 1TE,10
HR1 1TF,6
HR1 1TG,10
HR1 1TH,6
HR1 1TJ,6
HR1 1TL,6
HR1 1TN,6
HR1 1TP,6
HR1 1TQ,10
HR1 1TR,6
HR1 1TS,10
HR1 1TT,10
HR1 1TU,10
HR1 1TW,10
HR1 1TX,10
HR1 1TY,10
HR1 1TZ,10
HR1 1UA,10
HR1 1UB,6
HR1 1UD,10
HR1 1UE,10
HR1 1UF,10
HR1 1UG,6
HR1 1UH,10
HR1 1UJ,10
HR1 1UL,10
HR1 1UN,10
HR1 1UP,10
HR1 1UQ,10
HR1 1UR,10
HR1 1US,6
HR1 1UT,8
HR1 1UU,10
HR1 1UW,10
HR1 1UX,10
HR1 1UY,10
HR1 1UZ,10
HR1 1WA,3
HR1 1WD,3
HR1 1WE,10
HR1 1WG,3
HR1 1WH,3
HR1 1WJ,3
HR1 1WL,3
HR1 1WN,3
HR1 1WQ,3
HR1 1WR,3
HR1 1WS,3
HR1 1WT,6
HR1 1WU,3
HR1 1WW,3
HR1 1WX,10
HR1 1WY,10
HR1 1WZ,6
HR1 1XA,10
HR1 1XB,10
HR1 1XD,10
HR1 1XE,10
HR1 1XF,10
HR1 1XG,10
HR1 1XH,10
HR1 1XJ,6
HR1 1XL,6
HR1 1XN,6
HR1 1XP,6
HR1 1XQ,10
HR1 1XR,10
HR1 1XS,6
HR1 1XT,6
HR1 1XU,6
HR1 1XW,6
HR1 1XX,10
HR1 1XY,7
HR1 1XZ,6
HR1 1YA,6
HR1 1YB,6
HR1 1YD,6
HR1 1YE,6
HR1 1YF,6
HR1 1YG,6
HR1 1YH,3
HR1 1YJ,10
HR1 1YL,6
HR1 1YN,3
HR1 1YP,3
HR1 1YQ,6
HR1 1YR,3
HR1 1YS,3
HR1 1YT,3
HR1 1YU,3
HR1 1YW,3
HR1 1YX,3
HR1 1YY,3
HR1 1YZ,3
HR1 1ZA,3
HR1 1ZB,3
HR1 1ZD,3
HR1 1ZE,3
HR1 1ZF,3
HR1 1ZG,10
HR1 1ZH,3
HR1 1ZJ,6
HR1 1ZL,3
HR1 1ZN,10
HR1 1ZP,3
HR1 1ZQ,6
HR1 1ZR,6
HR1 1ZS,6
HR1 1ZT,3
HR1 1ZU,3
HR1 1ZW,6
HR1 1ZX,3
HR1 1ZY,3
HR1 2AA,3
HR1 2AB,3
HR1 2AD,3
HR1 2AE,3
HR1 2AF,3
HR1 2AG,3
HR1 2AH,4
HR1 2AJ,3
HR1 2AL,3
HR1 2AN,3
HR1 2AQ,3
HR1 2AR,3
HR1 2AS,3
HR1 2AZ,3
HR1 2BA,3
HR1 2BB,3
HR1 2BD,3
HR1 2BE,3
HR1 2BG,3
HR1 2BH,4
HR1 2BJ,3
HR1 2BL,3
HR1 2BN,4
HR1 2BP,3
HR1 2BQ,4
HR1 2BS,3
HR1 2BT,3
HR1 2BU,3
HR1 2BW,4
HR1 2BX,3
HR1 2BY,3
HR1 2DA,3
HR1 2DB,3
HR1 2DD,3
HR1 2DE,3
HR1 2DF,3
HR1 2DG,3
HR1 2DH,3
HR1 2DJ,3
HR1 2DL,3
HR1 2DN,3
HR1 2DP,3
HR1 2DQ,3
HR1 2DR,3
HR1 2DS,3
HR1 2DT,3
HR1 2DU,3
HR1 2DW,3
HR1 2DX,3
HR1 2DY,3
HR1 2DZ,4
HR1 2EA,3
HR1 2EB,3
HR1 2ED,3
HR1 2EE,3
HR1 2EF,3
HR1 2EG,3
HR1 2EH,3
HR1 2EP,3
HR1 2ER,4
HR1 2ES,4
HR1 2ET,4
HR1 2EU,4
HR1 2EW,3
HR1 2EX,4
HR1 2EY,4
HR1 2GL,4
HR1 2GY,3
HR1 2HA,4
HR1 2HB,4
HR1 2HD,4
HR1 2HE,4
HR1 2HF,4
HR1 2HG,4
HR1 2HH,3
HR1 2HJ,4
HR1 2HL,3
HR1 2HN,3
HR1 2HP,3
HR1 2HQ,3
HR1 2HR,3
HR1 2HS,3
HR1 2HT,3
HR1 2HU,4
HR1 2HW,3
HR1 2HX,3
HR1 2HY,3
HR1 2HZ,3
HR1 2JA,4
HR1 2JB,3
HR1 2JD,3
HR1 2JE,3
HR1 2JF,3
HR1 2JG,3
HR1 2JH,4
HR1 2JJ,3
HR1 2JL,3
HR1 2JN,3
HR1 2JP,4
HR1 2JQ,4
HR1 2JR,4
HR1 2JS,4
HR1 2JT,4
HR1 2JU,4
HR1 2JW,4
HR1 2JX,4
HR1 2JY,4
HR1 2JZ,4
HR1 2LA,3
HR1 2LB,3
HR1 2LD,3
HR1 2LE,3
HR1 2LF,3
HR1 2LG,3
HR1 2LH,3
HR1 2LJ,3
HR1 2LL,3
HR1 2LN,3
HR1 2LP,3
HR1 2LQ,3
HR1 2LR,3
HR1 2LS,3
HR1 2LT,3
HR1 2LU,3
HR1 2LW,3
HR1 2LX,3
HR1 2LY,3
HR1 2LZ,3
HR1 2NA,3
HR1 2NB,3
HR1 2ND,3
HR1 2NE,7
HR1 2NF,7
HR1 2NG,3
HR1 2NH,3
HR1 2NJ,3
HR1 2NL,3
HR1 2NN,3
HR1 2NP,7
HR1 2NQ,7
HR1 2NR,3
HR1 2NS,3
HR1 2NT,3
HR1 2NU,3
HR1 2NW,3
HR1 2NX,4
HR1 2NY,3
HR1 2NZ,4
HR1 2PA,3
HR1 2PB,4
HR1 2PG,3
HR1 2PH,3
HR1 2PJ,3
HR1 2PL,3
HR1 2PN,3
HR1 2PP,3
HR1 2PQ,3
HR1 2PR,3
HR1 2PS,3
HR1 2PT,3
HR1 2PU,3
HR1 2PW,3
HR1 2PX,3
HR1 2PY,3
HR1 2PZ,3
HR1 2QA,4
HR1 2QB,4
HR1 2QD,4
HR1 2QE,4
HR1 2QF,4
HR1 2QG,4
HR1 2QH,4
HR1 2QJ,4
HR1 2QL,4
HR1 2QN,7
HR1 2QP,4
HR1 2QQ,4
HR1 2QR,4
HR1 2QS,4
HR1 2QT,7
HR1 2QU,7
HR1 2QW,7
HR1 2QX,7
HR1 2QY,4
HR1 2QZ,7
HR1 2RA,7
HR1 2RB,7
HR1 2RD,7
HR1 2RE,7
HR1 2RF,7
HR1 2RG,7
HR1 2RH,10
HR1 2RJ,7
HR1 2RL,10
HR1 2RN,7
HR1 2RP,10
HR1 2RQ,10
HR1 2RR,10
HR1 2RS,7
HR1 2RT,7
HR1 2RU,7
HR1 2RW,7
HR1 2RX,7
HR1 2RY,7
HR1 2RZ,7
HR1 2SA,7
HR1 2SB,7
HR1 2SD,7
HR1 2SE,7
HR1 2SF,7
HR1 2SG,7
HR1 2SH,7
HR1 2SJ,7
HR1 2SL,7
HR1 2SN,7
HR1 2SP,3
HR1 2SQ,7
HR1 2SR,3
HR1 2SS,7
HR1 2ST,7
HR1 2SU,7
HR1 2SW,7
HR1 2SX,4
HR1 2SY,7
HR1 2SZ,7
HR1 2TA,7
HR1 2TB,7
HR1 2TD,4
HR1 2TE,7
HR1 2TH,7
HR1 2TJ,7
HR1 2TL,7
HR1 2TN,7
HR1 2TP,7
HR1 2TQ,7
HR1 2TR,7
HR1 2TS,7
HR1 2TT,7
HR1 2TU,7
HR1 2TW,7
HR1 2TX,7
HR1 2TY,7
HR1 2TZ,7
HR1 2UA,7
HR1 2UB,7
HR1 2UD,7
HR1 2UE,7
HR1 2UF,7
HR1 2UG,7
HR1 2WB,7
HR1 2WN,3
HR1 2WQ,7
HR1 2WW,3
HR1 2WX,3
HR1 2WY,3
HR1 2XB,4
HR1 2XJ,7
HR1 2XL,3
HR1 2XN,3
HR1 2XP,3
HR1 2XQ,4
HR1 2XR,3
HR1 2XS,4
HR1 2XT,4
HR1 2XU,4
HR1 2XW,3
HR1 2XX,3
HR1 2XY,3
HR1 2XZ,4
HR1 2YA,4
HR1 2YB,3
HR1 2YE,3
HR1 2YF,3
HR1 2YG,3
HR1 2YH,3
HR1 2YJ,3
HR1 2YL,3
HR1 2YN,7
HR1 2YQ,3
HR1 2YS,3
HR1 2YU,3
HR1 2YW,3
HR1 2ZA,3
HR1 2ZB,3
HR1 2ZD,3
HR1 2ZE,3
HR1 2ZF,3
HR1 2ZG,3
HR1 2ZH,3
HR1 2ZJ,3
HR1 2ZL,3
HR1 2ZN,4
HR1 2ZP,3
HR1 2ZQ,4
HR1 2ZR,3
HR1 2ZS,3
HR1 2ZT,3
HR1 2ZW,3
HR1 2ZY,3
HR1 3AA,7
HR1 3AB,7
HR1 3AD,7
HR1 3AE,7
HR1 3AF,7
HR1 3AG,7
HR1 3AH,7
HR1 3AJ,7
HR1 3AL,7
HR1 3AN,7
HR1 3AP,7
HR1 3AQ,7
HR1 3AR,7
HR1 3AS,7
HR1 3AT,7
HR1 3AU,7
HR1 3AW,7
HR1 3AX,7
HR1 3AY,7
HR1 3AZ,7
HR1 3BA,7
HR1 3BB,7
HR1 3BD,7
HR1 3BE,7
HR1 3BF,7
HR1 3BG,7
HR1 3BH,7
HR1 3BJ,7
HR1 3BL,7
HR1 3BN,7
HR1 3BP,7
HR1 3BQ,7
HR1 3BS,7
HR1 3BT,7
HR1 3BU,7
HR1 3BW,7
HR1 3BX,7
HR1 3BY,7
HR1 3BZ,7
HR1 3DA,7
HR1 3DB,7
HR1 3DD,7
HR1 3DE,7
HR1 3DF,4
HR1 3DG,7
HR1 3DH,7
HR1 3DJ,7
HR1 3DL,7
HR1 3DN,6
HR1 3DP,6
HR1 3DQ,7
HR1 3DR,6
HR1 3DS,6
HR1 3DT,6
HR1 3DU,6
HR1 3DW,6
HR1 3DX,6
HR1 3DY,6
HR1 3DZ,6
HR1 3EA,6
HR1 3EB,6
HR1 3ED,6
HR1 3EE,6
HR1 3EF,6
HR1 3EG,6
HR1 3EH,6
HR1 3EJ,6
HR1 3EL,6
HR1 3EN,6
HR1 3EP,6
HR1 3EQ,6
HR1 3ER,7
HR1 3ES,7
HR1 3ET,6
HR1 3EU,7
HR1 3EW,6
HR1 3EX,7
HR1 3EY,7
HR1 3EZ,7
HR1 3FA,6
HR1 3FD,6
HR1 3FF,6
HR1 3FG,7
HR1 3FH,7
HR1 3FJ,7
HR1 3GA,7
HR1 3HA,7
HR1 3HB,7
HR1 3HD,6
HR1 3HE,7
HR1 3HG,4
HR1 3HH,7
HR1 3HJ,4
HR1 3HL,4
HR1 3HN,4
HR1 3HP,4
HR1 3HR,4
HR1 3HS,4
HR1 3HT,4
HR1 3HU,4
HR1 3HW,4
HR1 3HX,4
HR1 3HY,4
HR1 3HZ,4
HR1 3JA,4
HR1 3JB,4
HR1 3JD,4
HR1 3JE,4
HR1 3JF,5
HR1 3JG,5
HR1 3JH,4
HR1 3JJ,4
HR1 3JL,4
HR1 3JP,4
HR1 3JQ,5
HR1 3JR,4
HR1 3JS,4
HR1 3JT,4
HR1 3JU,4
HR1 3JW,4
HR1 3JX,4
HR1 3JY,4
HR1 3JZ,4
HR1 3LA,4
HR1 3LB,4
HR1 3LD,4
HR1 3LE,4
HR1 3LF,4
HR1 3LG,4
HR1 3LH,4
HR1 3LJ,4
HR1 3LP,4
HR1 3LQ,4
HR1 3LR,4
HR1 3LS,4
HR1 3LT,4
HR1 3LU,4
HR1 3LW,4
HR1 3LX,4
HR1 3LZ,7
HR1 3NA,9
HR1 3NB,9
HR1 3ND,9
HR1 3NE,5
HR1 3NF,5
HR1 3NG,9
HR1 3NH,5
HR1 3NJ,5
HR1 3NL,7
HR1 3NN,5
HR1 3NP,7
HR1 3NQ,5
HR1 3NR,7
HR1 3NS,7
HR1 3NT,5
HR1 3NU,5
HR1 3NW,5
HR1 3NX,5
HR1 3NY,5
HR1 3NZ,5
HR1 3PA,5
HR1 3PB,5
HR1 3PD,5
HR1 3PE,5
HR1 3PF,5
HR1 3PG,5
HR1 3PH,5
HR1 3PJ,5
HR1 3PL,5
HR1 3PN,5
HR1 3PP,5
HR1 3PQ,5
HR1 3PR,5
HR1 3PS,5
HR1 3PT,5
HR1 3PU,5
HR1 3PW,4
HR1 3PX,5
HR1 3PY,5
HR1 3PZ,5
HR1 3QA,5
HR1 3QB,5
HR1 3QD,5
HR1 3QE,5
HR1 3QF,5
HR1 3QG,5
HR1 3QH,5
HR1 3QJ,5
HR1 3QL,5
HR1 3QN,5
HR1 3QP,5
HR1 3QQ,5
HR1 3QR,5
HR1 3QS,4
HR1 3QT,4
HR1 3QU,4
HR1 3QW,5
HR1 3QX,4
HR1 3QY,4
HR1 3QZ,4
HR1 3RA,4
HR1 3RB,5
HR1 3RD,5
HR1 3RE,5
HR1 3RF,5
HR1 3RG,5
HR1 3RH,5
HR1 3RJ,5
HR1 3RL,5
HR1 3RN,5
HR1 3RP,5
HR1 3RQ,5
HR1 3RR,5
HR1 3RS,5
HR1 3RT,5
HR1 3RU,5
HR1 3RW,5
HR1 3RX,5
HR1 3RY,5
HR1 3RZ,5
HR1 3SA,5
HR1 3SB,5
HR1 3SD,5
HR1 3SE,5
HR1 3SF,5
HR1 3SG,5
HR1 3SH,5
HR1 3SJ,4
HR1 3SL,4
HR1 3SP,4
HR1 3SQ,5
HR1 3SR,4
HR1 3SS,5
HR1 3ST,5
HR1 3SU,5
HR1 3SW,4
HR2 6NF,5
HR2 6NG,5
HR2 6NH,5
HR2 6NJ,5
HR2 6NL,5
HR2 6NN,5
HR2 6NP,5
HR2 6NQ,5
HR2 6NR,5
HR2 6NS,5
HR2 6NT,5
HR2 6NU,5
HR2 6NW,5
HR2 6NX,5
HR2 6NY,5
HR2 6NZ,5
HR2 6PA,5
HR2 6PB,5
HR2 6PD,5
HR2 6PE,5
HR2 6PF,5
HR2 6PG,5
HR2 6PH,5
HR2 6PJ,5
HR2 6PL,5
HR2 6PN,5
HR2 6PP,5
HR2 6PQ,5
HR2 6PR,5
HR2 6PS,5
HR2 6PT,5
HR2 6PU,5
HR2 6PW,5
HR2 6PX,5
HR2 6PY,5
HR2 6PZ,5
HR2 6QA,5
HR2 6QB,5
HR2 6QD,5
HR2 6QE,5
HR2 6QF,5
HR2 6QG,5
HR2 6QH,5
HR2 6QJ,5
HR2 6QL,5
HR2 6QN,5
HR2 6QP,5
HR2 6QQ,5
HR2 6QR,5
HR2 6QS,5
HR2 6QT,5
HR2 6QU,5
HR2 6QW,5
HR2 6QX,5
HR2 6QY,5
HR2 6QZ,5
HR2 6RA,5
HR2 6RB,5
HR2 6RD,5
HR2 6RE,5
HR2 6RF,5
HR2 6RG,5
HR2 6RH,7
HR2 6RJ,7
HR2 6RL,7
HR2 6RN,7
HR2 6RP,7
HR2 6RQ,5
HR2 6RR,7
HR2 6RS,7
HR2 6RT,7
HR2 6RU,4
HR2 6RW,7
HR2 6RX,7
HR2 6RY,7
HR2 6RZ,7
HR2 6SA,4
HR2 6SB,4
HR2 6SD,4
HR2 6SE,4
HR2 6SF,7
HR2 6SG,7
HR2 6SH,7
HR2 6SJ,7
HR2 6SL,4
HR2 6SN,4
HR2 6SP,4
HR2 6SQ,5
HR2 6SR,5
HR2 6SS,5
HR2 6SU,5
HR2 6SX,4
HR2 6SY,5
HR2 6SZ,5
HR2 6WA,3
HR2 6WB,5
HR2 6WD,3
HR2 6WE,3
HR2 6WS,3
HR2 6WT,3
HR2 6WU,3
HR2 6WW,3
HR2 6WX,3
HR2 6WY,3
HR2 6WZ,3
HR2 6XA,5
HR2 6XE,3
HR2 6XJ,5
HR2 6XL,3
HR2 6XN,5
HR2 6XP,3
HR2 6XR,5
HR2 6XT,5
HR2 6YA,3
HR2 6YB,3
HR2 6YD,3
HR2 6YE,3
HR2 6YF,3
HR2 6YG,3
HR2 6YH,3
HR2 6YJ,3
HR2 6YL,3
HR2 6YN,3
HR2 6YP,3
HR2 6YQ,3
HR2 6YR,3
HR2 6YS,3
HR2 6YT,5
HR2 6YU,3
HR2 6YW,3
HR2 6YX,3
HR2 6YY,3
HR2 6YZ,3
HR2 6ZA,3
HR2 6ZR,3
HR2 6ZX,3
HR2 7AA,2
HR2 7AB,2
HR2 7AD,2
HR2 7AE,2
HR2 7AF,2
HR2 7AG,2
HR2 7AH,2
HR2 7AJ,2
HR2 7AL,2
HR2 7AN,2
HR2 7AP,2
HR2 7AQ,2
HR2 7AR,2
HR2 7AS,2
HR2 7AT,2
HR2 7AU,2
HR2 7AW,2
HR2 7AX,2
HR2 7AY,2
HR2 7AZ,2
HR2 7BA,2
HR2 7BB,2
HR2 7BD,2
HR2 7BE,2
HR2 7BF,3
HR2 7BG,2
HR2 7BH,2
HR2 7BJ,1
HR2 7BL,3
HR2 7BN,2
HR2 7BP,8
HR2 7BQ,2
HR2 7BS,1
HR2 7BT,2
HR2 7BU,2
HR2 7BW,1
HR2 7BX,1
HR2 7BY,8
HR2 7BZ,1
HR2 7DA,1
HR2 7DB,1
HR2 7DD,2
HR2 7DE,2
HR2 7DF,2
HR2 7DG,2
HR2 7DH,2
HR2 7DJ,2
HR2 7DL,2
HR2 7DN,2
HR2 7DP,2
HR2 7DQ,2
HR2 7DR,2
HR2 7DS,2
HR2 7DT,2
HR2 7DU,2
HR2 7DW,2
HR2 7DX,2
HR2 7DY,2
HR2 7DZ,1
HR2 7EA,2
HR2 7EB,2
HR2 7ED,2
HR2 7EE,3
HR2 7EF,2
HR2 7EG,2
HR2 7EH,2
HR2 7EJ,2
HR2 7EL,1
HR2 7EN,1
HR2 7EP,1
HR2 7EQ,2
HR2 7ER,1
HR2 7ES,1
HR2 7ET,1
HR2 7EU,1
HR2 7EW,1
HR2 7EX,2
HR2 7EY,3
HR2 7EZ,1
HR2 7FA,3
HR2 7FD,3
HR2 7FE,1
HR2 7FF,1
HR2 7FG,2
HR2 7FH,1
HR2 7FJ,1
HR2 7FL,1
HR2 7GA,3
HR2 7GB,3
HR2 7GD,3
HR2 7GE,3
HR2 7GF,1
HR2 7GG,1
HR2 7HA,2
HR2 7HB,1
HR2 7HD,8
HR2 7HE,1
HR2 7HF,2
HR2 7HG,2
HR2 7HH,1
HR2 7HJ,1
HR2 7HL,1
HR2 7HN,1
HR2 7HP,1
HR2 7HQ,1
HR2 7HR,1
HR2 7HS,2
HR2 7HT,1
HR2 7HU,1
HR2 7HW,1
HR2 7HX,1
HR2 7HY,2
HR2 7HZ,3
HR2 7JA,3
HR2 7JB,3
HR2 7JD,2
HR2 7JE,2
HR2 7JF,2
HR2 7JG,2
HR2 7JH,2
HR2 7JJ,2
HR2 7JL,2
HR2 7JN,2
HR2 7JP,2
HR2 7JQ,2
HR2 7JR,2
HR2 7JS,2
HR2 7JT,7
HR2 7JU,7
HR2 7JW,2
HR2 7JX,7
HR2 7JY,2
HR2 7JZ,2
HR2 7LA,7
HR2 7LB,7
HR2 7LD,7
HR2 7LE,7
HR2 7LF,7
HR2 7LG,7
HR2 7LH,7
HR2 7LJ,7
HR2 7LL,4
HR2 7LN,3
HR2 7LP,2
HR2 7LQ,7
HR2 7LR,2
HR2 7LS,1
HR2 7LT,2
HR2 7LU,2
HR2 7LW,2
HR2 7LX,2
HR2 7LY,2
HR2 7LZ,2
HR2 7NA,2
HR2 7NB,2
HR2 7ND,2
HR2 7NE,2
HR2 7NF,4
HR2 7NG,4
HR2 7NH,2
HR2 7NJ,2
HR2 7NL,4
HR2 7NN,4
HR2 7NP,4
HR2 7NQ,1
HR2 7NR,4
HR2 7NS,4
HR2 7NT,4
HR2 7NU,2
HR2 7NW,4
HR2 7NX,2
HR2 7NY,4
HR2 7NZ,2
HR2 7PA,2
HR2 7PB,1
HR2 7PD,1
HR2 7PE,1
HR2 7PF,7
HR2 7PH,7
HR2 7PJ,7
HR2 7PL,7
HR2 7PN,4
HR2 7PP,4
HR2 7PR,4
HR2 7PS,4
HR2 7PT,4
HR2 7PU,4
HR2 7PW,4
HR2 7PX,4
HR2 7PY,4
HR2 7PZ,4
HR2 7QA,4
HR2 7QB,4
HR2 7QD,4
HR2 7QE,4
HR2 7QF,4
HR2 7QG,4
HR2 7QH,7
HR2 7QJ,4
HR2 7QL,4
HR2 7QN,4
HR2 7QP,4
HR2 7QQ,7
HR2 7QR,4
HR2 7QS,4
HR2 7QT,7
HR2 7QU,4
HR2 7QW,7
HR2 7QX,2
HR2 7RA,2
HR2 7RB,2
HR2 7RD,2
HR2 7RE,2
HR2 7RF,4
HR2 7RG,2
HR2 7RH,2
HR2 7RJ,7
HR2 7RL,7
HR2 7RN,2
HR2 7RP,7
HR2 7RQ,2
HR2 7RR,7
HR2 7RS,7
HR2 7RT,7
HR2 7RU,7
HR2 7RW,7
HR2 7RX,7
HR2 7RY,7
HR2 7RZ,4
HR2 7SA,4
HR2 7SB,7
HR2 7SD,2
HR2 7SE,2
HR2 7SF,2
HR2 7SG,2
HR2 7SH,8
HR2 7SJ,8
HR2 7SL,8
HR2 7SN,8
HR2 7SP,8
HR2 7SQ,8
HR2 7SR,8
HR2 7SS,8
HR2 7ST,8
HR2 7SU,8
HR2 7SW,4
HR2 7SX,8
HR2 7SY,8
HR2 7SZ,4
HR2 7TA,3
HR2 7TB,3
HR2 7TD,3
HR2 7TE,3
HR2 7TF,2
HR2 7TG,7
HR2 7TH,3
HR2 7TJ,3
HR2 7TL,3
HR2 7TN,3
HR2 7TP,3
HR2 7TR,3
HR2 7TS,3
HR2 7TW,3
HR2 7TY,8
HR2 7TZ,8
HR2 7UA,8
HR2 7UB,8
HR2 7UD,8
HR2 7UE,8
HR2 7UF,8
HR2 7UG,3
HR2 7UH,8
HR2 7UJ,3
HR2 7UL,8
HR2 7UN,8
HR2 7UP,8
HR2 7UQ,8
HR2 7UR,8
HR2 7US,8
HR2 7UT,3
HR2 7UU,3
HR2 7UW,8
HR2 7UX,3
HR2 7UY,8
HR2 7UZ,8
HR2 7WA,3
HR2 7WB,3
HR2 7WD,1
HR2 7WE,3
HR2 7WF,3
HR2 7WG,3
HR2 7WH,3
HR2 7WJ,3
HR2 7WL,3
HR2 7WN,3
HR2 7WP,3
HR2 7WQ,3
HR2 7WR,3
HR2 7WS,3
HR2 7WT,3
HR2 7WU,3
HR2 7WW,1
HR2 7WX,3
HR2 7WY,1
HR2 7WZ,3
HR2 7XA,8
HR2 7XB,8
HR2 7XD,8
HR2 7XE,8
HR2 7XF,8
HR2 7XG,8
HR2 7XH,8
HR2 7XJ,8
HR2 7XL,8
HR2 7XN,8
HR2 7XP,8
HR2 7XQ,8
HR2 7XR,8
HR2 7XS,8
HR2 7XT,8
HR2 7XU,8
HR2 7XW,8
HR2 7XX,8
HR2 7XY,8
HR2 7XZ,8
HR2 7YA,8
HR2 7YB,8
HR2 7YD,1
HR2 7YE,8
HR2 7YF,8
HR2 7YG,8
HR2 7YH,8
HR2 7YJ,8
HR2 7YL,8
HR2 7YN,8
HR2 7YP,8
HR2 7YQ,8
HR2 7YR,1
HR2 7YS,3
HR2 7YT,3
HR2 7YU,8
HR2 7YW,8
HR2 7YX,8
HR2 7YY,8
HR2 7YZ,8
HR2 7ZA,8
HR2 7ZB,8
HR2 7ZD,8
HR2 7ZE,8
HR2 7ZF,1
HR2 7ZG,8
HR2 7ZH,8
HR2 7ZJ,8
HR2 7ZL,8
HR2 7ZN,8
HR2 7ZP,8
HR2 7ZQ,3
HR2 7ZR,1
HR2 7ZS,3
HR2 7ZT,3
HR2 7ZU,3
HR2 7ZW,8
HR2 7ZX,3
HR2 7ZY,1
HR2 8AA,5
HR2 8AB,5
HR2 8AD,5
HR2 8AE,5
HR2 8AF,5
HR2 8AG,5
HR2 8AH,5
HR2 8AJ,5
HR2 8AL,5
HR2 8AN,5
HR2 8AP,5
HR2 8AQ,5
HR2 8AR,5
HR2 8AS,5
HR2 8AT,5
HR2 8AU,5
HR2 8AW,5
HR2 8AX,5
HR2 8AY,5
HR2 8AZ,5
HR2 8BA,5
HR2 8BB,5
HR2 8BD,5
HR2 8BE,5
HR2 8BF,5
HR2 8BG,5
HR2 8BH,4
HR2 8BJ,4
HR2 8BL,5
HR2 8BN,5
HR2 8BP,5
HR2 8BQ,4
HR2 8BS,5
HR2 8BT,5
HR2 8BU,5
HR2 8BW,5
HR2 8BX,5
HR2 8BY,5
HR2 8BZ,5
HR2 8DA,5
HR2 8DB,5
HR2 8DD,5
HR2 8DE,5
HR2 8DF,5
HR2 8DG,5
HR2 8DH,5
HR2 8DJ,5
HR2 8DL,5
HR2 8DN,5
HR2 8DP,5
HR2 8DQ,5
HR2 8DR,5
HR2 8DS,5
HR2 8DT,5
HR2 8DU,5
HR2 8DW,5
HR2 8DX,5
HR2 8DY,5
HR2 8DZ,5
HR2 8EA,4
HR2 8EB,5
HR2 8ED,5
HR2 8EE,5
HR2 8EF,5
HR2 8EG,5
HR2 8EH,5
HR2 8EJ,5
HR2 8EL,5
HR2 8EN,5
HR2 8EP,5
HR2 8EQ,5
HR2 8ER,5
HR2 8ES,5
HR2 8ET,5
HR2 8EU,5
HR2 8EW,5
HR2 8EX,5
HR2 8EY,5
HR2 8EZ,5
HR2 8FA,5
HR2 8FD,5
HR2 8HA,5
HR2 8HB,5
HR2 8HD,5
HR2 8HE,5
HR2 8HF,5
HR2 8HH,5
HR2 8HJ,5
HR2 8HL,5
HR2 8HN,5
HR2 8HP,5
HR2 8HR,5
HR2 8HS,5
HR2 8HT,5
HR2 8HU,5
HR2 8HW,5
HR2 8HX,5
HR2 8HY,5
HR2 8HZ,5
HR2 8JA,5
HR2 8JB,5
HR2 8JD,5
HR2 8JE,5
HR2 8JF,5
HR2 8JG,5
HR2 8JH,5
HR2 8JJ,5
HR2 8JL,5
HR2 8JN,5
HR2 8JQ,5
HR2 8JR,5
HR2 8JS,5
HR2 8JT,5
HR2 8JU,5
HR2 8JX,5
HR2 8JY,5
HR2 8JZ,5
HR2 8LA,5
HR2 8LB,5
HR2 8LD,5
HR2 8LE,5
HR2 8LF,5
HR2 8LG,5
HR2 8LH,5
HR2 8LJ,5
HR2 8LL,5
HR2 8LN,5
HR2 8LP,5
HR2 8LQ,5
HR2 8LR,5
HR2 8LS,5
HR2 8LT,5
HR2 8LU,5
HR2 8LW,5
HR2 8LX,5
HR2 8LY,5
HR2 8LZ,5
HR2 8NA,5
HR2 8NB,5
HR2 8ND,5
HR2 8NE,5
HR2 8NF,5
HR2 8NG,5
HR2 8NH,5
HR2 8NJ,5
HR2 8NL,5
HR2 8NN,5
HR2 8NP,5
HR2 8NQ,5
HR2 8NT,5
HR2 8NU,5
HR2 8NX,5
HR2 8NY,5
HR2 8NZ,5
HR2 8PA,5
HR2 8PB,5
HR2 8PD,5
HR2 8PE,5
HR2 8PF,5
HR2 8PG,5
HR2 8PH,5
HR2 8PJ,5
HR2 8PL,5
HR2 8PN,5
HR2 8PP,5
HR2 8PQ,5
HR2 8PS,5
HR2 8PT,5
HR2 8PU,5
HR2 8PW,5
HR2 8PX,5
HR2 8PY,5
HR2 8QA,5
HR2 8QB,5
HR2 8QD,5
HR2 8QE,5
HR2 8QF,5
HR2 8QG,5
HR2 8QH,5
HR2 8QL,5
HR2 8QN,5
HR2 8QP,5
HR2 8QQ,5
HR2 8QR,5
HR2 8QS,5
HR2 8QT,5
HR2 8QU,5
HR2 8QW,5
HR2 8QX,5
HR2 8QY,5
HR2 8QZ,5
HR2 8RA,5
HR2 8RB,5
HR2 8RD,5
HR2 8RE,5
HR2 8RF,5
HR2 8RG,5
HR2 8RH,5
HR2 8RJ,5
HR2 8RL,5
HR2 8RN,5
HR2 8RQ,5
HR2 8RR,5
HR2 8RS,5
HR2 8RT,5
HR2 8RU,5
HR2 8RX,5
HR2 8SA,5
HR2 8SB,5
HR2 8SD,5
HR2 8SE,5
HR2 8SF,5
HR2 8SG,5
HR2 8SH,5
HR2 8SJ,5
HR2 8SL,5
HR2 8SN,5
HR2 8SP,3
HR2 8SW,5
HR2 8WW,3
HR2 8WX,3
HR2 8WY,3
HR2 8WZ,3
HR2 8YA,3
HR2 8YB,3
HR2 8YD,3
HR2 8YE,3
HR2 8YF,3
HR2 8YG,5
HR2 8YH,5
HR2 8YJ,5
HR2 8YL,3
HR2 8YN,3
HR2 8YP,5
HR2 8YQ,5
HR2 8YR,3
HR2 8YS,5
HR2 8YT,3
HR2 8YU,3
HR2 8YW,5
HR2 8YX,3
HR2 8ZA,3
HR2 8ZB,3
HR2 8ZP,3
HR2 8ZR,5
HR2 8ZX,3
HR2 9AA,6
HR2 9AB,5
HR2 9AD,5
HR2 9AE,5
HR2 9AF,5
HR2 9AG,5
HR2 9AH,5
HR2 9AJ,5
HR2 9AL,5
HR2 9AN,5
HR2 9AP,5
HR2 9AQ,5
HR2 9AR,5
HR2 9AS,5
HR2 9AT,5
HR2 9AU,4
HR2 9AW,5
HR2 9AX,4
HR2 9AY,5
HR2 9AZ,4
HR2 9BA,4
HR2 9BB,4
HR2 9BD,5
HR2 9BE,5
HR2 9BG,5
HR2 9BH,5
HR2 9BJ,5
HR2 9BL,5
HR2 9BN,5
HR2 9BP,5
HR2 9BQ,5
HR2 9BS,5
HR2 9BT,5
HR2 9BU,5
HR2 9BW,5
HR2 9BX,5
HR2 9BY,5
HR2 9BZ,5
HR2 9DA,5
HR2 9DB,5
HR2 9DD,5
HR2 9DE,5
HR2 9DF,4
HR2 9DG,4
HR2 9DH,4
HR2 9DJ,5
HR2 9DL,5
HR2 9DN,5
HR2 9DP,5
HR2 9DQ,4
HR2 9DR,5
HR2 9DS,5
HR2 9DT,5
HR2 9DU,4
HR2 9DW,5
HR2 9DX,4
HR2 9DY,4
HR2 9DZ,5
HR2 9EA,4
HR2 9EB,4
HR2 9ED,5
HR2 9EE,5
HR2 9EF,5
HR2 9EG,5
HR2 9EH,5
HR2 9EJ,5
HR2 9EL,6
HR2 9EN,4
HR2 9EP,4
HR2 9EQ,5
HR2 9ER,4
HR2 9ES,4
HR2 9ET,4
HR2 9EU,4
HR2 9EW,4
HR2 9EX,4
HR2 9EY,4
HR2 9EZ,4
HR2 9FA,4
HR2 9FB,4
HR2 9FD,5
HR2 9FE,6
HR2 9GZ,5
HR2 9HA,4
HR2 9HB,4
HR2 9HD,4
HR2 9HE,4
HR2 9HF,4
HR2 9HG,4
HR2 9HH,4
HR2 9HJ,4
HR2 9HL,4
HR2 9HN,4
HR2 9HP,4
HR2 9HQ,4
HR2 9HR,4
HR2 9HS,4
HR2 9HT,4
HR2 9HU,4
HR2 9HW,4
HR2 9HX,5
HR2 9HY,4
HR2 9HZ,4
HR2 9JA,4
HR2 9JB,4
HR2 9JD,5
HR2 9JE,5
HR2 9JF,5
HR2 9JG,5
HR2 9JH,5
HR2 9JJ,5
HR2 9JL,5
HR2 9JN,4
HR2 9JP,5
HR2 9JQ,5
HR2 9JR,5
HR2 9JS,4
HR2 9JT,4
HR2 9JU,4
HR2 9JW,5
HR2 9JX,4
HR2 9JY,4
HR2 9JZ,4
HR2 9LA,4
HR2 9LB,4
HR2 9LD,4
HR2 9LE,4
HR2 9LF,5
HR2 9LG,4
HR2 9LH,4
HR2 9LJ,4
HR2 9LL,4
HR2 9LN,4
HR2 9LP,5
HR2 9LQ,4
HR2 9LR,5
HR2 9LS,5
HR2 9LT,5
HR2 9LU,5
HR2 9LW,5
HR2 9LX,5
HR2 9LY,5
HR2 9LZ,5
HR2 9NA,5
HR2 9NB,5
HR2 9ND,5
HR2 9NE,5
HR2 9NF,5
HR2 9NG,5
HR2 9NH,5
HR2 9NJ,4
HR2 9NL,5
HR2 9NN,5
HR2 9NP,5
HR2 9NQ,5
HR2 9NR,5
HR2 9NS,5
HR2 9NT,5
HR2 9NU,5
HR2 9NW,5
HR2 9NX,5
HR2 9NY,5
HR2 9NZ,5
HR2 9PA,5
HR2 9PB,5
HR2 9PD,5
HR2 9PE,5
HR2 9PF,5
HR2 9PG,5
HR2 9PH,5
HR2 9PJ,5
HR2 9PL,5
HR2 9PN,5
HR2 9PP,4
HR2 9PQ,5
HR2 9PR,4
HR2 9PS,4
HR2 9PT,4
HR2 9PU,4
HR2 9PW,5
HR2 9PX,4
HR2 9PY,4
HR2 9PZ,4
HR2 9QA,5
HR2 9QB,5
HR2 9QD,5
HR2 9QE,5
HR2 9QF,5
HR2 9QG,5
HR2 9QH,5
HR2 9QJ,5
HR2 9QL,5
HR2 9QN,5
HR2 9QP,5
HR2 9QQ,5
HR2 9QR,5
HR2 9QS,5
HR2 9QT,5
HR2 9QU,5
HR2 9QW,5
HR2 9QX,5
HR2 9QY,5
HR2 9QZ,5
HR2 9RA,6
HR2 9RB,6
HR2 9RD,6
HR2 9RE,6
HR2 9RF,6
HR2 9RG,6
HR2 9RH,6
HR2 9RJ,6
HR2 9RL,6
HR2 9RN,6
HR2 9RP,6
HR2 9RQ,6
HR2 9RR,8
HR2 9RS,8
HR2 9RT,5
HR2 9RU,5
HR2 9RW,6
HR2 9RX,8
HR2 9RY,6
HR2 9RZ,6
HR2 9SA,8
HR2 9SB,6
HR2 9SD,6
HR2 9SE,6
HR2 9SF,6
HR2 9SG,6
HR2 9SH,6
HR2 9SJ,6
HR2 9SL,6
HR2 9SN,6
HR2 9SP,6
HR2 9SQ,5
HR2 9SR,6
HR2 9SS,5
HR2 9ST,6
HR2 9SU,6
HR2 9SW,5
HR2 9SX,5
HR2 9SY,6
HR2 9SZ,5
HR2 9TE,6
HR2 9TF,6
HR2 9TG,6
HR2 9TH,5
HR2 9TJ,5
HR2 9TL,6
HR2 9TP,4
HR2 9TQ,6
HR2 9TR,4
HR2 9UA,5
HR2 9WZ,3
HR2 9YA,3
HR2 9YB,3
HR2 9YD,4
HR2 9YE,3
HR2 9YF,4
HR2 9YG,3
HR2 9YH,4
HR2 9YJ,3
HR2 9YL,3
HR2 9YN,3
HR2 9YP,5
HR2 9YQ,3
HR2 9YR,3
HR2 9YS,3
HR2 9YT,3
HR2 9YU,3
HR2 9YW,3
HR2 9YY,3
HR2 9YZ,3
HR2 9ZA,3
HR2 9ZB,4
HR2 9ZD,4
HR2 9ZE,4
HR2 9ZF,3
HR2 9ZR,3
HR3 5AA,
HR3 5AB,
HR3 5AD,
HR3 5AE,
HR3 5AF,
HR3 5AG,
HR3 5AH,
HR3 5AJ,
HR3 5AL,3
HR3 5AN,
HR3 5AP,
HR3 5AQ,
HR3 5AR,
HR3 5AS,
HR3 5AT,
HR3 5AU,
HR3 5AW,
HR3 5AX,
HR3 5AY,
HR3 5AZ,
HR3 5BA,
HR3 5BB,5
HR3 5BD,5
HR3 5BE,5
HR3 5BG,
HR3 5BH,
HR3 5BJ,
HR3 5BL,
HR3 5BN,
HR3 5BP,
HR3 5BQ,
HR3 5BR,5
HR3 5BS,
HR3 5BT,
HR3 5BU,
HR3 5BW,
HR3 5BX,
HR3 5BY,
HR3 5BZ,5
HR3 5DA,
HR3 5DB,
HR3 5DD,
HR3 5DE,
HR3 5DF,
HR3 5DG,
HR3 5DH,
HR3 5DJ,
HR3 5DL,
HR3 5DN,
HR3 5DP,
HR3 5DQ,
HR3 5DR,
HR3 5DS,
HR3 5DT,
HR3 5DU,
HR3 5DW,
HR3 5DX,
HR3 5DY,
HR3 5DZ,
HR3 5EA,
HR3 5EB,
HR3 5ED,
HR3 5EE,
HR3 5EF,
HR3 5EG,
HR3 5EH,
HR3 5EJ,
HR3 5EL,
HR3 5EN,5
HR3 5EP,5
HR3 5EQ,
HR3 5ER,5
HR3 5ES,5
HR3 5ET,5
HR3 5EU,5
HR3 5EW,5
HR3 5EX,5
HR3 5EY,5
HR3 5EZ,5
HR3 5FA,
HR3 5FB,
HR3 5FD,
HR3 5FE,5
HR3 5FF,5
HR3 5FG,5
HR3 5HA,5
HR3 5HB,5
HR3 5HD,5
HR3 5HE,5
HR3 5HF,5
HR3 5HG,5
HR3 5HH,5
HR3 5HJ,5
HR3 5HL,5
HR3 5HN,5
HR3 5HQ,5
HR3 5HS,5
HR3 5HT,5
HR3 5HU,5
HR3 5HW,5
HR3 5JA,
HR3 5JB,
HR3 5JD,
HR3 5JE,
HR3 5JF,
HR3 5JG,
HR3 5JH,
HR3 5JJ,
HR3 5JL,
HR3 5JN,
HR3 5JP,
HR3 5JQ,
HR3 5JR,
HR3 5JS,
HR3 5JT,
HR3 5JU,
HR3 5JW,
HR3 5JX,
HR3 5JY,
HR3 5JZ,
HR3 5LA,
HR3 5LB,
HR3 5LD,
HR3 5LE,
HR3 5LF,
HR3 5LG,
HR3 5LH,
HR3 5LJ,
HR3 5LL,
HR3 5LN,
HR3 5LP,
HR3 5LQ,
HR3 5LR,
HR3 5LS,
HR3 5LT,
HR3 5LU,
HR3 5LW,
HR3 5LX,
HR3 5LY,
HR3 5LZ,
HR3 5NA,
HR3 5NB,
HR3 5ND,
HR3 5NE,
HR3 5NF,
HR3 5NG,
HR3 5NH,
HR3 5NJ,
HR3 5NL,
HR3 5NN,
HR3 5NP,
HR3 5NQ,
HR3 5NR,
HR3 5NS,
HR3 5NT,
HR3 5NU,
HR3 5NW,
HR3 5NX,
HR3 5NY,
HR3 5NZ,
HR3 5PA,
HR3 5PB,
HR3 5PD,
HR3 5PE,
HR3 5PF,
HR3 5PG,
HR3 5PH,
HR3 5PJ,
HR3 5PL,
HR3 5PN,
HR3 5PP,
HR3 5PQ,
HR3 5PR,
HR3 5PS,
HR3 5PT,
HR3 5PU,
HR3 5PW,
HR3 5PX,
HR3 5PY,
HR3 5PZ,
HR3 5QA,
HR3 5QB,
HR3 5QD,
HR3 5QE,
HR3 5QF,
HR3 5QG,
HR3 5QH,
HR3 5QJ,
HR3 5QL,
HR3 5QN,
HR3 5QP,
HR3 5QQ,
HR3 5QR,
HR3 5QS,
HR3 5QT,
HR3 5QU,
HR3 5QW,
HR3 5QX,5
HR3 5QY,5
HR3 5QZ,5
HR3 5RA,5
HR3 5RB,5
HR3 5RD,5
HR3 5RE,
HR3 5RF,5
HR3 5RG,5
HR3 5RH,
HR3 5RJ,
HR3 5RL,
HR3 5RN,4
HR3 5RP,
HR3 5RQ,5
HR3 5RR,
HR3 5RS,
HR3 5RT,
HR3 5RU,
HR3 5RW,5
HR3 5RX,
HR3 5RY,
HR3 5RZ,
HR3 5SA,
HR3 5SB,
HR3 5SD,
HR3 5SE,
HR3 5SF,
HR3 5SG,
HR3 5SH,
HR3 5SJ,
HR3 5SL,
HR3 5SN,
HR3 5SP,
HR3 5SQ,
HR3 5SR,
HR3 5SS,
HR3 5ST,5
HR3 5SU,5
HR3 5SW,
HR3 5SX,5
HR3 5SY,5
HR3 5SZ,
HR3 5TA,5
HR3 5TB,5
HR3 5TD,5
HR3 5TE,5
HR3 5TF,5
HR3 5TG,5
HR3 5TH,
HR3 5TJ,
HR3 5TL,
HR3 5TN,
HR3 5TP,5
HR3 5TR,
HR3 5TS,
HR3 5TT,
HR3 5TU,
HR3 5TX,
HR3 5WA,
HR3 5WL,
HR3 5WN,3
HR3 5WP,
HR3 5WQ,
HR3 5WR,
HR3 5WS,
HR3 5WT,
HR3 5WU,3
HR3 5WW,
HR3 5WX,3
HR3 5WY,
HR3 5WZ,
HR3 5XA,3
HR3 5XZ,
HR3 5YA,3
HR3 5YB,
HR3 5YD,3
HR3 5YE,
HR3 5YF,3
HR3 5YG,
HR3 5YH,
HR3 5YJ,3
HR3 5YL,
HR3 5YN,3
HR3 5YP,
HR3 5YQ,3
HR3 5YR,3
HR3 5YS,3
HR3 5YT,3
HR3 5YU,
HR3 5YW,3
HR3 5YX,3
HR3 5ZW,
HR3 5ZZ,
HR3 6AA,5
HR3 6AB,5
HR3 6AD,5
HR3 6AE,5
HR3 6AF,5
HR3 6AG,5
HR3 6AH,5
HR3 6AJ,5
HR3 6AN,5
HR3 6AP,5
HR3 6AQ,5
HR3 6AR,5
HR3 6AS,5
HR3 6AT,5
HR3 6AU,5
HR3 6AW,5
HR3 6AX,5
HR3 6AY,5
HR3 6AZ,5
HR3 6BA,5
HR3 6BB,5
HR3 6BD,5
HR3 6BE,5
HR3 6BG,4
HR3 6BH,4
HR3 6BJ,4
HR3 6BL,5
HR3 6BN,5
HR3 6BQ,4
HR3 6BS,5
HR3 6BT,5
HR3 6BU,5
HR3 6BX,5
HR3 6BY,5
HR3 6BZ,5
HR3 6DA,5
HR3 6DB,5
HR3 6DD,5
HR3 6DE,5
HR3 6DH,5
HR3 6DL,5
HR3 6DN,5
HR3 6DP,5
HR3 6DS,5
HR3 6DT,5
HR3 6DX,5
HR3 6EA,4
HR3 6EB,4
HR3 6ED,4
HR3 6EE,5
HR3 6EF,4
HR3 6EG,4
HR3 6EH,4
HR3 6EJ,4
HR3 6EL,4
HR3 6EN,4
HR3 6EP,4
HR3 6EQ,4
HR3 6ER,4
HR3 6ES,4
HR3 6ET,4
HR3 6EU,4
HR3 6EW,4
HR3 6EX,
HR3 6EY,
HR3 6EZ,4
HR3 6FA,4
HR3 6HA,
HR3 6HE,4
HR3 6HF,4
HR3 6HG,4
HR3 6HH,4
HR3 6HJ,4
HR3 6HL,
HR3 6HN,
HR3 6HP,5
HR3 6HQ,4
HR3 6HS,4
HR3 6HT,4
HR3 6HU,4
HR3 6HW,4
HR3 6HX,4
HR3 6HY,4
HR3 6HZ,4
HR3 6JA,4
HR3 6JB,4
HR3 6JD,4
HR3 6JE,4
HR3 6JF,4
HR3 6JG,4
HR3 6JH,4
HR3 6JJ,
HR3 6JL,4
HR3 6JN,4
HR3 6JP,4
HR3 6JQ,4
HR3 6JR,4
HR3 6JS,4
HR3 6JT,4
HR3 6JU,
HR3 6JW,
HR3 6JX,
HR3 6JY,
HR3 6JZ,4
HR3 6LA,4
HR3 6LB,4
HR3 6LD,4
HR3 6LE,4
HR3 6LF,4
HR3 6LG,4
HR3 6LH,4
HR3 6LJ,4
HR3 6LL,4
HR3 6LN,4
HR3 6LP,4
HR3 6LQ,4
HR3 6LR,4
HR3 6LS,4
HR3 6LT,4
HR3 6LU,4
HR3 6LW,4
HR3 6LX,4
HR3 6LY,4
HR3 6LZ,4
HR3 6NA,4
HR3 6NB,4
HR3 6ND,4
HR3 6NE,4
HR3 6NF,4
HR3 6NG,4
HR3 6NH,5
HR3 6NJ,5
HR3 6NL,5
HR3 6NN,5
HR3 6NP,5
HR3 6NQ,5
HR3 6NR,5
HR3 6NS,5
HR3 6NT,5
HR3 6NU,5
HR3 6NW,5
HR3 6NX,5
HR3 6NY,5
HR3 6NZ,5
HR3 6PA,5
HR3 6PB,5
HR3 6PD,5
HR3 6PE,4
HR3 6PF,5
HR3 6PG,5
HR3 6PH,5
HR3 6PJ,5
HR3 6PL,5
HR3 6PN,5
HR3 6PP,5
HR3 6PQ,5
HR3 6PR,4
HR3 6PS,4
HR3 6PT,4
HR3 6PU,4
HR3 6PW,5
HR3 6PX,4
HR3 6PY,4
HR3 6PZ,5
HR3 6QA,5
HR3 6QB,5
HR3 6QD,5
HR3 6QE,5
HR3 6QF,5
HR3 6QG,5
HR3 6QH,4
HR3 6QJ,4
HR3 6QL,4
HR3 6QN,4
HR3 6QP,4
HR3 6QQ,5
HR3 6QR,4
HR3 6QS,5
HR3 6QT,4
HR3 6QU,4
HR3 6QW,4
HR3 6QX,4
HR3 6RA,4
HR3 6RB,4
HR3 6RD,4
HR3 6SP,4
HR3 6WY,3
HR3 6WZ,3
HR3 6XZ,3
HR3 6YA,3
HR3 6YB,3
HR3 6YD,3
HR3 6YE,3
HR3 6YF,5
HR3 6YG,
HR3 6YH,3
HR3 6YJ,3
HR3 6YL,4
HR3 6YN,3
HR3 6YP,3
HR3 6YQ,3
HR3 6YU,3
HR3 6ZX,3
HR4 0AA,5
HR4 0AB,3
HR4 0AD,3
HR4 0AE,3
HR4 0AF,3
HR4 0AG,7
HR4 0AH,3
HR4 0AJ,5
HR4 0AL,5
HR4 0AN,5
HR4 0AP,3
HR4 0AQ,5
HR4 0AR,5
HR4 0AS,5
HR4 0AT,7
HR4 0AU,7
HR4 0AW,5
HR4 0AX,7
HR4 0AY,7
HR4 0AZ,5
HR4 0BA,3
HR4 0BB,3
HR4 0BD,7
HR4 0BE,7
HR4 0BG,3
HR4 0BH,3
HR4 0BJ,3
HR4 0BL,5
HR4 0BN,7
HR4 0BP,5
HR4 0BQ,3
HR4 0BS,3
HR4 0BT,5
HR4 0BU,3
HR4 0BW,3
HR4 0BX,3
HR4 0BY,3
HR4 0BZ,5
HR4 0DA,5
HR4 0DB,3
HR4 0DD,3
HR4 0DE,5
HR4 0DF,5
HR4 0DG,5
HR4 0DH,5
HR4 0DJ,4
HR4 0DL,4
HR4 0DN,5
HR4 0DP,5
HR4 0DQ,5
HR4 0DR,5
HR4 0DS,5
HR4 0DT,4
HR4 0DU,4
HR4 0DW,5
HR4 0DX,4
HR4 0DY,4
HR4 0DZ,4
HR4 0EA,4
HR4 0EB,5
HR4 0ED,5
HR4 0EE,5
HR4 0EF,5
HR4 0EG,5
HR4 0EH,5
HR4 0EJ,5
HR4 0EL,5
HR4 0EN,5
HR4 0EP,5
HR4 0EQ,5
HR4 0ER,7
HR4 0ES,4
HR4 0ET,5
HR4 0EU,5
HR4 0EW,3
HR4 0EX,5
HR4 0EY,5
HR4 0EZ,7
HR4 0FD,7
HR4 0FE,4
HR4 0FG,4
HR4 0GH,7
HR4 0HA,5
HR4 0HB,7
HR4 0HD,7
HR4 0HE,5
HR4 0HF,5
HR4 0HG,5
HR4 0HH,5
HR4 0HJ,5
HR4 0HL,5
HR4 0HN,7
HR4 0HP,5
HR4 0HQ,5
HR4 0HR,5
HR4 0HS,5
HR4 0HT,8
HR4 0HU,8
HR4 0HW,5
HR4 0HX,8
HR4 0HY,5
HR4 0JA,7
HR4 0JB,7
HR4 0JD,7
HR4 0JE,7
HR4 0JF,5
HR4 0JG,5
HR4 0JH,5
HR4 0JJ,5
HR4 0JL,5
HR4 0JN,5
HR4 0JP,7
HR4 0JQ,8
HR4 0JR,5
HR4 0JS,7
HR4 0JT,7
HR4 0JU,7
HR4 0JW,5
HR4 0JX,7
HR4 0JY,7
HR4 0JZ,7
HR4 0LA,5
HR4 0LB,5
HR4 0LD,5
HR4 0LE,5
HR4 0LF,7
HR4 0LG,7
HR4 0LH,7
HR4 0LJ,7
HR4 0LL,7
HR4 0LN,5
HR4 0LP,6
HR4 0LQ,7
HR4 0LR,6
HR4 0LS,5
HR4 0LT,5
HR4 0LU,5
HR4 0LW,5
HR4 0LX,5
HR4 0LY,4
HR4 0LZ,4
HR4 0NA,4
HR4 0NB,6
HR4 0ND,6
HR4 0NE,4
HR4 0NF,4
HR4 0NG,4
HR4 0NH,4
HR4 0NJ,5
HR4 0NL,5
HR4 0NN,5
HR4 0NP,4
HR4 0NQ,4
HR4 0NR,4
HR4 0NS,4
HR4 0NT,4
HR4 0NU,6
HR4 0NW,4
HR4 0NX,6
HR4 0NY,6
HR4 0NZ,5
HR4 0PA,6
HR4 0PB,4
HR4 0PD,4
HR4 0PE,4
HR4 0PF,4
HR4 0PG,4
HR4 0PH,7
HR4 0PJ,5
HR4 0PL,7
HR4 0PN,8
HR4 0PP,8
HR4 0PQ,4
HR4 0PR,5
HR4 0PW,8
HR4 0QA,5
HR4 0QB,5
HR4 0QD,5
HR4 0QE,5
HR4 0QF,5
HR4 0QG,5
HR4 0QH,8
HR4 0QJ,8
HR4 0QL,8
HR4 0QN,8
HR4 0QP,8
HR4 0QQ,8
HR4 0QR,8
HR4 0QS,8
HR4 0QT,8
HR4 0QU,8
HR4 0QW,8
HR4 0QX,8
HR4 0RA,6
HR4 0RB,9
HR4 0RD,9
HR4 0RE,9
HR4 0RF,7
HR4 0RG,9
HR4 0RH,9
HR4 0RJ,6
HR4 0RL,9
HR4 0RN,6
HR4 0RP,9
HR4 0RQ,8
HR4 0RR,9
HR4 0RS,4
HR4 0RT,4
HR4 0RU,9
HR4 0RW,9
HR4 0RX,9
HR4 0RY,9
HR4 0RZ,9
HR4 0SA,9
HR4 0SB,9
HR4 0SD,9
HR4 0SE,9
HR4 0SF,9
HR4 0SG,7
HR4 0SH,7
HR4 0SJ,7
HR4 0SL,7
HR4 0SN,7
HR4 0SP,7
HR4 0SQ,6
HR4 0SR,7
HR4 0SS,7
HR4 0ST,8
HR4 0SU,8
HR4 0SW,7
HR4 0SX,8
HR4 0SY,8
HR4 0SZ,7
HR4 0TA,9
HR4 0TB,9
HR4 0TD,9
HR4 0TE,9
HR4 0TF,9
HR4 0TG,9
HR4 0TH,7
HR4 0TJ,9
HR4 0TL,7
HR4 0TN,9
HR4 0TP,9
HR4 0TQ,9
HR4 0TR,8
HR4 0TX,9
HR4 0TZ,9
HR4 0UB,10
HR4 0UE,10
HR4 0UG,10
HR4 0UH,7
HR4 0UJ,5
HR4 0UL,4
HR4 0UN,9
HR4 0UP,3
HR4 0UQ,4
HR4 0UR,7
HR4 0UT,7
HR4 0UU,7
HR4 0UX,7
HR4 0WT,3
HR4 0WU,3
HR4 0WW,3
HR4 0WX,3
HR4 0WY,3
HR4 0WZ,3
HR4 0XA,3
HR4 0XG,3
HR4 0XH,3
HR4 0XN,3
HR4 0XP,3
HR4 0XQ,5
HR4 0XR,3
HR4 0XS,3
HR4 0XT,5
HR4 0XU,3
HR4 0XW,5
HR4 0XX,5
HR4 0XY,3
HR4 0XZ,3
HR4 0YA,3
HR4 0YB,3
HR4 0YD,3
HR4 0YE,3
HR4 0YF,3
HR4 0YG,3
HR4 0YH,3
HR4 0YJ,3
HR4 0YL,3
HR4 0YN,3
HR4 0YP,5
HR4 0YQ,3
HR4 0YR,3
HR4 0YS,3
HR4 0YT,3
HR4 0YU,3
HR4 0YW,3
HR4 0YX,3
HR4 0YY,3
HR4 0YZ,3
HR4 0ZA,3
HR4 0ZB,3
HR4 0ZD,3
HR4 0ZE,3
HR4 0ZF,3
HR4 0ZG,5
HR4 0ZH,3
HR4 0ZJ,5
HR4 0ZL,5
HR4 0ZN,3
HR4 0ZP,3
HR4 0ZW,3
HR4 0ZY,5
HR4 7AA,7
HR4 7AB,7
HR4 7AD,7
HR4 7AE,7
HR4 7AF,7
HR4 7AG,7
HR4 7AH,7
HR4 7AJ,7
HR4 7AL,7
HR4 7AN,6
HR4 7AP,7
HR4 7AQ,7
HR4 7AR,7
HR4 7AS,5
HR4 7AT,5
HR4 7AU,5
HR4 7AW,6
HR4 7AX,5
HR4 7AY,7
HR4 7AZ,7
HR4 7BA,5
HR4 7BB,5
HR4 7BD,5
HR4 7BE,5
HR4 7BG,5
HR4 7BH,5
HR4 7BJ,5
HR4 7BL,5
HR4 7BN,5
HR4 7BP,5
HR4 7BQ,5
HR4 7BS,7
HR4 7BT,5
HR4 7BW,5
HR4 7BZ,5
HR4 7DA,5
HR4 7DB,5
HR4 7DD,5
HR4 7DE,5
HR4 7DF,5
HR4 7DG,5
HR4 7DH,5
HR4 7DJ,5
HR4 7DL,5
HR4 7DN,5
HR4 7DP,5
HR4 7DQ,5
HR4 7DR,5
HR4 7DS,5
HR4 7DT,5
HR4 7DU,5
HR4 7DW,5
HR4 7DX,5
HR4 7DY,5
HR4 7DZ,5
HR4 7EA,5
HR4 7EB,5
HR4 7ED,5
HR4 7EE,5
HR4 7EF,5
HR4 7EG,5
HR4 7EH,5
HR4 7EJ,5
HR4 7EL,7
HR4 7EN,7
HR4 7EP,5
HR4 7EQ,5
HR4 7ER,5
HR4 7ES,5
HR4 7ET,5
HR4 7EU,5
HR4 7EW,5
HR4 7EX,5
HR4 7EY,5
HR4 7EZ,7
HR4 7FA,5
HR4 7FB,5
HR4 7FD,5
HR4 7FE,5
HR4 7FF,5
HR4 7FG,5
HR4 7HG,5
HR4 7HH,5
HR4 7HJ,5
HR4 7HL,5
HR4 7HN,5
HR4 7HP,5
HR4 7HQ,5
HR4 7HW,5
HR4 7HX,5
HR4 7HY,5
HR4 7HZ,5
HR4 7JD,5
HR4 7JE,5
HR4 7JF,5
HR4 7JG,5
HR4 7JH,5
HR4 7JJ,5
HR4 7JL,5
HR4 7JN,5
HR4 7JP,3
HR4 7JQ,5
HR4 7JT,5
HR4 7JU,5
HR4 7JW,5
HR4 7JX,5
HR4 7JY,5
HR4 7JZ,5
HR4 7LA,5
HR4 7LB,5
HR4 7LD,5
HR4 7LE,5
HR4 7LF,5
HR4 7LG,5
HR4 7LL,5
HR4 7LN,5
HR4 7LP,5
HR4 7LQ,5
HR4 7LR,5
HR4 7LS,5
HR4 7LT,5
HR4 7LU,5
HR4 7LW,5
HR4 7LX,5
HR4 7LY,5
HR4 7LZ,5
HR4 7NA,5
HR4 7NB,5
HR4 7ND,5
HR4 7NE,5
HR4 7NF,5
HR4 7NG,5
HR4 7NH,5
HR4 7NJ,5
HR4 7NL,5
HR4 7NN,5
HR4 7NZ,5
HR4 7PA,7
HR4 7PB,7
HR4 7PD,7
HR4 7PE,7
HR4 7PF,7
HR4 7PG,7
HR4 7PH,7
HR4 7PJ,7
HR4 7PL,7
HR4 7PN,7
HR4 7PP,7
HR4 7PQ,7
HR4 7PR,7
HR4 7PS,7
HR4 7PT,7
HR4 7PU,7
HR4 7PW,7
HR4 7PX,7
HR4 7PY,7
HR4 7PZ,7
HR4 7QA,7
HR4 7QB,7
HR4 7QD,7
HR4 7QE,7
HR4 7QF,7
HR4 7QG,5
HR4 7QH,7
HR4 7QJ,7
HR4 7QL,6
HR4 7QN,6
HR4 7QP,6
HR4 7QQ,6
HR4 7QR,6
HR4 7QS,6
HR4 7QT,6
HR4 7QZ,6
HR4 7RA,9
HR4 7RB,7
HR4 7RD,6
HR4 7RE,6
HR4 7RF,6
HR4 7RG,6
HR4 7RH,6
HR4 7RJ,6
HR4 7RL,6
HR4 7RN,6
HR4 7RP,6
HR4 7RQ,6
HR4 7RR,6
HR4 7RS,6
HR4 7RT,6
HR4 7RU,6
HR4 7RW,6
HR4 7RX,6
HR4 7RY,6
HR4 7RZ,6
HR4 7SA,6
HR4 7SB,6
HR4 7SD,6
HR4 7SE,6
HR4 7SF,6
HR4 7SG,6
HR4 7SH,7
HR4 7SJ,6
HR4 7SL,7
HR4 7SN,7
HR4 7SP,6
HR4 7SQ,7
HR4 7SR,9
HR4 7SS,6
HR4 7SW,9
HR4 7TN,7
HR4 7TP,7
HR4 7TR,7
HR4 7WB,3
HR4 7WG,3
HR4 7WQ,3
HR4 7WZ,3
HR4 7YA,5
HR4 7YB,5
HR4 7YD,3
HR4 7YE,3
HR4 7YF,3
HR4 7YG,3
HR4 7YH,3
HR4 7YJ,3
HR4 7YL,3
HR4 7YN,3
HR4 7YP,3
HR4 7YQ,3
HR4 7YR,3
HR4 7YS,5
HR4 7YT,3
HR4 7YU,3
HR4 7ZD,3
HR4 8AA,7
HR4 8AB,7
HR4 8AD,7
HR4 8AE,7
HR4 8AF,7
HR4 8AG,7
HR4 8AH,7
HR4 8AJ,6
HR4 8AL,6
HR4 8AN,6
HR4 8AP,6
HR4 8AQ,6
HR4 8AR,6
HR4 8AS,6
HR4 8AT,6
HR4 8AU,6
HR4 8AW,6
HR4 8AX,6
HR4 8AY,6
HR4 8AZ,6
HR4 8BA,6
HR4 8BB,6
HR4 8BD,6
HR4 8BE,6
HR4 8BF,6
HR4 8BG,6
HR4 8BH,6
HR4 8BJ,6
HR4 8BL,6
HR4 8BN,6
HR4 8BP,6
HR4 8BQ,6
HR4 8BS,6
HR4 8BT,6
HR4 8BU,6
HR4 8BW,6
HR4 8BX,6
HR4 8BY,6
HR4 8BZ,6
HR4 8DA,6
HR4 8DB,6
HR4 8DD,6
HR4 8DE,6
HR4 8DF,6
HR4 8DG,6
HR4 8DH,6
HR4 8DJ,6
HR4 8DL,6
HR4 8DN,6
HR4 8DP,6
HR4 8DQ,6
HR4 8DR,6
HR4 8DS,6
HR4 8DT,6
HR4 8DU,6
HR4 8DW,6
HR4 8DX,6
HR4 8DY,6
HR4 8DZ,6
HR4 8EA,6
HR4 8EB,6
HR4 8ED,6
HR4 8EE,6
HR4 8EF,7
HR4 8EG,6
HR4 8EH,5
HR4 8EJ,5
HR4 8EL,5
HR4 8EN,4
HR4 8EP,4
HR4 8EQ,6
HR4 8ER,4
HR4 8ES,4
HR4 8ET,4
HR4 8EU,4
HR4 8EW,4
HR4 8EX,4
HR4 8EY,4
HR4 8EZ,4
HR4 8FA,6
HR4 8FD,6
HR4 8FE,6
HR4 8FF,4
HR4 8HA,4
HR4 8HB,4
HR4 8HD,4
HR4 8HE,4
HR4 8HF,4
HR4 8HG,4
HR4 8HH,4
HR4 8HJ,4
HR4 8HL,4
HR4 8HN,4
HR4 8HP,4
HR4 8HQ,4
HR4 8HR,4
HR4 8HS,4
HR4 8HT,4
HR4 8HU,4
HR4 8HW,4
HR4 8HX,4
HR4 8HY,4
HR4 8HZ,4
HR4 8JA,4
HR4 8JB,4
HR4 8JD,4
HR4 8JE,4
HR4 8JF,4
HR4 8JG,4
HR4 8JH,4
HR4 8JJ,4
HR4 8JL,4
HR4 8JN,4
HR4 8JP,4
HR4 8JQ,4
HR4 8JR,4
HR4 8JS,4
HR4 8JW,4
HR4 8LA,5
HR4 8LB,6
HR4 8LD,6
HR4 8LE,6
HR4 8LF,6
HR4 8LG,6
HR4 8LH,6
HR4 8LJ,6
HR4 8LL,6
HR4 8LN,6
HR4 8LP,6
HR4 8LQ,6
HR4 8LR,6
HR4 8LS,5
HR4 8LT,5
HR4 8LU,5
HR4 8LW,6
HR4 8LX,6
HR4 8LY,5
HR4 8LZ,5
HR4 8NA,5
HR4 8NB,5
HR4 8NF,6
HR4 8NG,6
HR4 8NH,6
HR4 8NJ,6
HR4 8NL,6
HR4 8NN,6
HR4 8NP,6
HR4 8NQ,6
HR4 8NR,6
HR4 8NS,6
HR4 8NT,6
HR4 8NU,6
HR4 8NW,6
HR4 8NX,6
HR4 8NY,6
HR4 8NZ,6
HR4 8PA,6
HR4 8PB,6
HR4 8PD,6
HR4 8PE,6
HR4 8PF,6
HR4 8PG,4
HR4 8PH,6
HR4 8PJ,6
HR4 8PL,6
HR4 8PN,6
HR4 8PP,5
HR4 8PQ,4
HR4 8PR,5
HR4 8PS,5
HR4 8PT,5
HR4 8PU,5
HR4 8PW,6
HR4 8PX,5
HR4 8PY,5
HR4 8PZ,5
HR4 8QA,6
HR4 8QE,4
HR4 8QF,5
HR4 8QG,5
HR4 8QH,5
HR4 8QJ,4
HR4 8QL,4
HR4 8QN,4
HR4 8QP,4
HR4 8QQ,5
HR4 8QR,4
HR4 8QS,4
HR4 8QT,4
HR4 8QU,4
HR4 8QW,4
HR4 8QX,4
HR4 8QY,4
HR4 8QZ,4
HR4 8RA,4
HR4 8RB,4
HR4 8RD,4
HR4 8RE,5
HR4 8RF,5
HR4 8RG,5
HR4 8RH,5
HR4 8RJ,5
HR4 8RL,5
HR4 8RN,5
HR4 8RP,4
HR4 8RQ,4
HR4 8RR,4
HR4 8RS,4
HR4 8RU,4
HR4 8RW,5
HR4 8RY,4
HR4 8RZ,4
HR4 8SA,4
HR4 8SB,4
HR4 8SD,4
HR4 8SE,4
HR4 8SF,4
HR4 8SG,4
HR4 8SH,4
HR4 8SJ,4
HR4 8SL,4
HR4 8SN,4
HR4 8SP,4
HR4 8SQ,4
HR4 8SR,4
HR4 8SS,4
HR4 8ST,4
HR4 8SU,4
HR4 8SW,4
HR4 8SX,4
HR4 8SY,4
HR4 8SZ,4
HR4 8TA,4
HR4 8TB,4
HR4 8TD,4
HR4 8TE,4
HR4 8TF,4
HR4 8TG,4
HR4 8TH,4
HR4 8TJ,4
HR4 8UL,4
HR4 8UN,4
HR4 8UP,5
HR4 8UQ,6
HR4 8UR,5
HR4 8UW,3
HR4 8UX,3
HR4 8WA,3
HR4 8WL,3
HR4 8WY,3
HR4 8WZ,3
HR4 8YA,6
HR4 8YB,3
HR4 8YD,3
HR4 8YE,3
HR4 8YF,3
HR4 8YG,3
HR4 8YH,3
HR4 8YJ,3
HR4 8YL,3
HR4 8YN,3
HR4 8YP,3
HR4 8YQ,3
HR4 8YR,3
HR4 8YS,3
HR4 8YT,3
HR4 8YU,6
HR4 8YW,3
HR4 8YX,3
HR4 8YY,3
HR4 8YZ,3
HR4 8ZA,3
HR4 8ZB,3
HR4 8ZD,3
HR4 8ZS,3
HR4 8ZU,3
HR4 8ZW,3
HR4 8ZX,3
HR4 9AA,3
HR4 9AB,3
HR4 9AD,3
HR4 9AE,3
HR4 9AF,3
HR4 9AG,3
HR4 9AH,3
HR4 9AJ,3
HR4 9AL,3
HR4 9AN,3
HR4 9AP,3
HR4 9AQ,3
HR4 9AR,3
HR4 9AS,3
HR4 9AT,3
HR4 9AU,3
HR4 9AW,3
HR4 9AX,6
HR4 9AY,3
HR4 9AZ,3
HR4 9BA,3
HR4 9BB,3
HR4 9BD,5
HR4 9BE,3
HR4 9BG,3
HR4 9BH,3
HR4 9BJ,3
HR4 9BL,3
HR4 9BN,3
HR4 9BP,5
HR4 9BQ,3
HR4 9BS,3
HR4 9BT,7
HR4 9BU,3
HR4 9BW,3
HR4 9BX,3
HR4 9BY,5
HR4 9BZ,3
HR4 9DA,3
HR4 9DB,3
HR4 9DD,3
HR4 9DE,3
HR4 9DF,3
HR4 9DG,3
HR4 9DH,2
HR4 9DJ,3
HR4 9DL,3
HR4 9DN,3
HR4 9DP,3
HR4 9DQ,3
HR4 9DR,3
HR4 9DS,6
HR4 9DT,5
HR4 9DU,5
HR4 9DW,3
HR4 9DX,6
HR4 9DY,5
HR4 9EA,3
HR4 9EB,3
HR4 9ED,3
HR4 9EE,3
HR4 9EF,3
HR4 9EG,3
HR4 9EJ,3
HR4 9EN,3
HR4 9EP,3
HR4 9EQ,3
HR4 9ER,3
HR4 9ES,3
HR4 9ET,3
HR4 9EU,3
HR4 9EW,3
HR4 9EX,3
HR4 9EZ,3
HR4 9HA,3
HR4 9HB,3
HR4 9HD,3
HR4 9HE,3
HR4 9HF,3
HR4 9HG,3
HR4 9HH,3
HR4 9HJ,3
HR4 9HL,3
HR4 9HN,3
HR4 9HP,3
HR4 9HQ,3
HR4 9HR,3
HR4 9HS,3
HR4 9HT,3
HR4 9HU,3
HR4 9HW,3
HR4 9HX,3
HR4 9HY,6
HR4 9HZ,7
HR4 9JA,3
HR4 9JB,3
HR4 9JD,3
HR4 9JE,3
HR4 9JF,6
HR4 9JG,3
HR4 9JH,3
HR4 9JJ,3
HR4 9JL,3
HR4 9JN,3
HR4 9JP,3
HR4 9JQ,3
HR4 9JR,3
HR4 9JS,3
HR4 9JT,3
HR4 9JU,3
HR4 9JW,3
HR4 9JX,3
HR4 9JY,3
HR4 9JZ,3
HR4 9LA,3
HR4 9LB,3
HR4 9LD,3
HR4 9LE,3
HR4 9LF,3
HR4 9LG,3
HR4 9LH,3
HR4 9LJ,3
HR4 9LL,3
HR4 9LN,3
HR4 9LP,7
HR4 9LQ,3
HR4 9LR,4
HR4 9LS,7
HR4 9LT,7
HR4 9LU,7
HR4 9LW,3
HR4 9LX,5
HR4 9LY,7
HR4 9LZ,7
HR4 9NA,3
HR4 9NB,5
HR4 9ND,5
HR4 9NE,5
HR4 9NF,5
HR4 9NG,5
HR4 9NH,6
HR4 9NJ,7
HR4 9NL,7
HR4 9NN,7
HR4 9NP,6
HR4 9NQ,7
HR4 9NR,6
HR4 9NS,5
HR4 9NT,5
HR4 9NU,6
HR4 9NW,5
HR4 9NX,5
HR4 9NY,3
HR4 9NZ,5
HR4 9PA,3
HR4 9PB,5
HR4 9PD,6
HR4 9PE,6
HR4 9PF,6
HR4 9PG,5
HR4 9PH,6
HR4 9PJ,6
HR4 9PL,6
HR4 9PN,6
HR4 9PP,6
HR4 9PQ,6
HR4 9PR,4
HR4 9PS,5
HR4 9PT,5
HR4 9PU,6
HR4 9PW,5
HR4 9PX,5
HR4 9PY,7
HR4 9PZ,7
HR4 9QA,7
HR4 9QB,7
HR4 9QD,7
HR4 9QE,5
HR4 9QF,6
HR4 9QG,5
HR4 9QH,7
HR4 9QJ,7
HR4 9QL,6
HR4 9QN,6
HR4 9QP,7
HR4 9QQ,7
HR4 9QR,7
HR4 9QS,5
HR4 9QT,5
HR4 9QU,5
HR4 9QW,7
HR4 9QX,7
HR4 9QY,7
HR4 9QZ,7
HR4 9RA,5
HR4 9RB,5
HR4 9RD,5
HR4 9RE,5
HR4 9RF,7
HR4 9RG,7
HR4 9RH,7
HR4 9RJ,7
HR4 9RL,7
HR4 9RN,5
HR4 9RP,5
HR4 9RQ,7
HR4 9RR,5
HR4 9RS,5
HR4 9RT,5
HR4 9RU,5
HR4 9RW,5
HR4 9RX,5
HR4 9RY,5
HR4 9RZ,5
HR4 9SA,5
HR4 9SB,5
HR4 9SD,5
HR4 9SE,5
HR4 9SF,5
HR4 9SG,5
HR4 9SH,5
HR4 9SJ,3
HR4 9SL,5
HR4 9SN,5
HR4 9SP,5
HR4 9SQ,5
HR4 9SR,5
HR4 9SS,5
HR4 9ST,5
HR4 9SU,5
HR4 9SW,5
HR4 9SX,5
HR4 9SY,5
HR4 9SZ,5
HR4 9TA,5
HR4 9TB,7
HR4 9TD,7
HR4 9TE,7
HR4 9TF,7
HR4 9TG,7
HR4 9TH,7
HR4 9TJ,7
HR4 9TL,7
HR4 9TN,7
HR4 9TP,7
HR4 9TQ,5
HR4 9TR,5
HR4 9TS,5
HR4 9TT,5
HR4 9TU,5
HR4 9TW,7
HR4 9TX,5
HR4 9TY,5
HR4 9TZ,5
HR4 9UA,5
HR4 9UB,5
HR4 9UD,5
HR4 9UE,5
HR4 9UF,6
HR4 9UG,5
HR4 9UH,5
HR4 9UJ,5
HR4 9UL,5
HR4 9UN,5
HR4 9UP,5
HR4 9UQ,5
HR4 9UR,3
HR4 9UT,6
HR4 9UU,5
HR4 9UW,5
HR4 9UX,5
HR4 9UY,5
HR4 9UZ,6
HR4 9WA,7
HR4 9WB,3
HR4 9WD,3
HR4 9WE,7
HR4 9WF,7
HR4 9WG,7
HR4 9WN,3
HR4 9WP,3
HR4 9WQ,3
HR4 9WR,3
HR4 9WS,3
HR4 9WT,3
HR4 9WU,3
HR4 9WW,3
HR4 9WX,3
HR4 9XA,5
HR4 9XB,5
HR4 9XD,5
HR4 9XE,4
HR4 9XF,4
HR4 9XG,5
HR4 9XH,5
HR4 9XJ,5
HR4 9XL,5
HR4 9XN,6
HR4 9XP,3
HR4 9XQ,4
HR4 9XR,3
HR4 9XS,6
HR4 9XT,3
HR4 9XU,6
HR4 9XW,6
HR4 9XZ,3
HR4 9YA,3
HR4 9YB,3
HR4 9YD,3
HR4 9YE,5
HR4 9YF,3
HR4 9YG,3
HR4 9YH,3
HR4 9YJ,3
HR4 9YL,3
HR4 9YN,3
HR4 9YP,3
HR4 9YQ,3
HR4 9YR,3
HR4 9YS,3
HR4 9YT,3
HR4 9YU,3
HR4 9YW,3
HR4 9YX,3
HR4 9YY,3
HR4 9ZA,3
HR4 9ZB,3
HR4 9ZD,5
HR4 9ZE,6
HR4 9ZF,6
HR4 9ZG,3
HR4 9ZH,3
HR4 9ZJ,5
HR4 9ZL,3
HR4 9ZN,3
HR4 9ZP,3
HR4 9ZQ,5
HR4 9ZR,3
HR4 9ZS,3
HR4 9ZT,3
HR4 9ZU,6
HR4 9ZW,6
HR4 9ZX,6
HR4 9ZY,3
HR5 3AA,4
HR5 3AB,4
HR5 3AD,4
HR5 3AE,4
HR5 3AF,4
HR5 3AG,4
HR5 3AH,4
HR5 3AJ,4
HR5 3AL,4
HR5 3AN,4
HR5 3AP,4
HR5 3AQ,4
HR5 3AR,4
HR5 3AS,4
HR5 3AT,4
HR5 3AU,4
HR5 3AW,4
HR5 3AX,4
HR5 3AY,4
HR5 3AZ,4
HR5 3BA,4
HR5 3BB,4
HR5 3BD,4
HR5 3BE,4
HR5 3BG,4
HR5 3BH,4
HR5 3BJ,4
HR5 3BL,4
HR5 3BN,4
HR5 3BP,4
HR5 3BQ,4
HR5 3BS,4
HR5 3BT,4
HR5 3BU,4
HR5 3BW,4
HR5 3BX,4
HR5 3BY,4
HR5 3BZ,4
HR5 3DA,4
HR5 3DB,4
HR5 3DD,4
HR5 3DE,4
HR5 3DF,4
HR5 3DG,4
HR5 3DH,4
HR5 3DJ,4
HR5 3DL,4
HR5 3DN,4
HR5 3DP,4
HR5 3DQ,4
HR5 3DR,4
HR5 3DS,4
HR5 3DT,4
HR5 3DU,4
HR5 3DW,4
HR5 3DX,4
HR5 3DY,4
HR5 3DZ,4
HR5 3EA,4
HR5 3EB,4
HR5 3ED,4
HR5 3EE,4
HR5 3EF,4
HR5 3EG,4
HR5 3EH,4
HR5 3EJ,4
HR5 3EL,4
HR5 3EN,4
HR5 3EP,
HR5 3EQ,4
HR5 3ER,4
HR5 3ES,4
HR5 3ET,4
HR5 3EU,4
HR5 3EW,4
HR5 3EX,4
HR5 3EY,4
HR5 3EZ,4
HR5 3FA,4
HR5 3FB,4
HR5 3FD,4
HR5 3FE,4
HR5 3FF,4
HR5 3FG,4
HR5 3FH,4
HR5 3FJ,4
HR5 3FL,4
HR5 3FN,4
HR5 3FP,4
HR5 3FQ,5
HR5 3FR,5
HR5 3GA,4
HR5 3GB,4
HR5 3GH,4
HR5 3HA,4
HR5 3HB,4
HR5 3HD,4
HR5 3HE,4
HR5 3HF,4
HR5 3HG,4
HR5 3HH,4
HR5 3HJ,4
HR5 3HL,4
HR5 3HN,4
HR5 3HP,4
HR5 3HQ,4
HR5 3HR,5
HR5 3HS,5
HR5 3HT,5
HR5 3HU,5
HR5 3HW,5
HR5 3HX,5
HR5 3HY,5
HR5 3HZ,5
HR5 3JA,5
HR5 3JB,5
HR5 3JD,5
HR5 3JE,5
HR5 3JF,5
HR5 3JG,5
HR5 3JH,5
HR5 3JJ,5
HR5 3JL,5
HR5 3JN,5
HR5 3JP,5
HR5 3JQ,5
HR5 3JR,5
HR5 3JS,5
HR5 3JT,5
HR5 3JU,5
HR5 3JW,5
HR5 3JX,5
HR5 3JY,5
HR5 3JZ,5
HR5 3LA,5
HR5 3LB,4
HR5 3LD,4
HR5 3LE,4
HR5 3LF,5
HR5 3LG,5
HR5 3LH,5
HR5 3LJ,5
HR5 3LL,5
HR5 3LN,5
HR5 3LP,5
HR5 3LQ,4
HR5 3LR,5
HR5 3LS,5
HR5 3LT,5
HR5 3LU,5
HR5 3LW,5
HR5 3LX,5
HR5 3LY,5
HR5 3LZ,5
HR5 3NA,5
HR5 3NB,5
HR5 3ND,
HR5 3NE,4
HR5 3NF,4
HR5 3NG,4
HR5 3NH,4
HR5 3NJ,4
HR5 3NL,4
HR5 3NN,4
HR5 3NP,
HR5 3NQ,4
HR5 3NR,
HR5 3NS,
HR5 3NT,
HR5 3NU,
HR5 3NW,
HR5 3NX,
HR5 3NY,
HR5 3NZ,
HR5 3PA,
HR5 3PB,4
HR5 3PD,
HR5 3PE,
HR5 3PF,4
HR5 3PG,4
HR5 3PH,4
HR5 3PJ,
HR5 3PL,
HR5 3PN,
HR5 3PP,
HR5 3PQ,4
HR5 3PR,
HR5 3PS,5
HR5 3PT,4
HR5 3PU,4
HR5 3PW,
HR5 3PX,4
HR5 3PY,4
HR5 3PZ,4
HR5 3QA,4
HR5 3QB,
HR5 3QD,
HR5 3QE,
HR5 3QF,
HR5 3QG,
HR5 3QH,
HR5 3QJ,
HR5 3QL,
HR5 3QN,
HR5 3QP,
HR5 3QQ,
HR5 3QR,
HR5 3QS,
HR5 3QT,
HR5 3QU,
HR5 3QW,
HR5 3QX,
HR5 3QZ,
HR5 3RA,
HR5 3RB,4
HR5 3RD,4
HR5 3RE,4
HR5 3RF,4
HR5 3RG,5
HR5 3RH,4
HR5 3RJ,5
HR5 3RL,5
HR5 3RN,5
HR5 3RP,5
HR5 3RQ,4
HR5 3RR,5
HR5 3RS,5
HR5 3RT,5
HR5 3RU,5
HR5 3RW,5
HR5 3RX,5
HR5 3RY,4
HR5 3RZ,4
HR5 3SA,4
HR5 3SB,4
HR5 3SD,4
HR5 3SE,5
HR5 3SF,4
HR5 3SG,4
HR5 3SQ,4
HR5 3SR,5
HR5 3SW,4
HR5 3SX,5
HR5 3SY,5
HR5 3SZ,5
HR5 3TA,4
HR5 3TB,4
HR5 3TD,4
HR5 3TE,4
HR5 3TF,4
HR5 3UA,4
HR5 3UB,4
HR5 3UD,4
HR5 3UE,4
HR5 3WD,4
HR5 3WU,4
HR5 3WW,4
HR5 3WX,4
HR5 3WY,4
HR5 3WZ,4
HR5 3XT,4
HR5 3XW,4
HR5 3XX,5
HR5 3XY,4
HR5 3XZ,3
HR5 3YA,4
HR5 3YB,4
HR5 3YD,4
HR5 3YE,4
HR5 3YF,4
HR5 3YG,4
HR5 3YH,3
HR5 3YJ,4
HR5 3YL,4
HR5 3YN,3
HR5 3YP,4
HR5 3YQ,4
HR5 3YR,4
HR5 3YY,4
HR5 3ZR,4
HR5 3ZZ,4
HR5 8RD,7
HR6 0AA,2
HR6 0AB,2
HR6 0AD,5
HR6 0AE,5
HR6 0AF,5
HR6 0AG,5
HR6 0AH,5
HR6 0AJ,5
HR6 0AL,5
HR6 0AN,2
HR6 0AP,5
HR6 0AQ,5
HR6 0AR,5
HR6 0AS,5
HR6 0AT,6
HR6 0AU,6
HR6 0AW,5
HR6 0AX,6
HR6 0AY,6
HR6 0AZ,6
HR6 0BA,6
HR6 0BB,6
HR6 0BD,6
HR6 0BE,6
HR6 0BG,6
HR6 0BH,6
HR6 0BJ,6
HR6 0BL,6
HR6 0BN,6
HR6 0BP,6
HR6 0BQ,6
HR6 0BS,6
HR6 0BT,6
HR6 0BU,6
HR6 0BW,6
HR6 0BX,5
HR6 0BY,5
HR6 0BZ,5
HR6 0DA,6
HR6 0DB,5
HR6 0DD,5
HR6 0DE,5
HR6 0DF,5
HR6 0DG,5
HR6 0DH,5
HR6 0DJ,5
HR6 0DL,5
HR6 0DN,5
HR6 0DP,5
HR6 0DQ,5
HR6 0DR,5
HR6 0DS,5
HR6 0DT,5
HR6 0DU,5
HR6 0DW,5
HR6 0DX,5
HR6 0DY,5
HR6 0DZ,5
HR6 0EA,5
HR6 0EB,5
HR6 0ED,5
HR6 0EE,5
HR6 0EF,5
HR6 0EG,5
HR6 0EH,5
HR6 0EJ,5
HR6 0EL,5
HR6 0EN,5
HR6 0EP,5
HR6 0EQ,6
HR6 0ER,5
HR6 0ES,5
HR6 0ET,5
HR6 0EU,5
HR6 0EW,5
HR6 0EX,5
HR6 0EY,5
HR6 0EZ,5
HR6 0FA,5
HR6 0FB,6
HR6 0FD,6
HR6 0GA,5
HR6 0HA,5
HR6 0HB,5
HR6 0HD,5
HR6 0HE,5
HR6 0HF,5
HR6 0HG,5
HR6 0HH,5
HR6 0HJ,5
HR6 0HL,5
HR6 0HN,5
HR6 0HP,5
HR6 0HQ,5
HR6 0HR,5
HR6 0HS,5
HR6 0HT,5
HR6 0HU,5
HR6 0HW,5
HR6 0HX,5
HR6 0HY,5
HR6 0HZ,5
HR6 0JA,5
HR6 0JB,5
HR6 0JD,5
HR6 0JE,5
HR6 0JF,5
HR6 0JH,5
HR6 0JJ,5
HR6 0JL,5
HR6 0JN,5
HR6 0JP,5
HR6 0JQ,5
HR6 0JR,5
HR6 0JS,5
HR6 0JT,5
HR6 0JU,4
HR6 0JW,5
HR6 0JX,5
HR6 0JY,4
HR6 0JZ,4
HR6 0LA,5
HR6 0LD,5
HR6 0LE,4
HR6 0LF,4
HR6 0LG,4
HR6 0LH,4
HR6 0LJ,4
HR6 0LL,4
HR6 0LN,4
HR6 0LP,5
HR6 0LQ,4
HR6 0LR,4
HR6 0LS,4
HR6 0LT,4
HR6 0LU,4
HR6 0LW,4
HR6 0LX,5
HR6 0LY,5
HR6 0LZ,5
HR6 0NA,5
HR6 0NB,4
HR6 0ND,4
HR6 0NE,4
HR6 0NF,4
HR6 0NG,4
HR6 0NH,4
HR6 0NJ,4
HR6 0NL,4
HR6 0NN,4
HR6 0NP,4
HR6 0NQ,4
HR6 0NR,4
HR6 0NS,5
HR6 0NT,5
HR6 0NU,5
HR6 0NW,4
HR6 0NX,5
HR6 0NY,5
HR6 0NZ,5
HR6 0PA,5
HR6 0PB,5
HR6 0PD,5
HR6 0PE,5
HR6 0PF,4
HR6 0PG,4
HR6 0PH,4
HR6 0PJ,4
HR6 0PL,4
HR6 0PN,4
HR6 0PP,4
HR6 0PQ,4
HR6 0PR,4
HR6 0PS,4
HR6 0PT,4
HR6 0PU,4
HR6 0PW,4
HR6 0PX,4
HR6 0PY,4
HR6 0PZ,6
HR6 0QA,2
HR6 0QB,5
HR6 0QD,5
HR6 0QE,4
HR6 0QF,5
HR6 0QG,2
HR6 0QH,5
HR6 0QJ,5
HR6 0QL,5
HR6 0QN,5
HR6 0QP,5
HR6 0QQ,5
HR6 0QR,5
HR6 0QS,5
HR6 0QT,5
HR6 0QU,4
HR6 0QW,5
HR6 0QX,4
HR6 0QY,4
HR6 0QZ,4
HR6 0RA,4
HR6 0RB,4
HR6 0RD,4
HR6 0RE,4
HR6 0RF,5
HR6 0RG,4
HR6 0RH,5
HR6 0RJ,5
HR6 0RL,5
HR6 0RN,2
HR6 0RP,5
HR6 0RQ,4
HR6 0RR,4
HR6 0RS,4
HR6 0RT,4
HR6 0RU,4
HR6 0RW,5
HR6 0RX,4
HR6 0RY,4
HR6 0RZ,4
HR6 0SA,4
HR6 0SB,4
HR6 0SD,4
HR6 0SE,4
HR6 0SF,4
HR6 0SG,4
HR6 0SH,4
HR6 0SJ,4
HR6 0SL,4
HR6 0SN,4
HR6 0SP,5
HR6 0SQ,5
HR6 0SR,5
HR6 0SS,5
HR6 0ST,5
HR6 0SU,5
HR6 0SW,5
HR6 0WA,5
HR6 0WB,5
HR6 0WJ,5
HR6 0WR,5
HR6 0WX,5
HR6 0WZ,5
HR6 0XB,5
HR6 0XZ,5
HR6 0YA,5
HR6 0YB,5
HR6 0YD,5
HR6 0YE,5
HR6 0YF,5
HR6 0YG,5
HR6 0YH,5
HR6 0YJ,5
HR6 0YL,4
HR6 0YN,5
HR6 0YP,5
HR6 0YQ,5
HR6 0YR,5
HR6 0YS,4
HR6 0YU,4
HR6 0YW,5
HR6 0YX,5
HR6 0YY,4
HR6 0YZ,5
HR6 0ZA,5
HR6 0ZB,5
HR6 0ZQ,5
HR6 0ZR,5
HR6 0ZW,5
HR6 6AA,5
HR6 6AB,5
HR6 6AD,5
HR6 6AE,5
HR6 6AF,5
HR6 6AG,2
HR6 6AH,5
HR6 6AJ,5
HR6 6AL,5
HR6 6AN,5
HR6 6AP,5
HR6 6AQ,5
HR6 6AR,5
HR6 6AS,5
HR6 6AT,5
HR6 6AU,5
HR6 6AW,5
HR6 6AX,5
HR6 6AY,5
HR6 6AZ,5
HR6 6BA,5
HR6 6BB,5
HR6 6BD,5
HR6 6BE,5
HR6 6BF,5
HR6 6BG,5
HR6 6BH,5
HR6 6BJ,5
HR6 6BL,5
HR6 6BN,5
HR6 6BP,5
HR6 6BQ,5
HR6 6BR,5
HR6 6BS,5
HR6 6BT,5
HR6 6BU,5
HR6 6BW,5
HR6 6BX,5
HR6 6BY,5
HR6 6BZ,5
HR6 6DA,5
HR6 6DB,5
HR6 6SA,2
HR6 6SB,2
HR6 8AA,2
HR6 8AB,2
HR6 8AD,2
HR6 8AE,2
HR6 8AF,2
HR6 8AG,2
HR6 8AH,2
HR6 8AJ,2
HR6 8AL,2
HR6 8AN,2
HR6 8AP,2
HR6 8AQ,2
HR6 8AR,2
HR6 8AS,2
HR6 8AT,2
HR6 8AU,2
HR6 8AW,2
HR6 8AX,2
HR6 8AY,2
HR6 8AZ,5
HR6 8BA,2
HR6 8BB,5
HR6 8BD,5
HR6 8BE,2
HR6 8BG,5
HR6 8BH,5
HR6 8BJ,5
HR6 8BL,2
HR6 8BN,2
HR6 8BP,4
HR6 8BQ,5
HR6 8BS,2
HR6 8BT,2
HR6 8BU,2
HR6 8BW,4
HR6 8BX,2
HR6 8BY,2
HR6 8BZ,2
HR6 8DA,2
HR6 8DB,2
HR6 8DD,4
HR6 8DE,2
HR6 8DF,2
HR6 8DG,2
HR6 8DH,4
HR6 8DJ,4
HR6 8DL,4
HR6 8DN,4
HR6 8DP,4
HR6 8DQ,2
HR6 8DR,2
HR6 8DS,4
HR6 8DT,4
HR6 8DU,4
HR6 8DW,4
HR6 8DX,2
HR6 8DY,2
HR6 8DZ,2
HR6 8EA,2
HR6 8EB,2
HR6 8ED,2
HR6 8EE,2
HR6 8EF,2
HR6 8EG,2
HR6 8EH,2
HR6 8EJ,2
HR6 8EL,2
HR6 8EN,2
HR6 8EP,2
HR6 8EQ,2
HR6 8ER,5
HR6 8ES,2
HR6 8ET,2
HR6 8EU,2
HR6 8EW,2
HR6 8EX,2
HR6 8EY,2
HR6 8EZ,2
HR6 8FA,2
HR6 8FB,2
HR6 8FD,2
HR6 8FE,2
HR6 8FF,2
HR6 8FG,2
HR6 8FJ,2
HR6 8FL,2
HR6 8FN,2
HR6 8FP,4
HR6 8FQ,7
HR6 8FR,5
HR6 8GA,2
HR6 8GB,2
HR6 8GD,2
HR6 8GE,2
HR6 8GF,2
HR6 8GG,2
HR6 8GZ,2
HR6 8HA,2
HR6 8HB,2
HR6 8HD,2
HR6 8HE,2
HR6 8HF,2
HR6 8HG,5
HR6 8HH,5
HR6 8HJ,5
HR6 8HL,5
HR6 8HN,5
HR6 8HP,5
HR6 8HQ,5
HR6 8HR,5
HR6 8HS,5
HR6 8HT,5
HR6 8HU,2
HR6 8HW,5
HR6 8HX,4
HR6 8HY,2
HR6 8HZ,2
HR6 8JA,2
HR6 8JB,2
HR6 8JD,2
HR6 8JE,2
HR6 8JF,2
HR6 8JG,2
HR6 8JH,2
HR6 8JJ,2
HR6 8JL,2
HR6 8JN,2
HR6 8JP,2
HR6 8JQ,2
HR6 8JR,5
HR6 8JS,5
HR6 8JT,5
HR6 8JU,2
HR6 8JW,2
HR6 8JX,2
HR6 8JY,2
HR6 8JZ,2
HR6 8LA,2
HR6 8LB,2
HR6 8LD,2
HR6 8LE,2
HR6 8LF,2
HR6 8LG,2
HR6 8LH,2
HR6 8LJ,2
HR6 8LL,2
HR6 8LN,2
HR6 8LP,2
HR6 8LQ,2
HR6 8LR,2
HR6 8LS,2
HR6 8LT,2
HR6 8LU,5
HR6 8LW,2
HR6 8LX,2
HR6 8LY,5
HR6 8LZ,2
HR6 8NA,5
HR6 8NB,2
HR6 8ND,2
HR6 8NE,2
HR6 8NF,2
HR6 8NG,2
HR6 8NH,2
HR6 8NJ,2
HR6 8NL,2
HR6 8NN,2
HR6 8NP,2
HR6 8NQ,2
HR6 8NR,2
HR6 8NS,2
HR6 8NT,2
HR6 8NU,5
HR6 8NW,2
HR6 8NX,2
HR6 8NY,2
HR6 8NZ,2
HR6 8PA,2
HR6 8PB,2
HR6 8PD,2
HR6 8PE,5
HR6 8PF,2
HR6 8PG,2
HR6 8PH,2
HR6 8PJ,2
HR6 8PL,2
HR6 8PN,5
HR6 8PP,5
HR6 8PQ,2
HR6 8PR,5
HR6 8PS,5
HR6 8PT,2
HR6 8PU,5
HR6 8PW,5
HR6 8PX,2
HR6 8PY,4
HR6 8PZ,4
HR6 8QA,5
HR6 8QB,5
HR6 8QD,5
HR6 8QE,5
HR6 8QF,5
HR6 8QG,5
HR6 8QH,4
HR6 8QJ,4
HR6 8QL,4
HR6 8QN,4
HR6 8QP,7
HR6 8QQ,5
HR6 8QR,4
HR6 8QS,2
HR6 8QT,5
HR6 8QU,7
HR6 8QW,7
HR6 8QX,7
HR6 8QY,4
HR6 8QZ,2
HR6 8RA,7
HR6 8RB,7
HR6 8RD,7
HR6 8RE,4
HR6 8RF,4
HR6 8RG,2
HR6 8RH,5
HR6 8RJ,4
HR6 8RL,5
HR6 8RN,5
HR6 8RP,7
HR6 8RQ,7
HR6 8RR,7
HR6 8RS,5
HR6 8RT,4
HR6 8RU,7
HR6 8RW,5
HR6 8RX,4
HR6 8RY,2
HR6 8RZ,7
HR6 8SA,4
HR6 8SB,7
HR6 8SD,4
HR6 8SE,7
HR6 8SF,7
HR6 8SG,4
HR6 8SH,4
HR6 8SJ,4
HR6 8SL,7
HR6 8SN,7
HR6 8SP,7
HR6 8SQ,7
HR6 8SR,5
HR6 8SS,7
HR6 8ST,5
HR6 8SU,5
HR6 8SW,7
HR6 8SX,5
HR6 8SY,5
HR6 8SZ,5
HR6 8TA,4
HR6 8TB,4
HR6 8TD,4
HR6 8TE,4
HR6 8TF,7
HR6 8TG,4
HR6 8TH,5
HR6 8TJ,5
HR6 8TL,4
HR6 8TN,2
HR6 8TQ,4
HR6 8TR,2
HR6 8TS,2
HR6 8TT,2
HR6 8TW,5
HR6 8TX,2
HR6 8TZ,2
HR6 8UD,7
HR6 8UE,7
HR6 8UF,7
HR6 8UG,7
HR6 8UH,2
HR6 8UJ,2
HR6 8UL,2
HR6 8UN,2
HR6 8UP,2
HR6 8UQ,7
HR6 8UR,2
HR6 8UT,2
HR6 8UU,5
HR6 8UX,5
HR6 8WA,5
HR6 8WZ,5
HR6 8YA,5
HR6 8YB,5
HR6 8YD,5
HR6 8YE,5
HR6 8YF,5
HR6 8YG,5
HR6 8YH,5
HR6 8YJ,2
HR6 8YL,5
HR6 8YN,2
HR6 8YP,2
HR6 8YQ,2
HR6 8YR,5
HR6 8YS,5
HR6 8YU,5
HR6 8YW,5
HR6 8YY,5
HR6 8ZA,5
HR6 8ZB,5
HR6 8ZD,5
HR6 8ZE,5
HR6 8ZF,5
HR6 8ZG,5
HR6 8ZH,5
HR6 8ZL,5
HR6 8ZR,5
HR6 8ZT,5
HR6 8ZU,5
HR6 8ZW,5
HR6 8ZY,5
HR6 9AA,4
HR6 9AB,4
HR6 9AD,4
HR6 9AE,4
HR6 9AF,4
HR6 9AG,4
HR6 9AH,4
HR6 9AJ,4
HR6 9AL,4
HR6 9AN,4
HR6 9AP,4
HR6 9AQ,7
HR6 9AR,4
HR6 9AS,4
HR6 9AT,6
HR6 9AU,6
HR6 9AW,6
HR6 9AX,6
HR6 9AY,4
HR6 9AZ,4
HR6 9BA,4
HR6 9BB,4
HR6 9BD,4
HR6 9BE,4
HR6 9BG,4
HR6 9BH,4
HR6 9BJ,4
HR6 9BL,4
HR6 9BN,4
HR6 9BP,4
HR6 9BQ,4
HR6 9BS,4
HR6 9BT,4
HR6 9BU,4
HR6 9BW,4
HR6 9BX,4
HR6 9BY,4
HR6 9BZ,5
HR6 9DA,4
HR6 9DB,4
HR6 9DD,4
HR6 9DE,4
HR6 9DF,4
HR6 9DG,4
HR6 9DH,4
HR6 9DJ,4
HR6 9DL,4
HR6 9DN,4
HR6 9DP,6
HR6 9DQ,4
HR6 9DR,5
HR6 9DS,5
HR6 9DT,5
HR6 9DU,5
HR6 9DW,5
HR6 9DX,5
HR6 9DY,5
HR6 9DZ,5
HR6 9EA,5
HR6 9EB,5
HR6 9ED,5
HR6 9EE,5
HR6 9EF,5
HR6 9EG,5
HR6 9EH,4
HR6 9EJ,4
HR6 9EL,4
HR6 9EN,5
HR6 9EP,5
HR6 9EQ,5
HR6 9ER,5
HR6 9ES,5
HR6 9ET,5
HR6 9EU,5
HR6 9EW,5
HR6 9EX,5
HR6 9EY,5
HR6 9EZ,5
HR6 9FA,5
HR6 9FB,5
HR6 9FD,6
HR6 9FE,5
HR6 9FU,6
HR6 9HA,5
HR6 9HB,5
HR6 9HD,5
HR6 9HE,4
HR6 9HF,4
HR6 9HG,4
HR6 9HH,5
HR6 9HJ,5
HR6 9HL,5
HR6 9HN,5
HR6 9HP,5
HR6 9HQ,5
HR6 9HR,5
HR6 9HS,5
HR6 9HT,5
HR6 9HW,5
HR6 9HY,5
HR6 9HZ,5
HR6 9JA,5
HR6 9JB,5
HR6 9JD,5
HR6 9JE,5
HR6 9JF,5
HR6 9JG,5
HR6 9JH,5
HR6 9JJ,5
HR6 9JL,5
HR6 9JN,5
HR6 9JP,5
HR6 9JQ,5
HR6 9JR,4
HR6 9JS,4
HR6 9JT,5
HR6 9JU,5
HR6 9JW,4
HR6 9JY,4
HR6 9JZ,5
HR6 9LA,5
HR6 9LB,5
HR6 9LD,5
HR6 9LE,5
HR6 9LF,5
HR6 9LG,5
HR6 9LH,5
HR6 9LJ,5
HR6 9LL,5
HR6 9LN,5
HR6 9LP,5
HR6 9LQ,5
HR6 9LR,5
HR6 9LT,5
HR6 9LU,5
HR6 9LW,5
HR6 9LX,5
HR6 9LY,5
HR6 9LZ,5
HR6 9NA,5
HR6 9NB,5
HR6 9ND,5
HR6 9NE,5
HR6 9NF,5
HR6 9NG,5
HR6 9NH,5
HR6 9NJ,5
HR6 9NL,4
HR6 9NN,5
HR6 9NP,5
HR6 9NQ,5
HR6 9NR,5
HR6 9NS,5
HR6 9NT,5
HR6 9NU,5
HR6 9NW,5
HR6 9NX,5
HR6 9NY,5
HR6 9NZ,5
HR6 9PA,5
HR6 9PB,5
HR6 9PD,4
HR6 9PE,6
HR6 9PF,6
HR6 9PG,6
HR6 9PH,6
HR6 9PJ,6
HR6 9PL,6
HR6 9PN,6
HR6 9PP,6
HR6 9PQ,6
HR6 9PR,6
HR6 9PS,5
HR6 9PT,6
HR6 9PU,6
HR6 9PW,6
HR6 9PX,6
HR6 9PY,6
HR6 9PZ,6
HR6 9QA,6
HR6 9QB,6
HR6 9QD,6
HR6 9QE,6
HR6 9QF,5
HR6 9QG,5
HR6 9QJ,6
HR6 9QL,6
HR6 9QN,6
HR6 9QP,6
HR6 9QQ,5
HR6 9QR,6
HR6 9QS,6
HR6 9QT,6
HR6 9QU,6
HR6 9QW,6
HR6 9QX,6
HR6 9QY,6
HR6 9QZ,6
HR6 9RA,6
HR6 9RB,6
HR6 9RD,6
HR6 9RE,6
HR6 9RF,6
HR6 9RG,6
HR6 9RH,6
HR6 9RJ,6
HR6 9RL,6
HR6 9RN,6
HR6 9RQ,6
HR6 9RR,6
HR6 9RS,6
HR6 9RT,6
HR6 9RU,6
HR6 9RW,6
HR6 9RX,6
HR6 9RY,6
HR6 9RZ,6
HR6 9SA,6
HR6 9SB,6
HR6 9SD,6
HR6 9SE,6
HR6 9SF,6
HR6 9SG,6
HR6 9SH,6
HR6 9SJ,6
HR6 9SL,6
HR6 9SN,6
HR6 9SP,6
HR6 9SQ,6
HR6 9SR,4
HR6 9SS,6
HR6 9ST,4
HR6 9SU,4
HR6 9SW,6
HR6 9SX,4
HR6 9SY,4
HR6 9SZ,4
HR6 9TA,4
HR6 9TB,4
HR6 9TD,4
HR6 9TE,6
HR6 9TG,6
HR6 9TH,4
HR6 9TJ,4
HR6 9TL,4
HR6 9TN,4
HR6 9TP,4
HR6 9TQ,4
HR6 9TR,4
HR6 9TS,4
HR6 9TT,4
HR6 9TU,4
HR6 9TW,4
HR6 9UA,5
HR6 9UB,5
HR6 9UD,5
HR6 9UE,5
HR6 9UF,5
HR6 9UG,5
HR6 9UH,5
HR6 9UJ,5
HR6 9UL,5
HR6 9UN,5
HR6 9UP,5
HR6 9UQ,5
HR6 9UR,5
HR6 9US,5
HR6 9UT,4
HR6 9UU,5
HR6 9UW,5
HR6 9UX,5
HR6 9UY,5
HR6 9UZ,5
HR6 9WA,5
HR6 9WB,5
HR6 9WD,5
HR6 9WZ,5
HR6 9XZ,5
HR6 9YA,5
HR6 9YB,6
HR6 9YD,5
HR6 9YE,5
HR6 9YF,5
HR6 9YG,6
HR6 9YH,6
HR6 9YJ,5
HR6 9YL,5
HR6 9YN,5
HR6 9YP,5
HR6 9YQ,5
HR6 9YR,5
HR6 9YS,5
HR6 9YT,5
HR6 9YU,5
HR6 9YZ,5
HR6 9ZD,5
HR7 4AA,3
HR7 4AB,3
HR7 4AD,3
HR7 4AE,3
HR7 4AF,3
HR7 4AG,3
HR7 4AH,3
HR7 4AJ,3
HR7 4AL,7
HR7 4AN,7
HR7 4AP,7
HR7 4AQ,3
HR7 4AR,3
HR7 4AS,4
HR7 4AT,4
HR7 4AU,4
HR7 4AW,3
HR7 4AX,7
HR7 4AY,3
HR7 4AZ,7
HR7 4BA,4
HR7 4BB,4
HR7 4BD,3
HR7 4BE,3
HR7 4BF,7
HR7 4BG,3
HR7 4BH,7
HR7 4BJ,3
HR7 4BL,3
HR7 4BN,3
HR7 4BP,3
HR7 4BQ,3
HR7 4BS,3
HR7 4BT,3
HR7 4BU,3
HR7 4BW,3
HR7 4BX,3
HR7 4BY,3
HR7 4BZ,3
HR7 4DA,3
HR7 4DB,7
HR7 4DD,7
HR7 4DE,3
HR7 4DF,7
HR7 4DG,7
HR7 4DH,7
HR7 4DJ,3
HR7 4DL,3
HR7 4DN,3
HR7 4DP,3
HR7 4DQ,7
HR7 4DR,3
HR7 4DS,3
HR7 4DT,3
HR7 4DU,3
HR7 4DW,3
HR7 4DX,3
HR7 4DY,3
HR7 4DZ,3
HR7 4EA,3
HR7 4EB,3
HR7 4ED,7
HR7 4EE,3
HR7 4EF,3
HR7 4EG,3
HR7 4EH,3
HR7 4EJ,4
HR7 4EL,7
HR7 4EN,7
HR7 4EP,7
HR7 4EQ,3
HR7 4ER,3
HR7 4ES,7
HR7 4ET,7
HR7 4EU,7
HR7 4EW,7
HR7 4EX,7
HR7 4EY,7
HR7 4EZ,7
HR7 4FA,3
HR7 4FD,7
HR7 4FE,3
HR7 4FF,7
HR7 4FG,3
HR7 4FH,3
HR7 4FJ,3
HR7 4FL,3
HR7 4FN,3
HR7 4FQ,4
HR7 4FR,3
HR7 4FS,3
HR7 4HA,5
HR7 4HB,5
HR7 4HD,5
HR7 4HE,5
HR7 4HF,5
HR7 4HG,5
HR7 4HH,5
HR7 4HJ,5
HR7 4HL,7
HR7 4HN,7
HR7 4HP,3
HR9 5NB,8
HR9 5ND,8
HR9 5NE,8
HR9 5NF,8
HR9 5NG,8
HR9 5NH,8
HR9 5NJ,8
HR9 5NL,8
HR9 5NN,5
HR9 5NP,5
HR9 5NQ,5
HR9 5NR,8
HR9 5NS,8
HR9 5NT,8
HR9 5NU,5
HR9 5NW,5
HR9 5NX,5
HR9 5NY,5
HR9 5NZ,5
HR9 5PA,5
HR9 5PB,5
HR9 5PD,5
HR9 5PE,5
HR9 5PF,5
HR9 5PG,5
HR9 5PH,5
HR9 5PJ,5
HR9 5PL,5
HR9 5PN,5
HR9 5PP,5
HR9 5PQ,5
HR9 5PR,5
HR9 5PS,5
HR9 5PT,5
HR9 5PU,5
HR9 5PW,5
HR9 5PX,5
HR9 5PY,5
HR9 5PZ,5
HR9 5QA,5
HR9 5QB,5
HR9 5QD,5
HR9 5QE,5
HR9 5QF,5
HR9 5QG,5
HR9 5QH,5
HR9 5QJ,5
HR9 5QL,5
HR9 5QN,5
HR9 5QP,5
HR9 5QQ,5
HR9 5QR,5
HR9 5QS,5
HR9 5QT,5
HR9 5QU,5
HR9 5QW,5
HR9 5QX,5
HR9 5QY,5
HR9 5QZ,5
HR9 5RA,5
HR9 5RB,5
HR9 5RD,5
HR9 5RE,5
HR9 5RF,5
HR9 5RG,5
HR9 5RH,5
HR9 5RJ,5
HR9 5RL,10
HR9 5RN,10
HR9 5RP,10
HR9 5RQ,5
HR9 5RR,5
HR9 5RS,5
HR9 5RT,5
HR9 5RU,8
HR9 5RW,10
HR9 5RX,5
HR9 5RY,5
HR9 5RZ,5
HR9 5SA,5
HR9 5SB,5
HR9 5SD,5
HR9 5SE,5
HR9 5SF,5
HR9 5SG,5
HR9 5SH,5
HR9 5SJ,5
HR9 5SL,5
HR9 5SN,5
HR9 5SP,5
HR9 5SQ,5
HR9 5SR,5
HR9 5SS,5
HR9 5ST,5
HR9 5SU,6
HR9 5SW,5
HR9 5SX,5
HR9 5SY,6
HR9 5SZ,6
HR9 5TA,6
HR9 5TB,6
HR9 5TD,6
HR9 5TE,6
HR9 5TF,6
HR9 5TG,6
HR9 5TH,5
HR9 5TJ,6
HR9 5TL,6
HR9 5TN,6
HR9 5TP,6
HR9 5TQ,5
HR9 5TR,6
HR9 5TS,6
HR9 5TT,6
HR9 5TU,6
HR9 5TW,6
HR9 5TX,6
HR9 5TY,6
HR9 5TZ,10
HR9 5UA,10
HR9 5UB,10
HR9 5UD,10
HR9 5UE,10
HR9 5UF,10
HR9 5UG,10
HR9 5UH,10
HR9 5UJ,10
HR9 5UL,10
HR9 5UN,10
HR9 5UP,10
HR9 5UQ,10
HR9 5UR,10
HR9 5US,6
HR9 5UT,10
HR9 5UU,10
HR9 5UW,10
HR9 5UX,10
HR9 5UY,10
HR9 5UZ,5
HR9 5WA,8
HR9 5WD,8
HR9 5WE,8
HR9 5WF,6
HR9 5WG,5
HR9 5WH,5
HR9 5WQ,8
HR9 5WU,8
HR9 5WW,8
HR9 5WX,8
HR9 5WY,8
HR9 5WZ,8
HR9 5XA,5
HR9 5XB,5
HR9 5XE,10
HR9 5XR,8
HR9 5XY,8
HR9 5XZ,8
HR9 5YA,5
HR9 5YB,8
HR9 5YD,5
HR9 5YE,5
HR9 5YF,5
HR9 5YG,8
HR9 5YH,5
HR9 5YJ,5
HR9 5YL,5
HR9 5YN,10
HR9 5YP,5
HR9 5YQ,8
HR9 5YR,5
HR9 5YS,5
HR9 5YT,5
HR9 5YU,5
HR9 5YW,8
HR9 5YX,8
HR9 5YY,8
HR9 5YZ,8
HR9 5ZA,8
HR9 5ZB,8
HR9 5ZD,8
HR9 5ZE,5
HR9 5ZF,8
HR9 5ZG,5
HR9 5ZQ,5
HR9 5ZY,5
HR9 6AA,5
HR9 6AB,5
HR9 6AD,5
HR9 6AE,5
HR9 6AF,5
HR9 6AG,5
HR9 6AH,5
HR9 6AJ,5
HR9 6AL,5
HR9 6AN,5
HR9 6AP,5
HR9 6AQ,5
HR9 6AR,5
HR9 6AS,5
HR9 6AT,5
HR9 6AU,5
HR9 6AW,5
HR9 6AX,5
HR9 6AY,5
HR9 6AZ,5
HR9 6BA,5
HR9 6BB,5
HR9 6BD,5
HR9 6BE,5
HR9 6BG,5
HR9 6BH,5
HR9 6BJ,5
HR9 6BL,5
HR9 6BN,5
HR9 6BP,5
HR9 6BQ,5
HR9 6BS,5
HR9 6BT,5
HR9 6BU,5
HR9 6BW,5
HR9 6BX,5
HR9 6BY,5
HR9 6BZ,5
HR9 6DA,5
HR9 6DB,5
HR9 6DD,5
HR9 6DE,5
HR9 6DF,5
HR9 6DG,5
HR9 6DH,5
HR9 6DJ,5
HR9 6DL,5
HR9 6DN,5
HR9 6DP,5
HR9 6DQ,5
HR9 6DR,5
HR9 6DS,5
HR9 6DT,5
HR9 6DU,5
HR9 6DW,5
HR9 6DX,5
HR9 6DY,5
HR9 6DZ,5
HR9 6EA,5
HR9 6EB,5
HR9 6ED,5
HR9 6EE,5
HR9 6EF,5
HR9 6EG,5
HR9 6EH,5
HR9 6EJ,5
HR9 6EL,5
HR9 6EN,5
HR9 6EP,5
HR9 6EQ,5
HR9 6ER,5
HR9 6ES,5
HR9 6ET,5
HR9 6EU,5
HR9 6EW,5
HR9 6EX,5
HR9 6EY,5
HR9 6EZ,5
HR9 6FA,5
HR9 6FD,5
HR9 6FE,5
HR9 6FX,5
HR9 6GJ,5
HR9 6HA,5
HR9 6HB,5
HR9 6HD,5
HR9 6HE,5
HR9 6HF,5
HR9 6HG,5
HR9 6HH,5
HR9 6HJ,5
HR9 6HL,5
HR9 6HN,5
HR9 6HP,5
HR9 6HQ,5
HR9 6HR,5
HR9 6HS,5
HR9 6HT,5
HR9 6HU,5
HR9 6HW,5
HR9 6HX,5
HR9 6HY,5
HR9 6HZ,5
HR9 6JA,5
HR9 6JB,5
HR9 6JD,5
HR9 6JE,5
HR9 6JF,5
HR9 6JG,5
HR9 6JH,5
HR9 6JJ,5
HR9 6JL,5
HR9 6JN,5
HR9 6JQ,5
HR9 6JR,5
HR9 6JT,5
HR9 6JU,5
HR9 6JW,5
HR9 6JX,5
HR9 6JY,5
HR9 6JZ,5
HR9 6LA,5
HR9 6LB,5
HR9 6LD,5
HR9 6LE,5
HR9 6LF,5
HR9 6LG,5
HR9 6LH,5
HR9 6LJ,5
HR9 6LL,5
HR9 6LN,5
HR9 6LP,5
HR9 6LQ,5
HR9 6LR,5
HR9 6LS,5
HR9 6LT,5
HR9 6LU,5
HR9 6LW,5
HR9 6LX,5
HR9 6LY,5
HR9 6LZ,5
HR9 6NA,5
HR9 6NB,5
HR9 6ND,5
HR9 6NE,5
HR9 6NF,5
HR9 6NG,5
HR9 6NH,5
HR9 6NJ,5
HR9 6NL,5
HR9 6NN,5
HR9 6NP,5
HR9 6NQ,5
HR9 6NR,5
HR9 6NS,5
HR9 6NT,5
HR9 6NU,5
HR9 6NW,5
HR9 6NX,5
HR9 6NY,5
HR9 6NZ,5
HR9 6PA,5
HR9 6PB,5
HR9 6PD,5
HR9 6PE,5
HR9 6PF,5
HR9 6PG,5
HR9 6PH,5
HR9 6PJ,5
HR9 6PL,5
HR9 6PN,5
HR9 6PP,5
HR9 6PQ,5
HR9 6PR,5
HR9 6PS,8
HR9 6PT,5
HR9 6PU,5
HR9 6PW,5
HR9 6PY,5
HR9 6PZ,5
HR9 6QA,5
HR9 6QB,5
HR9 6QD,5
HR9 6QE,5
HR9 6QF,5
HR9 6QG,5
HR9 6QH,5
HR9 6QJ,5
HR9 6QL,5
HR9 6QN,5
HR9 6QP,5
HR9 6QQ,5
HR9 6QR,5
HR9 6QS,5
HR9 6QT,5
HR9 6QU,5
HR9 6QW,5
HR9 6QX,5
HR9 6QY,5
HR9 6QZ,5
HR9 6RA,5
HR9 6RB,5
HR9 6RD,5
HR9 6RE,5
HR9 6RW,5
HR9 6RZ,5
HR9 6SA,5
HR9 6SF,5
HR9 6SG,5
HR9 6SJ,5
HR9 6SL,5
HR9 6SQ,5
HR9 6WA,8
HR9 6WF,8
HR9 6WX,8
HR9 6WY,8
HR9 6WZ,8
HR9 6YA,5
HR9 6YB,5
HR9 6YD,8
HR9 6YE,5
HR9 6YF,5
HR9 6YG,5
HR9 6YH,8
HR9 6YJ,8
HR9 6YL,5
HR9 6YN,5
HR9 6YP,8
HR9 6YQ,5
HR9 6YR,5
HR9 6YS,5
HR9 6YT,5
HR9 6YU,8
HR9 6YW,5
HR9 6YX,8
HR9 6YY,5
HR9 6ZP,8
HR9 6ZS,8
HR9 6ZX,5
HR9 7AA,5
HR9 7AB,5
HR9 7AD,5
HR9 7AE,5
HR9 7AF,8
HR9 7AG,5
HR9 7AH,6
HR9 7AJ,2
HR9 7AL,5
HR9 7AN,5
HR9 7AP,5
HR9 7AQ,8
HR9 7AR,6
HR9 7AS,2
HR9 7AT,8
HR9 7AU,2
HR9 7AW,8
HR9 7AX,8
HR9 7AY,2
HR9 7AZ,2
HR9 7BA,8
HR9 7BB,2
HR9 7BD,8
HR9 7BE,8
HR9 7BG,8
HR9 7BH,8
HR9 7BJ,6
HR9 7BL,8
HR9 7BN,8
HR9 7BP,8
HR9 7BQ,8
HR9 7BS,5
HR9 7BT,5
HR9 7BU,5
HR9 7BW,5
HR9 7BX,5
HR9 7BY,5
HR9 7BZ,5
HR9 7DA,5
HR9 7DB,5
HR9 7DD,5
HR9 7DE,5
HR9 7DF,5
HR9 7DG,5
HR9 7DH,2
HR9 7DJ,2
HR9 7DL,2
HR9 7DN,2
HR9 7DP,2
HR9 7DQ,2
HR9 7DR,2
HR9 7DS,2
HR9 7DT,2
HR9 7DU,5
HR9 7DW,5
HR9 7DX,5
HR9 7DY,5
HR9 7DZ,5
HR9 7EA,5
HR9 7EB,5
HR9 7ED,2
HR9 7EE,5
HR9 7EF,6
HR9 7EG,2
HR9 7EH,5
HR9 7EJ,2
HR9 7EL,2
HR9 7EN,2
HR9 7EP,2
HR9 7EQ,2
HR9 7ER,2
HR9 7ES,2
HR9 7ET,2
HR9 7EU,2
HR9 7EW,2
HR9 7EX,5
HR9 7EY,2
HR9 7EZ,5
HR9 7FA,5
HR9 7FB,6
HR9 7FD,5
HR9 7FE,2
HR9 7FF,5
HR9 7FG,5
HR9 7FH,5
HR9 7FJ,5
HR9 7FL,5
HR9 7FN,5
HR9 7FP,5
HR9 7FQ,5
HR9 7FR,5
HR9 7FS,2
HR9 7FU,5
HR9 7FW,5
HR9 7FX,5
HR9 7FY,5
HR9 7FZ,5
HR9 7GA,5
HR9 7GB,5
HR9 7GD,8
HR9 7GE,5
HR9 7GF,8
HR9 7GG,8
HR9 7GH,5
HR9 7GJ,5
HR9 7GL,5
HR9 7GN,6
HR9 7GP,6
HR9 7GQ,5
HR9 7GR,8
HR9 7GS,8
HR9 7GU,8
HR9 7GW,5
HR9 7GX,8
HR9 7GY,5
HR9 7GZ,5
HR9 7HA,2
HR9 7HB,2
HR9 7HD,2
HR9 7HE,2
HR9 7HF,2
HR9 7HG,5
HR9 7HH,2
HR9 7HJ,5
HR9 7HL,5
HR9 7HN,5
HR9 7HP,5
HR9 7HQ,5
HR9 7HR,5
HR9 7HS,5
HR9 7HT,5
HR9 7HU,5
HR9 7HW,5
HR9 7HX,5
HR9 7HY,5
HR9 7HZ,5
HR9 7JA,5
HR9 7JB,5
HR9 7JD,5
HR9 7JE,5
HR9 7JF,5
HR9 7JG,5
HR9 7JH,5
HR9 7JJ,5
HR9 7JL,5
HR9 7JN,5
HR9 7JP,5
HR9 7JQ,5
HR9 7JR,5
HR9 7JS,5
HR9 7JT,5
HR9 7JU,2
HR9 7JW,5
HR9 7JX,5
HR9 7JY,5
HR9 7JZ,5
HR9 7LA,5
HR9 7LB,6
HR9 7LD,6
HR9 7LE,6
HR9 7LF,9
HR9 7LG,9
HR9 7LH,6
HR9 7LJ,6
HR9 7LL,6
HR9 7LN,6
HR9 7LP,6
HR9 7LQ,6
HR9 7LR,6
HR9 7LS,6
HR9 7LT,6
HR9 7LU,6
HR9 7LW,6
HR9 7LX,5
HR9 7LY,5
HR9 7LZ,6
HR9 7NA,5
HR9 7NB,6
HR9 7ND,5
HR9 7NE,8
HR9 7NF,8
HR9 7NG,8
HR9 7NH,5
HR9 7NJ,8
HR9 7NL,8
HR9 7NN,8
HR9 7NP,5
HR9 7NQ,8
HR9 7NR,5
HR9 7NS,5
HR9 7NT,5
HR9 7NU,5
HR9 7NW,8
HR9 7NX,5
HR9 7NY,5
HR9 7NZ,5
HR9 7PA,5
HR9 7PB,5
HR9 7PD,5
HR9 7PE,5
HR9 7PF,5
HR9 7PG,5
HR9 7PH,5
HR9 7PJ,5
HR9 7PL,5
HR9 7PN,5
HR9 7PP,5
HR9 7PQ,5
HR9 7PR,5
HR9 7PS,5
HR9 7PT,5
HR9 7PU,5
HR9 7PW,5
HR9 7PX,5
HR9 7PY,6
HR9 7PZ,6
HR9 7QA,5
HR9 7QB,2
HR9 7QD,5
HR9 7QE,5
HR9 7QG,8
HR9 7QH,8
HR9 7QJ,8
HR9 7QL,5
HR9 7QN,5
HR9 7QP,5
HR9 7QQ,8
HR9 7QR,5
HR9 7QS,5
HR9 7QT,5
HR9 7QU,5
HR9 7QW,5
HR9 7QX,5
HR9 7QY,5
HR9 7QZ,5
HR9 7RA,5
HR9 7RB,5
HR9 7RD,5
HR9 7RE,5
HR9 7RF,5
HR9 7RG,5
HR9 7RH,5
HR9 7RJ,5
HR9 7RL,5
HR9 7RN,5
HR9 7RP,5
HR9 7RQ,5
HR9 7RR,5
HR9 7RS,5
HR9 7RT,6
HR9 7RU,5
HR9 7RW,2
HR9 7RX,5
HR9 7RY,5
HR9 7RZ,5
HR9 7SA,5
HR9 7SB,5
HR9 7SD,5
HR9 7SE,5
HR9 7SF,6
HR9 7SG,6
HR9 7SH,5
HR9 7SJ,6
HR9 7SL,5
HR9 7SN,6
HR9 7SP,6
HR9 7SQ,6
HR9 7SR,6
HR9 7SS,5
HR9 7ST,6
HR9 7SU,6
HR9 7SW,6
HR9 7SX,6
HR9 7SY,5
HR9 7SZ,10
HR9 7TA,10
HR9 7TB,10
HR9 7TD,5
HR9 7TE,5
HR9 7TF,5
HR9 7TG,5
HR9 7TH,5
HR9 7TJ,8
HR9 7TL,8
HR9 7TN,5
HR9 7TP,5
HR9 7TQ,5
HR9 7TR,5
HR9 7TS,5
HR9 7TT,5
HR9 7TU,5
HR9 7TW,5
HR9 7TX,5
HR9 7TY,8
HR9 7TZ,5
HR9 7UA,5
HR9 7UB,5
HR9 7UD,5
HR9 7UE,5
HR9 7UF,5
HR9 7UG,5
HR9 7UH,5
HR9 7UJ,5
HR9 7UL,5
HR9 7UN,5
HR9 7UP,5
HR9 7UQ,5
HR9 7UR,5
HR9 7US,8
HR9 7UT,5
HR9 7UU,5
HR9 7UW,5
HR9 7UX,10
HR9 7UY,10
HR9 7UZ,5
HR9 7WA,5
HR9 7WB,5
HR9 7WD,6
HR9 7WE,8
HR9 7WF,5
HR9 7WG,5
HR9 7WH,5
HR9 7WJ,6
HR9 7WL,8
HR9 7WN,8
HR9 7WP,8
HR9 7WQ,8
HR9 7WR,5
HR9 7WS,8
HR9 7WT,5
HR9 7WU,8
HR9 7WW,8
HR9 7WX,8
HR9 7WY,5
HR9 7WZ,8
HR9 7XA,2
HR9 7XB,8
HR9 7XD,8
HR9 7XE,8
HR9 7XF,8
HR9 7XG,8
HR9 7XH,8
HR9 7XJ,8
HR9 7XL,8
HR9 7XN,8
HR9 7XP,8
HR9 7XQ,8
HR9 7XR,8
HR9 7XS,8
HR9 7XT,8
HR9 7XU,5
HR9 7XW,8
HR9 7XX,5
HR9 7XY,8
HR9 7XZ,8
HR9 7YA,2
HR9 7YB,5
HR9 7YD,8
HR9 7YE,8
HR9 7YF,8
HR9 7YG,5
HR9 7YH,5
HR9 7YJ,8
HR9 7YL,8
HR9 7YN,8
HR9 7YP,8
HR9 7YQ,8
HR9 7YR,5
HR9 7YS,8
HR9 7YT,8
HR9 7YU,5
HR9 7YW,5
HR9 7YX,5
HR9 7YY,8
HR9 7YZ,8
HR9 7ZQ,5
HR9 7ZR,5
HR9 7ZS,8
HR9 7ZT,8
HR9 7ZU,8
HR9 7ZW,8
HR9 9AA,8
HR9 9AB,8
HR9 9AD,8
HR9 9AE,8
HR9 9AF,8
HR9 9AG,8
HR9 9AH,8
HR9 9AJ,8
HR9 9AL,8
HR9 9AN,8
HR9 9AP,8
HR9 9AQ,8
HR9 9AR,8
HR9 9AS,8
HR9 9AT,8
HR9 9AU,8
HR9 9AW,8
HR9 9AX,8
HR9 9AY,8
HR9 9AZ,8
HR9 9BA,8
HR9 9BB,8
HR9 9BD,8
HR9 9BE,8
HR9 9BF,8
HR9 9BG,8
HR9 9BH,8
HR9 9BJ,8
HR9 9BL,8
HR9 9BN,8
HR9 9BP,8
HR9 9BQ,8
HR9 9BR,8
HR9 9BS,8
HR9 9BT,8
HR9 9BU,8
HR9 9BW,8
HR9 9BX,8
HR9 9BY,8
HR9 9BZ,8
HR9 9DA,8
HR9 9DB,8
HR9 9DD,8
HR9 9DE,8
HR9 9DF,8
HR9 9DG,8
HR9 9DH,8
HR9 9DJ,8
HR9 9DL,8
HR9 9DN,8
HR9 9DP,8
HR9 9DQ,8
HR9 9DR,8
HR9 9DS,8
HR9 9DT,8
HR9 9DU,8
HR9 9DW,8
HR9 9DX,8
HR9 9DY,8
HR9 9DZ,8
HR9 9EA,8
HR9 9EB,8
HR9 9ED,8
HR9 9EE,8
HR9 9EF,8
HR9 9EG,8
HR9 9EH,8
HR9 9EJ,8
HR9 9EL,8
HR9 9EN,8
HR9 9EP,8
HR9 9EQ,8
HR9 9ER,8
HR9 9ES,8
HR9 9ET,8
HR9 9EU,8
HR9 9EW,8
HR9 9EX,8
HR9 9EY,8
HR9 9EZ,8
HR9 9FA,8
HR9 9FB,8
HR9 9FD,8
HR9 9FE,8
HR9 9FF,8
HR9 9FG,8
HR9 9FH,8
HR9 9FJ,8
HR9 9FL,8
HR9 9FN,8
HR9 9FP,8
HR9 9FQ,8
HR9 9FR,8
HR9 9FS,8
HR9 9FT,8
HR9 9FU,8
HR9 9GR,8
HR9 9GS,8
HR9 9GU,8
HR9 9WA,8
HR9 9WE,8
HR9 9WL,8
HR9 9WN,
HR9 9WP,8
HR9 9WQ,8
HR9 9WS,8
HR9 9WU,8
HR9 9WW,8
HR9 9WX,8
HR9 9WZ,8
HR9 9XT,8
HR9 9XY,8
HR9 9YD,8
HR9 9YE,8
HR9 9YF,8
HR9 9YL,8
HR9 9YN,8
HR9 9YP,8
HR9 9YQ,8
HR9 9YS,8
HR9 9YT,8
HR9 9YY,8
HR9 9YZ,8
HR9 9ZS,8
HR9 9ZT,8
HR9 9ZU,8
HR9 9ZW,8
HR7 4HQ,5
HR7 4HR,3
HR7 4HS,3
HR7 4HT,3
HR7 4HU,3
HR7 4HW,7
HR7 4HX,5
HR7 4HY,4
HR7 4HZ,4
HR7 4JA,4
HR7 4JB,4
HR7 4JD,4
HR7 4JE,4
HR7 4JF,4
HR7 4JG,4
HR7 4JH,4
HR7 4JJ,4
HR7 4JL,4
HR7 4JN,4
HR7 4JP,7
HR7 4JQ,4
HR7 4JR,4
HR7 4JS,7
HR7 4JT,7
HR7 4JU,7
HR7 4JW,4
HR7 4JX,7
HR7 4JY,7
HR7 4JZ,7
HR7 4LA,7
HR7 4LB,4
HR7 4LD,7
HR7 4LE,5
HR7 4LF,5
HR7 4LG,7
HR7 4LH,7
HR7 4LJ,7
HR7 4LL,3
HR7 4LN,4
HR7 4LP,4
HR7 4LQ,7
HR7 4LR,5
HR7 4LS,4
HR7 4LT,5
HR7 4LU,5
HR7 4LW,3
HR7 4LX,5
HR7 4LY,5
HR7 4LZ,5
HR7 4NA,5
HR7 4NB,5
HR7 4ND,5
HR7 4NE,5
HR7 4NF,5
HR7 4NG,5
HR7 4NH,5
HR7 4NJ,5
HR7 4NL,5
HR7 4NN,5
HR7 4NP,3
HR7 4NQ,5
HR7 4NR,3
HR7 4NS,3
HR7 4NT,5
HR7 4NU,5
HR7 4NW,5
HR7 4NX,5
HR7 4NY,5
HR7 4NZ,5
HR7 4PA,5
HR7 4PB,5
HR7 4PD,5
HR7 4PE,5
HR7 4PF,5
HR7 4PG,5
HR7 4PH,5
HR7 4PJ,5
HR7 4PL,5
HR7 4PN,5
HR7 4PP,5
HR7 4PQ,4
HR7 4PR,5
HR7 4PS,5
HR7 4PT,5
HR7 4PU,5
HR7 4PW,5
HR7 4PX,5
HR7 4PY,5
HR7 4PZ,5
HR7 4QA,5
HR7 4QB,5
HR7 4QD,5
HR7 4QE,5
HR7 4QF,5
HR7 4QG,7
HR7 4QH,5
HR7 4QJ,5
HR7 4QL,5
HR7 4QN,7
HR7 4QP,5
HR7 4QQ,5
HR7 4QR,7
HR7 4QS,7
HR7 4QT,5
HR7 4QU,7
HR7 4QW,5
HR7 4QX,7
HR7 4QY,5
HR7 4QZ,5
HR7 4RA,5
HR7 4RB,4
HR7 4RD,4
HR7 4RE,5
HR7 4RF,5
HR7 4RG,5
HR7 4RH,5
HR7 4RJ,5
HR7 4RL,5
HR7 4RN,5
HR7 4RP,5
HR7 4RQ,5
HR7 4RR,5
HR7 4RS,5
HR7 4RT,5
HR7 4RU,5
HR7 4RW,5
HR7 4RX,7
HR7 4RY,4
HR7 4RZ,4
HR7 4SA,4
HR7 4SB,4
HR7 4SD,5
HR7 4SE,4
HR7 4SF,4
HR7 4SG,4
HR7 4SH,5
HR7 4SJ,5
HR7 4SL,5
HR7 4SN,5
HR7 4SP,7
HR7 4SQ,5
HR7 4SR,4
HR7 4SS,7
HR7 4ST,5
HR7 4SU,3
HR7 4SW,4
HR7 4SX,4
HR7 4SY,4
HR7 4SZ,4
HR7 4TA,4
HR7 4TB,5
HR7 4TD,5
HR7 4TE,4
HR7 4TF,5
HR7 4TG,5
HR7 4TH,4
HR7 4TJ,4
HR7 4TL,4
HR7 4TN,4
HR7 4TP,3
HR7 4TQ,5
HR7 4TR,3
HR7 4TS,3
HR7 4TT,4
HR7 4TU,4
HR7 4TW,3
HR7 4TX,4
HR7 4TY,4
HR7 4TZ,4
HR7 4UA,3
HR7 4UB,3
HR7 4UD,3
HR7 4UE,4
HR7 4UF,3
HR7 4UG,4
HR7 4UH,3
HR7 4UJ,5
HR7 4UL,4
HR7 4UN,4
HR7 4UP,3
HR7 4UQ,7
HR7 4UR,4
HR7 4US,5
HR7 4UT,4
HR7 4UU,3
HR7 4UW,5
HR7 4UX,7
HR7 4UY,4
HR7 4UZ,7
HR7 4WA,3
HR7 4WD,4
HR7 4WS,3
HR7 4WW,3
HR7 4WZ,3
HR7 4XA,7
HR7 4XB,7
HR7 4XD,7
HR7 4XY,5
HR7 4YA,3
HR7 4YB,3
HR7 4YD,3
HR7 4YE,3
HR7 4YF,7
HR7 4YG,3
HR7 4YH,7
HR7 4YJ,7
HR7 4YL,3
HR7 4YN,3
HR7 4YP,3
HR7 4YQ,3
HR7 4YR,3
HR7 4YS,3
HR7 4YT,3
HR7 4YU,3
HR7 4YW,7
HR7 4ZA,3
HR7 4ZD,3
HR7 4ZP,3
HR7 4ZY,7
HR7 9AA,3
HR7 9AB,3
HR7 9AD,3
HR7 9AE,3
HR7 9AF,3
HR7 9AG,3
HR7 9AH,3
HR7 9AJ,3
HR7 9AL,3
HR7 9AN,3
HR7 9AP,3
HR7 9AQ,3
HR7 9WZ,3
HR8 1AA,5
HR8 1AB,5
HR8 1AD,7
HR8 1AE,7
HR8 1AF,7
HR8 1AG,5
HR8 1AH,8
HR8 1AJ,8
HR8 1AL,8
HR8 1AN,8
HR8 1AP,8
HR8 1AQ,7
HR8 1AR,8
HR8 1AS,8
HR8 1AT,8
HR8 1AU,8
HR8 1AW,8
HR8 1AX,8
HR8 1AY,8
HR8 1AZ,8
HR8 1BA,8
HR8 1BB,8
HR8 1BD,8
HR8 1BE,8
HR8 1BG,8
HR8 1BH,7
HR8 1BJ,8
HR8 1BL,5
HR8 1BN,5
HR8 1BP,5
HR8 1BQ,8
HR8 1BS,8
HR8 1BT,5
HR8 1BU,5
HR8 1BW,8
HR8 1BX,5
HR8 1BY,8
HR8 1BZ,8
HR8 1DA,8
HR8 1DB,5
HR8 1DD,8
HR8 1DE,8
HR8 1DF,8
HR8 1DG,8
HR8 1DH,5
HR8 1DJ,5
HR8 1DL,5
HR8 1DN,5
HR8 1DP,5
HR8 1DQ,8
HR8 1DR,5
HR8 1DS,5
HR8 1DT,8
HR8 1DU,5
HR8 1DW,5
HR8 1DX,5
HR8 1DY,5
HR8 1DZ,5
HR8 1EA,5
HR8 1EB,5
HR8 1ED,5
HR8 1EE,8
HR8 1EF,7
HR8 1EG,7
HR8 1EH,7
HR8 1EJ,7
HR8 1EL,7
HR8 1EN,7
HR8 1EP,7
HR8 1EQ,8
HR8 1ER,7
HR8 1ES,7
HR8 1ET,5
HR8 1EU,6
HR8 1EW,7
HR8 1EX,5
HR8 1EY,5
HR8 1EZ,5
HR8 1FA,5
HR8 1HA,5
HR8 1HB,5
HR8 1HD,5
HR8 1HE,5
HR8 1HF,5
HR8 1HG,5
HR8 1HH,5
HR8 1HJ,5
HR8 1HL,5
HR8 1HN,5
HR8 1HP,4
HR8 1HQ,5
HR8 1HR,4
HR8 1HS,4
HR8 1HT,4
HR8 1HU,4
HR8 1HW,4
HR8 1HX,5
HR8 1HY,4
HR8 1HZ,5
HR8 1JA,7
HR8 1JB,8
HR8 1JD,8
HR8 1JE,8
HR8 1JF,8
HR8 1JG,7
HR8 1JH,5
HR8 1JJ,5
HR8 1JL,5
HR8 1JN,5
HR8 1JP,5
HR8 1JQ,7
HR8 1JR,5
HR8 1JS,5
HR8 1JT,5
HR8 1JU,5
HR8 1JW,5
HR8 1JX,5
HR8 1JY,5
HR8 1JZ,5
HR8 1LA,8
HR8 1LB,8
HR8 1LD,8
HR8 1LE,8
HR8 1LF,7
HR8 1LG,8
HR8 1LH,8
HR8 1LJ,8
HR8 1LL,8
HR8 1LN,8
HR8 1LP,5
HR8 1LQ,8
HR8 1LR,5
HR8 1LS,5
HR8 1LT,5
HR8 1LU,5
HR8 1LW,8
HR8 1LX,5
HR8 1LY,5
HR8 1LZ,5
HR8 1NA,5
HR8 1NB,5
HR8 1ND,5
HR8 1NE,5
HR8 1NF,5
HR8 1NG,5
HR8 1NH,5
HR8 1NJ,5
HR8 1NL,5
HR8 1NN,5
HR8 1NP,5
HR8 1NQ,5
HR8 1NR,7
HR8 1NS,8
HR8 1NT,6
HR8 1NU,5
HR8 1NW,5
HR8 1NX,6
HR8 1NY,6
HR8 1NZ,6
HR8 1PA,6
HR8 1PB,6
HR8 1PD,6
HR8 1PE,6
HR8 1PF,6
HR8 1PG,6
HR8 1PH,8
HR8 1PJ,7
HR8 1PL,7
HR8 1PN,7
HR8 1PP,7
HR8 1PQ,6
HR8 1PR,5
HR8 1PS,5
HR8 1PT,5
HR8 1PU,5
HR8 1PW,7
HR8 1PX,5
HR8 1PY,5
HR8 1PZ,5
HR8 1QA,5
HR8 1QB,5
HR8 1QD,5
HR8 1QE,5
HR8 1QF,5
HR8 1QG,5
HR8 1QH,5
HR8 1QJ,4
HR8 1QL,5
HR8 1QN,5
HR8 1QP,5
HR8 1QQ,5
HR8 1QR,5
HR8 1QS,5
HR8 1QT,5
HR8 1QU,5
HR8 1QW,5
HR8 1QX,5
HR8 1QY,6
HR8 1QZ,5
HR8 1RA,7
HR8 1RB,7
HR8 1RD,7
HR8 1RE,7
HR8 1RF,7
HR8 1RG,7
HR8 1RL,7
HR8 1RN,7
HR8 1RP,7
HR8 1RQ,7
HR8 1RR,7
HR8 1RS,6
HR8 1RT,6
HR8 1RU,6
HR8 1RW,7
HR8 1RX,6
HR8 1RY,6
HR8 1RZ,6
HR8 1SA,6
HR8 1SB,6
HR8 1SD,5
HR8 1SE,6
HR8 1SF,6
HR8 1SG,5
HR8 1SJ,7
HR8 1SL,5
HR8 1SN,5
HR8 1SP,5
HR8 1SQ,7
HR8 1SR,8
HR8 1SU,9
HR8 1SW,5
HR8 1SX,8
HR8 1SY,7
HR8 1SZ,5
HR8 1TQ,7
HR8 1WA,5
HR8 1WH,5
HR8 1WQ,5
HR8 1WR,5
HR8 1WY,5
HR8 1WZ,5
HR8 1XZ,5
HR8 1YA,8
HR8 1YB,5
HR8 1YD,5
HR8 1YE,5
HR8 1YF,5
HR8 1YG,5
HR8 1YH,5
HR8 1YJ,5
HR8 1YL,5
HR8 1YN,8
HR8 1YP,5
HR8 1YQ,8
HR8 1YR,5
HR8 1YS,5
HR8 1YT,5
HR8 1YU,5
HR8 1YW,5
HR8 1ZW,5
HR8 1ZY,5
HR8 2AA,5
HR8 2AB,5
HR8 2AD,5
HR8 2AE,5
HR8 2AF,8
HR8 2AG,5
HR8 2AH,5
HR8 2AJ,5
HR8 2AL,7
HR8 2AN,5
HR8 2AP,5
HR8 2AQ,5
HR8 2AR,5
HR8 2AS,5
HR8 2AT,5
HR8 2AU,8
HR8 2AW,5
HR8 2AX,8
HR8 2AY,8
HR8 2AZ,5
HR8 2BA,5
HR8 2BB,5
HR8 2BD,5
HR8 2BE,8
HR8 2BG,7
HR8 2BH,5
HR8 2BJ,7
HR8 2BL,7
HR8 2BN,5
HR8 2BP,5
HR8 2BQ,5
HR8 2BS,5
HR8 2BT,5
HR8 2BU,5
HR8 2BW,5
HR8 2BX,5
HR8 2BY,5
HR8 2BZ,5
HR8 2DA,5
HR8 2DB,5
HR8 2DD,4
HR8 2DE,4
HR8 2DF,4
HR8 2DG,7
HR8 2DH,4
HR8 2DJ,5
HR8 2DL,7
HR8 2DN,4
HR8 2DP,4
HR8 2DQ,7
HR8 2DR,4
HR8 2DS,4
HR8 2DT,4
HR8 2DU,9
HR8 2DW,4
HR8 2DX,7
HR8 2DY,7
HR8 2DZ,9
HR8 2EA,7
HR8 2EB,7
HR8 2ED,7
HR8 2EE,7
HR8 2EF,5
HR8 2EG,7
HR8 2EH,7
HR8 2EJ,4
HR8 2EL,4
HR8 2EN,4
HR8 2EP,7
HR8 2EQ,7
HR8 2ER,4
HR8 2ES,8
HR8 2ET,7
HR8 2EU,7
HR8 2EW,7
HR8 2EX,7
HR8 2EY,7
HR8 2EZ,7
HR8 2FA,9
HR8 2FB,9
HR8 2FD,9
HR8 2FE,9
HR8 2FF,9
HR8 2FG,9
HR8 2FH,9
HR8 2FJ,9
HR8 2FL,9
HR8 2FN,9
HR8 2FP,9
HR8 2FQ,9
HR8 2FR,9
HR8 2FS,9
HR8 2FT,9
HR8 2FU,9
HR8 2FW,5
HR8 2FX,4
HR8 2FY,5
HR8 2FZ,9
HR8 2GA,9
HR8 2GB,8
HR8 2GD,4
HR8 2GE,7
HR8 2GF,5
HR8 2GG,7
HR8 2GH,9
HR8 2GJ,5
HR8 2GL,7
HR8 2GN,7
HR8 2GP,7
HR8 2GQ,5
HR8 2HA,7
HR8 2HB,7
HR8 2HD,7
HR8 2HE,4
HR8 2HF,7
HR8 2HG,7
HR8 2HH,7
HR8 2HJ,7
HR8 2HL,7
HR8 2HN,7
HR8 2HP,7
HR8 2HQ,7
HR8 2HR,7
HR8 2HS,4
HR8 2HT,7
HR8 2HU,7
HR8 2HW,7
HR8 2HX,7
HR8 2HY,7
HR8 2HZ,6
HR8 2JA,7
HR8 2JB,7
HR8 2JD,7
HR8 2JE,7
HR8 2JF,4
HR8 2JG,7
HR8 2JH,7
HR8 2JJ,5
HR8 2JL,7
HR8 2JN,7
HR8 2JP,7
HR8 2JQ,4
HR8 2JR,5
HR8 2JS,5
HR8 2JT,7
HR8 2JU,5
HR8 2JW,7
HR8 2JX,5
HR8 2JY,5
HR8 2JZ,5
HR8 2LA,5
HR8 2LB,5
HR8 2LD,7
HR8 2LE,7
HR8 2LF,7
HR8 2LG,6
HR8 2LH,6
HR8 2LJ,6
HR8 2LL,6
HR8 2LN,7
HR8 2LP,7
HR8 2LQ,9
HR8 2LR,9
HR8 2LS,9
HR8 2LT,5
HR8 2LW,7
HR8 2LX,5
HR8 2LY,5
HR8 2LZ,9
HR8 2NA,5
HR8 2NB,5
HR8 2ND,5
HR8 2NE,9
HR8 2NF,5
HR8 2NG,5
HR8 2NH,5
HR8 2NJ,5
HR8 2NL,5
HR8 2NN,5
HR8 2NP,5
HR8 2NQ,5
HR8 2NR,5
HR8 2NS,5
HR8 2NT,5
HR8 2NU,5
HR8 2NW,5
HR8 2NX,5
HR8 2NY,5
HR8 2NZ,4
HR8 2PA,5
HR8 2PB,5
HR8 2PD,5
HR8 2PE,5
HR8 2PF,5
HR8 2PG,5
HR8 2PH,5
HR8 2PJ,5
HR8 2PL,5
HR8 2PN,9
HR8 2PP,9
HR8 2PQ,5
HR8 2PR,8
HR8 2PS,7
HR8 2PT,7
HR8 2PU,7
HR8 2PW,9
HR8 2PX,7
HR8 2PY,5
HR8 2PZ,5
HR8 2QA,5
HR8 2QB,5
HR8 2QD,5
HR8 2QE,5
HR8 2QF,5
HR8 2QG,5
HR8 2QH,5
HR8 2QJ,5
HR8 2QL,5
HR8 2QN,5
HR8 2QP,5
HR8 2QQ,5
HR8 2QR,5
HR8 2QS,5
HR8 2QT,5
HR8 2QU,5
HR8 2QW,5
HR8 2QX,8
HR8 2QY,8
HR8 2QZ,8
HR8 2RA,5
HR8 2RB,5
HR8 2RD,5
HR8 2RE,5
HR8 2RF,5
HR8 2RG,5
HR8 2RH,5
HR8 2RJ,5
HR8 2RL,5
HR8 2RN,4
HR8 2RP,4
HR8 2RQ,5
HR8 2RR,5
HR8 2RS,5
HR8 2RT,5
HR8 2RU,5
HR8 2RW,5
HR8 2RX,5
HR8 2RY,5
HR8 2RZ,5
HR8 2SA,5
HR8 2SB,5
HR8 2SD,5
HR8 2SE,5
HR8 2SF,5
HR8 2SG,5
HR8 2SH,5
HR8 2SJ,5
HR8 2SL,5
HR8 2SN,5
HR8 2SP,5
HR8 2SQ,5
HR8 2SR,5
HR8 2SS,9
HR8 2SU,7
HR8 2SW,5
HR8 2TA,5
HR8 2TB,5
HR8 2TD,5
HR8 2TE,5
HR8 2TF,5
HR8 2TG,5
HR8 2TH,5
HR8 2TJ,5
HR8 2TN,5
HR8 2TP,5
HR8 2TQ,5
HR8 2TR,5
HR8 2TS,5
HR8 2TT,5
HR8 2TU,5
HR8 2TW,5
HR8 2TX,5
HR8 2TY,5
HR8 2TZ,5
HR8 2UA,4
HR8 2UB,4
HR8 2UD,5
HR8 2UE,5
HR8 2UF,4
HR8 2UG,5
HR8 2UH,4
HR8 2UJ,5
HR8 2UL,5
HR8 2UN,4
HR8 2UP,9
HR8 2UQ,5
HR8 2UR,9
HR8 2US,9
HR8 2UT,9
HR8 2UU,9
HR8 2UW,9
HR8 2UX,9
HR8 2UY,4
HR8 2WA,9
HR8 2WB,5
HR8 2WD,9
HR8 2WE,9
HR8 2WQ,5
HR8 2WT,8
HR8 2WW,5
HR8 2WX,5
HR8 2WY,5
HR8 2WZ,5
HR8 2XA,4
HR8 2XB,4
HR8 2XD,7
HR8 2XE,7
HR8 2XF,4
HR8 2XG,7
HR8 2XH,7
HR8 2XJ,4
HR8 2XL,4
HR8 2XN,4
HR8 2XP,7
HR8 2XQ,7
HR8 2XR,7
HR8 2XS,7
HR8 2XT,4
HR8 2XU,4
HR8 2XW,4
HR8 2XX,4
HR8 2XY,4
HR8 2YA,5
HR8 2YB,5
HR8 2YD,8
HR8 2YE,5
HR8 2YF,5
HR8 2YG,7
HR8 2YH,5
HR8 2YJ,5
HR8 2YL,5
HR8 2YN,8
HR8 2YP,5
HR8 2YQ,5
HR8 2YR,5
HR8 2YS,5
HR8 2YT,5
HR8 2YU,5
HR8 2YW,5
HR8 2YX,5
HR8 2YY,7
HR8 2YZ,8
HR8 2ZA,5
HR8 2ZB,8
HR8 2ZD,5
HR8 2ZF,5
HR8 2ZL,8
HR8 2ZQ,5
HR8 2ZR,5
HR8 2ZS,5
HR8 2ZT,8
HR8 9AA,
HR8 9AB,5
HR8 9AD,5
HR8 9AE,5
HR8 9AF,5
HR8 9AH,5
HR8 9AT,5
HR8 9AZ,5
HR8 9BP,5
HR8 9DA,5
HR8 9DG,5
HR8 9DJ,8
HR8 9DL,5
HR8 9EB,5
HR8 9EL,5
HR8 9ET,5
HR8 9EU,5
HR8 9EX,5
HR8 9EZ,5
HR8 9FD,5
HR8 9GA,5
HR8 9GD,5
HR8 9GH,5
HR8 9GP,5
HR8 9GY,5
HR8 9HB,5
HR8 9HF,5
HR8 9HG,5
HR8 9JB,5
HR8 9JE,8
HR8 9JF,5
HR8 9JG,5
HR8 9JL,5
HR8 9JN,8
HR8 9JW,8
HR8 9JY,8
HR8 9RB,8
HR8 9RG,8
HR9 5AA,5
HR9 5AB,5
HR9 5AD,5
HR9 5AE,5
HR9 5AF,5
HR9 5AG,5
HR9 5AH,5
HR9 5AJ,5
HR9 5AL,5
HR9 5AN,5
HR9 5AP,5
HR9 5AQ,5
HR9 5AR,5
HR9 5AS,5
HR9 5AT,5
HR9 5AU,5
HR9 5AW,5
HR9 5AX,5
HR9 5AY,5
HR9 5AZ,5
HR9 5BA,5
HR9 5BB,5
HR9 5BD,5
HR9 5BE,5
HR9 5BG,5
HR9 5BH,10
HR9 5BJ,5
HR9 5BL,8
HR9 5BN,8
HR9 5BP,8
HR9 5BQ,10
HR9 5BS,5
HR9 5BT,5
HR9 5BU,5
HR9 5BW,8
HR9 5BX,5
HR9 5BY,5
HR9 5BZ,5
HR9 5DA,8
HR9 5DB,5
HR9 5DD,5
HR9 5DE,5
HR9 5DF,5
HR9 5GD,5
HR9 5GE,5
HR9 5GL,8
HR9 5GT,5
HR9 5HA,5
HR9 5HB,5
HR9 5HD,5
HR9 5HE,5
HR9 5HF,5
HR9 5HG,5
HR9 5HH,5
HR9 5HJ,5
HR9 5HL,5
HR9 5HN,5
HR9 5HP,5
HR9 5HQ,5
HR9 5HR,5
HR9 5HS,5
HR9 5HT,5
HR9 5HU,5
HR9 5HW,5
HR9 5HX,5
HR9 5HY,5
HR9 5HZ,5
HR9 5JA,5
HR9 5JB,5
HR9 5JD,5
HR9 5JE,8
HR9 5JF,5
HR9 5JG,5
HR9 5JH,5
HR9 5JJ,5
HR9 5JL,5
HR9 5JN,5
HR9 5JP,8
HR9 5JQ,5
HR9 5JR,5
HR9 5JS,5
HR9 5JT,5
HR9 5JU,5
HR9 5JW,5
HR9 5JX,5
HR9 5JY,5
HR9 5JZ,5
HR9 5LA,5
HR9 5LB,8
HR9 5LD,5
HR9 5LE,5
HR9 5LF,5
HR9 5LG,5
HR9 5LH,5
HR9 5LJ,5
HR9 5LL,5
HR9 5LN,5
HR9 5LP,5
HR9 5LQ,5
HR9 5LR,5
HR9 5LS,5
HR9 5LT,5
HR9 5LU,5
HR9 5LW,5
HR9 5LX,5
HR9 5LY,5
HR9 5LZ,5
HR9 5NA,5
