HS1 2AA,
HS1 2AB,
HS1 2AD,
HS1 2AE,
HS1 2AF,
HS1 2AG,
HS1 2AH,
HS1 2AY,
HS1 2BA,
HS1 2BB,
HS1 2BD,
HS1 2BE,
HS1 2BG,
HS1 2BJ,
HS1 2BL,
HS1 2BN,
HS1 2BQ,
HS1 2BS,
HS1 2BT,
HS1 2BU,
HS1 2BW,
HS1 2DA,
HS1 2DB,
HS1 2DD,
HS1 2DE,
HS1 2DF,
HS1 2DG,
HS1 2DH,
HS1 2DJ,
HS1 2DL,
HS1 2DN,
HS1 2DP,
HS1 2DQ,
HS1 2DR,
HS1 2DS,
HS1 2DT,
HS1 2DU,
HS1 2DW,
HS1 2DX,
HS1 2DY,
HS1 2DZ,
HS1 2EA,
HS1 2EB,
HS1 2ED,
HS1 2EG,
HS1 2EH,
HS1 2EJ,
HS1 2EN,
HS1 2EP,
HS1 2EU,
HS1 2EW,
HS1 2EX,
HS1 2EY,
HS1 2EZ,
HS1 2FA,
HS1 2FB,
HS1 2FD,
HS1 2FE,
HS1 2FF,
HS1 2FG,
HS1 2FH,
HS1 2FJ,
HS1 2FL,
HS1 2FP,
HS1 2FQ,
HS1 2FR,
HS1 2GA,
HS1 2GB,
HS9 5XZ,
HS9 5YA,
HS9 5YB,
HS9 5YD,
HS9 5YE,
HS9 5YG,
HS9 5YH,
HS9 5YL,
HS9 5YN,
HS9 5YP,
HS9 5YQ,
HS9 5YR,
HS9 5YS,
HS9 5YU,
HS9 5YW,
HS9 5ZE,
HS1 2GD,
HS1 2GE,
HS1 2GF,
HS1 2GG,
HS1 2GH,
HS1 2GJ,
HS1 2GL,
HS1 2GN,
HS1 2GP,
HS1 2GQ,
HS1 2GR,
HS1 2GS,
HS1 2GT,
HS1 2GU,
HS1 2GW,
HS1 2GY,
HS1 2GZ,
HS1 2HA,
HS1 2HB,
HS1 2HD,
HS1 2HE,
HS1 2HF,
HS1 2HG,
HS1 2HH,
HS1 2HJ,
HS1 2HL,
HS1 2HN,
HS1 2HP,
HS1 2HQ,
HS1 2HR,
HS1 2HT,
HS1 2HU,
HS1 2HY,
HS1 2HZ,
HS1 2JA,
HS1 2JB,
HS1 2JD,
HS1 2JE,
HS1 2JF,
HS1 2JG,
HS1 2JH,
HS1 2JJ,
HS1 2JL,
HS1 2JN,
HS1 2JP,
HS1 2JQ,
HS1 2JR,
HS1 2JS,
HS1 2JT,
HS1 2JU,
HS1 2JW,
HS1 2JX,
HS1 2JY,
HS1 2JZ,
HS1 2LA,
HS1 2LB,
HS1 2LD,
HS1 2LE,
HS1 2LF,
HS1 2LG,
HS1 2LH,
HS1 2LJ,
HS1 2LL,
HS1 2LP,
HS1 2LQ,
HS1 2LR,
HS1 2LS,
HS1 2LT,
HS1 2LU,
HS1 2LW,
HS1 2NA,
HS1 2NB,
HS1 2ND,
HS1 2NE,
HS1 2NF,
HS1 2NG,
HS1 2NH,
HS1 2NJ,
HS1 2NL,
HS1 2NN,
HS1 2NP,
HS1 2NQ,
HS1 2NR,
HS1 2NS,
HS1 2NW,
HS1 2NX,
HS1 2NY,
HS1 2NZ,
HS1 2PA,
HS1 2PB,
HS1 2PG,
HS1 2PH,
HS1 2PJ,
HS1 2PL,
HS1 2PN,
HS1 2PP,
HS1 2PQ,
HS1 2PR,
HS1 2PS,
HS1 2PT,
HS1 2PU,
HS1 2PX,
HS1 2PY,
HS1 2PZ,
HS1 2QG,
HS1 2QH,
HS1 2QJ,
HS1 2QL,
HS1 2QN,
HS1 2QP,
HS1 2QQ,
HS1 2QR,
HS1 2QS,
HS1 2QT,
HS1 2QU,
HS1 2QW,
HS1 2QY,
HS1 2QZ,
HS1 2RA,
HS1 2RB,
HS1 2RD,
HS1 2RE,
HS1 2RF,
HS1 2RG,
HS1 2RJ,
HS1 2RL,
HS1 2RN,
HS1 2RP,
HS1 2RR,
HS1 2RS,
HS1 2RT,
HS1 2RW,
HS1 2RX,
HS1 2RY,
HS1 2RZ,
HS1 2SA,
HS1 2SD,
HS1 2SE,
HS1 2SF,
HS1 2SG,
HS1 2SH,
HS1 2SJ,
HS1 2SL,
HS1 2SQ,
HS1 2SR,
HS1 2SS,
HS1 2ST,
HS1 2SU,
HS1 2SX,
HS1 2TA,
HS1 2TB,
HS1 2TD,
HS1 2TE,
HS1 2TF,
HS1 2TG,
HS1 2TH,
HS1 2TJ,
HS1 2TL,
HS1 2TN,
HS1 2TP,
HS1 2TQ,
HS1 2TR,
HS1 2TS,
HS1 2TT,
HS1 2TU,
HS1 2TW,
HS1 2TX,
HS1 2TY,
HS1 2TZ,
HS1 2UA,
HS1 2UB,
HS1 2UD,
HS1 2UE,
HS1 2UF,
HS1 2UG,
HS1 2UH,
HS1 2UJ,
HS1 2UL,
HS1 2UN,
HS1 2UP,
HS1 2UQ,
HS1 2UR,
HS1 2UT,
HS1 2UU,
HS1 2UW,
HS1 2UX,
HS1 2UY,
HS1 2UZ,
HS1 2WD,
HS1 2WE,
HS1 2WH,
HS1 2WN,
HS1 2WS,
HS1 2WT,
HS1 2WU,
HS1 2WX,
HS1 2WZ,
HS1 2XA,
HS1 2XB,
HS1 2XD,
HS1 2XE,
HS1 2XF,
HS1 2XG,
HS1 2XH,
HS1 2XJ,
HS1 2XL,
HS1 2XN,
HS1 2XP,
HS1 2XQ,
HS1 2XR,
HS1 2XS,
HS1 2XT,
HS1 2XU,
HS1 2XW,
HS1 2XX,
HS1 2XY,
HS1 2XZ,
HS1 2YA,
HS1 2YB,
HS1 2YD,
HS1 2YE,
HS1 2YF,
HS1 2YG,
HS1 2YH,
HS1 2YJ,
HS1 2YL,
HS1 2YN,
HS1 2YP,
HS1 2YQ,
HS1 2YR,
HS1 2YS,
HS1 2YT,
HS1 2YU,
HS1 2YW,
HS1 2YX,
HS1 2YY,
HS1 2YZ,
HS1 2ZA,
HS1 2ZB,
HS1 2ZD,
HS1 9AA,
HS1 9AB,
HS1 9AD,
HS1 9AE,
HS1 9AF,
HS1 9AG,
HS1 9AH,
HS1 9AJ,
HS1 9AL,
HS1 9AN,
HS1 9AP,
HS1 9ZZ,
HS2 0AA,
HS2 0AB,
HS2 0AD,
HS2 0AE,
HS2 0AF,
HS2 0AG,
HS2 0AH,
HS2 0AJ,
HS2 0AL,
HS2 0AN,
HS2 0AP,
HS2 0AQ,
HS2 0AR,
HS2 0AS,
HS2 0AT,
HS2 0AU,
HS2 0AW,
HS2 0AX,
HS2 0AY,
HS2 0AZ,
HS2 0BA,
HS2 0BB,
HS2 0BD,
HS2 0BE,
HS2 0BF,
HS2 0BG,
HS2 0BH,
HS2 0BJ,
HS2 0BL,
HS2 0BN,
HS2 0BP,
HS2 0BQ,
HS2 0BR,
HS2 0BS,
HS2 0BT,
HS2 0BW,
HS2 0BX,
HS2 0DA,
HS2 0DB,
HS2 0DD,
HS2 0DE,
HS2 0DF,
HS2 0DG,
HS2 0DH,
HS2 0DJ,
HS2 0DL,
HS2 0DN,
HS2 0DP,
HS2 0DQ,
HS2 0DR,
HS2 0DS,
HS2 0DT,
HS2 0DU,
HS2 0DW,
HS2 0DX,
HS2 0DY,
HS2 0DZ,
HS2 0EA,
HS2 0EB,
HS2 0ED,
HS2 0EE,
HS2 0EF,
HS2 0EG,
HS2 0EH,
HS2 0EJ,
HS2 0EL,
HS2 0EN,
HS2 0EP,
HS2 0EQ,
HS2 0ER,
HS2 0ES,
HS2 0ET,
HS2 0EU,
HS2 0EW,
HS2 0EX,
HS2 0EY,
HS2 0EZ,
HS2 0FS,
HS2 0GS,
HS2 0GT,
HS2 0HA,
HS2 0HB,
HS2 0HD,
HS2 0HE,
HS2 0HF,
HS2 0HG,
HS2 0HH,
HS2 0HJ,
HS2 0HL,
HS2 0HP,
HS2 0HQ,
HS2 0HR,
HS2 0HS,
HS2 0HT,
HS2 0HU,
HS2 0HW,
HS2 0HX,
HS2 0HY,
HS2 0HZ,
HS2 0JA,
HS2 0JB,
HS2 0JD,
HS2 0JE,
HS2 0JF,
HS2 0JG,
HS2 0JH,
HS2 0JJ,
HS2 0JN,
HS2 0JP,
HS2 0JR,
HS2 0JS,
HS2 0JT,
HS2 0JW,
HS2 0JY,
HS2 0JZ,
HS2 0LA,
HS2 0LB,
HS2 0LD,
HS2 0LE,
HS2 0LF,
HS2 0LH,
HS2 0LJ,
HS2 0LN,
HS2 0LP,
HS2 0LQ,
HS2 0LR,
HS2 0LS,
HS2 0LT,
HS2 0LW,
HS2 0NA,
HS2 0NB,
HS2 0ND,
HS2 0NE,
HS2 0NF,
HS2 0NG,
HS2 0NH,
HS2 0NJ,
HS2 0NL,
HS2 0NN,
HS2 0NP,
HS2 0NQ,
HS2 0NR,
HS2 0NT,
HS2 0NW,
HS2 0PA,
HS2 0PB,
HS2 0PD,
HS2 0PE,
HS2 0PF,
HS2 0PH,
HS2 0PJ,
HS2 0PL,
HS2 0PN,
HS2 0PP,
HS2 0PQ,
HS2 0PR,
HS2 0PS,
HS2 0PT,
HS2 0PU,
HS2 0PW,
HS2 0PX,
HS2 0PY,
HS2 0PZ,
HS2 0QA,
HS2 0QB,
HS2 0QD,
HS2 0QE,
HS2 0QF,
HS2 0QG,
HS2 0QH,
HS2 0QN,
HS2 0QQ,
HS2 0QR,
HS2 0QS,
HS2 0QW,
HS2 0QX,
HS2 0QY,
HS2 0QZ,
HS2 0RA,
HS2 0RB,
HS2 0RG,
HS2 0RH,
HS2 0RJ,
HS2 0RL,
HS2 0RQ,
HS2 0RR,
HS2 0RS,
HS2 0RT,
HS2 0RU,
HS2 0RX,
HS2 0RY,
HS2 0RZ,
HS2 0SD,
HS2 0SE,
HS2 0SF,
HS2 0SG,
HS2 0SH,
HS2 0SJ,
HS2 0SN,
HS2 0SP,
HS2 0SR,
HS2 0ST,
HS2 0SU,
HS2 0SW,
HS2 0SY,
HS2 0SZ,
HS2 0TA,
HS2 0TB,
HS2 0TD,
HS2 0TG,
HS2 0TH,
HS2 0TJ,
HS2 0TL,
HS2 0TN,
HS2 0TQ,
HS2 0TR,
HS2 0TS,
HS2 0TW,
HS2 0TX,
HS2 0WA,
HS2 0WB,
HS2 0WE,
HS2 0WZ,
HS2 0XA,
HS2 0XB,
HS2 0XD,
HS2 0XF,
HS2 0XG,
HS2 0XH,
HS2 0XJ,
HS2 0XP,
HS2 0XR,
HS2 0XS,
HS2 0YA,
HS2 0YB,
HS2 0YD,
HS2 0YE,
HS2 0YF,
HS2 0YG,
HS2 9AA,
HS2 9AD,
HS2 9AE,
HS2 9AG,
HS2 9AH,
HS2 9AJ,
HS2 9AL,
HS2 9AN,
HS2 9AP,
HS2 9AQ,
HS2 9AU,
HS2 9AW,
HS2 9AX,
HS2 9AY,
HS2 9AZ,
HS2 9BD,
HS2 9BE,
HS2 9BG,
HS2 9BJ,
HS2 9BL,
HS2 9BP,
HS2 9BQ,
HS2 9BS,
HS2 9BW,
HS2 9DA,
HS2 9DB,
HS2 9DD,
HS2 9DE,
HS2 9DF,
HS2 9DG,
HS2 9DH,
HS2 9DJ,
HS2 9DL,
HS2 9DP,
HS2 9DQ,
HS2 9DR,
HS2 9DS,
HS2 9DT,
HS2 9DU,
HS2 9DW,
HS2 9DX,
HS2 9DY,
HS2 9DZ,
HS2 9EA,
HS2 9ED,
HS2 9EF,
HS2 9EH,
HS2 9EJ,
HS2 9EL,
HS2 9EN,
HS2 9EP,
HS2 9ER,
HS2 9ET,
HS2 9EU,
HS2 9EW,
HS2 9EX,
HS2 9EY,
HS2 9HA,
HS2 9HB,
HS2 9HE,
HS2 9HH,
HS2 9HJ,
HS2 9HL,
HS2 9HP,
HS2 9HR,
HS2 9HS,
HS2 9HU,
HS2 9HW,
HS2 9HX,
HS2 9JA,
HS2 9JB,
HS2 9JD,
HS2 9JE,
HS2 9JF,
HS2 9JG,
HS2 9JH,
HS2 9JJ,
HS2 9JL,
HS2 9JN,
HS2 9JP,
HS2 9JR,
HS2 9JS,
HS2 9JT,
HS2 9JW,
HS2 9JX,
HS2 9JY,
HS2 9LA,
HS2 9LB,
HS2 9LE,
HS2 9LG,
HS2 9LN,
HS2 9LP,
HS2 9LQ,
HS2 9LS,
HS2 9LT,
HS2 9LU,
HS2 9LW,
HS2 9LX,
HS2 9LY,
HS2 9LZ,
HS2 9NA,
HS2 9NB,
HS2 9ND,
HS2 9NF,
HS2 9NG,
HS2 9NH,
HS2 9NJ,
HS2 9NL,
HS2 9NN,
HS2 9NP,
HS2 9NR,
HS2 9NS,
HS2 9NT,
HS2 9NU,
HS2 9NW,
HS2 9NX,
HS2 9NY,
HS2 9PA,
HS2 9PB,
HS2 9PE,
HS2 9PF,
HS2 9PJ,
HS2 9PN,
HS2 9PP,
HS2 9PR,
HS2 9PS,
HS2 9PT,
HS2 9PW,
HS2 9PX,
HS2 9QA,
HS2 9QB,
HS2 9QD,
HS2 9QE,
HS2 9QH,
HS2 9QJ,
HS2 9QL,
HS2 9QP,
HS2 9QR,
HS2 9QU,
HS2 9QX,
HS2 9QY,
HS2 9QZ,
HS2 9RA,
HS2 9RD,
HS2 9RE,
HS2 9RF,
HS2 9RG,
HS2 9WA,
HS2 9WB,
HS2 9WU,
HS2 9WZ,
HS2 9YA,
HS2 9YB,
HS3 3AA,
HS3 3AB,
HS3 3AD,
HS3 3AE,
HS3 3AG,
HS3 3AH,
HS3 3AJ,
HS3 3AL,
HS3 3AN,
HS3 3AP,
HS3 3AQ,
HS3 3AR,
HS3 3AS,
HS3 3AT,
HS3 3AU,
HS3 3AW,
HS3 3AX,
HS3 3AY,
HS3 3AZ,
HS3 3BA,
HS3 3BD,
HS3 3BG,
HS3 3BH,
HS3 3BJ,
HS3 3BL,
HS3 3BP,
HS3 3BQ,
HS3 3BS,
HS3 3BW,
HS3 3DA,
HS3 3DB,
HS3 3DD,
HS3 3DE,
HS3 3DF,
HS3 3DG,
HS3 3DH,
HS3 3DJ,
HS3 3DL,
HS3 3DN,
HS3 3DP,
HS3 3DQ,
HS3 3DR,
HS3 3DW,
HS3 3DX,
HS3 3DY,
HS3 3DZ,
HS3 3EB,
HS3 3ED,
HS3 3EF,
HS3 3EH,
HS3 3EJ,
HS3 3EL,
HS3 3EN,
HS3 3EP,
HS3 3ER,
HS3 3EX,
HS3 3EY,
HS3 3EZ,
HS3 3HA,
HS3 3HB,
HS3 3HG,
HS3 3HJ,
HS3 3HL,
HS3 3HN,
HS3 3HP,
HS3 3HQ,
HS3 3HR,
HS3 3HS,
HS3 3HT,
HS3 3HX,
HS3 3JA,
HS3 3JD,
HS3 3JE,
HS3 3JF,
HS3 3JG,
HS3 3JH,
HS3 3JN,
HS3 3JQ,
HS3 3WZ,
HS3 3YA,
HS3 3YD,
HS4 3XU,
HS4 3XX,
HS4 3XY,
HS4 3XZ,
HS4 3YA,
HS4 3YB,
HS4 3YD,
HS4 3YF,
HS4 3YG,
HS4 3YH,
HS5 3TL,
HS5 3TN,
HS5 3TS,
HS5 3TT,
HS5 3TU,
HS5 3TW,
HS5 3TX,
HS5 3TY,
HS5 3UA,
HS5 3UB,
HS5 3UD,
HS5 3UE,
HS5 3UF,
HS5 3YA,
HS6 5AA,
HS6 5AB,
HS6 5AD,
HS6 5AE,
HS6 5AF,
HS6 5AG,
HS6 5AH,
HS6 5AJ,
HS6 5AL,
HS6 5AP,
HS6 5AR,
HS6 5AS,
HS6 5AT,
HS6 5AW,
HS6 5AX,
HS6 5AY,
HS6 5AZ,
HS6 5BA,
HS6 5BB,
HS6 5BD,
HS6 5BE,
HS6 5BF,
HS6 5BG,
HS6 5BH,
HS6 5BJ,
HS6 5BL,
HS6 5BN,
HS6 5BP,
HS6 5BQ,
HS6 5BR,
HS6 5BS,
HS6 5BT,
HS6 5BU,
HS6 5BW,
HS6 5BX,
HS6 5BY,
HS6 5BZ,
HS6 5DA,
HS6 5DE,
HS6 5DF,
HS6 5DG,
HS6 5DH,
HS6 5DL,
HS6 5DN,
HS6 5DQ,
HS6 5DS,
HS6 5DT,
HS6 5DU,
HS6 5DW,
HS6 5DX,
HS6 5DY,
HS6 5DZ,
HS6 5EB,
HS6 5ED,
HS6 5EF,
HS6 5EH,
HS6 5EJ,
HS6 5EL,
HS6 5EN,
HS6 5EP,
HS6 5ES,
HS6 5ET,
HS6 5EU,
HS6 5EW,
HS6 5EX,
HS6 5HA,
HS6 5HD,
HS6 5HE,
HS6 5HF,
HS6 5HG,
HS6 5HL,
HS6 5HN,
HS6 5HP,
HS6 5HQ,
HS6 5HR,
HS6 5HT,
HS6 5HU,
HS6 5HW,
HS6 5HX,
HS6 5HY,
HS6 5JA,
HS6 5JB,
HS6 5JD,
HS6 5YD,
HS7 5AA,
HS7 5AB,
HS7 5LA,
HS7 5LB,
HS7 5LD,
HS7 5LE,
HS7 5LF,
HS7 5LG,
HS7 5LH,
HS7 5LJ,
HS7 5LL,
HS7 5LQ,
HS7 5LS,
HS7 5LT,
HS7 5LU,
HS7 5LW,
HS7 5LX,
HS7 5LY,
HS7 5LZ,
HS7 5NB,
HS7 5ND,
HS7 5NE,
HS7 5NF,
HS7 5NG,
HS7 5NP,
HS7 5PG,
HS7 5PH,
HS7 5PJ,
HS7 5PL,
HS7 5PN,
HS7 5PP,
HS7 5PQ,
HS7 5PR,
HS7 5PS,
HS7 5PT,
HS7 5PW,
HS7 5PX,
HS7 5PY,
HS7 5PZ,
HS7 5QA,
HS7 5QB,
HS7 5QD,
HS7 5QF,
HS7 5QG,
HS7 5QH,
HS7 5QJ,
HS7 5QL,
HS7 5QP,
HS7 5QR,
HS7 5QS,
HS7 5WA,
HS7 5WX,
HS7 5WZ,
HS7 5YA,
HS7 5YB,
HS7 5YD,
HS8 5JH,
HS8 5JJ,
HS8 5JL,
HS8 5JN,
HS8 5JP,
HS8 5JR,
HS8 5JS,
HS8 5JT,
HS8 5JU,
HS8 5JW,
HS8 5NA,
HS8 5NS,
HS8 5NU,
HS8 5NX,
HS8 5NY,
HS8 5NZ,
HS8 5PD,
HS8 5PE,
HS8 5QX,
HS8 5QY,
HS8 5RA,
HS8 5RB,
HS8 5RD,
HS8 5RE,
HS8 5RF,
HS8 5RG,
HS8 5RH,
HS8 5RJ,
HS8 5RL,
HS8 5RP,
HS8 5RQ,
HS8 5RR,
HS8 5RS,
HS8 5RT,
HS8 5RU,
HS8 5RW,
HS8 5RX,
HS8 5RY,
HS8 5RZ,
HS8 5SA,
HS8 5SB,
HS8 5SD,
HS8 5SF,
HS8 5SG,
HS8 5SH,
HS8 5SJ,
HS8 5SL,
HS8 5SN,
HS8 5SQ,
HS8 5SS,
HS8 5ST,
HS8 5SU,
HS8 5SX,
HS8 5SY,
HS8 5SZ,
HS8 5TA,
HS8 5TB,
HS8 5TD,
HS8 5TE,
HS8 5TF,
HS8 5TG,
HS8 5TH,
HS8 5TJ,
HS8 5TL,
HS8 5TN,
HS8 5TP,
HS8 5TR,
HS8 5TS,
HS8 5TT,
HS8 5TU,
HS8 5TW,
HS8 5TX,
HS8 5TY,
HS8 5UA,
HS8 5UB,
HS8 5UD,
HS8 5UE,
HS9 5UA,
HS9 5UB,
HS9 5UH,
HS9 5UJ,
HS9 5UL,
HS9 5UN,
HS9 5UP,
HS9 5UQ,
HS9 5UR,
HS9 5UT,
HS9 5UU,
HS9 5UW,
HS9 5UX,
HS9 5UY,
HS9 5UZ,
HS9 5XA,
HS9 5XB,
HS9 5XD,
HS9 5XE,
HS9 5XF,
HS9 5XG,
HS9 5XH,
HS9 5XJ,
HS9 5XL,
HS9 5XN,
HS9 5XP,
HS9 5XQ,
HS9 5XR,
HS9 5XS,
HS9 5XT,
HS9 5XU,
HS9 5XW,
HS9 5XX,
HS9 5XY,
