HX1 3ZA,1
HX1 4AA,1
HX1 4AB,1
HX1 4AD,1
HX1 4AE,1
HX1 4AF,1
HX1 4AJ,1
HX1 4AL,1
HX1 4AN,1
HX1 4AP,1
HX1 4AR,1
HX1 4AS,1
HX1 4AW,1
HX1 4AZ,1
HX1 4BA,1
HX1 4BB,1
HX1 4BD,1
HX1 4BE,1
HX1 4BP,1
HX1 4BQ,1
HX1 4BS,1
HX1 4BW,1
HX1 4DA,1
HX1 4DB,1
HX1 4DF,1
HX1 4DG,1
HX1 4DH,1
HX1 4DJ,1
HX1 4DL,1
HX1 4DN,1
HX1 4DP,1
HX1 4DQ,1
HX1 4DR,1
HX1 4DS,1
HX1 4DT,1
HX1 4DW,1
HX1 4DX,1
HX1 4DY,1
HX1 4DZ,1
HX1 4EG,2
HX1 4EJ,1
HX1 4EL,1
HX1 4EN,1
HX1 4EQ,1
HX1 4ER,1
HX1 4ES,1
HX1 4ET,1
HX1 4EX,1
HX1 4EY,1
HX1 4EZ,1
HX1 4GG,2
HX1 4GQ,2
HX1 4HA,2
HX1 4HB,2
HX1 4HD,2
HX1 4HE,2
HX1 4HF,2
HX1 4HG,2
HX1 4HH,2
HX1 4HJ,2
HX1 4HL,2
HX1 4HN,2
HX1 4HP,2
HX1 4HQ,2
HX1 4HR,2
HX1 4HS,2
HX1 4HT,2
HX1 4HU,2
HX1 4HW,2
HX1 4JF,2
HX1 4JG,2
HX1 4JH,2
HX1 4JJ,2
HX1 4JL,1
HX1 4JN,1
HX1 4JP,2
HX1 4JQ,2
HX1 4JR,1
HX1 4JS,2
HX1 4JT,1
HX1 4JU,1
HX1 4JW,1
HX1 4JX,1
HX1 4JY,1
HX1 4JZ,1
HX1 4LA,1
HX1 4LB,1
HX1 4LD,1
HX1 4LE,1
HX1 4LF,1
HX1 4LG,1
HX1 4LH,1
HX1 4LJ,1
HX1 4LL,1
HX1 4LN,1
HX1 4LP,1
HX1 4LQ,1
HX1 4LR,1
HX1 4LT,1
HX1 4LU,1
HX1 4LW,1
HX1 4LX,1
HX1 4LY,1
HX1 4NA,1
HX1 4NB,1
HX1 4ND,1
HX1 4NE,1
HX1 4NF,1
HX1 4NG,1
HX1 4NH,1
HX1 4NJ,1
HX1 4NL,1
HX1 4NN,1
HX1 4NP,1
HX1 4NQ,1
HX1 4NR,1
HX1 4NS,1
HX1 4NT,1
HX1 4NU,1
HX1 4NW,1
HX1 4NX,1
HX1 4NY,1
HX1 4PG,2
HX1 4PH,1
HX1 4PJ,1
HX1 4PL,1
HX1 4PN,1
HX1 4PP,1
HX1 4PQ,1
HX1 4PR,1
HX1 4PS,1
HX1 4PT,1
HX1 4PU,1
HX1 4PW,1
HX1 4PX,1
HX1 4PY,1
HX1 4PZ,1
HX1 4QB,1
HX1 4QD,2
HX1 4QE,2
HX1 4QF,2
HX1 4QG,2
HX1 4QH,2
HX1 4QJ,2
HX1 4QL,2
HX1 4QN,2
HX1 4QP,2
HX1 4QQ,2
HX1 4QR,2
HX1 4QS,2
HX1 4QT,2
HX1 4QU,2
HX1 4QW,2
HX1 4QX,1
HX1 4QY,2
HX1 4QZ,2
HX1 4RA,2
HX1 4RB,2
HX1 4RD,2
HX1 4RE,2
HX1 4RF,2
HX1 4RG,2
HX1 4RH,2
HX1 4RJ,2
HX1 4RL,2
HX1 4RN,2
HX1 4RP,1
HX1 4RQ,2
HX1 4RR,2
HX1 4RS,2
HX1 4RT,2
HX1 4RU,2
HX1 4RW,1
HX1 4RX,1
HX1 4RY,1
HX1 4RZ,2
HX1 4SA,2
HX1 4SB,1
HX1 4SD,1
HX1 4SE,1
HX1 4SF,2
HX1 4SG,1
HX1 4SQ,1
HX1 4TA,2
HX1 4TB,2
HX1 4TD,2
HX1 4TE,2
HX1 4TF,2
HX1 4TG,2
HX1 4TH,2
HX1 4TJ,2
HX1 4TL,2
HX1 4TN,2
HX1 4TP,1
HX1 4TQ,2
HX1 4TR,2
HX1 4TW,2
HX1 4TX,2
HX1 4TY,2
HX1 4TZ,2
HX1 4UA,2
HX1 4UB,2
HX1 4WA,2
HX1 4WX,1
HX1 4WY,2
HX1 4WZ,1
HX1 4YG,1
HX1 4YH,1
HX1 4YJ,1
HX1 4YL,1
HX1 4YN,1
HX1 4YP,1
HX1 4YQ,1
HX1 4YR,2
HX1 4YS,1
HX1 4YT,1
HX1 4YU,1
HX1 4YW,1
HX1 4YX,1
HX1 4YY,2
HX1 4YZ,2
HX1 4ZD,1
HX1 5AA,1
HX1 5AB,1
HX1 5AD,1
HX1 5AE,1
HX1 5AF,1
HX1 5AG,1
HX1 5AH,1
HX1 5AJ,1
HX1 5AL,1
HX1 5AN,1
HX1 5AQ,1
HX1 5AR,1
HX1 5AS,1
HX1 5AT,1
HX1 5AU,1
HX1 5AX,1
HX1 5AY,1
HX1 5AZ,1
HX1 5BA,1
HX1 5BB,1
HX1 5BD,1
HX1 5BE,1
HX1 5BG,1
HX1 5BH,1
HX1 5BJ,1
HX1 5BL,1
HX1 5BN,1
HX1 5BP,1
HX1 5BQ,1
HX1 5BS,1
HX1 5BT,1
HX1 5BU,1
HX1 5BW,1
HX1 5BZ,1
HX1 5DA,1
HX1 5DD,1
HX1 5DE,1
HX1 5DF,1
HX1 5DG,1
HX1 5DH,1
HX1 5DJ,1
HX1 5DL,1
HX1 5DN,1
HX1 5DP,1
HX1 5DQ,1
HX1 5DR,1
HX1 5DS,1
HX1 5DT,1
HX1 5DU,1
HX1 5DW,1
HX1 5DX,1
HX1 5DZ,1
HX1 5EB,1
HX1 5ED,1
HX1 5EF,1
HX1 5EG,1
HX1 5EH,1
HX1 5EJ,1
HX1 5EL,1
HX1 5EN,1
HX1 5EP,1
HX1 5EQ,1
HX1 5ER,1
HX1 5ET,1
HX1 5EU,1
HX1 5EW,1
HX1 5EX,1
HX1 5EY,1
HX1 5EZ,1
HX1 5HA,1
HX1 5HB,1
HX1 5HD,1
HX1 5HH,1
HX1 5HJ,1
HX1 5HL,1
HX1 5HN,1
HX1 5HP,1
HX1 5HQ,1
HX1 5HR,1
HX1 5HT,1
HX1 5HW,1
HX1 5JB,1
HX1 5JD,1
HX1 5JE,1
HX1 5JH,1
HX1 5JJ,1
HX1 5JL,1
HX1 5JN,1
HX1 5JS,1
HX1 5JT,1
HX1 5JU,1
HX1 5JW,1
HX1 5JX,1
HX1 5JY,1
HX1 5JZ,1
HX1 5LA,1
HX1 5LB,1
HX1 5LD,1
HX1 5LE,1
HX1 5LF,1
HX1 5LG,1
HX1 5LH,1
HX1 5LJ,1
HX1 5LL,1
HX1 5LN,1
HX1 5LP,1
HX1 5LQ,1
HX1 5LR,1
HX1 5LS,1
HX1 5LT,1
HX1 5LW,1
HX1 5LX,1
HX1 5LY,1
HX1 5LZ,1
HX1 5NA,1
HX1 5NB,1
HX1 5ND,1
HX1 5NG,1
HX1 5NH,1
HX1 5NJ,1
HX1 5NL,1
HX1 5NN,1
HX1 5NP,1
HX1 5NQ,1
HX1 5NS,1
HX1 5NU,1
HX1 5NW,1
HX1 5NX,1
HX1 5PA,1
HX1 5PB,1
HX1 5PD,1
HX1 5PE,1
HX1 5PF,1
HX1 5PG,1
HX1 5PH,1
HX1 5PJ,1
HX1 5PL,1
HX1 5PN,1
HX1 5PP,1
HX1 5PQ,1
HX1 5PR,1
HX1 5PS,1
HX1 5PT,1
HX1 5PU,1
HX1 5PW,1
HX1 5PX,1
HX1 5PY,1
HX1 5PZ,1
HX1 5QA,1
HX1 5QB,1
HX1 5QD,1
HX1 5QE,1
HX1 5QF,1
HX1 5QG,1
HX1 5QH,1
HX1 5QJ,1
HX1 5QL,1
HX1 5QN,1
HX1 5QP,1
HX1 5QQ,1
HX1 5QR,1
HX1 5QT,1
HX1 5QX,1
HX1 5QY,1
HX1 5QZ,1
HX1 5RA,1
HX1 5RB,1
HX1 5RD,1
HX1 5RE,1
HX1 5RF,1
HX1 5RG,1
HX1 5RH,1
HX1 5RJ,1
HX1 5RL,1
HX1 5RN,1
HX1 5RP,1
HX1 5RR,1
HX1 5RS,1
HX1 5RU,1
HX1 5RW,1
HX1 5RX,1
HX1 5RY,1
HX1 5RZ,1
HX1 5SA,1
HX1 5SB,1
HX1 5SD,1
HX1 5SP,1
HX1 5SR,1
HX1 5SS,1
HX1 5ST,1
HX1 5SU,1
HX1 5SX,1
HX1 5SY,1
HX1 5SZ,1
HX1 5TA,1
HX1 5TD,3
HX1 5TE,3
HX1 5TF,3
HX1 5TG,3
HX1 5TH,3
HX1 5TJ,3
HX1 5TL,3
HX1 5TN,1
HX1 5TQ,3
HX1 5TW,1
HX1 5TX,1
HX1 5TY,1
HX1 5TZ,1
HX1 5UA,1
HX1 5UF,1
HX1 5UG,1
HX1 5UH,1
HX1 5UJ,1
HX1 5UL,1
HX1 5UN,1
HX1 5UQ,1
HX1 5UR,1
HX1 5US,1
HX1 5UT,1
HX1 5UU,1
HX1 5UW,1
HX1 5UX,1
HX1 5UY,1
HX1 5UZ,1
HX1 5WA,1
HX1 5WU,1
HX1 5WW,1
HX1 5WX,1
HX1 5WY,1
HX1 5WZ,1
HX1 5YA,1
HX1 5YB,1
HX1 5YN,1
HX1 5YP,1
HX1 9AA,1
HX1 9AB,1
HX1 9AD,1
HX1 9AE,1
HX1 9AF,1
HX1 9AG,1
HX1 9AH,1
HX1 9AJ,1
HX1 9AL,1
HX1 9AN,1
HX1 9AP,1
HX1 9AQ,1
HX1 9AR,1
HX1 9AS,1
HX1 9AT,1
HX1 9AU,1
HX1 9AW,1
HX1 9AX,1
HX1 9AY,1
HX1 9AZ,1
HX1 9BA,1
HX1 9BB,1
HX1 9BD,1
HX1 9BE,1
HX1 9BF,1
HX1 9BG,1
HX1 9BH,1
HX1 9BJ,1
HX1 9BL,1
HX1 9BN,1
HX1 9BP,1
HX1 9BQ,1
HX1 9BR,1
HX1 9BS,1
HX1 9BT,1
HX1 9BU,1
HX1 9BW,1
HX1 9BX,1
HX1 9BY,1
HX1 9BZ,1
HX1 9DA,1
HX1 9DB,1
HX1 9DD,1
HX1 9DE,1
HX1 9DF,1
HX1 9DG,1
HX1 9DH,1
HX1 9DJ,1
HX1 9DL,1
HX1 9DN,1
HX1 9DP,1
HX1 9DQ,1
HX1 9DR,1
HX1 9DS,1
HX1 9DT,1
HX1 9DU,1
HX1 9DW,1
HX1 9DY,1
HX1 9DZ,1
HX1 9EA,1
HX1 9EB,1
HX1 9ED,1
HX1 9EE,1
HX1 9EF,1
HX1 9EG,1
HX1 9EH,1
HX1 9EJ,1
HX1 9EL,1
HX1 9EN,1
HX1 9EP,1
HX1 9EQ,1
HX1 9ER,1
HX1 9ES,1
HX1 9ET,1
HX1 9EU,1
HX1 9EW,1
HX1 9EX,1
HX1 9EY,1
HX1 9EZ,1
HX1 9FA,1
HX1 9FB,1
HX1 9FD,1
HX1 9FE,1
HX1 9FF,1
HX1 9FG,1
HX1 9FH,1
HX1 9FJ,1
HX1 9FL,1
HX1 9FN,1
HX1 9FP,1
HX1 9FQ,1
HX1 9FR,1
HX1 9FS,1
HX1 9FT,1
HX1 9FU,1
HX1 9FW,1
HX1 9FX,1
HX1 9FY,1
HX1 9FZ,1
HX1 9GA,1
HX1 9GB,1
HX1 9GD,1
HX1 9GE,1
HX1 9GF,1
HX1 9GG,1
HX1 9GH,1
HX1 9GJ,1
HX1 9GL,1
HX1 9GN,1
HX1 9GP,1
HX1 9GQ,1
HX1 9GR,1
HX1 9GS,1
HX1 9GT,1
HX1 9GU,1
HX1 9GW,1
HX1 9GX,1
HX1 9GY,1
HX1 9GZ,1
HX1 9HA,1
HX1 9HB,1
HX1 9HD,1
HX1 9HE,1
HX1 9HF,1
HX1 9HG,1
HX1 9HH,1
HX1 9HJ,1
HX1 9HL,1
HX1 9HN,1
HX1 9HP,1
HX1 9HQ,1
HX1 9HR,1
HX1 9HS,1
HX1 9HT,1
HX1 9HU,1
HX1 9HW,1
HX1 9HX,1
HX1 9HY,1
HX1 9HZ,1
HX1 9JA,1
HX1 9JB,1
HX1 9JD,1
HX1 9JE,1
HX1 9JF,1
HX1 9JG,1
HX1 9JH,1
HX1 9JJ,1
HX1 9JL,1
HX1 9JN,1
HX1 9JP,1
HX1 9JQ,1
HX1 9JR,1
HX1 9JS,1
HX1 9JT,1
HX1 9JU,1
HX1 9JW,1
HX1 9JX,1
HX1 9JY,1
HX1 9JZ,1
HX1 9LA,1
HX1 9LB,1
HX1 9LD,1
HX1 9LE,1
HX1 9LF,1
HX1 9LG,1
HX1 9LH,1
HX1 9LJ,1
HX1 9LL,1
HX1 9LN,1
HX1 9LP,1
HX1 9LQ,1
HX1 9LR,1
HX1 9LS,1
HX1 9LT,1
HX1 9LU,1
HX1 9LW,1
HX1 9LX,1
HX1 9LY,1
HX1 9LZ,1
HX1 9NA,1
HX1 9NB,1
HX1 9ND,1
HX1 9NE,1
HX1 9NF,1
HX1 9NG,1
HX1 9NH,1
HX1 9NJ,1
HX1 9NL,1
HX1 9NN,1
HX1 9NP,1
HX1 9NQ,1
HX1 9NR,1
HX1 9NS,1
HX1 9NT,1
HX1 9NU,1
HX1 9NW,1
HX1 9NX,1
HX1 9NY,1
HX1 9NZ,1
HX1 9PA,1
HX1 9PB,1
HX1 9PD,1
HX1 9PE,1
HX1 9PF,1
HX1 9PG,1
HX1 9PH,1
HX1 9PJ,1
HX1 9PL,1
HX1 9PN,1
HX1 9PP,1
HX1 9PQ,1
HX1 9PR,1
HX1 9PS,1
HX1 9PT,1
HX1 9PU,1
HX1 9PW,1
HX1 9PX,1
HX1 9PY,1
HX1 9PZ,1
HX1 9QA,1
HX1 9QB,1
HX1 9QD,1
HX1 9QE,1
HX1 9QF,1
HX1 9QG,1
HX1 9QH,1
HX1 9QJ,1
HX1 9QL,1
HX1 9QN,1
HX1 9QQ,1
HX1 9QR,1
HX1 9QS,1
HX1 9QT,1
HX1 9QU,1
HX1 9QW,1
HX1 9QX,1
HX1 9QY,1
HX1 9QZ,1
HX1 9RA,1
HX1 9RB,1
HX1 9RD,1
HX1 9RE,1
HX1 9RF,1
HX1 9RG,1
HX1 9RH,1
HX1 9RJ,1
HX1 9RL,1
HX1 9RN,1
HX1 9RP,1
HX1 9RQ,1
HX1 9RR,1
HX1 9RS,1
HX1 9RT,1
HX1 9RU,1
HX1 9RW,1
HX1 9RX,1
HX1 9RY,1
HX1 9RZ,1
HX1 9SA,1
HX1 9SB,1
HX1 9SD,1
HX1 9SE,1
HX1 9SF,1
HX1 9SG,1
HX1 9SH,1
HX1 9SJ,1
HX1 9SL,1
HX1 9SN,1
HX1 9SP,1
HX1 9SQ,1
HX1 9SR,1
HX1 9SS,1
HX1 9ST,1
HX1 9SU,1
HX1 9SW,1
HX1 9SX,1
HX1 9SY,1
HX1 9SZ,1
HX1 9TA,1
HX1 9TB,1
HX1 9TD,1
HX1 9TE,1
HX1 9TF,1
HX1 9TG,1
HX1 9TH,1
HX1 9TJ,1
HX1 9TL,1
HX1 9TN,1
HX1 9TP,1
HX1 9TQ,1
HX1 9TR,1
HX1 9TS,1
HX1 9TT,1
HX1 9TU,1
HX1 9TW,1
HX1 9TX,1
HX1 9TY,1
HX1 9TZ,1
HX1 9UA,1
HX1 9UB,1
HX1 9UD,1
HX1 9UE,1
HX1 9UF,1
HX1 9ZZ,1
HX2 0AA,3
HX2 0AB,3
HX2 0AD,3
HX2 0AE,3
HX2 0AG,3
HX2 0AH,3
HX2 0AJ,3
HX2 0AL,3
HX2 0AN,3
HX2 0AP,3
HX2 0AQ,3
HX2 0AR,3
HX2 0AS,3
HX2 0AT,3
HX2 0AU,3
HX2 0AW,3
HX2 0AX,3
HX2 0AY,3
HX2 0AZ,2
HX2 0BA,3
HX2 0BB,3
HX2 0BD,3
HX2 0BE,3
HX2 0BG,3
HX2 0BH,3
HX2 0BN,3
HX2 0BP,6
HX2 0BQ,3
HX2 0BT,2
HX2 0BU,2
HX2 0BX,2
HX2 0BY,3
HX2 0BZ,3
HX2 0DA,3
HX2 0DB,3
HX2 0DD,2
HX2 0DE,2
HX2 0DF,2
HX2 0DG,2
HX2 0DH,3
HX2 0DJ,3
HX2 0DL,3
HX2 0DN,7
HX2 0DP,3
HX2 0DQ,3
HX2 0DR,3
HX2 0DS,3
HX2 0DT,3
HX2 0DU,3
HX2 0DW,3
HX2 0DX,3
HX2 0EB,2
HX2 0ED,2
HX2 0EE,2
HX2 0EF,2
HX2 0EG,2
HX2 0EH,2
HX2 0EJ,2
HX2 0EL,2
HX2 0EN,2
HX2 0EP,2
HX2 0EQ,2
HX2 0ER,2
HX2 0ES,2
HX2 0ET,2
HX2 0EU,2
HX2 0EW,2
HX2 0EX,2
HX2 0EY,2
HX2 0EZ,2
HX2 0HA,2
HX2 0HB,2
HX2 0HE,2
HX2 0HF,2
HX2 0HG,2
HX2 0HH,2
HX2 0HN,2
HX2 0HP,2
HX2 0HQ,2
HX2 0HS,2
HX2 0HT,2
HX2 0HU,2
HX2 0HX,2
HX2 0HY,2
HX2 0HZ,2
HX2 0JA,2
HX2 0JB,1
HX2 0JD,2
HX2 0JE,2
HX2 0JF,2
HX2 0JG,2
HX2 0JH,2
HX2 0JJ,2
HX2 0JL,2
HX2 0JN,2
HX2 0JP,1
HX2 0JQ,2
HX2 0JW,2
HX2 0LA,7
HX2 0LB,7
HX2 0LD,7
HX2 0LE,7
HX2 0LF,7
HX2 0LG,7
HX2 0LH,7
HX2 0LJ,7
HX2 0LL,7
HX2 0LN,7
HX2 0LP,7
HX2 0LQ,7
HX2 0LR,7
HX2 0LS,2
HX2 0LT,2
HX2 0LU,1
HX2 0LW,7
HX2 0LX,1
HX2 0LY,2
HX2 0LZ,2
HX2 0NG,8
HX2 0NH,8
HX2 0NJ,8
HX2 0NL,8
HX2 0NN,8
HX2 0NP,8
HX2 0NQ,7
HX2 0NR,8
HX2 0NS,8
HX2 0NT,7
HX2 0NU,7
HX2 0NW,8
HX2 0NX,7
HX2 0NZ,8
HX2 0PA,7
HX2 0PD,6
HX2 0PG,6
HX2 0PJ,1
HX2 0PL,2
HX2 0PN,1
HX2 0PP,1
HX2 0PR,1
HX2 0PS,1
HX2 0PT,1
HX2 0PU,1
HX2 0PW,2
HX2 0PX,1
HX2 0PY,1
HX2 0PZ,2
HX2 0QA,2
HX2 0QB,2
HX2 0QD,2
HX2 0QE,2
HX2 0QF,2
HX2 0QG,2
HX2 0QH,2
HX2 0QJ,2
HX2 0QL,2
HX2 0QN,2
HX2 0QP,1
HX2 0QQ,2
HX2 0QR,1
HX2 0QS,6
HX2 0QT,1
HX2 0QU,6
HX2 0QW,2
HX2 0QX,1
HX2 0RA,2
HX2 0RB,6
HX2 0RD,6
HX2 0RF,6
HX2 0RG,6
HX2 0RH,6
HX2 0RJ,6
HX2 0RL,6
HX2 0RN,6
HX2 0RP,6
HX2 0RQ,6
HX2 0RR,6
HX2 0RS,6
HX2 0RT,6
HX2 0RU,6
HX2 0RW,6
HX2 0RX,6
HX2 0RY,6
HX2 0RZ,6
HX2 0SA,6
HX2 0SB,1
HX2 0SD,1
HX2 0SE,1
HX2 0SF,1
HX2 0SH,1
HX2 0SJ,6
HX2 0SL,6
HX2 0SN,6
HX2 0SP,6
HX2 0SQ,6
HX2 0SR,6
HX2 0SS,7
HX2 0ST,8
HX2 0SU,8
HX2 0SW,6
HX2 0SX,1
HX2 0SY,6
HX2 0SZ,6
HX2 0TA,2
HX2 0TB,2
HX2 0TD,2
HX2 0TE,2
HX2 0TF,2
HX2 0TG,6
HX2 0TH,6
HX2 0TJ,6
HX2 0TL,6
HX2 0TN,6
HX2 0TP,6
HX2 0TQ,6
HX2 0TR,6
HX2 0TS,6
HX2 0TT,6
HX2 0TU,6
HX2 0TW,6
HX2 0TX,6
HX2 0TY,6
HX2 0TZ,6
HX2 0UA,6
HX2 0UB,6
HX2 0UD,6
HX2 0UE,6
HX2 0UF,6
HX2 0UG,6
HX2 0UH,6
HX2 0UJ,6
HX2 0UL,6
HX2 0UN,6
HX2 0UP,6
HX2 0UQ,6
HX2 0UR,2
HX2 0US,2
HX2 0UT,6
HX2 0UU,6
HX2 0UW,6
HX1 1AA,1
HX1 1AB,1
HX1 1AD,1
HX1 1AE,1
HX1 1AF,1
HX1 1AG,1
HX1 1BA,1
HX1 1BB,1
HX1 1BD,1
HX1 1BE,1
HX1 1BG,1
HX1 1BH,1
HX1 1BJ,1
HX1 1BL,1
HX1 1BN,1
HX1 1BP,1
HX1 1BQ,1
HX1 1BS,1
HX1 1BT,1
HX1 1BU,1
HX1 1BW,1
HX1 1BX,1
HX1 1BY,1
HX1 1BZ,2
HX1 1DA,1
HX1 1DB,1
HX1 1DD,1
HX1 1DE,1
HX1 1DF,1
HX1 1DG,1
HX1 1DH,1
HX1 1DJ,1
HX1 1DL,1
HX1 1DN,1
HX1 1DP,1
HX1 1DQ,1
HX1 1DR,1
HX1 1DS,1
HX1 1DT,1
HX1 1DU,1
HX1 1DW,1
HX1 1DX,1
HX1 1DY,1
HX1 1DZ,1
HX1 1EA,3
HX1 1EB,1
HX1 1ED,1
HX1 1EE,7
HX1 1EG,7
HX1 1EH,9
HX1 1EJ,9
HX1 1EL,9
HX1 1EP,1
HX1 1EQ,9
HX1 1ES,2
HX1 1ET,1
HX1 1EU,1
HX1 1EX,1
HX1 1EY,7
HX1 1EZ,9
HX1 1FB,1
HX1 1FD,1
HX1 1FE,1
HX1 1FF,1
HX1 1HA,1
HX1 1HB,1
HX1 1HD,1
HX1 1HE,1
HX1 1HF,1
HX1 1HH,1
HX1 1HJ,1
HX1 1HL,1
HX1 1HN,1
HX1 1HP,1
HX1 1HQ,1
HX1 1HR,1
HX1 1HS,1
HX1 1HT,1
HX1 1HU,1
HX1 1HW,1
HX1 1HX,1
HX1 1HY,1
HX1 1HZ,1
HX1 1JA,1
HX1 1JB,1
HX1 1JD,1
HX1 1JE,1
HX1 1JF,1
HX1 1JG,1
HX1 1JH,1
HX1 1JJ,7
HX1 1JN,1
HX1 1JP,8
HX1 1JQ,1
HX1 1JR,1
HX1 1JS,1
HX1 1JT,1
HX1 1JU,1
HX1 1JW,5
HX1 1JX,1
HX1 1JY,1
HX1 1JZ,1
HX1 1LA,1
HX1 1LB,1
HX1 1LD,1
HX1 1LF,1
HX1 1LH,1
HX1 1LJ,1
HX1 1LN,1
HX1 1LP,1
HX1 1LQ,1
HX1 1LR,1
HX1 1LS,1
HX1 1LU,1
HX1 1LW,1
HX1 1LX,1
HX1 1NA,1
HX1 1NH,1
HX1 1NJ,1
HX1 1NL,1
HX1 1NN,1
HX1 1NT,1
HX1 1NU,1
HX1 1NX,1
HX1 1PA,1
HX1 1PB,1
HX1 1PD,1
HX1 1PE,1
HX1 1PF,1
HX1 1PG,1
HX1 1PJ,1
HX1 1PL,1
HX1 1PP,1
HX1 1PQ,1
HX1 1PR,1
HX1 1PS,1
HX1 1PT,1
HX1 1PU,1
HX1 1PW,1
HX1 1PX,1
HX1 1PZ,1
HX1 1QA,1
HX1 1QB,1
HX1 1QD,1
HX1 1QE,1
HX1 1QF,1
HX1 1QG,1
HX1 1QH,1
HX1 1QJ,1
HX1 1QL,1
HX1 1QN,1
HX1 1QP,1
HX1 1QQ,1
HX1 1QR,1
HX1 1QS,1
HX1 1QU,4
HX1 1QW,1
HX1 1QX,1
HX1 1QY,1
HX1 1QZ,1
HX1 1RB,1
HX1 1RD,1
HX1 1RE,1
HX1 1RJ,1
HX1 1RL,1
HX1 1RN,1
HX1 1RP,1
HX1 1RS,1
HX1 1RT,1
HX1 1RU,1
HX1 1RW,1
HX1 1RX,1
HX1 1RZ,1
HX1 1SA,1
HX1 1SB,1
HX1 1SD,1
HX1 1SE,1
HX1 1SF,1
HX1 1SG,1
HX1 1SH,1
HX1 1SJ,1
HX1 1SL,1
HX1 1SN,1
HX1 1SP,1
HX1 1SQ,1
HX1 1SR,1
HX1 1SS,1
HX1 1SW,1
HX1 1SZ,1
HX1 1TA,1
HX1 1TB,1
HX1 1TD,1
HX1 1TE,1
HX1 1TG,1
HX1 1TH,1
HX1 1TJ,1
HX1 1TL,1
HX1 1TN,1
HX1 1TP,1
HX1 1TQ,1
HX1 1TR,1
HX1 1TS,1
HX1 1TT,1
HX1 1TU,1
HX1 1TW,1
HX1 1TX,1
HX1 1TY,1
HX1 1TZ,1
HX1 1UA,1
HX1 1UB,1
HX1 1UD,1
HX1 1UE,1
HX1 1UF,1
HX1 1UG,1
HX1 1UH,1
HX1 1UJ,1
HX1 1UL,1
HX1 1UN,1
HX1 1UP,1
HX1 1UQ,1
HX1 1UR,1
HX1 1UT,1
HX1 1UU,1
HX1 1UX,1
HX1 1UY,1
HX1 1UZ,1
HX1 1WA,1
HX1 1WB,1
HX1 1WD,1
HX1 1WU,1
HX1 1WW,1
HX1 1WX,1
HX1 1WY,1
HX1 1XA,1
HX1 1XB,1
HX1 1XD,1
HX1 1XE,1
HX1 1XF,1
HX1 1XG,1
HX1 1XH,3
HX1 1XJ,1
HX1 1XP,1
HX1 1XQ,3
HX1 1XR,1
HX1 1XS,1
HX1 1XT,1
HX1 1XU,1
HX1 1XW,1
HX1 1XX,1
HX1 1XY,1
HX1 1XZ,1
HX1 1YA,1
HX1 1YB,1
HX1 1YD,1
HX1 1YE,1
HX1 1YF,1
HX1 1YG,1
HX1 1YH,1
HX1 1YJ,1
HX1 1YL,1
HX1 1YN,1
HX1 1YP,1
HX1 1YQ,1
HX1 1YR,1
HX1 1YS,1
HX1 1YT,1
HX1 1YW,1
HX1 1YX,1
HX1 1YZ,1
HX1 1ZA,2
HX1 1ZR,1
HX1 1ZS,1
HX1 1ZT,1
HX1 2AA,1
HX1 2AB,1
HX1 2AD,1
HX1 2AE,1
HX1 2AF,1
HX1 2AG,1
HX1 2AH,1
HX1 2AJ,1
HX1 2AL,1
HX1 2AN,1
HX1 2AP,1
HX1 2AQ,1
HX1 2AR,4
HX1 2AS,1
HX1 2AT,1
HX1 2AU,1
HX1 2AW,1
HX1 2AX,1
HX1 2AY,1
HX1 2AZ,1
HX1 2BA,1
HX1 2BB,1
HX1 2BD,1
HX1 2BE,1
HX1 2BG,1
HX1 2BH,1
HX1 2BJ,6
HX1 2BL,4
HX1 2BN,4
HX1 2BP,1
HX1 2BQ,6
HX1 2BS,4
HX1 2BT,6
HX1 2BU,6
HX1 2BW,1
HX1 2BX,4
HX1 2BY,4
HX1 2BZ,1
HX1 2DA,4
HX1 2DB,1
HX1 2DD,1
HX1 2DF,4
HX1 2DG,1
HX1 2DH,1
HX1 2DT,1
HX1 2DU,7
HX1 2DX,4
HX1 2DY,1
HX1 2DZ,1
HX1 2EA,1
HX1 2EB,1
HX1 2ED,1
HX1 2EE,1
HX1 2EF,1
HX1 2EG,1
HX1 2EH,1
HX1 2EJ,1
HX1 2EL,1
HX1 2EN,1
HX1 2EP,1
HX1 2EQ,1
HX1 2ER,6
HX1 2ES,6
HX1 2ET,6
HX1 2EU,6
HX1 2EW,1
HX1 2EX,6
HX1 2EY,6
HX1 2EZ,6
HX1 2GB,1
HX1 2GD,6
HX1 2GE,1
HX1 2GF,1
HX1 2GU,4
HX1 2GX,1
HX1 2GY,1
HX1 2GZ,1
HX1 2HA,6
HX1 2HB,6
HX1 2HD,6
HX1 2HE,6
HX1 2HF,3
HX1 2HG,6
HX1 2HH,1
HX1 2HQ,1
HX1 2HR,1
HX1 2HS,1
HX1 2HX,1
HX1 2HY,1
HX1 2HZ,1
HX1 2JA,1
HX1 2JB,1
HX1 2JD,1
HX1 2JE,1
HX1 2JF,1
HX1 2JG,1
HX1 2JH,6
HX1 2JJ,1
HX1 2JL,1
HX1 2JN,1
HX1 2JP,4
HX1 2JQ,1
HX1 2JR,1
HX1 2JS,4
HX1 2JT,4
HX1 2JU,4
HX1 2JW,1
HX1 2JX,4
HX1 2JY,4
HX1 2JZ,1
HX1 2LA,1
HX1 2LB,4
HX1 2LD,1
HX1 2LE,1
HX1 2LF,4
HX1 2LG,1
HX1 2LH,1
HX1 2LJ,1
HX1 2LL,1
HX1 2LN,1
HX1 2LP,1
HX1 2LQ,1
HX1 2LR,1
HX1 2LS,1
HX1 2LT,1
HX1 2LU,1
HX1 2LW,1
HX1 2LX,4
HX1 2LY,4
HX1 2LZ,1
HX1 2NA,4
HX1 2NB,4
HX1 2ND,4
HX1 2NE,4
HX1 2NF,4
HX1 2NG,4
HX1 2NH,6
HX1 2NJ,6
HX1 2NL,6
HX1 2NN,6
HX1 2NP,6
HX1 2NQ,6
HX1 2NR,7
HX1 2NS,7
HX1 2NT,7
HX1 2NU,7
HX1 2NW,7
HX1 2NX,6
HX1 2NY,6
HX1 2NZ,7
HX1 2PA,1
HX1 2PB,1
HX1 2PD,1
HX1 2PE,1
HX1 2PF,1
HX1 2PG,1
HX1 2PH,1
HX1 2PJ,7
HX1 2PL,7
HX1 2PN,7
HX1 2PP,7
HX1 2PQ,7
HX1 2PR,7
HX1 2PS,7
HX1 2PT,7
HX1 2PU,4
HX1 2PW,7
HX1 2PX,7
HX1 2PY,7
HX1 2PZ,1
HX1 2QA,1
HX1 2QB,6
HX1 2QD,6
HX1 2QE,1
HX1 2QF,1
HX1 2QG,1
HX1 2QH,1
HX1 2QJ,6
HX1 2QL,1
HX1 2QN,1
HX1 2QP,1
HX1 2QQ,1
HX1 2QR,1
HX1 2QS,1
HX1 2QT,1
HX1 2QU,4
HX1 2QW,1
HX1 2QX,4
HX1 2QY,4
HX1 2QZ,1
HX1 2RA,4
HX1 2RB,4
HX1 2RD,4
HX1 2RE,7
HX1 2RF,7
HX1 2RG,1
HX1 2RH,7
HX1 2RJ,7
HX1 2RL,1
HX1 2RP,4
HX1 2RQ,4
HX1 2RR,1
HX1 2RT,4
HX1 2RU,1
HX1 2RX,1
HX1 2RY,1
HX1 2RZ,1
HX1 2SA,1
HX1 2SB,1
HX1 2SD,1
HX1 2SE,1
HX1 2SF,1
HX1 2SG,1
HX1 2SH,1
HX1 2SJ,1
HX1 2SL,1
HX1 2SN,1
HX1 2SP,1
HX1 2SQ,1
HX1 2SR,1
HX1 2SS,1
HX1 2ST,1
HX1 2SU,1
HX1 2SX,1
HX1 2SY,1
HX1 2SZ,1
HX1 2TA,1
HX1 2TB,1
HX1 2TD,1
HX1 2TE,1
HX1 2TF,1
HX1 2TG,1
HX1 2TH,1
HX1 2TJ,1
HX1 2TL,1
HX1 2TN,1
HX1 2TP,1
HX1 2TQ,1
HX1 2TR,1
HX1 2TS,1
HX1 2TT,1
HX1 2TU,1
HX1 2TW,1
HX1 2TX,1
HX1 2TY,1
HX1 2TZ,1
HX1 2UA,1
HX1 2UB,1
HX1 2UD,1
HX1 2UE,1
HX1 2UF,1
HX1 2UG,1
HX1 2UH,1
HX1 2UJ,1
HX1 2UL,4
HX1 2UN,1
HX1 2UP,1
HX1 2UQ,1
HX1 2UR,1
HX1 2US,1
HX1 2UT,1
HX1 2UU,1
HX1 2UW,1
HX1 2UX,1
HX1 2UY,1
HX1 2UZ,1
HX1 2WA,4
HX1 2WB,1
HX1 2WD,1
HX1 2WE,4
HX1 2WF,4
HX1 2WG,1
HX1 2WH,1
HX1 2WJ,1
HX1 2WL,1
HX1 2WN,1
HX1 2WP,1
HX1 2WQ,1
HX1 2WR,1
HX1 2WS,1
HX1 2WT,4
HX1 2WU,1
HX1 2WW,1
HX1 2WX,1
HX1 2WY,4
HX1 2WZ,1
HX1 2XA,1
HX1 2XD,1
HX1 2XE,6
HX1 2XF,6
HX1 2XG,3
HX1 2XH,6
HX1 2XJ,6
HX1 2XL,3
HX1 2XN,3
HX1 2XP,3
HX1 2XQ,6
HX1 2XR,3
HX1 2XS,6
HX1 2XT,1
HX1 2XU,1
HX1 2XW,3
HX1 2XX,1
HX1 2XY,6
HX1 2XZ,1
HX1 2YA,4
HX1 2YB,1
HX1 2YD,7
HX1 2YE,6
HX1 2YF,6
HX1 2YG,6
HX1 2YH,6
HX1 2YJ,6
HX1 2YL,6
HX1 2YN,6
HX1 2YP,6
HX1 2YQ,6
HX1 2YR,7
HX1 2YS,1
HX1 2YT,4
HX1 2YU,4
HX1 2YW,6
HX1 2YX,1
HX1 2YY,1
HX1 2YZ,7
HX1 2ZU,7
HX1 2ZX,1
HX1 2ZY,4
HX1 3AA,3
HX1 3AB,3
HX1 3AD,3
HX1 3AE,6
HX1 3AF,3
HX1 3AG,3
HX1 3AH,3
HX1 3AJ,6
HX1 3AL,3
HX1 3AN,3
HX1 3AP,6
HX1 3AQ,3
HX1 3AR,3
HX1 3AS,3
HX1 3AT,3
HX1 3AU,6
HX1 3AW,6
HX1 3AX,6
HX1 3AY,6
HX1 3AZ,3
HX1 3BA,3
HX1 3BB,3
HX1 3BD,3
HX1 3BE,3
HX1 3BG,3
HX1 3BL,6
HX1 3BN,6
HX1 3BX,6
HX1 3DT,6
HX1 3DU,3
HX1 3DW,3
HX1 3DX,3
HX1 3DY,3
HX1 3DZ,3
HX1 3EA,6
HX1 3EB,6
HX1 3ED,6
HX1 3EE,6
HX1 3EF,6
HX1 3EG,6
HX1 3EH,6
HX1 3EJ,6
HX1 3EL,6
HX1 3EN,6
HX1 3EP,6
HX1 3EQ,6
HX1 3ER,6
HX1 3ES,6
HX1 3ET,6
HX1 3EU,6
HX1 3EW,6
HX1 3EX,6
HX1 3EY,6
HX1 3HA,6
HX1 3HD,6
HX1 3HE,6
HX1 3HF,6
HX1 3HG,6
HX1 3HX,1
HX1 3HY,8
HX1 3JA,6
HX1 3JF,6
HX1 3JL,3
HX1 3JP,1
HX1 3JR,3
HX1 3JS,3
HX1 3JW,3
HX1 3JY,3
HX1 3JZ,1
HX1 3LB,3
HX1 3LD,3
HX1 3LE,3
HX1 3LF,3
HX1 3LG,3
HX1 3LH,3
HX1 3LJ,3
HX1 3LL,3
HX1 3LN,1
HX1 3LP,3
HX1 3LQ,3
HX1 3LR,1
HX1 3LS,1
HX1 3LT,1
HX1 3LU,3
HX1 3LW,3
HX1 3LX,3
HX1 3NA,3
HX1 3ND,3
HX1 3NE,3
HX1 3NH,1
HX1 3NP,1
HX1 3NS,1
HX1 3NT,1
HX1 3NU,1
HX1 3PA,1
HX1 3PB,1
HX1 3PD,1
HX1 3PE,1
HX1 3PF,1
HX1 3PG,1
HX1 3PH,1
HX1 3PJ,1
HX1 3PL,1
HX1 3PN,1
HX1 3PP,1
HX1 3PQ,1
HX1 3PR,1
HX1 3PS,1
HX1 3PT,1
HX1 3PU,1
HX1 3PW,1
HX1 3PX,1
HX1 3PY,1
HX1 3PZ,1
HX1 3QA,1
HX1 3QB,1
HX1 3QD,1
HX1 3QE,1
HX1 3QF,1
HX1 3QG,1
HX1 3QH,1
HX1 3QJ,1
HX1 3QL,1
HX1 3QN,1
HX1 3QP,1
HX1 3QQ,1
HX1 3QR,1
HX1 3QS,1
HX1 3QT,1
HX1 3QU,2
HX1 3QW,1
HX1 3QX,2
HX1 3QY,2
HX1 3QZ,2
HX1 3RA,2
HX1 3RB,2
HX1 3RD,2
HX1 3RH,1
HX1 3RP,1
HX1 3RQ,1
HX1 3RR,2
HX1 3RS,1
HX1 3RT,1
HX1 3RU,1
HX1 3RX,1
HX1 3RY,1
HX1 3RZ,1
HX1 3SA,1
HX1 3SB,1
HX1 3SD,1
HX1 3SE,1
HX1 3SF,1
HX1 3SG,1
HX1 3SH,1
HX1 3SJ,1
HX1 3SL,1
HX1 3SN,1
HX1 3SQ,1
HX1 3SS,1
HX1 3SU,2
HX1 3SX,2
HX1 3SY,2
HX1 3SZ,2
HX1 3TA,2
HX1 3TB,2
HX1 3TD,2
HX1 3TF,2
HX1 3TG,2
HX1 3TH,2
HX1 3TJ,2
HX1 3TL,2
HX1 3TN,2
HX1 3TP,2
HX1 3TQ,2
HX1 3TR,3
HX1 3TT,1
HX1 3TU,3
HX1 3TW,2
HX1 3TX,2
HX1 3TY,1
HX1 3TZ,1
HX1 3UA,1
HX1 3UB,1
HX1 3UE,2
HX1 3UF,2
HX1 3UG,2
HX1 3UH,2
HX1 3UJ,2
HX1 3UL,2
HX1 3UN,2
HX1 3UP,2
HX1 3UQ,2
HX1 3US,1
HX1 3UT,2
HX1 3UW,2
HX1 3UX,2
HX1 3UY,1
HX1 3UZ,1
HX1 3WA,1
HX1 3WQ,1
HX1 3WR,1
HX1 3WS,1
HX1 3WT,1
HX1 3WU,1
HX1 3WW,1
HX1 3WX,1
HX1 3WY,1
HX1 3WZ,1
HX1 3XA,1
HX1 3XB,1
HX1 3XD,1
HX1 3XE,1
HX1 3XF,1
HX1 3XG,1
HX1 3XH,1
HX1 3XJ,1
HX1 3XL,1
HX1 3XN,1
HX1 3XP,1
HX1 3XQ,1
HX1 3XR,1
HX1 3XS,1
HX1 3XT,1
HX1 3XU,1
HX1 3XW,1
HX1 3XX,1
HX1 3XY,1
HX1 3XZ,1
HX1 3YA,1
HX1 3YB,1
HX1 3YD,1
HX1 3YE,1
HX1 3YF,1
HX1 3YG,1
HX1 3YH,1
HX1 3YJ,1
HX1 3YL,1
HX1 3YN,1
HX1 3YP,1
HX1 3YQ,1
HX1 3YR,1
HX1 3YS,1
HX1 3YU,1
HX1 3YW,1
HX1 3YX,1
HX1 3YY,1
HX1 3YZ,1
HX2 0UX,6
HX2 0UY,6
HX2 0UZ,7
HX2 0WA,7
HX2 0WB,6
HX2 0WD,6
HX2 0WE,6
HX2 0WQ,1
HX2 0WR,1
HX2 0WS,1
HX2 0WT,1
HX2 0WU,1
HX2 0WW,7
HX2 0WX,7
HX2 0WY,7
HX2 0WZ,7
HX2 0XA,2
HX2 0YA,2
HX2 0YN,1
HX2 0YP,1
HX2 0YQ,1
HX2 0YR,1
HX2 0YS,2
HX2 0YT,2
HX2 0YU,1
HX2 0YW,1
HX2 0YX,2
HX2 0YY,1
HX2 0YZ,1
HX2 0ZY,1
HX2 6AA,6
HX2 6AB,6
HX2 6AD,6
HX2 6AE,6
HX2 6AF,6
HX2 6AG,6
HX2 6AH,6
HX2 6AJ,6
HX2 6AL,6
HX2 6AN,6
HX2 6AP,6
HX2 6AQ,6
HX2 6AR,6
HX2 6AS,6
HX2 6AT,6
HX2 6AU,6
HX2 6AW,6
HX2 6AX,6
HX2 6AY,6
HX2 6AZ,6
HX2 6BA,6
HX2 6BB,6
HX2 6BD,7
HX2 6BE,6
HX2 6BG,6
HX2 6BH,6
HX2 6BJ,6
HX2 6BL,6
HX2 6BN,6
HX2 6BP,6
HX2 6BQ,6
HX2 6BT,6
HX2 6BU,6
HX2 6BW,6
HX2 6BX,6
HX2 6BY,6
HX2 6BZ,6
HX2 6DA,6
HX2 6DB,6
HX2 6DD,6
HX2 6DE,6
HX2 6DF,6
HX2 6DG,6
HX2 6DH,7
HX2 6DJ,6
HX2 6DL,6
HX2 6DN,6
HX2 6DP,6
HX2 6DQ,5
HX2 6DR,5
HX2 6EG,5
HX2 6EH,6
HX2 6EJ,6
HX2 6EL,6
HX2 6EN,6
HX2 6EP,6
HX2 6EQ,6
HX2 6ER,6
HX2 6ES,6
HX2 6ET,6
HX2 6EU,6
HX2 6EW,6
HX2 6EX,6
HX2 6EY,6
HX2 6EZ,6
HX2 6GQ,7
HX2 6HA,6
HX2 6HB,6
HX2 6HD,6
HX2 6HE,6
HX2 6HF,6
HX2 6HG,6
HX2 6HH,6
HX2 6HJ,6
HX2 6HL,6
HX2 6HN,7
HX2 6HP,7
HX2 6HQ,6
HX2 6HR,7
HX2 6HS,7
HX2 6HT,7
HX2 6HU,7
HX2 6HW,7
HX2 6HX,7
HX2 6HY,7
HX2 6HZ,7
HX2 6JA,7
HX2 6JB,7
HX2 6JD,7
HX2 6JE,7
HX2 6JF,7
HX2 6JG,7
HX2 6JH,7
HX2 6JJ,6
HX2 6JN,6
HX2 6JP,6
HX2 6JQ,7
HX2 6JR,6
HX2 6JS,6
HX2 6JT,6
HX2 6JU,6
HX2 6JW,6
HX2 6JX,6
HX2 6JY,6
HX2 6JZ,6
HX2 6LA,6
HX2 6LB,6
HX2 6LD,6
HX2 6LE,6
HX2 6LF,6
HX2 6LG,6
HX2 6NG,5
HX2 6NH,6
HX2 6NJ,6
HX2 6NL,6
HX2 6NN,5
HX2 6NP,5
HX2 6NQ,5
HX2 6NR,5
HX2 6NS,5
HX2 6NT,5
HX2 6NU,5
HX2 6NW,5
HX2 6NX,5
HX2 6NY,5
HX2 6NZ,5
HX2 6PA,5
HX2 6PB,5
HX2 6PD,5
HX2 6PE,5
HX2 6PF,5
HX2 6PG,5
HX2 6PH,5
HX2 6PJ,5
HX2 6PL,6
HX2 6PN,6
HX2 6PP,6
HX2 6PQ,5
HX2 6PR,6
HX2 6PS,6
HX2 6PT,6
HX2 6PU,6
HX2 6PW,6
HX2 6PX,5
HX2 6PY,5
HX2 6PZ,6
HX2 6QA,5
HX2 6QB,5
HX2 6QD,6
HX2 6QE,6
HX2 6QF,5
HX2 6QG,5
HX2 6QH,5
HX2 6QJ,5
HX2 6QL,5
HX2 6QN,5
HX2 6QP,5
HX2 6QQ,5
HX2 6QR,5
HX2 6QS,5
HX2 6QT,5
HX2 6QU,5
HX2 6QW,5
HX2 6QX,5
HX2 6QY,5
HX2 6QZ,5
HX2 6RA,5
HX2 6RB,5
HX2 6RD,6
HX2 6RE,6
HX2 6RF,6
HX2 6RG,6
HX2 6RH,6
HX2 6RJ,5
HX2 6RL,6
HX2 6RN,5
HX2 6RP,5
HX2 6RQ,6
HX2 6RW,5
HX2 6SJ,6
HX2 6SL,6
HX2 6SN,6
HX2 6SP,6
HX2 6SR,6
HX2 6SS,6
HX2 6ST,6
HX2 6SU,6
HX2 6SW,6
HX2 6SX,6
HX2 6SY,6
HX2 6SZ,6
HX2 6TA,6
HX2 6TB,6
HX2 6TD,6
HX2 6TE,6
HX2 6TF,6
HX2 6TG,6
HX2 6TH,6
HX2 6TJ,6
HX2 6TL,6
HX2 6TN,6
HX2 6TP,6
HX2 6TQ,6
HX2 6TS,5
HX2 6TT,5
HX2 6TU,5
HX2 6TW,6
HX2 6TX,5
HX2 6TY,5
HX2 6TZ,5
HX2 6UA,5
HX2 6UB,5
HX2 6UD,6
HX2 6UE,5
HX2 6UF,5
HX2 6UG,5
HX2 6UH,5
HX2 6UJ,5
HX2 6UL,6
HX2 6UN,6
HX2 6UP,6
HX2 6UQ,5
HX2 6UR,6
HX2 6US,7
HX2 6UT,6
HX2 6UU,6
HX2 6UW,6
HX2 6UX,6
HX2 6UY,6
HX2 6UZ,6
HX2 6WS,1
HX2 6WT,1
HX2 6WU,1
HX2 6WW,1
HX2 6WX,1
HX2 6WY,6
HX2 6WZ,1
HX2 6XA,6
HX2 6XB,6
HX2 6XD,5
HX2 6XE,5
HX2 6XF,5
HX2 6XG,7
HX2 6XH,6
HX2 6XJ,6
HX2 6YE,1
HX2 6YF,1
HX2 6YG,1
HX2 6YH,5
HX2 6YJ,1
HX2 6YL,5
HX2 6YN,5
HX2 6YP,7
HX2 6YQ,1
HX2 6YR,5
HX2 6YS,5
HX2 6YT,1
HX2 6YU,1
HX2 6YW,5
HX2 6YX,7
HX2 6YY,7
HX2 7AB,8
HX2 7AE,8
HX2 7AS,6
HX2 7AW,8
HX2 7BW,8
HX2 7DA,8
HX2 7DB,8
HX2 7DD,8
HX2 7DE,8
HX2 7DF,8
HX2 7DG,8
HX2 7DH,8
HX2 7DJ,8
HX2 7DL,8
HX2 7DN,8
HX2 7DP,1
HX2 7DQ,8
HX2 7DR,8
HX2 7DS,8
HX2 7DT,8
HX2 7DU,8
HX2 7DW,8
HX2 7DX,8
HX2 7DY,6
HX2 7DZ,8
HX2 7EA,6
HX2 7EB,6
HX2 7ED,6
HX2 7EE,6
HX2 7EF,6
HX2 7EG,6
HX2 7EH,6
HX2 7EJ,6
HX2 7EL,6
HX2 7EN,6
HX2 7EQ,6
HX2 7EW,8
HX2 7FW,8
HX2 7HA,2
HX2 7HB,2
HX2 7HD,2
HX2 7HE,6
HX2 7HF,8
HX2 7HG,8
HX2 7HH,8
HX2 7HJ,8
HX2 7HL,8
HX2 7HN,8
HX2 7HP,8
HX2 7HQ,8
HX2 7HR,8
HX2 7HS,6
HX2 7HT,6
HX2 7HU,6
HX2 7HW,6
HX2 7JB,8
HX2 7JD,2
HX2 7JE,2
HX2 7JF,2
HX2 7JG,2
HX2 7JH,6
HX2 7JJ,2
HX2 7JL,6
HX2 7JN,6
HX2 7JP,6
HX2 7JQ,6
HX2 7JR,6
HX2 7JS,6
HX2 7JT,6
HX2 7JU,8
HX2 7JW,6
HX2 7JX,6
HX2 7JY,6
HX2 7JZ,6
HX2 7LA,6
HX2 7LB,6
HX2 7LD,6
HX2 7LJ,7
HX2 7LL,6
HX2 7LN,7
HX2 7LP,6
HX2 7LQ,6
HX2 7LR,7
HX2 7LS,7
HX2 7LT,7
HX2 7LU,7
HX2 7LW,7
HX2 7LX,7
HX2 7LY,3
HX2 7LZ,3
HX2 7NA,3
HX2 7NB,7
HX2 7ND,7
HX2 7NE,7
HX2 7NF,7
HX2 7NG,7
HX2 7NH,7
HX2 7NJ,6
HX2 7NL,6
HX2 7NN,7
HX2 7NP,6
HX2 7NQ,7
HX2 7NR,6
HX2 7NS,6
HX2 7NU,7
HX2 7NW,6
HX2 7NX,7
HX2 7PH,2
HX2 7PJ,2
HX2 7PL,2
HX2 7PN,2
HX2 7PP,2
HX2 7PQ,2
HX2 7PR,2
HX2 7PS,2
HX2 7PT,6
HX2 7PU,7
HX2 7PW,2
HX2 7PX,3
HX2 7PY,2
HX2 7PZ,2
HX2 7QA,2
HX2 7QB,2
HX2 7QD,8
HX2 7QH,3
HX2 7QJ,3
HX2 7QL,3
HX2 7QN,3
HX2 7QP,7
HX2 7QT,3
HX2 7QW,3
HX2 7RA,8
HX2 7RB,8
HX2 7RD,8
HX2 7RE,8
HX2 7RF,8
HX2 7RG,8
HX2 7RH,6
HX2 7RJ,8
HX2 7RL,7
HX2 7RN,8
HX2 7RP,8
HX2 7RQ,8
HX2 7RR,8
HX2 7RS,8
HX2 7RT,8
HX2 7RU,8
HX2 7RW,8
HX2 7RX,3
HX2 7RY,8
HX2 7RZ,8
HX2 7SA,8
HX2 7SB,8
HX2 7SD,8
HX2 7SE,8
HX2 7SF,8
HX2 7SG,8
HX2 7SH,6
HX2 7SJ,8
HX2 7SL,8
HX2 7SN,8
HX2 7SP,8
HX2 7SQ,8
HX2 7SR,8
HX2 7SS,6
HX2 7ST,8
HX2 7SU,8
HX2 7SW,8
HX2 7SX,6
HX2 7SY,6
HX2 7SZ,6
HX2 7TA,6
HX2 7TB,6
HX2 7TD,6
HX2 7TE,6
HX2 7TF,6
HX2 7TG,6
HX2 7TH,6
HX2 7TJ,6
HX2 7TL,6
HX2 7TN,6
HX2 7TP,6
HX2 7TQ,6
HX2 7TR,6
HX2 7TS,6
HX2 7TT,6
HX2 7TU,6
HX2 7TW,6
HX2 7TX,6
HX2 7TY,6
HX2 7TZ,6
HX2 7UA,6
HX2 7UB,6
HX2 7UD,6
HX2 7UE,6
HX2 7UF,6
HX2 7UG,6
HX2 7UH,6
HX2 7UJ,6
HX2 7UL,6
HX2 7UN,6
HX2 7UP,6
HX2 7UQ,6
HX2 7UW,6
HX2 7WT,1
HX2 7WU,6
HX2 7WW,6
HX2 7WX,6
HX2 7WY,6
HX2 7WZ,6
HX2 7YG,1
HX2 7YH,1
HX2 7YJ,1
HX2 7YL,1
HX2 7YN,1
HX2 7YP,1
HX2 7YQ,1
HX2 7YR,1
HX2 7YS,1
HX2 7YT,7
HX2 7YU,1
HX2 7YW,7
HX2 7YX,6
HX2 7YY,7
HX2 7YZ,1
HX2 8AA,7
HX2 8AB,7
HX2 8AD,7
HX2 8AE,2
HX2 8AF,7
HX2 8AG,7
HX2 8AH,2
HX2 8AJ,2
HX2 8AL,2
HX2 8AN,2
HX2 8AP,2
HX2 8AQ,1
HX2 8AR,2
HX2 8AS,2
HX2 8AT,2
HX2 8AU,2
HX2 8AW,2
HX2 8AX,2
HX2 8AY,2
HX2 8AZ,2
HX2 8BA,2
HX2 8BB,2
HX2 8BD,2
HX2 8BE,2
HX2 8BG,2
HX2 8BH,2
HX2 8BJ,2
HX2 8BN,2
HX2 8BP,1
HX2 8BQ,2
HX2 8BT,3
HX2 8BU,2
HX2 8BW,1
HX2 8BX,1
HX2 8DA,2
HX2 8DB,1
HX2 8DD,2
HX2 8DE,2
HX2 8DF,2
HX2 8DG,2
HX2 8DH,2
HX2 8DJ,2
HX2 8DL,2
HX2 8DN,2
HX2 8DP,1
HX2 8DQ,2
HX2 8DR,2
HX2 8DS,1
HX2 8DT,1
HX2 8DU,1
HX2 8DW,3
HX2 8DX,1
HX2 8DY,1
HX2 8DZ,1
HX2 8EA,1
HX2 8EB,2
HX2 8ED,2
HX2 8EE,2
HX2 8EF,2
HX2 8EG,2
HX2 8EH,1
HX2 8EQ,1
HX2 8GW,1
HX2 8HA,2
HX2 8HB,3
HX2 8HD,1
HX2 8HE,2
HX2 8HF,2
HX2 8HG,2
HX2 8HH,1
HX2 8HJ,1
HX2 8HL,1
HX2 8HN,1
HX2 8HP,1
HX2 8HQ,1
HX2 8HR,1
HX2 8HS,1
HX2 8HT,1
HX2 8HU,2
HX2 8HW,1
HX2 8HX,1
HX2 8HY,2
HX2 8HZ,2
HX2 8JA,2
HX2 8JB,2
HX2 8JD,2
HX2 8JE,2
HX2 8JF,3
HX2 8JG,2
HX2 8JH,2
HX2 8JQ,1
HX2 8JT,2
HX2 8JU,2
HX2 8JX,2
HX2 8JY,1
HX2 8JZ,1
HX2 8LA,1
HX2 8LB,1
HX2 8LD,2
HX2 8LE,2
HX2 8LF,2
HX2 8LG,2
HX2 8LH,2
HX2 8LJ,2
HX2 8LL,2
HX2 8LN,2
HX2 8LP,2
HX2 8LQ,2
HX2 8LR,2
HX2 8LS,2
HX2 8LT,2
HX2 8LU,2
HX2 8LW,6
HX2 8LX,1
HX2 8LY,1
HX2 8LZ,1
HX2 8NA,2
HX2 8NB,1
HX2 8ND,2
HX2 8NE,1
HX2 8NF,2
HX2 8NL,2
HX2 8NN,2
HX2 8NS,1
HX2 8NT,1
HX2 8NU,1
HX2 8NW,2
HX2 8NX,1
HX2 8PA,1
HX2 8PB,1
HX2 8PD,1
HX2 8PE,1
HX2 8PF,1
HX2 8PG,1
HX2 8PH,1
HX2 8PJ,1
HX2 8PL,1
HX2 8PN,1
HX2 8PQ,1
HX2 8PU,1
HX2 8PX,1
HX2 8PY,1
HX2 8PZ,1
HX2 8QA,1
HX2 8QB,1
HX2 8QD,1
HX2 8QE,1
HX2 8QF,1
HX2 8QG,1
HX2 8QH,1
HX2 8QJ,1
HX2 8QL,1
HX2 8QN,1
HX2 8QQ,1
HX2 8QY,1
HX2 8RA,1
HX2 8RB,1
HX2 8RE,1
HX2 8RF,1
HX2 8RG,1
HX2 8RH,1
HX2 8RJ,1
HX2 8RL,1
HX2 8RN,1
HX2 8RP,1
HX2 8RQ,1
HX2 8RR,1
HX2 8RS,1
HX2 8RT,1
HX2 8RU,1
HX2 8RW,1
HX2 8RX,1
HX2 8SB,1
HX2 8SE,1
HX2 8SF,1
HX2 8SG,1
HX2 8SH,1
HX2 8SJ,1
HX2 8SL,1
HX2 8SN,1
HX2 8SP,1
HX2 8SQ,1
HX2 8SR,1
HX2 8SS,1
HX2 8ST,1
HX2 8SU,1
HX2 8SW,1
HX2 8SX,1
HX2 8SY,1
HX2 8SZ,1
HX2 8TA,1
HX2 8TB,1
HX2 8TD,1
HX2 8TE,1
HX2 8TF,1
HX2 8TG,1
HX2 8TH,1
HX2 8TJ,2
HX2 8TL,2
HX2 8TN,7
HX2 8TP,7
HX2 8TR,7
HX2 8TS,7
HX2 8TU,7
HX2 8TW,7
HX2 8TX,7
HX2 8TY,7
HX2 8TZ,7
HX2 8UA,7
HX2 8UB,1
HX2 8UD,1
HX2 8UE,1
HX2 8UF,2
HX2 8UG,1
HX2 8UH,1
HX2 8UJ,1
HX2 8UL,1
HX2 8UN,1
HX2 8UP,1
HX2 8UQ,3
HX2 8UR,1
HX2 8US,1
HX2 8UT,1
HX2 8UU,1
HX2 8UX,1
HX2 8UY,1
HX2 8UZ,1
HX2 8WB,1
HX2 8WD,1
HX2 8WH,7
HX2 8WU,1
HX2 8WW,1
HX2 8WX,1
HX2 8WY,1
HX2 8WZ,1
HX2 8XA,7
HX2 8XB,7
HX2 8XD,1
HX2 8XE,7
HX2 8XF,1
HX2 8XG,1
HX2 8XH,1
HX2 8XJ,1
HX2 8XL,1
HX2 8XN,1
HX2 8XP,1
HX2 8XQ,1
HX2 8XR,1
HX2 8XS,1
HX2 8XT,7
HX2 8XU,7
HX2 8XW,1
HX2 8XX,7
HX2 8XY,7
HX2 8XZ,7
HX2 8YA,1
HX2 8YB,7
HX2 8YD,7
HX2 8YE,7
HX2 8YF,1
HX2 8YG,2
HX2 8YH,2
HX2 8YJ,2
HX2 8YL,1
HX2 8YN,1
HX2 8YP,7
HX2 8YQ,1
HX2 8YR,1
HX2 8YS,7
HX2 8YT,1
HX2 8YU,1
HX2 8YW,7
HX2 8YX,1
HX2 8YY,7
HX2 8YZ,2
HX2 8ZP,1
HX2 9AA,3
HX2 9AB,3
HX2 9AD,3
HX2 9AE,3
HX2 9AF,3
HX2 9AG,6
HX2 9AH,6
HX2 9AJ,6
HX2 9AL,3
HX2 9AN,6
HX2 9AP,6
HX2 9AQ,6
HX2 9AR,3
HX2 9AS,2
HX2 9AT,6
HX2 9AU,6
HX2 9AW,3
HX2 9AX,1
HX2 9AY,6
HX2 9AZ,6
HX2 9BA,6
HX2 9BB,6
HX2 9BD,6
HX2 9BE,6
HX2 9BQ,3
HX2 9BS,3
HX2 9BT,3
HX2 9BU,2
HX2 9BW,3
HX2 9BX,2
HX2 9BY,3
HX2 9BZ,3
HX2 9DA,3
HX2 9DB,3
HX2 9DD,3
HX2 9DE,3
HX2 9DF,7
HX2 9DG,3
HX2 9DH,7
HX2 9DJ,3
HX2 9DL,3
HX2 9DN,2
HX2 9DP,3
HX2 9DQ,7
HX2 9DR,3
HX2 9DS,3
HX2 9DT,7
HX2 9DU,7
HX2 9DW,3
HX2 9DX,7
HX2 9DY,7
HX2 9DZ,3
HX2 9EA,3
HX2 9EB,3
HX2 9ED,3
HX2 9EE,3
HX2 9EF,3
HX2 9EG,3
HX2 9EH,3
HX2 9EJ,3
HX2 9EL,3
HX2 9EN,3
HX2 9EP,3
HX2 9EQ,3
HX2 9ER,2
HX2 9ES,2
HX2 9ET,3
HX2 9EU,2
HX2 9EW,3
HX2 9EX,2
HX2 9EY,2
HX2 9EZ,2
HX2 9HA,3
HX2 9HB,2
HX2 9HD,2
HX2 9HE,6
HX2 9HF,6
HX2 9HR,9
HX2 9HS,9
HX2 9HT,9
HX2 9HU,9
HX2 9HX,7
HX2 9HY,7
HX2 9HZ,7
HX2 9JA,7
HX2 9JB,7
HX2 9JD,7
HX2 9JE,9
HX2 9JF,9
HX2 9JG,3
HX2 9JH,7
HX2 9JJ,7
HX2 9JL,7
HX2 9JN,7
HX2 9JP,7
HX2 9JQ,7
HX2 9JR,3
HX2 9JS,3
HX2 9JT,3
HX2 9JU,3
HX2 9JW,7
HX2 9JX,3
HX2 9JY,3
HX2 9JZ,7
HX2 9LA,7
HX2 9LB,3
HX2 9LD,3
HX2 9LE,3
HX2 9LF,3
HX2 9LG,3
HX2 9LH,3
HX2 9LJ,3
HX2 9LL,3
HX2 9LN,3
HX2 9LP,3
HX2 9LQ,3
HX2 9LR,3
HX2 9LS,3
HX2 9LT,3
HX2 9LU,3
HX2 9LW,3
HX2 9LX,7
HX2 9LY,3
HX2 9LZ,3
HX2 9NA,3
HX2 9NB,3
HX2 9ND,3
HX2 9NE,3
HX2 9NG,7
HX2 9NH,7
HX2 9NJ,7
HX2 9NL,7
HX2 9NP,7
HX2 9NR,7
HX2 9NS,7
HX2 9NT,7
HX2 9NU,7
HX2 9NW,7
HX2 9NX,7
HX2 9PA,7
HX2 9PB,7
HX2 9PD,7
HX2 9PE,7
HX2 9PF,7
HX2 9PG,7
HX2 9PH,7
HX2 9PQ,7
HX2 9PR,7
HX2 9PS,7
HX2 9PU,9
HX2 9PX,9
HX2 9PY,9
HX2 9PZ,9
HX2 9QA,9
HX2 9QB,9
HX2 9QD,9
HX2 9QE,9
HX2 9QF,7
HX2 9QG,9
HX2 9QH,9
HX2 9QJ,9
HX2 9QL,9
HX2 9QN,9
HX2 9QP,9
HX2 9QQ,9
HX2 9QR,9
HX2 9QS,3
HX2 9QW,9
HX2 9RD,3
HX2 9RE,3
HX2 9RF,3
HX2 9RG,3
HX2 9RH,3
HX2 9RJ,3
HX2 9RL,3
HX2 9RN,3
HX2 9RP,3
HX2 9RQ,3
HX2 9RR,3
HX2 9RS,3
HX2 9RT,3
HX2 9RU,3
HX2 9RW,3
HX2 9RX,3
HX2 9RY,9
HX2 9RZ,9
HX2 9SA,9
HX2 9SB,9
HX2 9SD,3
HX2 9SE,3
HX2 9SF,9
HX2 9SG,3
HX2 9SH,9
HX2 9SJ,6
HX2 9SL,6
HX2 9SN,6
HX2 9SP,6
HX2 9SQ,9
HX2 9SR,6
HX2 9SS,6
HX2 9ST,6
HX2 9SU,6
HX2 9SW,6
HX2 9SX,9
HX2 9SY,6
HX2 9SZ,6
HX2 9TA,6
HX2 9TB,6
HX2 9TD,6
HX2 9TE,6
HX2 9TF,6
HX2 9TG,6
HX2 9TH,6
HX2 9TJ,6
HX2 9TL,6
HX2 9TN,6
HX2 9TP,6
HX2 9TQ,6
HX2 9TR,6
HX2 9TS,9
HX2 9TU,6
HX2 9TW,6
HX2 9TX,6
HX2 9TZ,6
HX2 9UA,7
HX2 9UD,2
HX2 9UE,3
HX2 9UF,6
HX2 9UG,6
HX2 9UH,6
HX2 9UJ,6
HX2 9UL,6
HX2 9UN,6
HX2 9UP,6
HX2 9UQ,6
HX2 9UR,6
HX2 9US,6
HX2 9UT,6
HX2 9UU,7
HX2 9UW,6
HX2 9UX,7
HX2 9UY,7
HX2 9UZ,7
HX2 9WA,6
HX2 9WU,1
HX2 9WW,7
HX2 9WX,7
HX2 9WY,1
HX2 9WZ,7
HX2 9XA,7
HX2 9XB,7
HX2 9XD,7
HX2 9XE,7
HX2 9XF,7
HX2 9XG,7
HX2 9XH,9
HX2 9XJ,6
HX2 9XL,6
HX2 9XN,7
HX2 9XQ,7
HX2 9YP,1
HX2 9YR,3
HX2 9YS,3
HX2 9YT,3
HX2 9YU,3
HX2 9YW,1
HX2 9YX,7
HX2 9YY,1
HX2 9YZ,7
HX3 0AA,7
HX3 0AB,7
HX3 0AD,7
HX3 0AE,7
HX3 0AF,7
HX3 0AG,7
HX3 0AH,8
HX3 0AJ,8
HX3 0AL,7
HX3 0AN,8
HX3 0AP,8
HX3 0AQ,7
HX3 0AR,7
HX3 0AS,8
HX3 0AT,8
HX3 0AU,8
HX3 0AW,7
HX3 0AX,8
HX3 0AY,1
HX3 0AZ,8
HX3 0BA,7
HX3 0BB,7
HX3 0BD,7
HX3 0BE,7
HX3 0BG,8
HX3 0BH,7
HX3 0BJ,8
HX3 0BL,8
HX3 0BN,8
HX3 0BP,8
HX3 0BQ,7
HX3 0BS,7
HX3 0BT,7
HX3 0BU,7
HX3 0BW,8
HX3 0BX,7
HX3 0BY,7
HX3 0BZ,7
HX3 0DA,7
HX3 0DB,7
HX3 0DD,8
HX3 0DE,7
HX3 0DF,8
HX3 0DG,6
HX3 0DH,6
HX3 0DJ,7
HX3 0DL,7
HX3 0DN,6
HX3 0DP,6
HX3 0DQ,7
HX3 0DR,6
HX3 0DS,6
HX3 0DT,6
HX3 0DU,7
HX3 0DW,7
HX3 0DX,7
HX3 0DY,6
HX3 0DZ,7
HX3 0EA,7
HX3 0EB,6
HX3 0ED,7
HX3 0EE,6
HX3 0EF,7
HX3 0EG,8
HX3 0EH,7
HX3 0EJ,7
HX3 0EL,6
HX3 0EN,6
HX3 0EQ,6
HX3 0EW,6
HX3 0EY,6
HX3 0GY,7
HX3 0GZ,6
HX3 0HA,6
HX3 0HB,6
HX3 0HD,6
HX3 0HE,6
HX3 0HF,6
HX3 0HG,6
HX3 0HH,6
HX3 0HJ,6
HX3 0HL,6
HX3 0HN,6
HX3 0HP,6
HX3 0HQ,6
HX3 0HR,6
HX3 0HS,6
HX3 0HT,6
HX3 0HU,6
HX3 0HW,6
HX3 0HX,6
HX3 0HY,7
HX3 0HZ,7
HX3 0JA,7
HX3 0JB,7
HX3 0JD,7
HX3 0JE,7
HX3 0JF,7
HX3 0JG,9
HX3 0JH,6
HX3 0JJ,6
HX3 0JL,7
HX3 0JN,8
HX3 0JP,8
HX3 0JQ,6
HX3 0JR,6
HX3 0JS,7
HX3 0JU,7
HX3 0JW,8
HX3 0JX,9
HX3 0JY,9
HX3 0JZ,6
HX3 0LA,8
HX3 0LB,8
HX3 0LD,8
HX3 0LE,8
HX3 0LF,8
HX3 0LG,8
HX3 0LH,8
HX3 0LJ,8
HX3 0LL,8
HX3 0LN,9
HX3 0LP,9
HX3 0LQ,8
HX3 0LR,9
HX3 0LS,8
HX3 0LT,9
HX3 0LU,9
HX3 0LW,9
HX3 0LX,9
HX3 0LY,9
HX3 0LZ,9
HX3 0NA,9
HX3 0NB,8
HX3 0ND,8
HX3 0NE,8
HX3 0NF,9
HX3 0NG,9
HX3 0NH,8
HX3 0NJ,7
HX3 0NL,9
HX3 0NN,7
HX3 0NP,7
HX3 0NQ,6
HX3 0NR,7
HX3 0NS,8
HX3 0NT,8
HX3 0NU,8
HX3 0NW,7
HX3 0NX,8
HX3 0PA,8
HX3 0PB,8
HX3 0PD,8
HX3 0PE,8
HX3 0PF,8
HX3 0PG,8
HX3 0PH,8
HX3 0PJ,8
HX3 0PL,5
HX3 0PN,8
HX3 0PP,5
HX3 0PQ,8
HX3 0PR,5
HX3 0PS,5
HX3 0PT,5
HX3 0PU,5
HX3 0PW,8
HX3 0PX,3
HX3 0PY,3
HX3 0PZ,3
HX3 0QA,3
HX3 0QB,3
HX3 0QD,3
HX3 0QE,3
HX3 0QF,9
HX3 0QG,3
HX3 0QH,3
HX3 0QJ,9
HX3 0QL,9
HX3 0QN,9
HX3 0QP,9
HX3 0QQ,3
HX3 0QR,3
HX3 0QS,9
HX3 0QT,9
HX3 0QU,9
HX3 0QW,9
HX3 0QX,9
HX3 0QY,9
HX3 0QZ,9
HX3 0RA,9
HX3 0RB,7
HX3 0RD,7
HX3 0RG,9
HX3 0RN,9
HX3 0RP,9
HX3 0RQ,9
HX3 0RR,9
HX3 0RS,9
HX3 0RT,9
HX3 0RU,9
HX3 0RW,9
HX3 0RX,9
HX3 0RY,9
HX3 0RZ,9
HX3 0SA,9
HX3 0SB,9
HX3 0SD,9
HX3 0SE,9
HX3 0SF,9
HX3 0SG,9
HX3 0SH,9
HX3 0SJ,9
HX3 0SL,9
HX3 0SN,9
HX3 0SP,9
HX3 0SQ,9
HX3 0SR,9
HX3 0SS,9
HX3 0ST,8
HX3 0SU,8
HX3 0SW,9
HX3 0SX,9
HX3 0TA,1
HX3 0TD,8
HX3 0TE,9
HX3 0TF,7
HX3 0TG,9
HX3 0TH,9
HX3 0TJ,9
HX3 0TL,9
HX3 0TN,9
HX3 0TP,7
HX3 0TQ,7
HX3 0TR,7
HX3 0TS,7
HX3 0TT,7
HX3 0TU,7
HX3 0TW,9
HX3 0TX,7
HX3 0TY,7
HX3 0TZ,7
HX3 0UA,7
HX3 0UB,7
HX3 0UD,7
HX3 0UE,7
HX3 0UF,7
HX3 0UG,7
HX3 0UH,7
HX3 0UJ,7
HX3 0UL,7
HX3 0UN,7
HX3 0UP,7
HX3 0UQ,7
HX3 0UR,7
HX3 0US,7
HX3 0UT,7
HX3 0UU,7
HX3 0UW,7
HX3 0UX,7
HX3 0UY,7
HX3 0UZ,7
HX3 0WA,1
HX3 0WY,1
HX3 0WZ,1
HX3 0XS,8
HX3 0XT,1
HX3 0XU,1
HX3 0XW,1
HX3 0XX,1
HX3 0XY,1
HX3 0XZ,8
HX3 0YA,8
HX3 0YB,8
HX3 0YD,7
HX3 0YE,8
HX3 0YF,1
HX3 0YG,1
HX3 0YH,8
HX3 0YJ,8
HX3 0YL,1
HX3 0YN,1
HX3 0YP,8
HX3 0YQ,8
HX3 0YR,8
HX3 0YS,1
HX3 0YT,1
HX3 0YU,7
HX3 0YW,8
HX3 0YX,8
HX3 0YY,8
HX3 0YZ,1
HX3 5AA,7
HX3 5AB,7
HX3 5AD,7
HX3 5AE,7
HX3 5AF,7
HX3 5AG,7
HX3 5AH,3
HX3 5AJ,3
HX3 5AL,3
HX3 5AN,3
HX3 5AP,3
HX3 5AQ,3
HX3 5AR,3
HX3 5AS,3
HX3 5AT,1
HX3 5AU,7
HX3 5AW,1
HX3 5AX,3
HX3 5AY,3
HX3 5AZ,3
HX3 5BH,1
HX3 5BJ,2
HX3 5BL,2
HX3 5BN,2
HX3 5BQ,2
HX3 5BS,2
HX3 5BT,2
HX3 5BU,2
HX3 5BW,2
HX3 5BX,2
HX3 5BY,2
HX3 5BZ,2
HX3 5DA,2
HX3 5DB,3
HX3 5DD,2
HX3 5DE,2
HX3 5DF,2
HX3 5DG,2
HX3 5DH,2
HX3 5DJ,2
HX3 5DL,2
HX3 5DN,2
HX3 5DP,1
HX3 5DQ,2
HX3 5DR,1
HX3 5DT,2
HX3 5DU,2
HX3 5DW,3
HX3 5DX,2
HX3 5DY,2
HX3 5EA,2
HX3 5EB,2
HX3 5ED,2
HX3 5EE,2
HX3 5EF,2
HX3 5EG,2
HX3 5EH,2
HX3 5EJ,2
HX3 5EL,2
HX3 5EN,1
HX3 5EP,1
HX3 5EQ,2
HX3 5ER,1
HX3 5ES,1
HX3 5ET,1
HX3 5EU,1
HX3 5EW,1
HX3 5EX,3
HX3 5FA,1
HX3 5FB,7
HX3 5FD,3
HX3 5FE,1
HX3 5FF,1
HX3 5FG,7
HX3 5HA,1
HX3 5HE,1
HX3 5HG,1
HX3 5HL,2
HX3 5HN,1
HX3 5HP,1
HX3 5HR,1
HX3 5HS,1
HX3 5HT,1
HX3 5HU,1
HX3 5HW,7
HX3 5HX,7
HX3 5HY,1
HX3 5HZ,1
HX3 5JA,3
HX3 5JB,7
HX3 5JD,7
HX3 5JE,7
HX3 5JF,7
HX3 5JG,7
HX3 5JH,7
HX3 5JJ,7
HX3 5JL,7
HX3 5JN,7
HX3 5JP,7
HX3 5JQ,7
HX3 5JR,7
HX3 5JS,7
HX3 5JT,7
HX3 5JU,7
HX3 5JW,7
HX3 5JX,7
HX3 5JY,7
HX3 5JZ,7
HX3 5LA,7
HX3 5LB,7
HX3 5LD,7
HX3 5LE,7
HX3 5LF,7
HX3 5LG,7
HX3 5LH,7
HX3 5LJ,7
HX3 5LL,7
HX3 5LN,7
HX3 5LP,7
HX3 5LQ,7
HX3 5LR,2
HX3 5LS,1
HX3 5LT,1
HX3 5LU,7
HX3 5LW,7
HX3 5LZ,1
HX3 5NF,1
HX3 5NG,1
HX3 5NH,1
HX3 5NJ,1
HX3 5NL,1
HX3 5NN,1
HX3 5NP,7
HX3 5NQ,1
HX3 5NR,7
HX3 5NS,1
HX3 5NT,1
HX3 5NU,1
HX3 5NW,1
HX3 5NX,1
HX3 5PA,1
HX3 5PB,1
HX3 5PD,1
HX3 5PE,1
HX3 5PF,1
HX3 5PG,1
HX3 5PH,1
HX3 5PN,1
HX3 5PP,1
HX3 5PQ,1
HX3 5PR,1
HX3 5PS,1
HX3 5PT,1
HX3 5PU,3
HX3 5PW,1
HX3 5PX,1
HX3 5PZ,1
HX3 5QA,3
HX3 5QB,3
HX3 5QD,3
HX3 5QE,3
HX3 5QF,3
HX3 5QG,3
HX3 5QH,3
HX3 5QJ,1
HX3 5QN,1
HX3 5QP,3
HX3 5QQ,3
HX3 5QR,3
HX3 5QS,1
HX3 5QT,3
HX3 5QU,1
HX3 5QW,3
HX3 5QX,1
HX3 5QY,1
HX3 5QZ,1
HX3 5RA,1
HX3 5RB,1
HX3 5RD,1
HX3 5RE,1
HX3 5RF,1
HX3 5RG,1
HX3 5RH,1
HX3 5RJ,1
HX3 5RL,1
HX3 5RN,1
HX3 5RP,3
HX3 5RQ,1
HX3 5RR,1
HX3 5RS,3
HX3 5RW,3
HX3 5SA,1
HX3 5SB,1
HX3 5SD,1
HX3 5SE,1
HX3 5SF,1
HX3 5SG,1
HX3 5SH,2
HX3 5SJ,2
HX3 5SL,2
HX3 5SP,1
HX3 5SQ,1
HX3 5SR,1
HX3 5SS,1
HX3 5ST,1
HX3 5SU,1
HX3 5SW,1
HX3 5SX,1
HX3 5SY,1
HX3 5SZ,1
HX3 5TA,1
HX3 5TB,1
HX3 5TE,2
HX3 5TF,1
HX3 5TH,1
HX3 5TJ,3
HX3 5TL,1
HX3 5WA,3
HX3 5WB,3
HX3 5WD,3
HX3 5WE,3
HX3 5WF,3
HX3 5WG,3
HX3 5WH,3
HX3 5WJ,3
HX3 5WL,3
HX3 5WN,3
HX3 5WP,3
HX3 5WQ,3
HX3 5WS,1
HX3 5WT,1
HX3 5WU,1
HX3 5WW,3
HX3 5WX,1
HX3 5WY,1
HX3 5WZ,3
HX3 5XW,1
HX3 5XX,3
HX3 5XY,1
HX3 5XZ,1
HX3 5YA,1
HX3 5YB,1
HX3 5YD,1
HX3 5YE,3
HX3 5YF,1
HX3 5YG,3
HX3 5YH,1
HX3 5YJ,1
HX3 5YL,1
HX3 5YN,1
HX3 5YP,1
HX3 5YQ,1
HX3 5YR,3
HX3 5YS,1
HX3 5YT,1
HX3 5YU,1
HX3 5YX,1
HX3 5YZ,3
HX3 6AA,5
HX3 6AB,5
HX3 6AD,5
HX3 6AE,5
HX3 6AF,5
HX3 6AG,5
HX3 6AH,5
HX3 6AJ,5
HX3 6AL,5
HX3 6AN,5
HX3 6AP,5
HX3 6AQ,5
HX3 6AR,5
HX3 6AS,5
HX3 6AT,5
HX3 6AU,5
HX3 6AW,5
HX3 6AX,5
HX3 6AY,5
HX3 6AZ,5
HX3 6BA,5
HX3 6BB,5
HX3 6BD,5
HX3 6BE,5
HX3 6BG,5
HX3 6BH,5
HX3 6BJ,5
HX3 6BL,5
HX3 6BN,5
HX3 6BP,5
HX3 6BQ,5
HX3 6BT,1
HX3 6BU,5
HX3 6BX,5
HX3 6BY,5
HX3 6DB,3
HX3 6DD,3
HX3 6DE,3
HX3 6DF,3
HX3 6DG,3
HX3 6DH,3
HX3 6DJ,3
HX3 6DL,3
HX3 6DN,3
HX3 6DP,3
HX3 6DQ,3
HX3 6DR,3
HX3 6DS,3
HX3 6DT,3
HX3 6DU,3
HX3 6DW,3
HX3 6DX,3
HX3 6DY,3
HX3 6DZ,3
HX3 6EA,3
HX3 6EB,3
HX3 6ED,3
HX3 6EE,3
HX3 6EF,3
HX3 6EG,3
HX3 6EH,3
HX3 6EJ,3
HX3 6EL,3
HX3 6EN,3
HX3 6EP,3
HX3 6EQ,3
HX3 6ER,3
HX3 6ES,3
HX3 6ET,3
HX3 6EU,1
HX3 6EW,3
HX3 6EX,3
HX3 6EY,3
HX3 6EZ,1
HX3 6FB,3
HX3 6FD,6
HX3 6HD,1
HX3 6HF,3
HX3 6HG,1
HX3 6HH,1
HX3 6HJ,3
HX3 6HL,3
HX3 6HN,3
HX3 6HP,3
HX3 6HQ,1
HX3 6HR,1
HX3 6HS,1
HX3 6HT,3
HX3 6HU,3
HX3 6HW,3
HX3 6HX,1
HX3 6HY,1
HX3 6HZ,1
HX3 6JA,1
HX3 6JB,5
HX3 6JD,1
HX3 6JE,1
HX3 6JF,1
HX3 6JG,5
HX3 6JH,5
HX3 6JJ,5
HX3 6JL,5
HX3 6JN,3
HX3 6JP,5
HX3 6JQ,1
HX3 6JR,5
HX3 6JS,3
HX3 6JT,3
HX3 6JU,3
HX3 6JW,3
HX3 6JX,3
HX3 6JY,3
HX3 6JZ,3
HX3 6LA,5
HX3 6LB,3
HX3 6LD,5
HX3 6LE,3
HX3 6LF,3
HX3 6LG,5
HX3 6LH,5
HX3 6LJ,5
HX3 6LL,3
HX3 6LN,1
HX3 6LP,1
HX3 6LQ,5
HX3 6LR,1
HX3 6LS,3
HX3 6LT,1
HX3 6LU,3
HX3 6LW,1
HX3 6LX,3
HX3 6LY,3
HX3 6LZ,1
HX3 6NA,1
HX3 6NB,1
HX3 6ND,1
HX3 6NE,1
HX3 6NF,3
HX3 6NG,3
HX3 6NH,3
HX3 6NJ,1
HX3 6NL,1
HX3 6NN,1
HX3 6NP,1
HX3 6NQ,3
HX3 6NR,5
HX3 6NS,1
HX3 6NT,5
HX3 6NU,5
HX3 6NW,1
HX3 6NX,5
HX3 6NZ,5
HX3 6PA,1
HX3 6PB,1
HX3 6PD,1
HX3 6PE,1
HX3 6PG,1
HX3 6PH,1
HX3 6PJ,1
HX3 6PL,1
HX3 6PN,1
HX3 6PU,1
HX3 6PW,1
HX3 6PX,1
HX3 6PY,1
HX3 6PZ,1
HX3 6QA,3
HX3 6QB,1
HX3 6QD,1
HX3 6QL,1
HX3 6QP,2
HX3 6QR,2
HX3 6QS,3
HX3 6QT,2
HX3 6QU,3
HX3 6QX,3
HX3 6QY,2
HX3 6QZ,2
HX3 6RA,1
HX3 6RB,2
HX3 6RD,2
HX3 6RE,2
HX3 6RF,2
HX3 6RG,2
HX3 6RH,2
HX3 6RJ,2
HX3 6RL,3
HX3 6RN,3
HX3 6RP,3
HX3 6RQ,2
HX3 6RR,3
HX3 6RS,1
HX3 6RT,3
HX3 6RU,3
HX3 6RW,2
HX3 6RX,3
HX3 6RY,3
HX3 6RZ,3
HX3 6SA,3
HX3 6SB,3
HX3 6SD,3
HX3 6SE,2
HX3 6SF,1
HX3 6SG,3
HX3 6SN,6
HX3 6SP,6
HX3 6SR,7
HX3 6SS,7
HX3 6ST,6
HX3 6SU,6
HX3 6SW,6
HX3 6SX,7
HX3 6TA,1
HX3 6TB,3
HX3 6TD,3
HX3 6TE,1
HX3 6TF,2
HX3 6TG,1
HX3 6TH,2
HX3 6TJ,2
HX3 6TL,1
HX3 6TN,1
HX3 6TP,1
HX3 6TQ,2
HX3 6TR,1
HX3 6TS,1
HX3 6TT,1
HX3 6TU,5
HX3 6TW,1
HX3 6TX,5
HX3 6TY,5
HX3 6TZ,5
HX3 6UA,5
HX3 6UB,5
HX3 6UD,1
HX3 6UE,5
HX3 6UF,5
HX3 6UG,5
HX3 6UH,5
HX3 6UJ,5
HX3 6UL,1
HX3 6UN,3
HX3 6UP,3
HX3 6UQ,5
HX3 6UR,3
HX3 6US,5
HX3 6UW,1
HX3 6UX,5
HX3 6WA,5
HX3 6WT,1
HX3 6WU,1
HX3 6WW,1
HX3 6WX,1
HX3 6WY,5
HX3 6WZ,5
HX3 6XG,5
HX3 6XH,8
HX3 6XJ,8
HX3 6XL,8
HX3 6XN,8
HX3 6XP,5
HX3 6XQ,8
HX3 6XR,5
HX3 6XW,5
HX3 6XX,8
HX3 6YH,1
HX3 6YJ,1
HX3 6YL,1
HX3 6YN,1
HX3 6YP,1
HX3 6YQ,1
HX3 6YR,1
HX3 6YS,1
HX3 6YT,1
HX3 6YU,5
HX3 6YW,5
HX3 6YX,1
HX3 6YY,1
HX3 6YZ,1
HX3 6ZY,1
HX3 7AA,8
HX3 7AB,8
HX3 7AD,8
HX3 7AE,8
HX3 7AF,8
HX3 7AG,5
HX3 7AH,8
HX3 7AJ,8
HX3 7AL,8
HX3 7AN,8
HX3 7AP,8
HX3 7AQ,5
HX3 7AR,8
HX3 7AS,8
HX3 7AT,8
HX3 7AU,8
HX3 7AW,8
HX3 7AX,8
HX3 7AY,8
HX3 7BA,8
HX3 7BE,8
HX3 7BG,7
HX3 7BJ,7
HX3 7BL,7
HX3 7BN,5
HX3 7BP,8
HX3 7BQ,9
HX3 7BS,8
HX3 7BT,8
HX3 7BU,8
HX3 7BW,8
HX3 7BX,8
HX3 7BY,8
HX3 7BZ,8
HX3 7DA,8
HX3 7DB,8
HX3 7DD,8
HX3 7DE,9
HX3 7DF,9
HX3 7DG,9
HX3 7DH,9
HX3 7DJ,9
HX3 7DL,9
HX3 7DN,9
HX3 7DP,5
HX3 7DQ,9
HX3 7DR,8
HX3 7DS,8
HX3 7DT,7
HX3 7DU,9
HX3 7DX,9
HX3 7DY,10
HX3 7DZ,9
HX3 7EA,9
HX3 7EB,9
HX3 7ED,9
HX3 7EE,10
HX3 7EF,10
HX3 7EG,10
HX3 7EH,9
HX3 7EJ,9
HX3 7EL,9
HX3 7EN,9
HX3 7EP,8
HX3 7EQ,9
HX3 7ER,8
HX3 7ES,5
HX3 7ET,10
HX3 7EU,8
HX3 7EW,8
HX3 7EX,10
HX3 7EY,10
HX3 7HA,10
HX3 7HD,10
HX3 7HE,9
HX3 7HF,9
HX3 7HG,8
HX3 7HH,9
HX3 7HJ,9
HX3 7HL,9
HX3 7HN,9
HX3 7HP,9
HX3 7HQ,8
HX3 7HR,10
HX3 7HS,9
HX3 7HT,9
HX3 7HU,9
HX3 7HW,9
HX3 7HX,9
HX3 7HY,9
HX3 7HZ,10
HX3 7JA,9
HX3 7JB,10
HX3 7JD,10
HX3 7JE,10
HX3 7JF,10
HX3 7JG,9
HX3 7JH,10
HX3 7JN,7
HX3 7JP,7
HX3 7JQ,7
HX3 7JS,10
HX3 7JT,7
HX3 7JU,7
HX3 7JW,7
HX3 7JX,8
HX3 7JY,7
HX3 7JZ,7
HX3 7LA,5
HX3 7LB,7
HX3 7LD,7
HX3 7LE,9
HX3 7LF,9
HX3 7LG,7
HX3 7LH,7
HX3 7LJ,7
HX3 7LL,7
HX3 7LN,7
HX3 7LP,7
HX3 7LQ,7
HX3 7LR,7
HX3 7LS,7
HX3 7LT,8
HX3 7LU,8
HX3 7LW,7
HX3 7LX,8
HX3 7LY,8
HX3 7LZ,8
HX3 7NA,7
HX3 7NB,7
HX3 7ND,7
HX3 7NE,7
HX3 7NF,8
HX3 7NG,8
HX3 7NH,8
HX3 7NJ,8
HX3 7NL,8
HX3 7NN,8
HX3 7NP,8
HX3 7NQ,8
HX3 7NR,7
HX3 7NS,7
HX3 7NT,7
HX3 7NU,7
HX3 7NW,7
HX3 7NX,7
HX3 7NY,8
HX3 7NZ,8
HX3 7PA,7
HX3 7PB,7
HX3 7PD,8
HX3 7PE,7
HX3 7PF,8
HX3 7PG,8
HX3 7PH,8
HX3 7PJ,8
HX3 7PL,8
HX3 7PN,7
HX3 7PP,7
HX3 7PQ,8
HX3 7PR,7
HX3 7PS,8
HX3 7PT,8
HX3 7PU,8
HX3 7PW,8
HX3 7PX,7
HX3 7PY,7
HX3 7PZ,7
HX3 7QA,7
HX3 7QB,7
HX3 7QD,7
HX3 7QE,7
HX3 7QF,7
HX3 7QG,7
HX3 7QH,7
HX3 7QJ,7
HX3 7QL,7
HX3 7QN,7
HX3 7QP,7
HX3 7QR,7
HX3 7QS,7
HX3 7QT,7
HX3 7QU,7
HX3 7QW,7
HX3 7QX,7
HX3 7QY,7
HX3 7QZ,8
HX3 7RA,8
HX3 7RB,7
HX3 7RD,7
HX3 7RE,7
HX3 7RF,7
HX3 7RG,7
HX3 7RH,7
HX3 7RJ,7
HX3 7RL,7
HX3 7RN,7
HX3 7RP,7
HX3 7RQ,7
HX3 7RR,7
HX3 7RS,7
HX3 7RT,10
HX3 7RU,10
HX3 7RW,7
HX3 7RX,8
HX3 7RY,10
HX3 7RZ,7
HX3 7SA,7
HX3 7SB,8
HX3 7SD,5
HX3 7SE,5
HX3 7SF,5
HX3 7SG,9
HX3 7SH,10
HX3 7SJ,10
HX3 7SL,10
HX3 7SN,10
HX3 7SP,10
HX3 7SQ,9
HX3 7SR,10
HX3 7SS,10
HX3 7ST,10
HX3 7SU,10
HX3 7SW,10
HX3 7SX,10
HX3 7SY,10
HX3 7SZ,10
HX3 7TA,10
HX3 7TB,10
HX3 7TD,10
HX3 7TE,10
HX3 7TF,10
HX3 7TG,10
HX3 7TH,10
HX3 7TJ,10
HX3 7TL,9
HX3 7TN,10
HX3 7TP,7
HX3 7TQ,8
HX3 7TR,7
HX3 7TS,7
HX3 7TT,7
HX3 7TU,7
HX3 7TW,10
HX3 7TX,7
HX3 7TY,5
HX3 7TZ,7
HX3 7UA,10
HX3 7UD,5
HX3 7UE,10
HX3 7UF,7
HX3 7UL,5
HX3 7UN,5
HX3 7UP,5
HX3 7UR,5
HX3 7US,10
HX3 7UT,10
HX3 7UW,5
HX3 7WA,10
HX3 7WB,10
HX3 7WE,10
HX3 7WF,10
HX3 7WG,10
HX3 7WH,10
HX3 7WJ,10
HX3 7WL,10
HX3 7WN,10
HX3 7WP,1
HX3 7WW,1
HX3 7WX,1
HX3 7WY,1
HX3 7WZ,5
HX3 7XA,5
HX3 7XD,5
HX3 7XE,1
HX3 7XF,1
HX3 7XG,1
HX3 7XH,1
HX3 7XJ,1
HX3 7XL,1
HX3 7YF,1
HX3 7YG,1
HX3 7YH,9
HX3 7YJ,9
HX3 7YL,9
HX3 7YN,5
HX3 7YP,9
HX3 7YR,1
HX3 7YS,9
HX3 7YT,5
HX3 7YU,5
HX3 7YW,1
HX3 7YX,1
HX3 7YY,1
HX3 8AA,6
HX3 8AB,6
HX3 8AD,6
HX3 8AE,6
HX3 8AF,6
HX3 8AG,10
HX3 8AH,6
HX3 8AJ,6
HX3 8AL,6
HX3 8AN,6
HX3 8AP,6
HX3 8AQ,10
HX3 8AR,6
HX3 8AS,6
HX3 8AT,10
HX3 8AU,10
HX3 8AW,6
HX3 8AX,10
HX3 8AY,9
HX3 8AZ,10
HX3 8BA,9
HX3 8BB,9
HX3 8BD,9
HX3 8BE,9
HX3 8BG,9
HX3 8BH,9
HX3 8BJ,9
HX3 8BL,9
HX3 8BN,9
HX3 8BP,9
HX3 8BQ,9
HX3 8BT,6
HX3 8BU,6
HX3 8BW,6
HX3 8BX,6
HX3 8BY,6
HX3 8BZ,6
HX3 8DA,9
HX3 8DB,6
HX3 8DD,6
HX3 8DE,6
HX3 8DF,10
HX3 8DG,6
HX3 8DH,6
HX3 8DJ,8
HX3 8DS,6
HX3 8DT,6
HX3 8DU,6
HX3 8DW,6
HX3 8DX,6
HX3 8DY,6
HX3 8DZ,6
HX3 8EA,6
HX3 8EB,6
HX3 8ED,6
HX3 8EE,6
HX3 8EF,6
HX3 8EG,6
HX3 8EH,6
HX3 8EJ,6
HX3 8EL,6
HX3 8EN,6
HX3 8EP,6
HX3 8EQ,6
HX3 8ER,6
HX3 8ES,6
HX3 8ET,6
HX3 8EU,8
HX3 8EW,6
HX3 8EX,6
HX3 8EY,8
HX3 8EZ,8
HX3 8FA,9
HX3 8FD,9
HX3 8FE,6
HX3 8FF,8
HX3 8FG,6
HX3 8FH,6
HX3 8FJ,9
HX3 8FL,6
HX3 8FN,9
HX3 8FP,8
HX3 8FW,8
HX3 8HA,8
HX3 8HB,8
HX3 8HD,8
HX3 8HE,8
HX3 8HF,8
HX3 8HG,8
HX3 8HH,6
HX3 8HJ,6
HX3 8HL,8
HX3 8HN,6
HX3 8HP,6
HX3 8HQ,8
HX3 8HR,8
HX3 8HS,8
HX3 8HT,6
HX3 8HU,8
HX3 8HW,8
HX3 8HX,8
HX3 8HY,8
HX3 8HZ,8
HX3 8JA,8
HX3 8JB,8
HX3 8JD,8
HX3 8JE,8
HX3 8JF,8
HX3 8JG,8
HX3 8JH,8
HX3 8JJ,8
HX3 8JL,8
HX3 8JN,8
HX3 8JP,8
HX3 8JQ,8
HX3 8JR,8
HX3 8JS,8
HX3 8JT,8
HX3 8JU,8
HX3 8JW,8
HX3 8JX,8
HX3 8JY,8
HX3 8JZ,8
HX3 8LA,8
HX3 8LB,8
HX3 8LD,8
HX3 8LE,8
HX3 8LF,8
HX3 8LG,8
HX3 8LH,8
HX3 8LJ,8
HX3 8LL,8
HX3 8LP,6
HX3 8LQ,8
HX3 8LR,6
HX3 8LS,8
HX3 8LT,6
HX3 8LY,10
HX3 8LZ,6
HX3 8NA,6
HX3 8NB,6
HX3 8ND,6
HX3 8NE,8
HX3 8NF,6
HX3 8NG,6
HX3 8NH,10
HX3 8NJ,10
HX3 8NL,10
HX3 8NN,8
HX3 8NP,10
HX3 8NQ,10
HX3 8NR,10
HX3 8NS,10
HX3 8NT,10
HX3 8NU,10
HX3 8NW,10
HX3 8NX,10
HX3 8NY,6
HX3 8NZ,6
HX3 8PA,10
HX3 8PB,10
HX3 8PD,10
HX3 8PE,10
HX3 8PJ,8
HX3 8PL,6
HX3 8PN,6
HX3 8PP,6
HX3 8PR,6
HX3 8PS,6
HX3 8PT,10
HX3 8PU,8
HX3 8PW,8
HX3 8PX,8
HX3 8PY,8
HX3 8PZ,8
HX3 8QA,8
HX3 8QB,8
HX3 8QD,8
HX3 8QE,8
HX3 8QF,8
HX3 8QG,8
HX3 8QH,8
HX3 8QJ,8
HX3 8QL,8
HX3 8QN,8
HX3 8QP,8
HX3 8QQ,8
HX3 8QR,8
HX3 8QS,8
HX3 8QT,8
HX3 8QU,8
HX3 8QW,8
HX3 8QX,8
HX3 8QY,8
HX3 8QZ,8
HX3 8RA,8
HX3 8RB,8
HX3 8RD,8
HX3 8RE,8
HX3 8RF,8
HX3 8RG,8
HX3 8RH,8
HX3 8RN,1
HX3 8RQ,8
HX3 8RT,8
HX3 8RY,8
HX3 8RZ,8
HX3 8SD,10
HX3 8SE,10
HX3 8SF,10
HX3 8SG,10
HX3 8SH,10
HX3 8SJ,10
HX3 8SL,10
HX3 8SN,10
HX3 8SP,10
HX3 8SQ,10
HX3 8SR,10
HX3 8SS,10
HX3 8ST,10
HX3 8SU,10
HX3 8SW,10
HX3 8SX,10
HX3 8SY,10
HX3 8SZ,10
HX3 8TA,10
HX3 8TB,10
HX3 8TD,10
HX3 8TE,10
HX3 8TF,8
HX3 8TH,8
HX3 8TJ,8
HX3 8TL,8
HX3 8TN,8
HX3 8TP,8
HX3 8TR,8
HX3 8TS,8
HX3 8TT,7
HX3 8TU,7
HX3 8TW,8
HX3 8TX,7
HX3 8TY,7
HX3 8TZ,7
HX3 8UA,8
HX3 8UB,8
HX3 8UD,10
HX3 8UE,8
HX3 8UF,7
HX3 8UG,8
HX3 8UH,7
HX3 8UJ,7
HX3 8UL,2
HX3 8UN,2
HX3 8UP,2
HX3 8UR,2
HX3 8UT,2
HX3 8UU,2
HX3 8UW,2
HX3 8UX,2
HX3 8UY,2
HX3 8UZ,2
HX3 8WR,2
HX3 8WS,1
HX3 8WT,1
HX3 8WU,1
HX3 8WW,2
HX3 8WX,1
HX3 8WY,1
HX3 8WZ,2
HX3 8XA,2
HX3 8XB,2
HX3 8XD,2
HX3 8XE,2
HX3 8XF,2
HX3 8XG,2
HX3 8XH,2
HX3 8XJ,2
HX3 8XL,2
HX3 8XN,2
HX3 8XP,2
HX3 8XQ,2
HX3 8XR,1
HX3 8XW,2
HX3 8XY,1
HX3 8XZ,1
HX3 8YA,1
HX3 8YB,1
HX3 8YD,1
HX3 8YE,1
HX3 8YF,1
HX3 8YG,1
HX3 8YH,10
HX3 8YJ,10
HX3 8YL,10
HX3 8YN,1
HX3 8YP,10
HX3 8YQ,1
HX3 8YR,10
HX3 8YS,1
HX3 8YT,1
HX3 8YU,10
HX3 8YW,1
HX3 8YX,1
HX3 8YY,2
HX3 8YZ,1
HX3 8ZS,1
HX3 9AB,4
HX3 9AD,4
HX3 9AE,4
HX3 9AF,5
HX3 9AG,4
HX3 9AH,5
HX3 9AJ,5
HX3 9AL,5
HX3 9AN,4
HX3 9AP,4
HX3 9AQ,4
HX3 9AR,5
HX3 9AS,5
HX3 9AT,5
HX3 9AU,5
HX3 9AW,5
HX3 9AX,5
HX3 9AY,5
HX3 9AZ,5
HX3 9BA,5
HX3 9BB,5
HX3 9BD,5
HX3 9BE,5
HX3 9BG,5
HX3 9BH,5
HX3 9BJ,5
HX3 9BL,3
HX3 9BN,5
HX3 9BP,5
HX3 9BQ,5
HX3 9BS,3
HX3 9BT,3
HX3 9BU,5
HX3 9BW,5
HX3 9BX,4
HX3 9BY,5
HX3 9BZ,5
HX3 9DA,5
HX3 9DB,5
HX3 9DD,3
HX3 9DE,5
HX3 9DF,6
HX3 9DG,5
HX3 9DH,5
HX3 9DJ,3
HX3 9DL,3
HX3 9DN,3
HX3 9DP,3
HX3 9DQ,5
HX3 9DR,3
HX3 9DS,3
HX3 9DT,3
HX3 9DU,3
HX3 9DW,3
HX3 9DX,3
HX3 9DY,3
HX3 9DZ,3
HX3 9EA,3
HX3 9EB,3
HX3 9ED,3
HX3 9EE,3
HX3 9EF,3
HX3 9EG,3
HX3 9EH,3
HX3 9EJ,3
HX3 9EL,5
HX3 9EN,5
HX3 9EP,5
HX3 9EQ,3
HX3 9ER,3
HX3 9ET,4
HX3 9EU,5
HX3 9EW,3
HX3 9EX,4
HX3 9EY,5
HX3 9EZ,4
HX3 9FA,5
HX3 9FE,6
HX3 9GY,4
HX3 9HB,4
HX3 9HD,4
HX3 9HE,4
HX3 9HF,4
HX3 9HG,4
HX3 9HH,4
HX3 9HJ,4
HX3 9HL,4
HX3 9HN,4
HX3 9HP,4
HX3 9HQ,4
HX3 9HR,4
HX3 9HS,4
HX3 9HT,4
HX3 9HU,4
HX3 9HW,4
HX3 9HX,4
HX3 9HY,4
HX3 9HZ,4
HX3 9JA,4
HX3 9JB,4
HX3 9JD,4
HX3 9JE,4
HX3 9JF,4
HX3 9JG,4
HX3 9JH,4
HX3 9JJ,4
HX3 9JL,5
HX3 9JN,5
HX3 9JP,5
HX3 9JQ,4
HX3 9JR,5
HX3 9JS,5
HX3 9JU,3
HX3 9JW,5
HX3 9JX,3
HX3 9JY,3
HX3 9JZ,3
HX3 9LA,3
HX3 9LB,3
HX3 9LD,3
HX3 9LE,3
HX3 9LF,4
HX3 9LG,3
HX3 9LH,3
HX3 9LJ,3
HX3 9LL,3
HX3 9LN,3
HX3 9LP,5
HX3 9LQ,3
HX3 9LR,3
HX3 9LS,6
HX3 9LT,3
HX3 9LW,3
HX3 9NA,6
HX3 9NG,6
HX3 9NH,6
HX3 9NJ,6
HX3 9NL,6
HX3 9NN,6
HX3 9NP,6
HX3 9NQ,6
HX3 9NR,6
HX3 9NS,6
HX3 9NT,6
HX3 9NU,6
HX3 9NW,6
HX3 9NX,6
HX3 9PA,6
HX3 9PB,6
HX3 9PD,6
HX3 9PE,6
HX3 9PF,6
HX3 9PG,6
HX3 9PH,6
HX3 9PJ,4
HX3 9PL,6
HX3 9PN,4
HX3 9PQ,6
HX3 9PR,4
HX3 9PS,4
HX3 9PT,4
HX3 9PU,4
HX3 9PW,4
HX3 9PX,6
HX3 9PY,6
HX3 9PZ,6
HX3 9QB,6
HX3 9QD,6
HX3 9QG,6
HX3 9QH,6
HX3 9QJ,6
HX3 9QL,6
HX3 9QN,6
HX3 9QP,6
HX3 9QQ,6
HX3 9QR,6
HX3 9QS,6
HX3 9QT,6
HX3 9QU,6
HX3 9QW,6
HX3 9QX,6
HX3 9QY,6
HX3 9QZ,6
HX3 9RA,6
HX3 9RB,6
HX3 9RD,6
HX3 9RE,6
HX3 9RF,4
HX3 9RG,6
HX3 9RH,6
HX3 9RJ,6
HX3 9RL,6
HX3 9RN,6
HX3 9RQ,6
HX3 9RR,6
HX3 9RS,6
HX3 9RT,6
HX3 9RU,6
HX3 9RX,6
HX3 9RY,6
HX3 9RZ,6
HX3 9SA,6
HX3 9SB,6
HX3 9SD,6
HX3 9SE,6
HX3 9SF,6
HX3 9SG,6
HX3 9SH,6
HX3 9SJ,6
HX3 9SL,6
HX3 9SN,6
HX3 9SP,6
HX3 9SQ,6
HX3 9SS,6
HX3 9ST,6
HX3 9SW,6
HX3 9SX,4
HX3 9SY,6
HX3 9SZ,4
HX3 9TA,4
HX3 9TB,4
HX3 9TD,6
HX3 9TE,6
HX3 9TF,6
HX3 9TG,6
HX3 9TH,6
HX3 9TJ,6
HX3 9TL,6
HX3 9TN,6
HX3 9TP,6
HX3 9TQ,6
HX3 9TR,6
HX3 9TS,6
HX3 9TT,4
HX3 9TU,4
HX3 9TW,1
HX3 9TX,6
HX3 9TY,6
HX3 9TZ,4
HX3 9UA,4
HX3 9UB,6
HX3 9UD,6
HX3 9UE,6
HX3 9UF,6
HX3 9UG,6
HX3 9UH,6
HX3 9UJ,4
HX3 9WA,1
HX3 9WX,1
HX3 9WY,1
HX3 9WZ,1
HX3 9XA,6
HX3 9XB,6
HX3 9XE,6
HX3 9XF,6
HX3 9XG,1
HX3 9XH,1
HX3 9XJ,1
HX3 9XL,5
HX3 9XN,6
HX3 9XP,1
HX3 9XQ,5
HX3 9XR,1
HX3 9XS,1
HX3 9XT,4
HX3 9XU,4
HX3 9XW,6
HX3 9XY,5
HX3 9YE,1
HX3 9YF,1
HX3 9YG,1
HX3 9YH,1
HX3 9YJ,1
HX3 9YL,6
HX3 9YN,6
HX3 9YP,6
HX3 9YQ,6
HX3 9YR,6
HX3 9YS,6
HX3 9YT,6
HX3 9YU,6
HX3 9YW,1
HX3 9YX,1
HX3 9YY,1
HX3 9YZ,1
HX3 9ZT,1
HX4 0AA,9
HX4 0AB,9
HX4 0AD,9
HX4 0AE,9
HX4 0AF,9
HX4 0AG,9
HX4 0AH,9
HX4 0AJ,9
HX4 0AL,9
HX4 0AN,9
HX4 0AP,9
HX4 0AQ,9
HX4 0AR,9
HX4 0AS,9
HX4 0AT,9
HX4 0AU,9
HX4 0AW,9
HX4 0AX,9
HX4 0AY,9
HX4 0AZ,7
HX4 0BA,9
HX4 0BB,10
HX4 0BD,9
HX4 0BE,9
HX4 0BG,9
HX4 0BH,9
HX4 0BJ,9
HX4 0BL,9
HX4 0BN,9
HX4 0BP,9
HX4 0BQ,9
HX4 0BS,9
HX4 0BT,9
HX4 0BU,9
HX4 0BW,9
HX4 0BX,9
HX4 0BY,9
HX4 0BZ,9
HX4 0DA,9
HX4 0DB,9
HX4 0DD,9
HX4 0DE,9
HX4 0DF,10
HX4 0DG,10
HX4 0DH,10
HX4 0DJ,10
HX4 0DL,10
HX4 0DN,10
HX4 0DP,10
HX4 0DQ,10
HX4 0DR,10
HX4 0DS,10
HX4 0DT,10
HX4 0DU,10
HX4 0DW,10
HX4 0DX,7
HX4 0DY,7
HX4 0DZ,6
HX4 0EA,6
HX4 0EB,6
HX4 0ED,7
HX4 0EE,7
HX4 0EF,7
HX4 0EG,7
HX4 0EH,7
HX4 0EJ,9
HX4 0EL,9
HX4 0EN,9
HX4 0EP,9
HX4 0EQ,7
HX4 0ER,9
HX4 0ES,9
HX4 0ET,9
HX4 0EU,7
HX4 0EW,9
HX4 0EX,9
HX4 0EY,9
HX4 0FA,10
HX4 0FB,9
HX4 0FD,10
HX4 0FE,10
HX4 0FF,9
HX4 0FG,9
HX4 0FH,10
HX4 0FJ,10
HX4 0FL,9
HX4 0FP,9
HX4 0HB,9
HX4 0HD,9
HX4 0HE,9
HX4 0HF,9
HX4 0HG,9
HX4 0HL,9
HX4 0HQ,7
HX4 0HS,9
HX4 0HU,10
HX4 0JA,9
HX4 0JD,9
HX4 0JE,9
HX4 0LD,1
HX4 0WA,1
HX4 0WX,1
HX4 0WY,1
HX4 0WZ,1
HX4 0YR,1
HX4 0YS,1
HX4 0YT,9
HX4 0YY,1
HX4 0YZ,9
HX4 0ZT,1
HX4 0ZX,1
HX4 8AA,5
HX4 8AB,5
HX4 8AD,5
HX4 8AE,5
HX4 8AF,5
HX4 8AG,5
HX4 8AH,5
HX4 8AJ,5
HX4 8AL,5
HX4 8AN,5
HX4 8AP,5
HX4 8AQ,5
HX4 8AR,5
HX4 8AS,5
HX4 8AT,5
HX4 8AU,5
HX4 8AW,5
HX4 8AX,5
HX4 8AY,5
HX4 8AZ,5
HX4 8BA,5
HX4 8BB,5
HX4 8BD,5
HX4 8BE,9
HX4 8BG,1
HX4 8BH,4
HX4 8BJ,6
HX4 8BL,5
HX4 8BN,5
HX4 8BP,5
HX4 8BQ,4
HX4 8BS,5
HX4 8BT,5
HX4 8BU,5
HX4 8BW,5
HX4 8BX,5
HX4 8BY,5
HX4 8BZ,5
HX4 8DA,5
HX4 8DB,5
HX4 8DD,5
HX4 8DE,5
HX4 8DF,5
HX4 8DG,5
HX4 8DH,5
HX4 8DJ,5
HX4 8DL,5
HX4 8DN,5
HX4 8DP,5
HX4 8DQ,5
HX4 8DR,5
HX4 8DS,5
HX4 8DT,6
HX4 8DU,6
HX4 8DW,5
HX4 8DX,5
HX4 8DY,6
HX4 8DZ,6
HX4 8EA,5
HX4 8EB,5
HX4 8ED,4
HX4 8EE,5
HX4 8EF,5
HX4 8EG,5
HX4 8EH,5
HX4 8EJ,5
HX4 8EL,5
HX4 8EN,9
HX4 8EP,5
HX4 8EQ,5
HX4 8ES,5
HX4 8HA,5
HX4 8HB,9
HX4 8HD,9
HX4 8HE,5
HX4 8HF,5
HX4 8HG,5
HX4 8HH,5
HX4 8HJ,5
HX4 8HL,5
HX4 8HN,7
HX4 8HP,7
HX4 8HQ,5
HX4 8HR,7
HX4 8HS,7
HX4 8HT,7
HX4 8HU,7
HX4 8HW,7
HX4 8HX,7
HX4 8HY,7
HX4 8HZ,7
HX4 8JA,7
HX4 8JB,7
HX4 8JD,7
HX4 8JE,9
HX4 8JF,9
HX4 8JG,7
HX4 8JH,9
HX4 8JJ,7
HX4 8JL,7
HX4 8JN,9
HX4 8JP,9
HX4 8JQ,7
HX4 8JR,9
HX4 8JS,9
HX4 8JT,9
HX4 8JU,9
HX4 8JW,9
HX4 8JX,7
HX4 8JY,7
HX4 8JZ,5
HX4 8LA,7
HX4 8LB,7
HX4 8LD,7
HX4 8LE,7
HX4 8LF,7
HX4 8LG,9
HX4 8LH,7
HX4 8LJ,9
HX4 8LL,7
HX4 8LN,9
HX4 8LP,5
HX4 8LQ,9
HX4 8LR,3
HX4 8LS,5
HX4 8LT,5
HX4 8LU,1
HX4 8LW,9
HX4 8LX,5
HX4 8LY,5
HX4 8LZ,9
HX4 8NA,9
HX4 8NB,9
HX4 8ND,9
HX4 8NE,7
HX4 8NF,9
HX4 8NG,9
HX4 8NH,9
HX4 8NJ,1
HX4 8NL,4
HX4 8NN,9
HX4 8NP,7
HX4 8NQ,9
HX4 8NR,7
HX4 8NS,7
HX4 8NT,7
HX4 8NU,7
HX4 8NW,7
HX4 8NX,7
HX4 8NY,5
HX4 8NZ,9
HX4 8PA,7
HX4 8PB,7
HX4 8PD,7
HX4 8PE,7
HX4 8PF,7
HX4 8PG,7
HX4 8PH,7
HX4 8PJ,7
HX4 8PL,7
HX4 8PN,7
HX4 8PP,7
HX4 8PQ,7
HX4 8PR,7
HX4 8PS,7
HX4 8PT,7
HX4 8PU,7
HX4 8PW,7
HX4 8PX,7
HX4 8PZ,7
HX4 8QA,7
HX4 8QB,7
HX4 8QD,7
HX4 8QE,7
HX4 8QF,9
HX4 8QG,9
HX4 8QJ,9
HX4 8QL,7
HX4 8QN,9
HX4 8QP,7
HX4 8QQ,9
HX4 8QR,7
HX4 8QW,9
HX4 8UA,1
HX4 8UB,9
HX4 8UD,1
HX4 8UE,9
HX4 8UF,9
HX4 8UG,1
HX4 8UH,9
HX4 8UJ,9
HX4 8UL,1
HX4 8UN,9
HX4 8UP,9
HX4 8UQ,1
HX4 8UR,9
HX4 8US,1
HX4 8UT,1
HX4 8UW,1
HX4 8WA,1
HX4 8WU,1
HX4 8WW,1
HX4 8WX,1
HX4 8WY,1
HX4 8WZ,1
HX4 8XA,1
HX4 8XD,1
HX4 8XE,1
HX4 8XF,1
HX4 8XG,1
HX4 8ZN,1
HX4 9AA,6
HX4 9AB,6
HX4 9AD,4
HX4 9AE,4
HX4 9AF,4
HX4 9AH,4
HX4 9AJ,4
HX4 9AL,4
HX4 9AN,4
HX4 9AP,6
HX4 9AQ,4
HX4 9AR,6
HX4 9AS,6
HX4 9AT,6
HX4 9AU,6
HX4 9AW,6
HX4 9AX,6
HX4 9AY,6
HX4 9AZ,6
HX4 9BA,6
HX4 9BB,6
HX4 9BD,6
HX4 9BE,6
HX4 9BF,4
HX4 9BG,6
HX4 9BH,6
HX4 9BJ,6
HX4 9BL,6
HX4 9BQ,6
HX4 9BR,6
HX4 9BS,6
HX4 9BT,8
HX4 9BU,6
HX4 9BW,6
HX4 9BX,6
HX4 9BY,6
HX4 9BZ,8
HX4 9DA,8
HX4 9DB,6
HX4 9DD,6
HX4 9DE,8
HX4 9DF,8
HX4 9DG,8
HX4 9DH,8
HX4 9DJ,4
HX4 9DL,8
HX4 9DN,4
HX4 9DP,4
HX4 9DQ,8
HX4 9DR,6
HX4 9DS,6
HX4 9DW,6
HX4 9DX,4
HX4 9DY,6
HX4 9DZ,4
HX4 9EA,4
HX4 9EB,7
HX4 9ED,6
HX4 9EE,7
HX4 9EF,7
HX4 9EG,7
HX4 9EH,4
HX4 9EJ,4
HX4 9EL,4
HX4 9EN,4
HX4 9EP,4
HX4 9EQ,7
HX4 9ER,4
HX4 9ES,4
HX4 9ET,4
HX4 9EU,4
HX4 9EW,4
HX4 9EX,4
HX4 9EY,4
HX4 9EZ,4
HX4 9FD,4
HX4 9FE,6
HX4 9FF,8
HX4 9FN,4
HX4 9GA,7
HX4 9HA,4
HX4 9HB,7
HX4 9HD,7
HX4 9HE,7
HX4 9HF,7
HX4 9HG,7
HX4 9HH,7
HX4 9HJ,7
HX4 9HL,7
HX4 9HN,7
HX4 9HP,8
HX4 9HQ,7
HX4 9HR,8
HX4 9HS,7
HX4 9HT,7
HX4 9HU,7
HX4 9HW,7
HX4 9HX,8
HX4 9HY,8
HX4 9HZ,8
HX4 9JA,8
HX4 9JB,8
HX4 9JD,8
HX4 9JE,8
HX4 9JF,8
HX4 9JG,8
HX4 9JH,8
HX4 9JJ,8
HX4 9JL,8
HX4 9JN,8
HX4 9JP,8
HX4 9JQ,8
HX4 9JR,8
HX4 9JS,8
HX4 9JT,8
HX4 9JU,8
HX4 9JW,8
HX4 9JX,8
HX4 9JY,8
HX4 9JZ,8
HX4 9LA,8
HX4 9LB,8
HX4 9LD,8
HX4 9LE,8
HX4 9LF,8
HX4 9LG,8
HX4 9LH,6
HX4 9LJ,8
HX4 9LL,8
HX4 9LN,8
HX4 9LP,8
HX4 9LQ,8
HX4 9LR,7
HX4 9LS,8
HX4 9LT,8
HX4 9LU,8
HX4 9LW,8
HX4 9LX,8
HX4 9NB,8
HX4 9ND,8
HX4 9PA,7
HX4 9PB,7
HX4 9PD,7
HX4 9PE,8
HX4 9PF,8
HX4 9PG,8
HX4 9PH,8
HX4 9PJ,8
HX4 9PL,8
HX4 9PN,7
HX4 9PP,7
HX4 9PQ,8
HX4 9PR,7
HX4 9PS,7
HX4 9PT,7
HX4 9PU,7
HX4 9PW,7
HX4 9PX,9
HX4 9PY,8
HX4 9PZ,9
HX4 9QA,8
HX4 9QB,8
HX4 9QD,8
HX4 9QE,8
HX4 9QF,8
HX4 9QG,7
HX4 9QH,9
HX4 9QJ,8
HX4 9QL,8
HX4 9QN,7
HX4 9QP,8
HX4 9QQ,8
HX4 9QR,7
HX4 9QS,1
HX4 9QT,7
HX4 9QU,7
HX4 9QW,8
HX4 9QX,8
HX4 9QY,7
HX4 9QZ,8
HX4 9RP,8
HX4 9WU,1
HX4 9WW,1
HX4 9WX,8
HX4 9WY,1
HX4 9WZ,8
HX4 9YA,7
HX4 9YB,7
HX4 9YD,7
HX4 9YE,7
HX4 9YF,8
HX5 0AA,2
HX5 0AB,4
HX5 0AD,4
HX5 0AE,4
HX5 0AG,4
HX5 0AH,4
HX5 0AJ,4
HX5 0AL,4
HX5 0AN,4
HX5 0AP,4
HX5 0AQ,4
HX5 0AR,8
HX5 0AS,4
HX5 0AT,4
HX5 0AW,4
HX5 0AX,4
HX5 0AY,4
HX5 0AZ,4
HX5 0BA,2
HX5 0BB,2
HX5 0BD,2
HX5 0BE,2
HX5 0BG,2
HX5 0BH,2
HX5 0BJ,2
HX5 0BL,2
HX5 0BN,2
HX5 0BP,2
HX5 0BQ,2
HX5 0BS,2
HX5 0BT,2
HX5 0BU,2
HX5 0BW,2
HX5 0BX,2
HX5 0BY,2
HX5 0BZ,2
HX5 0DA,2
HX5 0DB,2
HX5 0DD,2
HX5 0DE,2
HX5 0DF,2
HX5 0DG,2
HX5 0DH,2
HX5 0DJ,2
HX5 0DL,2
HX5 0DN,2
HX5 0DQ,2
HX5 0DR,8
HX5 0DS,8
HX5 0DT,8
HX5 0DU,2
HX5 0DW,4
HX5 0DX,2
HX5 0EA,2
HX5 0EB,2
HX5 0ED,2
HX5 0EE,2
HX5 0EF,2
HX5 0EG,2
HX5 0EH,2
HX5 0EJ,2
HX5 0EP,2
HX5 0EQ,2
HX5 0ER,2
HX5 0ES,2
HX5 0ET,2
HX5 0EU,4
HX5 0EW,2
HX5 0EX,2
HX5 0EY,2
HX5 0EZ,2
HX5 0HA,2
HX5 0HB,4
HX5 0HE,2
HX5 0HG,4
HX5 0HH,2
HX5 0HJ,2
HX5 0HN,2
HX5 0HP,2
HX5 0HQ,2
HX5 0HR,2
HX5 0HS,2
HX5 0HT,2
HX5 0HU,2
HX5 0HW,2
HX5 0HX,2
HX5 0HY,2
HX5 0HZ,2
HX5 0JA,2
HX5 0JB,2
HX5 0JD,2
HX5 0JE,2
HX5 0JF,2
HX5 0JG,2
HX5 0JH,2
HX5 0JJ,2
HX5 0JL,2
HX5 0JN,2
HX5 0JP,2
HX5 0JQ,4
HX5 0JT,8
HX5 0JU,4
HX5 0JW,8
HX5 0JY,2
HX5 0LA,4
HX5 0LB,4
HX5 0LD,4
HX5 0LE,2
HX5 0LF,4
HX5 0LG,4
HX5 0LH,4
HX5 0LJ,4
HX5 0LL,8
HX5 0LN,8
HX5 0LP,8
HX5 0LQ,4
HX5 0LR,8
HX5 0LS,8
HX5 0LT,8
HX5 0LU,4
HX5 0LW,8
HX5 0LX,4
HX5 0LY,2
HX5 0LZ,4
HX5 0NA,2
HX5 0NB,2
HX5 0ND,2
HX5 0NE,2
HX5 0NF,2
HX5 0NG,8
HX5 0NH,4
HX5 0NJ,4
HX5 0NL,4
HX5 0NN,4
HX5 0NP,4
HX5 0NQ,8
HX5 0NR,8
HX5 0NS,8
HX5 0NT,8
HX5 0NU,8
HX5 0NW,4
HX5 0NX,8
HX5 0PA,8
HX5 0PB,2
HX5 0PD,6
HX5 0PE,8
HX5 0PF,8
HX5 0PH,8
HX5 0PL,6
HX5 0PQ,2
HX5 0PR,2
HX5 0PS,2
HX5 0PT,1
HX5 0PU,2
HX5 0PX,4
HX5 0PY,4
HX5 0PZ,4
HX5 0QA,4
HX5 0QB,4
HX5 0QD,8
HX5 0QE,6
HX5 0QF,6
HX5 0QG,6
HX5 0QH,8
HX5 0QJ,8
HX5 0QL,8
HX5 0QN,6
HX5 0QP,6
HX5 0QQ,6
HX5 0QR,6
HX5 0QS,6
HX5 0QT,6
HX5 0QU,6
HX5 0QW,6
HX5 0QX,6
HX5 0QY,6
HX5 0QZ,6
HX5 0RA,2
HX5 0RN,2
HX5 0RP,2
HX5 0RR,2
HX5 0RS,2
HX5 0RU,2
HX5 0RW,2
HX5 0RX,2
HX5 0RY,2
HX5 0SA,2
HX5 0SG,2
HX5 0SH,2
HX5 0SJ,1
HX5 0SL,2
HX5 0SN,2
HX5 0SP,2
HX5 0SQ,2
HX5 0SW,2
HX5 0SX,1
HX5 0SY,4
HX5 0SZ,2
HX5 0TA,8
HX5 0TB,8
HX5 0TD,8
HX5 0TE,8
HX5 0TF,8
HX5 0TG,8
HX5 0TQ,8
HX5 0WU,1
HX5 0WW,8
HX5 0WX,8
HX5 0WY,1
HX5 0WZ,8
HX5 0XA,8
HX5 0XB,4
HX5 0XD,1
HX5 0XE,1
HX5 0ZD,1
HX5 0ZW,1
HX5 9AA,4
HX5 9AB,4
HX5 9AD,4
HX5 9AE,4
HX5 9AF,8
HX5 9AG,4
HX5 9AH,4
HX5 9AJ,4
HX5 9AL,4
HX5 9AN,4
HX5 9AP,4
HX5 9AQ,4
HX5 9AR,4
HX5 9AS,4
HX5 9AT,4
HX5 9AU,4
HX5 9AW,4
HX5 9AX,4
HX5 9AY,8
HX5 9AZ,4
HX5 9BA,2
HX5 9BB,8
HX5 9BD,8
HX5 9BE,8
HX5 9BG,8
HX5 9BH,8
HX5 9BJ,4
HX5 9BL,4
HX5 9BN,2
HX5 9BP,2
HX5 9BQ,8
HX5 9BS,4
HX5 9BT,4
HX5 9BU,2
HX5 9BW,2
HX5 9BX,4
HX5 9BY,2
HX5 9BZ,2
HX5 9DA,8
HX5 9DB,4
HX5 9DD,4
HX5 9DE,4
HX5 9DF,4
HX5 9DG,4
HX5 9DH,4
HX5 9DL,4
HX5 9DN,4
HX5 9DP,2
HX5 9DQ,2
HX5 9DR,2
HX5 9DS,1
HX5 9DT,4
HX5 9DU,4
HX5 9DW,2
HX5 9DX,4
HX5 9DY,4
HX5 9DZ,4
HX5 9EB,4
HX5 9ED,4
HX5 9EE,4
HX5 9EF,4
HX5 9EG,4
HX5 9EH,8
HX5 9EJ,4
HX5 9EL,4
HX5 9EN,4
HX5 9EP,4
HX5 9EQ,8
HX5 9ER,4
HX5 9ES,4
HX5 9ET,4
HX5 9EU,4
HX5 9EW,4
HX5 9FA,4
HX5 9GY,2
HX5 9GZ,2
HX5 9HA,4
HX5 9HB,4
HX5 9HD,4
HX5 9HF,4
HX5 9HG,2
HX5 9HH,2
HX5 9HJ,2
HX5 9HL,2
HX5 9HN,2
HX5 9HP,2
HX5 9HQ,2
HX5 9HR,2
HX5 9HS,4
HX5 9HT,4
HX5 9HU,4
HX5 9HW,2
HX5 9HX,4
HX5 9HY,2
HX5 9HZ,4
HX5 9JA,4
HX5 9JB,4
HX5 9JD,4
HX5 9JE,2
HX5 9JF,4
HX5 9JP,2
HX5 9JR,2
HX5 9JS,2
HX5 9JT,2
HX5 9JU,8
HX5 9JX,8
HX5 9JY,8
HX5 9JZ,8
HX5 9PA,8
HX5 9PB,8
HX5 9PD,8
HX5 9PE,8
HX5 9PF,8
HX5 9PG,8
HX5 9PH,8
HX5 9PJ,8
HX5 9PL,8
HX5 9PN,8
HX5 9PQ,8
HX5 9PR,8
HX5 9PS,8
HX5 9PT,8
HX5 9PU,8
HX5 9PW,8
HX5 9PX,8
HX5 9PY,8
HX5 9QA,3
HX5 9QB,3
HX5 9QD,3
HX5 9QE,3
HX5 9QH,8
HX5 9QJ,8
HX5 9QL,8
HX5 9QN,8
HX5 9QP,8
HX5 9QQ,3
HX5 9QR,8
HX5 9QW,8
HX5 9WT,1
HX5 9WU,1
HX5 9WW,1
HX5 9WX,1
HX5 9WY,8
HX5 9WZ,8
HX5 9YL,1
HX5 9YN,1
HX5 9YP,4
HX5 9YR,4
HX5 9YS,1
HX5 9YT,4
HX5 9YU,1
HX5 9YW,4
HX5 9YX,4
HX5 9YY,4
HX5 9YZ,1
HX6 1AA,2
HX6 1AB,2
HX6 1AD,2
HX6 1AE,4
HX6 1AF,4
HX6 1AG,2
HX6 1AH,4
HX6 1AL,2
HX6 1AN,4
HX6 1AW,2
HX6 1AX,4
HX6 1AY,4
HX6 1AZ,4
HX6 1BA,4
HX6 1BB,4
HX6 1BD,4
HX6 1BE,4
HX6 1BG,4
HX6 1BH,4
HX6 1BJ,4
HX6 1BL,4
HX6 1BN,4
HX6 1BP,4
HX6 1BQ,4
HX6 1BS,4
HX6 1BT,4
HX6 1BU,2
HX6 1BW,4
HX6 1BX,4
HX6 1BY,4
HX6 1BZ,4
HX6 1DA,4
HX6 1DB,2
HX6 1DD,2
HX6 1DE,2
HX6 1DF,2
HX6 1DG,2
HX6 1DH,2
HX6 1DJ,2
HX6 1DL,4
HX6 1DN,4
HX6 1DP,4
HX6 1DQ,2
HX6 1DR,4
HX6 1DS,4
HX6 1DT,4
HX6 1DU,4
HX6 1DW,4
HX6 1DX,2
HX6 1DY,2
HX6 1DZ,4
HX6 1EA,4
HX6 1EB,4
HX6 1ED,4
HX6 1EE,2
HX6 1EF,2
HX6 1EG,2
HX6 1EH,4
HX6 1EJ,4
HX6 1EL,4
HX6 1EN,4
HX6 1EQ,2
HX6 1HA,2
HX6 1HB,2
HX6 1HD,2
HX6 1HE,2
HX6 1HF,2
HX6 1HG,2
HX6 1HH,2
HX6 1HJ,2
HX6 1HL,2
HX6 1HN,2
HX6 1HP,2
HX6 1HQ,2
HX6 1HR,6
HX6 1HS,2
HX6 1HT,2
HX6 1HU,2
HX6 1HW,2
HX6 1HX,2
HX6 1HY,2
HX6 1HZ,2
HX6 1JA,2
HX6 1JB,6
HX6 1JD,6
HX6 1JE,6
HX6 1JF,6
HX6 1JG,6
HX6 1JH,6
HX6 1JJ,6
HX6 1JL,6
HX6 1JN,6
HX6 1JP,6
HX6 1JQ,6
HX6 1JR,6
HX6 1JS,6
HX6 1JT,6
HX6 1JU,6
HX6 1JW,6
HX6 1JX,6
HX6 1JY,6
HX6 1JZ,2
HX6 1LA,2
HX6 1LB,2
HX6 1LD,2
HX6 1LE,4
HX6 1LF,4
HX6 1LG,4
HX6 1LH,2
HX6 1LJ,2
HX6 1LL,2
HX6 1LN,6
HX6 1LP,2
HX6 1LQ,4
HX6 1NA,6
HX6 1NB,4
HX6 1ND,4
HX6 1NE,6
HX6 1NF,6
HX6 1NG,6
HX6 1NH,6
HX6 1NJ,6
HX6 1NL,6
HX6 1NN,6
HX6 1NP,6
HX6 1NQ,6
HX6 1NR,6
HX6 1NS,6
HX6 1NT,6
HX6 1NU,6
HX6 1NW,6
HX6 1NX,6
HX6 1PA,6
HX6 1PB,6
HX6 1PD,6
HX6 1PE,6
HX6 1PF,6
HX6 1PG,6
HX6 1PH,6
HX6 1PJ,6
HX6 1PL,6
HX6 1PN,4
HX6 1PP,6
HX6 1PQ,6
HX6 1QA,6
HX6 1WA,1
HX6 1WW,6
HX6 1WX,6
HX6 1WY,1
HX6 1WZ,6
HX6 1YP,6
HX6 1YR,2
HX6 1YS,2
HX6 1YT,1
HX6 1YU,2
HX6 1YX,1
HX6 1YY,1
HX6 1YZ,6
HX6 2AA,2
HX6 2AB,2
HX6 2AD,2
HX6 2AE,2
HX6 2AF,2
HX6 2AG,2
HX6 2AH,2
HX6 2AJ,2
HX6 2AL,2
HX6 2AN,2
HX6 2AP,2
HX6 2AQ,2
HX6 2AR,2
HX6 2AS,2
HX6 2AT,2
HX6 2AU,2
HX6 2AW,2
HX6 2AX,2
HX6 2AY,2
HX6 2AZ,2
HX6 2BA,6
HX6 2BB,2
HX6 2BD,2
HX6 2BE,2
HX6 2BF,2
HX6 2BG,2
HX6 2BH,2
HX6 2BJ,2
HX6 2BL,2
HX6 2BN,2
HX6 2BP,2
HX6 2BQ,2
HX6 2BS,2
HX6 2BT,2
HX6 2BU,2
HX6 2BW,2
HX6 2BX,6
HX6 2BY,2
HX6 2BZ,2
HX6 2DA,2
HX6 2DB,2
HX6 2DD,2
HX6 2DE,2
HX6 2DF,2
HX6 2DG,2
HX6 2DH,7
HX6 2DJ,2
HX6 2DL,2
HX6 2DN,1
HX6 2DP,2
HX6 2DQ,2
HX6 2DR,2
HX6 2DS,2
HX6 2DU,7
HX6 2DW,7
HX6 2DX,2
HX6 2DY,2
HX6 2DZ,2
HX6 2EA,2
HX6 2EB,2
HX6 2ED,2
HX6 2EE,2
HX6 2EF,2
HX6 2EG,2
HX6 2EH,2
HX6 2EJ,2
HX6 2EL,4
HX6 2EN,3
HX6 2EP,3
HX6 2EQ,2
HX6 2ER,3
HX6 2ES,3
HX6 2ET,4
HX6 2EU,4
HX6 2EW,3
HX6 2EX,4
HX6 2EY,4
HX6 2EZ,4
HX6 2FA,2
HX6 2FB,8
HX6 2FD,8
HX6 2FE,2
HX6 2FG,8
HX6 2FH,8
HX6 2FJ,8
HX6 2FL,8
HX6 2FN,3
HX6 2FP,8
HX6 2FQ,8
HX6 2FX,4
HX6 2HA,4
HX6 2HB,4
HX6 2HD,4
HX6 2HE,4
HX6 2HF,4
HX6 2HG,3
HX6 2HH,3
HX6 2HJ,3
HX6 2HL,3
HX6 2HN,3
HX6 2HP,3
HX6 2HQ,3
HX6 2HR,3
HX6 2HS,3
HX6 2HT,3
HX6 2HU,7
HX6 2HW,3
HX6 2HX,7
HX6 2HY,3
HX6 2HZ,7
HX6 2JA,3
HX6 2JB,3
HX6 2JD,3
HX6 2JE,4
HX6 2JF,4
HX6 2JG,3
HX6 2JH,7
HX6 2JJ,7
HX6 2JL,7
HX6 2JN,7
HX6 2JQ,3
HX6 2JR,2
HX6 2JS,2
HX6 2JT,3
HX6 2JW,7
HX6 2LA,2
HX6 2LB,2
HX6 2LD,3
HX6 2LE,3
HX6 2LF,2
HX6 2LG,2
HX6 2LH,2
HX6 2LJ,2
HX6 2LL,2
HX6 2LN,2
HX6 2LP,2
HX6 2LQ,2
HX6 2LR,3
HX6 2LS,3
HX6 2LT,3
HX6 2LU,3
HX6 2LW,2
HX6 2LX,3
HX6 2LY,3
HX6 2LZ,3
HX6 2NA,3
HX6 2NB,3
HX6 2ND,3
HX6 2NE,3
HX6 2NF,3
HX6 2NG,3
HX6 2NH,3
HX6 2NJ,3
HX6 2NL,7
HX6 2NN,7
HX6 2NP,7
HX6 2NQ,3
HX6 2NR,7
HX6 2NS,3
HX6 2NT,3
HX6 2NU,3
HX6 2NW,7
HX6 2NX,3
HX6 2NY,2
HX6 2PA,3
HX6 2PB,3
HX6 2PD,3
HX6 2PE,7
HX6 2PF,7
HX6 2PG,2
HX6 2PH,3
HX6 2PJ,3
HX6 2PL,2
HX6 2PN,2
HX6 2PP,2
HX6 2PQ,3
HX6 2PR,3
HX6 2PS,3
HX6 2PT,7
HX6 2PU,7
HX6 2PX,2
HX7 6PH,6
HX7 6PJ,6
HX7 6PL,6
HX7 6PN,6
HX7 6PP,6
HX7 6PQ,6
HX7 6PR,6
HX7 6PS,6
HX7 6PT,6
HX7 6PU,6
HX7 6PW,6
HX7 6PX,6
HX7 6PY,6
HX7 6PZ,5
HX7 6QA,5
HX7 6UR,6
HX7 6UT,5
HX7 6UU,5
HX7 6UW,5
HX7 6UX,5
HX7 6UY,5
HX7 6UZ,5
HX7 6WN,5
HX7 6WP,5
HX7 6WQ,5
HX7 6WR,5
HX7 6WS,5
HX7 6WT,5
HX7 6WU,5
HX7 6WW,5
HX7 6WX,5
HX7 6WY,5
HX7 6WZ,5
HX7 6YT,5
HX7 6YU,5
HX7 6YW,5
HX7 6YX,5
HX7 6YY,5
HX7 6YZ,5
HX7 6ZY,5
HX7 7AA,6
HX7 7AB,6
HX7 7AD,6
HX7 7AE,6
HX7 7AF,6
HX7 7AG,7
HX7 7AH,7
HX7 7AJ,7
HX7 7AL,7
HX7 7AN,6
HX7 7AP,7
HX7 7AQ,7
HX7 7AR,7
HX7 7AS,7
HX7 7AT,7
HX7 7AU,7
HX7 7AW,7
HX7 7AX,7
HX7 7AY,7
HX7 7AZ,7
HX7 7BB,6
HX7 7BL,6
HX7 7BN,6
HX7 7BP,6
HX7 7BS,6
HX7 7BT,6
HX7 7BX,6
HX7 7BY,6
HX7 7BZ,6
HX7 7DA,6
HX7 7DB,6
HX7 7DD,6
HX7 7DE,6
HX7 7DF,6
HX7 7DG,6
HX7 7DH,6
HX7 7DJ,6
HX7 7DL,6
HX7 7DN,6
HX7 7DP,6
HX7 7DQ,6
HX7 7DR,6
HX7 7DS,6
HX7 7DT,6
HX7 7DU,6
HX7 7DW,6
HX7 7DX,6
HX7 7DY,6
HX7 7DZ,6
HX7 7EA,6
HX7 7EB,6
HX7 7ED,6
HX7 7EE,6
HX7 7EG,6
HX7 7EL,6
HX7 7EN,6
HX7 7EP,6
HX7 7EQ,6
HX7 7ER,6
HX7 7ES,6
HX7 7ET,7
HX7 7EU,7
HX7 7EW,6
HX7 7EX,7
HX7 7EY,7
HX7 7EZ,7
HX7 7HA,7
HX7 7HB,7
HX7 7HD,7
HX7 7HE,7
HX7 7HF,7
HX7 7HG,7
HX7 7HH,7
HX7 7HJ,7
HX7 7HL,7
HX7 7HN,7
HX7 7HP,7
HX7 7HQ,7
HX7 7HR,6
HX7 7HS,6
HX7 7HT,6
HX7 7HU,7
HX7 7HW,7
HX7 7HX,6
HX7 7HY,6
HX7 7HZ,6
HX7 7JA,6
HX7 7JB,6
HX7 7JD,6
HX7 7JE,6
HX7 7JF,6
HX7 7JG,6
HX7 7JH,6
HX7 7JJ,6
HX7 7JL,6
HX7 7JN,6
HX7 7JP,6
HX7 7JQ,6
HX7 7JR,6
HX7 7JS,6
HX7 7JT,6
HX7 7JU,6
HX7 7JW,6
HX7 7JX,6
HX7 7JY,6
HX7 7JZ,6
HX7 7LA,6
HX7 7LB,6
HX7 7LJ,6
HX7 7LL,6
HX7 7LN,6
HX7 7LP,6
HX7 7LR,6
HX7 7LS,6
HX7 7LT,6
HX7 7LU,6
HX7 7LW,6
HX7 7LX,7
HX7 7LY,7
HX7 7LZ,7
HX7 7NA,7
HX7 7NB,7
HX7 7ND,7
HX7 7NE,7
HX7 7NF,7
HX7 7NG,7
HX7 7NH,7
HX7 7NJ,6
HX7 7NL,7
HX7 7NN,7
HX7 7NP,6
HX7 7NQ,7
HX7 7NR,6
HX7 7NS,7
HX7 7NT,7
HX7 7NU,7
HX7 7NW,7
HX7 7NX,7
HX7 7NY,7
HX7 7PA,7
HX7 7PB,7
HX7 7PD,7
HX7 7PE,7
HX7 7PF,7
HX7 7PG,7
HX7 7PH,7
HX7 7PJ,6
HX7 7PL,7
HX7 7PQ,7
HX7 7QD,6
HX7 7UQ,7
HX7 7UT,7
HX7 7UU,7
HX7 7UW,5
HX7 7UX,5
HX7 7UY,7
HX7 7UZ,7
HX7 7WB,5
HX7 7WR,5
HX7 7WS,5
HX7 7WT,5
HX7 7WU,5
HX7 7WW,5
HX7 7WX,5
HX7 7WY,5
HX7 7WZ,5
HX7 7XA,5
HX7 7XB,5
HX7 8AA,5
HX7 8AB,5
HX7 8AD,5
HX7 8AE,5
HX7 8AF,5
HX7 8AG,5
HX7 8AH,5
HX7 8AJ,5
HX7 8AL,5
HX7 8AN,5
HX7 8AP,5
HX7 8AQ,5
HX7 8AR,5
HX7 8AS,5
HX7 8AT,5
HX7 8AU,5
HX7 8AW,5
HX7 8AX,5
HX7 8AY,5
HX7 8AZ,5
HX7 8BA,5
HX7 8BB,5
HX7 8BD,5
HX7 8BE,5
HX7 8BG,5
HX7 8BH,5
HX7 8BJ,5
HX7 8BL,5
HX7 8BN,5
HX7 8BP,5
HX7 8BQ,5
HX7 8BS,5
HX7 8BT,5
HX7 8BU,5
HX7 8BW,5
HX7 8BX,5
HX7 8BY,5
HX7 8BZ,6
HX7 8DA,6
HX7 8DB,6
HX7 8DD,6
HX7 8DE,6
HX7 8DF,6
HX7 8DG,6
HX7 8DH,6
HX7 8DJ,5
HX7 8DL,6
HX7 8DN,6
HX7 8DP,6
HX7 8DQ,5
HX7 8DR,6
HX7 8DS,6
HX7 8DT,5
HX7 8DW,6
HX7 8DY,7
HX7 8DZ,6
HX7 8EA,5
HX7 8EB,5
HX7 8EE,5
HX7 8EF,5
HX7 8EG,5
HX7 8EH,5
HX7 8EJ,5
HX7 8EL,5
HX7 8EN,5
HX7 8EP,5
HX7 8EQ,5
HX7 8ER,5
HX7 8ES,5
HX7 8ET,5
HX7 8EU,5
HX7 8EW,5
HX7 8EX,5
HX7 8EY,6
HX7 8EZ,6
HX7 8FB,6
HX7 8HA,6
HX7 8HB,6
HX7 8HF,6
HX7 8HG,6
HX7 8HH,6
HX7 8HJ,6
HX7 8HL,6
HX7 8HN,6
HX7 8HP,6
HX7 8HQ,6
HX7 8HR,6
HX7 8HS,6
HX7 8HT,6
HX7 8HU,6
HX7 8HW,6
HX7 8HX,6
HX7 8HY,6
HX7 8HZ,6
HX7 8JA,6
HX7 8JB,6
HX7 8JD,6
HX7 8JE,6
HX7 8JF,6
HX7 8JN,5
HX7 8JP,6
HX7 8JR,6
HX7 8JS,6
HX7 8JT,6
HX7 8JU,6
HX7 8JX,6
HX7 8JY,6
HX7 8JZ,6
HX7 8LA,6
HX7 8LB,6
HX7 8LD,6
HX7 8LE,6
HX7 8LF,6
HX7 8LG,6
HX7 8LH,6
HX7 8LJ,6
HX7 8LL,6
HX7 8LN,6
HX7 8LQ,6
HX7 8LR,6
HX7 8LW,6
HX7 8NA,6
HX7 8NB,6
HX7 8ND,6
HX7 8NE,7
HX7 8NG,7
HX7 8NH,7
HX7 8NJ,7
HX7 8NL,7
HX7 8NN,7
HX7 8NR,7
HX7 8NS,5
HX7 8NT,7
HX7 8NU,7
HX7 8NW,7
HX7 8NX,7
HX7 8NY,5
HX7 8NZ,5
HX7 8PA,7
HX7 8PD,7
HX7 8PE,6
HX7 8PF,6
HX7 8PG,6
HX7 8PH,6
HX7 8PJ,6
HX7 8PL,6
HX7 8PN,6
HX7 8PP,6
HX7 8PQ,6
HX7 8PR,6
HX7 8PS,6
HX7 8PT,6
HX7 8PU,6
HX7 8PW,6
HX7 8QH,7
HX7 8QJ,7
HX7 8QL,7
HX7 8QN,7
HX7 8QP,7
HX7 8QR,7
HX7 8QS,7
HX7 8QT,7
HX7 8QU,7
HX7 8QW,7
HX7 8QX,7
HX7 8QY,7
HX7 8QZ,7
HX7 8RA,7
HX7 8RB,7
HX7 8RD,7
HX7 8RE,7
HX7 8RF,7
HX7 8RG,7
HX7 8RL,7
HX7 8RN,7
HX7 8RP,7
HX7 8RQ,7
HX7 8RR,7
HX7 8RS,7
HX7 8RT,6
HX7 8RU,6
HX7 8RW,6
HX7 8RX,6
HX7 8RY,6
HX7 8RZ,6
HX7 8SA,6
HX7 8SB,6
HX7 8SD,6
HX7 8SE,6
HX7 8SF,6
HX7 8SG,6
HX7 8SH,6
HX7 8SJ,6
HX7 8SL,6
HX7 8SN,6
HX7 8SP,6
HX7 8SQ,6
HX7 8SR,6
HX7 8SS,6
HX7 8ST,7
HX7 8SU,7
HX7 8SW,6
HX7 8SX,7
HX7 8SY,7
HX7 8SZ,7
HX7 8TA,7
HX7 8TB,7
HX7 8TD,7
HX7 8TE,7
HX7 8TF,7
HX7 8TG,6
HX7 8TH,7
HX7 8TJ,7
HX7 8TL,6
HX7 8TN,6
HX7 8TP,7
HX7 8TQ,6
HX7 8TR,6
HX7 8TS,6
HX7 8TW,6
HX7 8UG,5
HX7 8UQ,5
HX7 8UZ,5
HX7 8WA,5
HX7 8WB,5
HX7 8WD,5
HX7 8WE,5
HX7 8WF,5
HX7 8WG,5
HX7 8WH,5
HX7 8WJ,5
HX7 8WL,5
HX7 8WN,5
HX7 8WP,5
HX7 8WQ,5
HX7 8WR,5
HX7 8WS,5
HX7 8WT,5
HX7 8WU,6
HX7 8WW,5
HX7 8WX,5
HX7 8WY,5
HX7 8WZ,5
HX7 8XY,5
HX7 8XZ,5
HX7 8YH,6
HX7 8YJ,5
HX7 8YL,5
HX7 8YN,5
HX7 8YP,5
HX7 8YQ,6
HX7 8YR,5
HX7 8YS,6
HX7 8YT,6
HX7 8YU,5
HX7 8YW,5
HX7 8YX,5
HX7 8YZ,5
HX7 8ZS,5
HX7 9AA,5
HX7 9AB,
HX7 9AD,5
HX7 9AE,
HX7 9AF,
HX7 9AG,
HX7 9AH,5
HX7 9AL,
HX7 9AN,
HX7 9AP,
HX7 9AQ,5
HX7 9AR,5
HX7 9AS,5
HX7 9AT,5
HX7 9AU,5
HX7 9AW,5
HX7 9AX,5
HX7 9AY,5
HX7 9BA,5
HX7 9BB,5
HX7 9BD,5
HX7 9BE,5
HX7 9BF,5
HX7 9BG,5
HX7 9BH,5
HX7 9BJ,5
HX7 9BL,5
HX7 9BN,5
HX7 9BP,5
HX7 9BQ,5
HX6 2PY,3
HX6 2QB,2
HX6 2QD,2
HX6 2QE,2
HX6 2QF,2
HX6 2QG,2
HX6 2QH,2
HX6 2QJ,2
HX6 2QL,2
HX6 2QN,2
HX6 2QP,2
HX6 2QQ,2
HX6 2QR,2
HX6 2QS,2
HX6 2QT,2
HX6 2QU,4
HX6 2QW,2
HX6 2QX,4
HX6 2QY,4
HX6 2QZ,4
HX6 2RA,3
HX6 2RB,4
HX6 2RD,4
HX6 2RF,4
HX6 2RG,2
HX6 2RH,6
HX6 2RJ,6
HX6 2RL,6
HX6 2RN,6
HX6 2RP,4
HX6 2RQ,6
HX6 2RR,4
HX6 2RS,3
HX6 2RT,3
HX6 2RU,3
HX6 2RW,4
HX6 2RX,4
HX6 2RY,3
HX6 2RZ,4
HX6 2SA,7
HX6 2SB,7
HX6 2SD,2
HX6 2SE,7
HX6 2SF,2
HX6 2SG,2
HX6 2SH,2
HX6 2SJ,6
HX6 2SL,7
HX6 2SN,7
HX6 2SP,2
HX6 2SQ,7
HX6 2SR,7
HX6 2SS,7
HX6 2ST,7
HX6 2SU,7
HX6 2SW,7
HX6 2SX,7
HX6 2SY,7
HX6 2SZ,7
HX6 2TA,7
HX6 2TB,7
HX6 2TD,7
HX6 2TE,7
HX6 2TF,8
HX6 2TG,8
HX6 2TH,3
HX6 2TJ,4
HX6 2TL,4
HX6 2TN,4
HX6 2TP,4
HX6 2TQ,7
HX6 2TR,4
HX6 2TS,4
HX6 2TT,4
HX6 2TU,4
HX6 2TW,6
HX6 2TX,7
HX6 2TY,6
HX6 2TZ,4
HX6 2UA,6
HX6 2UB,6
HX6 2UD,6
HX6 2UE,6
HX6 2UF,8
HX6 2UG,6
HX6 2UH,6
HX6 2UJ,6
HX6 2UL,7
HX6 2UN,6
HX6 2UP,4
HX6 2UQ,6
HX6 2UR,4
HX6 2US,4
HX6 2UU,2
HX6 2UX,8
HX6 2UY,8
HX6 2UZ,8
HX6 2WA,8
HX6 2WW,1
HX6 2WX,8
HX6 2WY,8
HX6 2WZ,8
HX6 2YF,3
HX6 2YN,1
HX6 2YP,3
HX6 2YQ,1
HX6 2YR,1
HX6 2YS,8
HX6 2YT,8
HX6 2YU,1
HX6 2YW,1
HX6 2YX,1
HX6 2YY,1
HX6 2YZ,1
HX6 2ZR,2
HX6 3AA,2
HX6 3AB,2
HX6 3AD,2
HX6 3AE,2
HX6 3AF,6
HX6 3AG,1
HX6 3AH,2
HX6 3AJ,2
HX6 3AL,2
HX6 3AN,2
HX6 3AP,2
HX6 3AQ,2
HX6 3AR,2
HX6 3AS,2
HX6 3AT,2
HX6 3AU,2
HX6 3AW,2
HX6 3AX,2
HX6 3AY,2
HX6 3AZ,2
HX6 3BA,2
HX6 3BB,2
HX6 3BD,2
HX6 3BE,2
HX6 3BG,2
HX6 3BH,2
HX6 3BJ,4
HX6 3BL,4
HX6 3BN,2
HX6 3BP,2
HX6 3BQ,2
HX6 3BR,2
HX6 3BS,2
HX6 3BT,2
HX6 3BU,2
HX6 3BW,2
HX6 3BX,2
HX6 3BY,2
HX6 3DA,6
HX6 3DB,1
HX6 3DD,1
HX6 3DE,2
HX6 3DF,2
HX6 3DG,2
HX6 3DH,6
HX6 3DJ,6
HX6 3DL,6
HX6 3DN,6
HX6 3DP,6
HX6 3DQ,6
HX6 3DR,6
HX6 3DS,6
HX6 3DT,6
HX6 3DU,6
HX6 3DW,6
HX6 3DX,6
HX6 3DY,6
HX6 3DZ,6
HX6 3EA,6
HX6 3EB,6
HX6 3ED,6
HX6 3EE,6
HX6 3EF,6
HX6 3EG,6
HX6 3EH,6
HX6 3EJ,6
HX6 3EL,6
HX6 3EN,6
HX6 3EP,6
HX6 3EQ,6
HX6 3ER,6
HX6 3ES,6
HX6 3ET,6
HX6 3EU,6
HX6 3EW,6
HX6 3EX,6
HX6 3EY,6
HX6 3EZ,6
HX6 3FA,4
HX6 3FB,2
HX6 3GA,2
HX6 3GB,2
HX6 3GD,2
HX6 3GE,2
HX6 3HA,6
HX6 3HB,6
HX6 3HD,6
HX6 3HF,6
HX6 3HG,6
HX6 3HH,6
HX6 3HJ,6
HX6 3HL,6
HX6 3HN,6
HX6 3HP,6
HX6 3HQ,6
HX6 3HR,6
HX6 3HS,6
HX6 3HT,6
HX6 3HU,6
HX6 3HW,6
HX6 3HX,6
HX6 3HY,6
HX6 3HZ,6
HX6 3JA,6
HX6 3JB,6
HX6 3JD,6
HX6 3JE,6
HX6 3JF,6
HX6 3JG,2
HX6 3JH,2
HX6 3JN,6
HX6 3JQ,6
HX6 3JX,6
HX6 3JY,2
HX6 3LA,6
HX6 3LB,2
HX6 3LD,2
HX6 3LE,2
HX6 3LF,2
HX6 3LG,6
HX6 3LH,6
HX6 3LL,6
HX6 3LN,4
HX6 3LP,6
HX6 3LQ,6
HX6 3LR,6
HX6 3LS,6
HX6 3LT,6
HX6 3LU,6
HX6 3LW,6
HX6 3LX,2
HX6 3LY,2
HX6 3LZ,6
HX6 3NA,6
HX6 3NB,6
HX6 3ND,6
HX6 3NE,6
HX6 3NF,6
HX6 3NG,6
HX6 3NH,6
HX6 3NJ,6
HX6 3NL,6
HX6 3NN,6
HX6 3NP,6
HX6 3NQ,6
HX6 3NR,6
HX6 3NS,6
HX6 3NT,6
HX6 3NW,6
HX6 3NX,6
HX6 3PA,6
HX6 3PB,4
HX6 3PD,2
HX6 3PE,4
HX6 3PF,4
HX6 3PG,2
HX6 3PH,4
HX6 3PJ,4
HX6 3PL,2
HX6 3PN,2
HX6 3PP,2
HX6 3PQ,4
HX6 3PR,2
HX6 3PS,2
HX6 3PT,2
HX6 3PU,2
HX6 3PW,2
HX6 3PX,2
HX6 3PY,6
HX6 3PZ,6
HX6 3QA,2
HX6 3QB,2
HX6 3QD,2
HX6 3QE,2
HX6 3QF,6
HX6 3QG,6
HX6 3QH,6
HX6 3QJ,6
HX6 3QL,6
HX6 3QN,6
HX6 3QP,6
HX6 3QQ,6
HX6 3QR,6
HX6 3QS,6
HX6 3QT,6
HX6 3QU,6
HX6 3QW,6
HX6 3QX,6
HX6 3QY,6
HX6 3QZ,6
HX6 3RA,6
HX6 3RB,6
HX6 3RD,6
HX6 3RE,6
HX6 3RF,6
HX6 3RG,6
HX6 3RH,6
HX6 3RJ,6
HX6 3RL,6
HX6 3RN,6
HX6 3RP,6
HX6 3RQ,6
HX6 3RR,6
HX6 3RS,6
HX6 3RT,6
HX6 3RU,6
HX6 3RW,6
HX6 3RX,6
HX6 3RY,6
HX6 3RZ,6
HX6 3SA,6
HX6 3SB,6
HX6 3SD,6
HX6 3SE,6
HX6 3SF,6
HX6 3SG,2
HX6 3SQ,6
HX6 3SX,6
HX6 3WA,1
HX6 3WX,1
HX6 3WY,6
HX6 3WZ,1
HX6 3YA,1
HX6 3YB,1
HX6 3YD,1
HX6 3YE,6
HX6 3YF,1
HX6 3YG,6
HX6 3YH,1
HX6 3YJ,6
HX6 3YL,6
HX6 3YN,6
HX6 3YP,6
HX6 3YQ,1
HX6 3YR,1
HX6 3YS,6
HX6 3YT,1
HX6 3YU,6
HX6 3YW,6
HX6 3YX,6
HX6 3YY,6
HX6 3YZ,1
HX6 3ZB,1
HX6 4AA,6
HX6 4AB,6
HX6 4AD,6
HX6 4AE,6
HX6 4AF,6
HX6 4AG,6
HX6 4AH,6
HX6 4AJ,6
HX6 4AL,6
HX6 4AN,6
HX6 4AP,6
HX6 4AQ,6
HX6 4AR,6
HX6 4AS,6
HX6 4AT,6
HX6 4AU,6
HX6 4AW,6
HX6 4AX,6
HX6 4AY,6
HX6 4AZ,6
HX6 4BA,6
HX6 4BB,6
HX6 4BD,6
HX6 4BE,6
HX6 4BG,6
HX6 4BH,6
HX6 4BJ,6
HX6 4BL,6
HX6 4BN,6
HX6 4BP,6
HX6 4BQ,6
HX6 4BS,7
HX6 4BU,10
HX6 4BW,10
HX6 4BX,6
HX6 4BY,10
HX6 4DA,6
HX6 4DB,6
HX6 4DD,10
HX6 4DE,6
HX6 4DF,6
HX6 4DG,6
HX6 4DH,6
HX6 4DJ,6
HX6 4DL,6
HX6 4DN,6
HX6 4DP,6
HX6 4DQ,6
HX6 4DR,6
HX6 4DS,6
HX6 4DT,6
HX6 4DU,6
HX6 4DW,10
HX6 4DX,6
HX6 4DY,6
HX6 4DZ,10
HX6 4EA,10
HX6 4EB,10
HX6 4ED,10
HX6 4EE,10
HX6 4EF,10
HX6 4EG,10
HX6 4EH,10
HX6 4EJ,10
HX6 4EL,10
HX6 4EN,10
HX6 4EP,10
HX6 4EQ,10
HX6 4ER,10
HX6 4ES,10
HX6 4ET,10
HX6 4EU,10
HX6 4EW,10
HX6 4EX,10
HX6 4EY,10
HX6 4EZ,10
HX6 4FB,10
HX6 4FD,10
HX6 4FE,10
HX6 4FF,10
HX6 4HA,10
HX6 4HB,10
HX6 4HD,7
HX6 4HE,10
HX6 4HF,10
HX6 4HG,10
HX6 4HH,10
HX6 4HJ,10
HX6 4HL,10
HX6 4HN,6
HX6 4HP,6
HX6 4HQ,10
HX6 4HR,6
HX6 4HS,6
HX6 4HT,10
HX6 4HW,6
HX6 4HY,10
HX6 4HZ,10
HX6 4JB,7
HX6 4JE,10
HX6 4JF,10
HX6 4JG,10
HX6 4JH,10
HX6 4JJ,10
HX6 4JL,10
HX6 4JN,6
HX6 4JP,10
HX6 4JQ,10
HX6 4JR,10
HX6 4JS,10
HX6 4JT,10
HX6 4JU,10
HX6 4JW,10
HX6 4JX,10
HX6 4JY,10
HX6 4JZ,10
HX6 4LA,10
HX6 4LB,10
HX6 4LD,10
HX6 4LE,10
HX6 4LF,7
HX6 4LG,7
HX6 4LH,7
HX6 4LJ,7
HX6 4LL,10
HX6 4LN,10
HX6 4LP,7
HX6 4LQ,7
HX6 4LR,7
HX6 4LS,7
HX6 4LT,7
HX6 4LU,6
HX6 4LW,7
HX6 4LX,6
HX6 4LY,6
HX6 4LZ,6
HX6 4NA,6
HX6 4NB,6
HX6 4ND,6
HX6 4NE,6
HX6 4NF,6
HX6 4NG,6
HX6 4NH,7
HX6 4NJ,7
HX6 4NL,7
HX6 4NN,6
HX6 4NP,6
HX6 4NQ,7
HX6 4NR,6
HX6 4NS,6
HX6 4NT,6
HX6 4NU,6
HX6 4NW,7
HX6 4NX,6
HX6 4NY,10
HX6 4NZ,6
HX6 4PA,10
HX6 4PB,10
HX6 4PD,10
HX6 4PE,6
HX6 4PW,7
HX6 4PX,10
HX6 4PY,10
HX6 4PZ,10
HX6 4QA,7
HX6 4QB,7
HX6 4QD,7
HX6 4QE,7
HX6 4QF,7
HX6 4QG,7
HX6 4QH,7
HX6 4QJ,7
HX6 4QL,10
HX6 4QN,7
HX6 4QP,7
HX6 4QQ,7
HX6 4QR,7
HX6 4QS,7
HX6 4QT,7
HX6 4QU,7
HX6 4QW,10
HX6 4QX,7
HX6 4QY,7
HX6 4QZ,7
HX6 4RA,7
HX6 4RB,7
HX6 4RD,7
HX6 4RE,7
HX6 4RF,7
HX6 4RG,7
HX6 4RH,7
HX6 4RJ,10
HX6 4RL,7
HX6 4RN,10
HX6 4RP,10
HX6 4RQ,7
HX6 4RR,7
HX6 4RS,7
HX6 4RT,10
HX6 4RU,7
HX6 4RW,7
HX6 4RX,7
HX6 4RY,7
HX6 4RZ,7
HX6 4SA,10
HX6 4SB,7
HX6 4SD,7
HX6 4WU,1
HX6 4WW,1
HX6 4WX,1
HX6 4WY,1
HX6 4WZ,10
HX6 4XA,10
HX6 4XB,1
HX6 4XD,10
HX6 4XE,1
HX6 4XF,1
HX6 4XG,1
HX6 4XH,10
HX6 4XJ,1
HX6 4XL,1
HX6 4XN,1
HX6 4XP,1
HX6 4XQ,10
HX6 4XR,1
HX6 4XS,1
HX6 4XT,1
HX6 4XW,1
HX6 4YS,10
HX6 4ZN,1
HX6 4ZY,1
HX7 0LY,7
HX7 5AA,7
HX7 5AB,7
HX7 5AD,7
HX7 5AE,7
HX7 5AF,4
HX7 5AG,4
HX7 5AH,4
HX7 5AJ,7
HX7 5AL,7
HX7 5AN,7
HX7 5AP,7
HX7 5AQ,4
HX7 5AR,7
HX7 5AS,7
HX7 5AT,4
HX7 5AU,4
HX7 5AW,7
HX7 5AX,4
HX7 5AY,7
HX7 5AZ,4
HX7 5BA,7
HX7 5BB,7
HX7 5BD,7
HX7 5BE,4
HX7 5BG,4
HX7 5BH,7
HX7 5BJ,7
HX7 5BL,7
HX7 5BN,4
HX7 5BP,7
HX7 5BQ,7
HX7 5BS,7
HX7 5BT,7
HX7 5BW,7
HX7 5DB,4
HX7 5DE,4
HX7 5DF,4
HX7 5DG,7
HX7 5DJ,4
HX7 5DL,4
HX7 5DN,4
HX7 5DP,4
HX7 5DQ,7
HX7 5DR,4
HX7 5DS,7
HX7 5DT,7
HX7 5DU,7
HX7 5DW,4
HX7 5DX,7
HX7 5DY,4
HX7 5DZ,7
HX7 5EA,7
HX7 5EB,7
HX7 5ED,4
HX7 5EE,4
HX7 5EF,4
HX7 5EG,4
HX7 5EH,7
HX7 5EJ,4
HX7 5EL,4
HX7 5EN,4
HX7 5EP,4
HX7 5EQ,4
HX7 5ER,4
HX7 5ES,4
HX7 5ET,4
HX7 5EU,4
HX7 5EW,4
HX7 5EX,4
HX7 5EY,4
HX7 5EZ,4
HX7 5FA,7
HX7 5FB,4
HX7 5HA,4
HX7 5HB,4
HX7 5HD,7
HX7 5HE,7
HX7 5HF,7
HX7 5HG,7
HX7 5HH,7
HX7 5HJ,7
HX7 5HL,7
HX7 5HN,4
HX7 5HP,4
HX7 5HQ,7
HX7 5HR,4
HX7 5HS,7
HX7 5HT,7
HX7 5HU,7
HX7 5HW,4
HX7 5HX,7
HX7 5HZ,7
HX7 5JA,7
HX7 5JB,7
HX7 5JD,7
HX7 5JE,7
HX7 5JF,7
HX7 5JG,7
HX7 5JH,7
HX7 5JJ,7
HX7 5JL,7
HX7 5JN,7
HX7 5JP,7
HX7 5JQ,7
HX7 5JR,7
HX7 5JS,7
HX7 5JT,4
HX7 5JU,7
HX7 5JW,7
HX7 5JX,4
HX7 5JY,4
HX7 5JZ,7
HX7 5LE,7
HX7 5LF,4
HX7 5LG,4
HX7 5LH,4
HX7 5LJ,7
HX7 5LL,7
HX7 5LN,7
HX7 5LP,7
HX7 5LR,4
HX7 5LS,4
HX7 5LT,4
HX7 5LU,7
HX7 5LW,4
HX7 5LX,4
HX7 5LY,7
HX7 5LZ,4
HX7 5NA,4
HX7 5NB,4
HX7 5ND,4
HX7 5NE,4
HX7 5NF,4
HX7 5NG,4
HX7 5NH,4
HX7 5NJ,7
HX7 5NL,7
HX7 5NN,7
HX7 5NP,7
HX7 5NQ,4
HX7 5NR,7
HX7 5NS,7
HX7 5NT,7
HX7 5NU,7
HX7 5NW,7
HX7 5NX,7
HX7 5PA,4
HX7 5PB,7
HX7 5PD,7
HX7 5PE,7
HX7 5PF,7
HX7 5PG,7
HX7 5PH,7
HX7 5PJ,7
HX7 5PL,7
HX7 5PN,7
HX7 5PP,7
HX7 5PQ,7
HX7 5PR,7
HX7 5PS,4
HX7 5PW,4
HX7 5PZ,7
HX7 5QE,7
HX7 5QF,7
HX7 5QG,7
HX7 5QH,7
HX7 5QJ,7
HX7 5QL,7
HX7 5QN,7
HX7 5QP,7
HX7 5QQ,7
HX7 5QR,7
HX7 5QS,7
HX7 5QT,7
HX7 5QU,7
HX7 5QW,4
HX7 5QX,7
HX7 5QY,7
HX7 5QZ,7
HX7 5RA,7
HX7 5RB,7
HX7 5RD,7
HX7 5RE,7
HX7 5RF,7
HX7 5RG,7
HX7 5RH,4
HX7 5RJ,7
HX7 5RL,7
HX7 5RN,7
HX7 5RP,7
HX7 5RQ,4
HX7 5RR,6
HX7 5RS,7
HX7 5RT,7
HX7 5RU,7
HX7 5RW,4
HX7 5RX,7
HX7 5RY,7
HX7 5RZ,7
HX7 5SA,7
HX7 5SB,7
HX7 5SD,7
HX7 5SE,7
HX7 5SF,7
HX7 5SG,7
HX7 5SH,7
HX7 5SJ,7
HX7 5SL,7
HX7 5SN,7
HX7 5SP,7
HX7 5SQ,7
HX7 5SR,7
HX7 5SS,7
HX7 5ST,7
HX7 5SU,7
HX7 5SW,7
HX7 5SX,7
HX7 5SY,7
HX7 5SZ,7
HX7 5TA,7
HX7 5TB,7
HX7 5TD,7
HX7 5TE,7
HX7 5TF,7
HX7 5TG,7
HX7 5TH,7
HX7 5TJ,7
HX7 5TL,7
HX7 5TN,7
HX7 5TP,7
HX7 5TQ,7
HX7 5TR,7
HX7 5TS,7
HX7 5TT,7
HX7 5TU,7
HX7 5TW,7
HX7 5TX,7
HX7 5TY,7
HX7 5TZ,7
HX7 5UA,7
HX7 5UB,7
HX7 5UU,7
HX7 5UX,7
HX7 5UY,7
HX7 5UZ,7
HX7 5WA,5
HX7 5WL,5
HX7 5WN,5
HX7 5WP,5
HX7 5WQ,5
HX7 5WR,5
HX7 5WS,5
HX7 5WT,5
HX7 5WU,5
HX7 5WW,5
HX7 5WX,5
HX7 5WY,5
HX7 5WZ,7
HX7 5YH,5
HX7 5YJ,5
HX7 5YL,5
HX7 5YN,7
HX7 5YP,7
HX7 5YR,7
HX7 5YS,7
HX7 5YT,7
HX7 5YU,5
HX7 5YW,7
HX7 5YZ,5
HX7 5ZE,5
HX7 5ZR,5
HX7 5ZT,5
HX7 6AA,6
HX7 6AB,5
HX7 6AD,6
HX7 6AE,6
HX7 6AF,6
HX7 6AG,6
HX7 6AH,6
HX7 6AJ,6
HX7 6AL,6
HX7 6AN,6
HX7 6AP,6
HX7 6AQ,6
HX7 6AR,5
HX7 6AS,6
HX7 6AT,5
HX7 6AU,6
HX7 6AW,6
HX7 6AX,5
HX7 6AY,5
HX7 6AZ,6
HX7 6BA,6
HX7 6BB,6
HX7 6BD,6
HX7 6BE,6
HX7 6BG,6
HX7 6BH,6
HX7 6BJ,5
HX7 6BL,5
HX7 6BN,5
HX7 6BP,5
HX7 6BQ,6
HX7 6BS,5
HX7 6BT,5
HX7 6BU,6
HX7 6BW,5
HX7 6BX,6
HX7 6BY,6
HX7 6BZ,6
HX7 6DA,6
HX7 6DB,6
HX7 6DD,6
HX7 6DE,6
HX7 6DF,7
HX7 6DG,6
HX7 6DH,6
HX7 6DJ,6
HX7 6DL,6
HX7 6DN,6
HX7 6DP,6
HX7 6DQ,6
HX7 6DR,6
HX7 6DS,6
HX7 6DT,6
HX7 6DU,6
HX7 6DW,6
HX7 6DX,6
HX7 6DY,6
HX7 6EN,6
HX7 6EU,6
HX7 6EW,6
HX7 6EX,6
HX7 6EZ,6
HX7 6HA,6
HX7 6HB,6
HX7 6HD,5
HX7 6HE,5
HX7 6HF,5
HX7 6HG,5
HX7 6HH,5
HX7 6HJ,5
HX7 6HL,6
HX7 6HN,5
HX7 6HP,5
HX7 6HQ,6
HX7 6HR,5
HX7 6HS,5
HX7 6HT,5
HX7 6HU,5
HX7 6HW,5
HX7 6HX,5
HX7 6HY,5
HX7 6HZ,5
HX7 6JA,5
HX7 6JB,5
HX7 6JD,5
HX7 6JE,5
HX7 6JF,7
HX7 6JG,6
HX7 6JH,7
HX7 6JJ,6
HX7 6JL,6
HX7 6JN,6
HX7 6JP,5
HX7 6JQ,7
HX7 6JR,5
HX7 6JS,5
HX7 6JW,6
HX7 6JY,5
HX7 6LF,5
HX7 6LG,5
HX7 6LH,5
HX7 6LJ,5
HX7 6LL,5
HX7 6LN,5
HX7 6LP,5
HX7 6LQ,5
HX7 6LR,5
HX7 6LS,5
HX7 6LT,5
HX7 6LU,5
HX7 6LW,5
HX7 6LX,5
HX7 6LY,6
HX7 6LZ,6
HX7 6NA,6
HX7 6NB,6
HX7 6ND,6
HX7 6NE,5
HX7 6NF,5
HX7 6NG,5
HX7 6NH,6
HX7 6NJ,6
HX7 6NL,6
HX7 6NN,6
HX7 6NP,6
HX7 6NQ,6
HX7 6NR,6
HX7 6NS,6
HX7 6NT,6
HX7 6NU,6
HX7 6NW,6
HX7 6NX,6
HX7 6PA,6
HX7 6PB,6
HX7 6PD,6
HX7 6PE,6
HX7 6PF,6
HX7 6PG,6
