IG1 1AA,2
IG1 1AB,2
IG1 1AD,2
IG1 1AE,3
IG1 1AF,3
IG1 1AG,2
IG1 1AH,3
IG1 1AJ,2
IG1 1AL,2
IG1 1AN,3
IG1 1AP,2
IG1 1AQ,2
IG1 1AR,2
IG1 1AS,2
IG1 1AT,2
IG1 1AU,3
IG1 1AW,2
IG1 1AX,3
IG1 1AY,2
IG1 1AZ,2
IG1 1BA,2
IG1 1BB,2
IG1 1BD,2
IG1 1BE,2
IG1 1BF,4
IG1 1BG,2
IG1 1BH,2
IG1 1BJ,2
IG1 1BL,2
IG1 1BN,2
IG1 1BP,2
IG1 1BQ,2
IG1 1BS,2
IG1 1BT,2
IG1 1BU,2
IG1 1BW,2
IG1 1BX,2
IG1 1BY,2
IG1 1BZ,2
IG1 1DA,2
IG1 1DB,2
IG1 1DD,2
IG1 1DE,2
IG1 1DF,3
IG1 1DG,2
IG1 1DH,2
IG1 1DJ,2
IG1 1DL,2
IG1 1DN,2
IG1 1DP,2
IG1 1DQ,2
IG1 1DR,2
IG1 1DS,2
IG1 1DT,2
IG1 1DU,2
IG1 1DW,3
IG1 1DX,2
IG1 1DY,3
IG1 1DZ,2
IG1 1EA,2
IG1 1EB,2
IG1 1ED,2
IG1 1EE,2
IG1 1EF,4
IG1 1EG,2
IG1 1EH,3
IG1 1EJ,2
IG1 1EL,2
IG1 1EN,2
IG1 1EP,2
IG1 1EQ,2
IG1 1ER,2
IG1 1ES,2
IG1 1ET,4
IG1 1EU,2
IG1 1EW,2
IG1 1EX,4
IG1 1EY,4
IG1 1EZ,4
IG1 1FA,2
IG1 1FB,2
IG1 1FD,4
IG1 1FE,3
IG1 1FF,4
IG1 1FG,3
IG1 1FH,2
IG1 1FJ,3
IG1 1FL,4
IG1 1FN,2
IG1 1FP,3
IG1 1FQ,2
IG1 1FR,2
IG1 1FS,2
IG1 1FT,2
IG1 1FW,2
IG1 1FX,4
IG1 1FY,2
IG1 1FZ,3
IG1 1GD,3
IG1 1GE,2
IG1 1GF,3
IG1 1GG,3
IG1 1GH,2
IG1 1GJ,3
IG1 1GL,4
IG1 1GN,4
IG1 1GP,2
IG1 1GQ,2
IG1 1GR,3
IG1 1GS,3
IG1 1GT,4
IG1 1GU,2
IG1 1GW,3
IG1 1GX,3
IG1 1GY,3
IG1 1GZ,2
IG1 1HA,3
IG1 1HB,3
IG1 1HD,4
IG1 1HE,4
IG1 1HF,4
IG1 1HG,4
IG1 1HH,2
IG1 1HJ,2
IG1 1HL,2
IG1 1HN,2
IG1 1HP,3
IG1 1HQ,4
IG1 1HR,3
IG1 1HS,3
IG1 1HT,3
IG1 1HU,3
IG1 1HW,2
IG1 1HX,3
IG1 1HY,4
IG1 1HZ,4
IG1 1JA,3
IG1 1JB,3
IG1 1JD,3
IG1 1JE,3
IG1 1JF,3
IG1 1JG,3
IG1 1JH,4
IG1 1JJ,3
IG1 1JL,3
IG1 1JN,3
IG1 1JP,4
IG1 1JQ,3
IG1 1JR,4
IG1 1JS,4
IG1 1JT,4
IG1 1JU,4
IG1 1JW,4
IG1 1JX,4
IG1 1JY,3
IG1 1JZ,3
IG1 1LA,3
IG1 1LB,3
IG1 1LD,3
IG1 1LE,3
IG1 1LF,2
IG1 1LG,3
IG1 1LH,4
IG1 1LJ,4
IG1 1LL,4
IG1 1LN,2
IG1 1LP,4
IG1 1LQ,5
IG1 1LR,3
IG1 1LS,4
IG1 1LT,4
IG1 1LU,2
IG1 1LW,3
IG1 1LX,4
IG1 1LY,4
IG1 1LZ,2
IG1 1NA,4
IG1 1NB,4
IG1 1ND,4
IG1 1NE,4
IG1 1NF,4
IG1 1NG,2
IG1 1NH,4
IG1 1NJ,4
IG1 1NL,4
IG1 1NN,4
IG1 1NP,4
IG1 1NQ,4
IG1 1NR,4
IG1 1NS,4
IG1 1NT,4
IG1 1NU,4
IG1 1NW,3
IG1 1NX,4
IG1 1NY,4
IG1 1NZ,2
IG1 1PA,3
IG1 1PB,3
IG1 1PD,3
IG1 1PE,4
IG1 1PF,4
IG1 1PG,4
IG1 1PH,4
IG1 1PJ,4
IG1 1PL,4
IG1 1PN,4
IG1 1PP,4
IG1 1PQ,4
IG1 1PR,4
IG1 1PS,3
IG1 1PT,3
IG1 1PU,3
IG1 1PW,4
IG1 1PX,2
IG1 1PY,4
IG1 1PZ,3
IG1 1QA,4
IG1 1QB,3
IG1 1QD,4
IG1 1QE,3
IG1 1QF,4
IG1 1QG,3
IG1 1QH,4
IG1 1QJ,3
IG1 1QL,4
IG1 1QN,4
IG1 1QP,4
IG1 1QQ,4
IG1 1QR,4
IG1 1QS,4
IG1 1QT,4
IG1 1QU,2
IG1 1QW,4
IG1 1QX,2
IG1 1QY,2
IG1 1QZ,2
IG1 1RA,2
IG1 1RB,2
IG1 1RD,3
IG1 1RE,2
IG1 1RF,2
IG1 1RG,2
IG1 1RH,2
IG1 1RJ,2
IG1 1RL,2
IG1 1RN,2
IG1 1RP,2
IG1 1RQ,2
IG1 1RR,2
IG1 1RS,2
IG1 1RT,2
IG1 1RU,2
IG1 1RW,2
IG1 1RX,2
IG1 1RY,2
IG1 1SA,4
IG1 1SB,3
IG1 1SD,3
IG1 1SE,3
IG1 1SF,3
IG1 1SG,4
IG1 1SH,4
IG1 1SJ,4
IG1 1SL,4
IG1 1SN,4
IG1 1SP,4
IG1 1SQ,4
IG1 1SR,4
IG1 1SS,4
IG1 1ST,4
IG1 1SU,4
IG1 1SW,4
IG1 1SX,4
IG1 1SY,4
IG1 1SZ,4
IG1 1TA,4
IG1 1TB,3
IG1 1TD,4
IG1 1TE,4
IG1 1TF,4
IG1 1TG,4
IG1 1TH,4
IG1 1TJ,4
IG1 1TL,4
IG1 1TN,4
IG1 1TP,2
IG1 1TQ,4
IG1 1TR,4
IG1 1TS,2
IG1 1TT,2
IG1 1TU,2
IG1 1TW,2
IG1 1TX,2
IG1 1TY,4
IG1 1TZ,2
IG1 1UA,2
IG1 1UB,2
IG1 1UD,2
IG1 1UE,2
IG1 1UF,2
IG1 1UG,2
IG1 1UH,4
IG1 1UJ,4
IG1 1UL,2
IG1 1UN,4
IG1 1UP,2
IG1 1UQ,4
IG1 1UR,2
IG1 1US,3
IG1 1UT,2
IG1 1UU,2
IG1 1UW,2
IG1 1UX,2
IG1 1UY,2
IG1 1UZ,3
IG1 1WA,2
IG1 1WB,2
IG1 1WD,2
IG1 1WE,2
IG1 1WF,2
IG1 1WG,2
IG1 1WH,2
IG1 1WJ,2
IG1 1WL,2
IG1 1WN,2
IG1 1WP,2
IG1 1WQ,2
IG1 1WR,2
IG1 1WS,2
IG1 1WT,2
IG1 1WU,2
IG1 1WW,2
IG1 1WX,2
IG1 1WY,2
IG1 1WZ,2
IG1 1XA,2
IG1 1XB,2
IG1 1XD,3
IG1 1XE,2
IG1 1XF,2
IG1 1XG,2
IG1 1XH,2
IG1 1XJ,2
IG1 1XL,2
IG1 1XN,2
IG1 1XP,2
IG1 1XQ,2
IG1 1XR,2
IG1 1XT,5
IG1 1XU,4
IG1 1XW,2
IG1 1XX,4
IG1 1XY,4
IG1 1XZ,4
IG1 1YA,4
IG1 1YB,4
IG1 1YD,4
IG1 1YE,4
IG1 1YF,4
IG1 1YG,5
IG1 1YH,3
IG1 1YJ,3
IG1 1YL,3
IG1 1YN,3
IG1 1YP,3
IG1 1YQ,4
IG1 1YS,4
IG1 1YT,4
IG1 1YU,4
IG1 1YW,3
IG1 1YX,2
IG1 1YZ,2
IG1 1ZA,2
IG1 1ZB,4
IG1 1ZD,4
IG1 1ZE,2
IG1 1ZF,2
IG1 2AA,3
IG1 2AB,2
IG1 2AD,3
IG1 2AE,2
IG1 2AF,2
IG1 2AG,3
IG1 2AH,3
IG1 2AJ,2
IG1 2AL,3
IG1 2AN,2
IG1 2AP,3
IG1 2AQ,3
IG1 2AR,2
IG1 2AS,3
IG1 2AT,3
IG1 2AU,3
IG1 2AW,2
IG1 2AX,2
IG1 2AY,3
IG1 2AZ,3
IG1 2BA,2
IG1 2BB,3
IG1 2BD,2
IG1 2BE,2
IG1 2BF,2
IG1 2BG,2
IG1 2BH,2
IG1 2BJ,2
IG1 2BL,2
IG1 2BN,2
IG1 2BP,2
IG1 2BQ,2
IG1 2BS,3
IG1 2BT,2
IG1 2BU,2
IG1 2BW,2
IG1 2BX,2
IG1 2BY,3
IG1 2BZ,3
IG1 2DA,3
IG1 2DB,2
IG1 2DD,2
IG1 2DE,3
IG1 2DF,3
IG1 2DG,3
IG1 2DH,3
IG1 2DJ,2
IG1 2DL,3
IG1 2DN,3
IG1 2DP,2
IG1 2DQ,3
IG1 2DR,2
IG1 2DS,2
IG1 2DT,2
IG1 2DU,3
IG1 2DW,2
IG1 2DX,2
IG1 2DY,3
IG1 2DZ,3
IG1 2EA,3
IG1 2EB,3
IG1 2ED,3
IG1 2EE,3
IG1 2EF,3
IG1 2EG,3
IG1 2EH,3
IG1 2EJ,2
IG1 2EL,2
IG1 2EN,3
IG1 2EP,3
IG1 2EQ,3
IG1 2ER,3
IG1 2ES,3
IG1 2ET,3
IG1 2EU,2
IG1 2EW,2
IG1 2EX,2
IG1 2EY,2
IG1 2EZ,2
IG1 2FA,3
IG1 2FB,3
IG1 2FD,2
IG1 2FE,2
IG1 2FG,2
IG1 2FH,3
IG1 2FJ,3
IG1 2FL,2
IG1 2FN,2
IG1 2FP,3
IG1 2FQ,3
IG1 2FR,2
IG1 2FS,2
IG1 2FT,2
IG1 2FU,2
IG1 2FW,2
IG1 2FX,2
IG1 2FY,2
IG1 2FZ,2
IG1 2GD,2
IG1 2GE,2
IG1 2GF,2
IG1 2GG,2
IG1 2GH,2
IG1 2GJ,2
IG1 2GL,2
IG1 2GN,2
IG1 2GP,2
IG1 2GQ,2
IG1 2GR,2
IG1 2GT,2
IG1 2GU,2
IG1 2GW,2
IG1 2GX,2
IG1 2GY,2
IG1 2GZ,2
IG1 2HA,2
IG1 2HB,2
IG1 2HD,2
IG1 2HE,3
IG1 2HF,3
IG1 2HG,2
IG1 2HH,2
IG1 2HJ,3
IG1 2HL,2
IG1 2HN,2
IG1 2HP,3
IG1 2HQ,2
IG1 2HR,3
IG1 2HS,3
IG1 2HT,2
IG1 2HU,2
IG1 2HW,3
IG1 2HX,2
IG1 2HY,3
IG1 2HZ,2
IG1 2JA,3
IG1 2JB,3
IG1 2JD,2
IG1 2JE,3
IG1 2JF,3
IG1 2JG,3
IG1 2JH,3
IG1 2JJ,3
IG1 2JL,3
IG1 2JN,2
IG1 2JQ,3
IG1 2JR,3
IG1 2JS,2
IG1 2JT,3
IG1 2JU,3
IG1 2JW,2
IG1 2JX,2
IG1 2JY,3
IG1 2JZ,3
IG1 2LA,2
IG1 2LB,2
IG1 2LD,2
IG1 2LE,2
IG1 2LF,2
IG1 2LG,2
IG1 2LH,2
IG1 2LJ,2
IG1 2LL,3
IG1 2LN,2
IG1 2LP,3
IG1 2LQ,2
IG1 2LR,3
IG1 2LS,2
IG1 2LT,3
IG1 2LU,3
IG1 2LW,2
IG1 2LX,3
IG1 2LY,2
IG1 2LZ,3
IG1 2NA,2
IG1 2NB,3
IG1 2ND,3
IG1 2NE,3
IG1 2NF,3
IG1 2NG,3
IG1 2NH,3
IG1 2NJ,3
IG1 2NL,3
IG1 2NN,3
IG1 2NP,3
IG1 2NQ,2
IG1 2NR,3
IG1 2NS,2
IG1 2NT,2
IG1 2NU,2
IG1 2NW,3
IG1 2NX,2
IG1 2NY,3
IG1 2NZ,3
IG1 2PA,3
IG1 2PB,3
IG1 2PD,3
IG1 2PE,3
IG1 2PF,3
IG1 2PG,2
IG1 2PH,3
IG1 2PJ,3
IG1 2PL,2
IG1 2PN,2
IG1 2PP,2
IG1 2PQ,3
IG1 2PR,3
IG1 2PS,3
IG1 2PT,3
IG1 2PU,3
IG1 2PW,2
IG1 2PX,3
IG1 2PY,2
IG1 2PZ,2
IG1 2QA,2
IG1 2QB,2
IG1 2QD,2
IG1 2QE,2
IG1 2QF,3
IG1 2QG,3
IG1 2QH,3
IG1 2QJ,2
IG1 2QL,2
IG1 2QN,2
IG1 2QP,2
IG1 2QQ,3
IG1 2QR,2
IG1 2QS,2
IG1 2QT,3
IG1 2QU,2
IG1 2QW,2
IG1 2QX,3
IG1 2QY,2
IG1 2QZ,2
IG1 2RA,2
IG1 2RB,2
IG1 2RD,2
IG1 2RE,2
IG1 2RF,2
IG1 2RG,2
IG1 2RH,2
IG1 2RJ,2
IG1 2RL,4
IG1 2RN,2
IG1 2RP,2
IG1 2RQ,2
IG1 2RR,2
IG1 2RS,2
IG1 2RT,2
IG1 2RU,2
IG1 2RW,2
IG1 2RX,2
IG1 2RY,2
IG1 2RZ,2
IG1 2SA,2
IG1 2SB,2
IG1 2SD,2
IG1 2SE,2
IG1 2SF,2
IG1 2SG,2
IG1 2SH,3
IG1 2SJ,3
IG1 2SL,3
IG1 2SN,3
IG1 2SP,2
IG1 2SQ,2
IG1 2SR,2
IG1 2SS,2
IG1 2ST,2
IG1 2SU,2
IG1 2SW,2
IG1 2SX,3
IG1 2SY,2
IG1 2SZ,4
IG1 2TA,4
IG1 2TB,4
IG1 2TD,4
IG1 2TE,4
IG1 2TF,4
IG1 2TG,4
IG1 2TH,4
IG1 2TJ,4
IG1 2TL,4
IG1 2TN,4
IG1 2TP,4
IG1 2TQ,4
IG1 2TR,4
IG1 2TS,4
IG1 2TT,3
IG1 2TU,3
IG1 2TW,4
IG1 2TX,3
IG1 2TY,2
IG1 2TZ,2
IG1 2UA,2
IG1 2UB,2
IG1 2UD,2
IG1 2UE,2
IG1 2UF,2
IG1 2UG,4
IG1 2UH,4
IG1 2UJ,4
IG1 2UL,4
IG1 2UN,4
IG1 2UP,4
IG1 2UQ,4
IG1 2UR,4
IG1 2US,2
IG1 2UT,4
IG1 2UU,4
IG1 2UW,4
IG1 2UX,4
IG1 2UY,4
IG1 2UZ,4
IG1 2WA,2
IG1 2WB,4
IG1 2WD,2
IG1 2WE,2
IG1 2WF,2
IG1 2WG,2
IG1 2WH,2
IG1 2WJ,2
IG1 2WL,2
IG1 2WN,2
IG1 2WP,2
IG1 2WQ,2
IG1 2WR,2
IG1 2WS,2
IG1 2WT,2
IG1 2WU,2
IG1 2WW,2
IG1 2WX,2
IG1 2WY,2
IG1 2WZ,2
IG1 2XA,4
IG1 2XB,2
IG1 2XD,2
IG1 2XE,2
IG1 2XF,2
IG1 2XG,2
IG1 2XH,2
IG1 2XJ,2
IG1 2XL,4
IG1 2XN,4
IG1 2XP,4
IG1 2XQ,2
IG1 2XR,4
IG1 2XS,4
IG1 2XT,4
IG1 2XU,2
IG1 2XW,4
IG1 2XX,3
IG1 2XY,3
IG1 2XZ,3
IG1 2YA,2
IG1 2YB,2
IG1 2YD,2
IG1 2YE,2
IG1 2YF,2
IG1 2YH,2
IG1 2YJ,2
IG1 2YL,2
IG1 2YN,2
IG1 2YP,2
IG1 2YQ,2
IG1 2YR,2
IG1 2YS,2
IG1 2YT,2
IG1 2YU,2
IG1 2YW,2
IG1 2YX,2
IG1 2YY,2
IG1 2YZ,2
IG1 2ZA,2
IG1 2ZB,2
IG1 2ZD,2
IG1 2ZE,2
IG1 2ZF,2
IG1 2ZG,2
IG1 2ZL,3
IG1 2ZN,3
IG1 2ZP,3
IG1 2ZQ,2
IG1 2ZR,3
IG1 2ZS,3
IG1 3AA,2
IG1 3AB,2
IG1 3AD,2
IG1 3AE,2
IG1 3AF,2
IG1 3AG,4
IG1 3AH,3
IG1 3AJ,3
IG1 3AL,3
IG1 3AN,2
IG1 3AP,3
IG1 3AQ,3
IG1 3AR,3
IG1 3AS,2
IG1 3AT,2
IG1 3AU,2
IG1 3AW,3
IG1 3AX,2
IG1 3AY,2
IG1 3AZ,2
IG1 3BA,2
IG1 3BB,3
IG1 3BD,3
IG1 3BE,3
IG1 3BF,4
IG1 3BG,3
IG1 3BH,3
IG1 3BJ,3
IG1 3BL,3
IG1 3BN,4
IG1 3BP,3
IG1 3BQ,2
IG1 3BS,3
IG1 3BT,4
IG1 3BU,4
IG1 3BW,4
IG1 3BX,3
IG1 3BY,2
IG1 3BZ,2
IG1 3DA,4
IG1 3DB,3
IG1 3DD,3
IG1 3DE,3
IG1 3DF,4
IG1 3DG,3
IG1 3DH,4
IG1 3DJ,3
IG1 3DL,3
IG1 3DN,3
IG1 3DP,4
IG1 3DQ,4
IG1 3DR,4
IG1 3DS,4
IG1 3DT,2
IG1 3DU,2
IG1 3DW,3
IG1 3DX,4
IG1 3DY,4
IG1 3DZ,4
IG1 3EA,3
IG1 3EB,4
IG1 3ED,4
IG1 3EE,4
IG1 3EF,4
IG1 3EG,5
IG1 3EH,4
IG1 3EJ,4
IG1 3EL,4
IG1 3EN,5
IG1 3EP,5
IG1 3EQ,4
IG1 3ER,5
IG1 3ES,2
IG1 3ET,3
IG1 3EU,3
IG1 3EW,4
IG1 3EX,3
IG1 3EY,3
IG1 3EZ,3
IG1 3FA,4
IG1 3FB,2
IG1 3FD,2
IG1 3FF,2
IG1 3FG,2
IG1 3FH,5
IG1 3FR,2
IG1 3FT,4
IG1 3FW,2
IG1 3FX,3
IG1 3FZ,3
IG1 3GD,4
IG1 3GE,4
IG1 3GF,4
IG1 3GG,3
IG1 3GH,3
IG1 3GJ,2
IG1 3GL,2
IG1 3GN,4
IG1 3GP,3
IG1 3GQ,4
IG1 3GR,2
IG1 3GS,2
IG1 3GT,2
IG1 3GU,2
IG1 3GW,2
IG1 3GX,2
IG1 3GY,4
IG1 3GZ,4
IG1 3HA,3
IG1 3HB,4
IG1 3HD,4
IG1 3HE,4
IG1 3HF,6
IG1 3HG,4
IG1 3HH,4
IG1 3HJ,4
IG1 3HL,4
IG1 3HN,3
IG1 3HP,4
IG1 3HQ,4
IG1 3HR,4
IG1 3HS,4
IG1 3HT,3
IG1 3HU,3
IG1 3HW,4
IG1 3HX,4
IG1 3HY,4
IG1 3HZ,4
IG1 3JA,6
IG1 3JB,6
IG1 3JD,6
IG1 3JE,6
IG1 3JF,6
IG1 3JG,6
IG1 3JH,6
IG1 3JJ,6
IG1 3JL,5
IG1 3JN,5
IG1 3JP,4
IG1 3JQ,6
IG1 3JR,5
IG1 3JS,6
IG1 3JT,2
IG1 3JU,6
IG1 3JW,4
IG1 3JX,2
IG1 3JY,2
IG1 3JZ,6
IG1 3LA,6
IG1 3LB,6
IG1 3LD,5
IG1 3LE,5
IG1 3LF,5
IG1 3LG,5
IG1 3LH,6
IG1 3LJ,5
IG1 3LL,5
IG1 3LN,4
IG1 3LP,4
IG1 3LQ,5
IG1 3LR,4
IG1 3LS,2
IG1 3LT,6
IG1 3LU,2
IG1 3LW,4
IG1 3LX,4
IG1 3LY,4
IG1 3LZ,6
IG1 3NA,6
IG1 3NB,6
IG1 3ND,6
IG1 3NE,6
IG1 3NF,6
IG1 3NG,6
IG1 3NH,6
IG1 3NJ,6
IG1 3NL,6
IG1 3NN,6
IG1 3NP,6
IG1 3NQ,6
IG1 3NR,6
IG1 3NS,6
IG1 3NT,2
IG1 3NU,5
IG1 3NW,6
IG1 3NX,2
IG1 3NY,2
IG1 3NZ,5
IG1 3PA,5
IG1 3PB,6
IG1 3PD,6
IG1 3PE,6
IG1 3PF,5
IG1 3PG,6
IG1 3PH,6
IG1 3PJ,6
IG1 3PL,6
IG1 3PN,7
IG1 3PP,7
IG1 3PQ,6
IG1 3PR,7
IG1 3PS,6
IG1 3PT,6
IG1 3PU,2
IG1 3PW,7
IG1 3PX,5
IG1 3PY,6
IG1 3PZ,6
IG1 3QA,7
IG1 3QB,7
IG1 3QD,7
IG1 3QE,7
IG1 3QF,7
IG1 3QG,7
IG1 3QH,5
IG1 3QJ,7
IG1 3QL,5
IG1 3QN,5
IG1 3QP,5
IG1 3QQ,7
IG1 3QR,5
IG1 3QS,4
IG1 3QT,5
IG1 3QU,2
IG1 3QW,5
IG1 3QX,2
IG1 3QY,5
IG1 3QZ,7
IG1 3RA,4
IG1 3RB,4
IG1 3RD,4
IG1 3RE,2
IG1 3RF,5
IG1 3RG,4
IG1 3RH,4
IG1 3RJ,5
IG1 3RL,7
IG1 3RN,7
IG1 3RP,7
IG1 3RQ,4
IG1 3RR,7
IG1 3RS,4
IG1 3RT,4
IG1 3RU,4
IG1 3RW,7
IG1 3RX,4
IG1 3RY,2
IG1 3RZ,7
IG1 3SA,7
IG1 3SB,7
IG1 3SD,7
IG1 3SE,7
IG1 3SF,5
IG1 3SG,6
IG1 3SH,5
IG1 3SJ,5
IG1 3SL,6
IG1 3SN,5
IG1 3SP,5
IG1 3SQ,5
IG1 3SR,5
IG1 3SS,5
IG1 3ST,5
IG1 3SU,5
IG1 3SW,5
IG1 3SX,5
IG1 3SY,5
IG1 3SZ,2
IG1 3TB,2
IG1 3TD,2
IG1 3TF,7
IG1 3TG,3
IG1 3TH,4
IG1 3TJ,4
IG1 3TL,4
IG1 3TN,4
IG1 3TP,5
IG1 3TQ,4
IG1 3TR,5
IG1 3TS,5
IG1 3TT,6
IG1 3TU,6
IG1 3TW,5
IG1 3TX,6
IG1 3TY,5
IG1 3TZ,5
IG1 3UA,5
IG1 3UB,5
IG1 3UD,5
IG1 3UE,5
IG1 3UF,2
IG1 3UG,4
IG1 3UH,2
IG1 3UJ,2
IG1 3UL,4
IG1 3UQ,2
IG1 3WA,2
IG1 3WB,2
IG1 3WD,2
IG1 3WE,2
IG1 3WF,2
IG1 3WG,2
IG1 3WH,2
IG1 3WJ,2
IG1 3WL,2
IG1 3WN,2
IG1 3WP,2
IG1 3WQ,2
IG1 3WR,2
IG1 3WS,2
IG1 3WT,2
IG1 3WU,2
IG1 3WW,2
IG1 3WX,2
IG1 3WY,2
IG1 3WZ,2
IG1 3XA,2
IG1 3XB,2
IG1 3XD,2
IG1 3XE,2
IG1 3XF,2
IG1 3XG,2
IG1 3XH,2
IG1 3XJ,2
IG1 3XL,2
IG1 3XN,2
IG1 3XQ,2
IG1 3XR,2
IG1 3XT,2
IG1 3XY,2
IG1 3XZ,2
IG1 3YB,2
IG1 3YE,2
IG1 3YF,2
IG1 3YL,2
IG1 3YP,2
IG1 3YQ,2
IG1 3YT,2
IG1 3YZ,2
IG1 3ZA,4
IG1 3ZQ,2
IG1 4AA,4
IG1 4AB,4
IG1 4AD,5
IG1 4AE,5
IG1 4AF,4
IG1 4AG,5
IG1 4AH,4
IG1 4AJ,5
IG1 4AL,4
IG1 4AN,4
IG1 4AP,4
IG1 4AQ,4
IG1 4AR,4
IG1 4AS,4
IG1 4AT,5
IG1 4AU,4
IG1 4AW,2
IG1 4AX,4
IG1 4AY,2
IG1 4AZ,4
IG1 4BA,4
IG1 4BB,4
IG1 4BD,4
IG1 4BE,4
IG1 4BF,4
IG1 4BG,2
IG1 4BH,2
IG1 4BJ,4
IG1 4BL,4
IG1 4BN,4
IG1 4BP,4
IG1 4BQ,2
IG1 4BS,4
IG1 4BT,2
IG1 4BU,2
IG1 4BW,4
IG1 4BX,2
IG1 4BY,2
IG1 4BZ,2
IG1 4DA,4
IG1 4DB,4
IG1 4DD,2
IG1 4DE,4
IG1 4DF,4
IG1 4DG,2
IG1 4DH,4
IG1 4DJ,2
IG1 4DL,2
IG1 4DN,5
IG1 4DP,2
IG1 4DQ,4
IG1 4DR,5
IG1 4DS,3
IG1 4DT,5
IG1 4DU,3
IG1 4DW,2
IG1 4DX,5
IG1 4DY,5
IG1 4DZ,5
IG1 4EA,3
IG1 4EB,3
IG1 4ED,3
IG1 4EE,5
IG1 4EF,4
IG1 4EG,3
IG1 4EH,5
IG1 4EJ,2
IG1 4EL,4
IG1 4EN,2
IG1 4EP,2
IG1 4EQ,2
IG1 4ER,5
IG1 4ES,2
IG1 4ET,2
IG1 4EU,2
IG1 4EW,2
IG1 4EX,2
IG1 4EY,4
IG1 4EZ,4
IG1 4FA,2
IG1 4FB,4
IG1 4FD,2
IG1 4FE,4
IG1 4FQ,2
IG1 4FX,2
IG1 4FZ,5
IG1 4GD,2
IG1 4GE,5
IG1 4GF,2
IG1 4GG,5
IG1 4GH,5
IG1 4GJ,2
IG1 4GL,5
IG1 4GN,2
IG1 4GR,2
IG1 4GS,4
IG1 4GT,2
IG1 4GU,2
IG1 4GW,2
IG1 4GY,2
IG1 4GZ,4
IG1 4HA,4
IG1 4HB,4
IG1 4HD,4
IG1 4HE,4
IG1 4HF,5
IG1 4HG,5
IG1 4HH,2
IG1 4HJ,4
IG1 4HL,4
IG1 4HN,4
IG1 4HP,2
IG1 4HQ,4
IG1 4HR,4
IG1 4HS,4
IG1 4HT,4
IG1 4HU,4
IG1 4HW,2
IG1 4HX,4
IG1 4HY,5
IG1 4HZ,5
IG1 4JA,4
IG1 4JB,4
IG1 4JD,4
IG1 4JE,4
IG1 4JF,2
IG1 4JG,2
IG1 4JH,2
IG1 4JJ,5
IG1 4JL,3
IG1 4JN,5
IG1 4JP,2
IG1 4JQ,2
IG1 4JR,2
IG1 4JS,2
IG1 4JT,4
IG1 4JU,4
IG1 4JW,5
IG1 4JX,2
IG1 4JY,4
IG1 4JZ,2
IG1 4LA,4
IG1 4LB,4
IG1 4LD,4
IG1 4LE,5
IG1 4LF,5
IG1 4LG,5
IG1 4LH,4
IG1 4LJ,5
IG1 4LL,4
IG1 4LN,5
IG1 4LP,4
IG1 4LQ,5
IG1 4LR,4
IG1 4LS,3
IG1 4LT,5
IG1 4LU,4
IG1 4LW,5
IG1 4LX,4
IG1 4LY,4
IG1 4LZ,4
IG1 4NA,3
IG1 4NB,2
IG1 4ND,4
IG1 4NE,2
IG1 4NF,2
IG1 4NG,2
IG1 4NH,2
IG1 4NJ,2
IG1 4NL,2
IG1 4NN,2
IG1 4NP,4
IG1 4NQ,2
IG1 4NR,4
IG1 4NS,3
IG1 4NT,2
IG1 4NU,5
IG1 4NW,2
IG1 4NX,4
IG1 4NY,2
IG1 4NZ,5
IG1 4PA,2
IG1 4PB,2
IG1 4PD,2
IG1 4PE,4
IG1 4PF,2
IG1 4PG,2
IG1 4PH,2
IG1 4PJ,3
IG1 4PL,2
IG1 4PN,5
IG1 4PP,4
IG1 4PQ,2
IG1 4PR,4
IG1 4PS,2
IG1 4PT,2
IG1 4PU,2
IG1 4PW,2
IG1 4PX,2
IG1 4PY,2
IG1 4PZ,2
IG1 4QA,2
IG1 4QB,2
IG1 4QD,2
IG1 4QE,5
IG1 4QF,3
IG1 4QG,4
IG1 4QH,5
IG1 4QJ,2
IG1 4QL,2
IG1 4QN,4
IG1 4QP,2
IG1 4QR,4
IG1 4QS,4
IG1 4QT,4
IG1 4QU,4
IG1 4QW,4
IG1 4QX,5
IG1 4QY,5
IG1 4QZ,5
IG1 4RA,6
IG1 4RB,5
IG1 4RD,5
IG1 4RE,5
IG1 4RF,6
IG1 4RG,5
IG1 4RH,6
IG1 4RJ,4
IG1 4RL,2
IG1 4RN,2
IG1 4RP,5
IG1 4RQ,6
IG1 4RR,2
IG1 4RS,4
IG1 4RT,4
IG1 4RU,4
IG1 4RW,5
IG1 4RX,4
IG1 4RY,4
IG1 4RZ,4
IG1 4SA,4
IG1 4SB,4
IG1 4SD,5
IG1 4SE,5
IG1 4SF,6
IG1 4SG,6
IG1 4SH,6
IG1 4SJ,6
IG1 4SL,6
IG1 4SN,6
IG1 4SP,6
IG1 4SQ,6
IG1 4SR,5
IG1 4SS,4
IG1 4ST,4
IG1 4SU,4
IG1 4SW,5
IG1 4SY,2
IG1 4SZ,2
IG1 4TA,4
IG1 4TB,2
IG1 4TD,3
IG1 4TE,4
IG1 4TF,3
IG1 4TG,3
IG1 4TH,3
IG1 4TJ,4
IG1 4TL,3
IG1 4TN,4
IG1 4TP,3
IG1 4TQ,3
IG1 4TR,4
IG1 4TS,4
IG1 4TT,6
IG1 4TU,6
IG1 4TW,2
IG1 4TX,6
IG1 4TY,4
IG1 4TZ,4
IG1 4UA,3
IG1 4UB,5
IG1 4UD,3
IG1 4UE,3
IG1 4UF,5
IG1 4UG,5
IG1 4UH,5
IG1 4UJ,6
IG1 4UL,5
IG1 4UN,5
IG1 4UP,4
IG1 4UQ,5
IG1 4UR,5
IG1 4US,5
IG1 4UT,4
IG1 4UU,4
IG1 4UW,4
IG1 4UX,4
IG1 4UY,4
IG1 4UZ,4
IG1 4WA,2
IG1 4WB,2
IG1 4WD,2
IG1 4WE,2
IG1 4WF,2
IG1 4WG,2
IG1 4WH,2
IG1 4WJ,2
IG1 4WL,2
IG1 4WN,2
IG1 4WP,2
IG1 4WQ,2
IG1 4WR,5
IG1 4WS,2
IG1 4WT,2
IG1 4WU,2
IG1 4WX,2
IG1 4WY,2
IG1 4WZ,2
IG1 4XA,4
IG1 4XB,4
IG1 4XD,4
IG1 4XE,4
IG1 4XF,4
IG1 4XG,5
IG1 4XH,2
IG1 4XJ,5
IG1 4XL,2
IG1 4XN,2
IG1 4XP,2
IG1 4XQ,2
IG1 4XR,2
IG1 4XS,4
IG1 4XT,2
IG1 4XU,2
IG1 4XW,2
IG1 4XX,4
IG1 4XY,5
IG1 4YB,2
IG1 4YH,2
IG1 4YJ,2
IG1 4YQ,2
IG1 4YW,2
IG1 4YX,2
IG1 4YY,4
IG1 4YZ,2
IG1 4ZP,2
IG1 8AA,2
IG1 8AB,2
IG1 8AD,2
IG1 8AE,2
IG1 8AF,2
IG1 8AG,2
IG1 8AH,2
IG1 8AJ,2
IG1 8AL,2
IG1 8AN,
IG1 8AP,2
IG1 8AQ,
IG1 8AR,2
IG1 8AS,2
IG1 8AT,2
IG1 8AU,2
IG1 8AW,2
IG1 8AX,2
IG1 8AY,2
IG1 8AZ,2
IG1 8BA,2
IG1 8BB,2
IG1 8BD,2
IG1 8BE,2
IG1 8BF,2
IG1 8BG,2
IG1 8BH,2
IG1 8BJ,2
IG1 8BL,2
IG1 8BN,2
IG1 8BP,2
IG1 8BQ,2
IG1 8BR,2
IG1 8BS,2
IG1 8BT,2
IG1 8BU,2
IG1 8BW,2
IG1 8BX,2
IG1 8BY,2
IG1 8BZ,2
IG1 8DA,2
IG1 8DB,2
IG1 8DD,2
IG1 8DE,2
IG1 8DF,2
IG1 8DG,2
IG1 8DH,2
IG1 8DJ,2
IG1 8DL,2
IG1 8DN,2
IG1 8DP,2
IG1 8DQ,2
IG1 8DR,2
IG1 8DS,2
IG1 8DT,2
IG1 8DU,2
IG1 8DW,2
IG1 8DX,2
IG1 8DY,2
IG1 8DZ,2
IG1 8EA,2
IG1 8EB,2
IG1 8ED,2
IG1 8EE,2
IG1 8EF,2
IG1 8EG,2
IG1 8EJ,2
IG1 8EL,2
IG1 8EN,2
IG1 8EP,2
IG1 8EQ,2
IG1 8ER,2
IG1 8ES,2
IG1 8ET,2
IG1 8EU,2
IG1 8EW,2
IG1 8EX,2
IG1 8EY,2
IG1 8EZ,2
IG1 8FA,2
IG1 8FB,2
IG1 8FD,2
IG1 8FE,2
IG1 8FF,2
IG1 8FG,2
IG1 8FH,2
IG1 8FJ,2
IG1 8FL,2
IG1 8FN,2
IG1 8FP,2
IG1 8FQ,2
IG1 8FR,2
IG1 8FS,2
IG1 8FT,2
IG1 8FU,2
IG1 8FW,2
IG1 8FX,2
IG1 8FY,2
IG1 8FZ,2
IG1 8GB,2
IG1 8GD,2
IG1 8GE,2
IG1 8GF,2
IG1 8GG,2
IG1 8GH,2
IG1 8GJ,2
IG1 8GL,2
IG1 8GN,2
IG1 8GP,2
IG1 8GQ,2
IG1 8GR,2
IG1 8GS,2
IG1 8GT,2
IG1 8GU,2
IG1 8GW,2
IG1 8GX,2
IG1 8GY,2
IG1 8GZ,2
IG1 8HA,2
IG1 8HB,2
IG1 8HD,2
IG1 8HE,2
IG1 8HF,2
IG1 8HG,2
IG1 8HH,2
IG1 8HJ,2
IG1 8HL,2
IG1 8HN,2
IG1 8HP,2
IG1 8HQ,2
IG1 8HR,2
IG1 8HS,2
IG1 8HT,2
IG1 8HU,2
IG1 8HW,2
IG1 8HX,2
IG1 8HY,2
IG1 8HZ,2
IG1 8JA,2
IG1 8JB,2
IG1 8JD,2
IG1 8JE,2
IG1 8JF,2
IG1 8JG,2
IG1 8JH,2
IG1 8JJ,2
IG1 8JL,2
IG1 8JN,2
IG1 8JP,2
IG1 8JQ,2
IG1 8JR,2
IG1 8JS,2
IG1 8JT,2
IG1 8JU,2
IG1 8JW,2
IG1 8JY,2
IG1 8JZ,2
IG1 8LA,2
IG1 8LB,2
IG1 8LD,2
IG1 8LE,2
IG1 8LF,2
IG1 8LG,2
IG1 8LH,2
IG1 8LJ,2
IG1 8LL,2
IG1 8LN,2
IG1 8LP,2
IG1 8LQ,2
IG1 8LR,2
IG1 8LS,2
IG1 8LT,2
IG1 8LU,2
IG1 8LW,2
IG1 8LX,2
IG1 8LY,2
IG1 8LZ,2
IG1 8NA,2
IG1 8NB,2
IG1 8ND,2
IG1 8NE,2
IG1 8NG,2
IG1 8NH,2
IG1 8NJ,2
IG1 8NL,2
IG1 8NN,2
IG1 8NP,2
IG1 8NQ,2
IG1 8NR,2
IG1 8NS,2
IG1 8NT,2
IG1 8NU,2
IG1 8NW,2
IG1 8NX,2
IG1 8NY,2
IG1 8PA,2
IG1 8PD,2
IG1 8PF,2
IG1 8PG,2
IG1 8PH,2
IG1 8PJ,2
IG1 8PL,2
IG1 8PN,2
IG1 8PP,2
IG1 8PQ,2
IG1 8PR,2
IG1 8PS,2
IG1 8PT,2
IG1 8PU,2
IG1 8PW,2
IG1 8PX,2
IG1 8PY,2
IG1 8QA,2
IG1 8QB,2
IG1 8QD,2
IG1 8QE,2
IG1 8QF,2
IG1 8QG,2
IG1 8QH,2
IG1 8QJ,2
IG1 8QL,2
IG1 8QN,2
IG1 8QQ,2
IG1 8QR,2
IG1 8QS,2
IG1 8QT,2
IG1 8QU,2
IG1 8QX,2
IG1 8QZ,2
IG1 8RA,2
IG1 8RB,2
IG1 8RD,2
IG1 8RE,2
IG1 8RF,2
IG1 8RG,2
IG1 8RH,2
IG1 8RJ,2
IG1 8RL,2
IG1 8RN,2
IG1 8RP,2
IG1 8RQ,2
IG1 8RR,2
IG1 8RS,2
IG1 8RT,2
IG1 8RU,2
IG1 8RW,2
IG1 8RX,2
IG1 8RY,2
IG1 8SA,2
IG1 8SB,2
IG1 8SD,2
IG1 8SE,2
IG1 8SF,2
IG1 8SG,2
IG1 8SH,2
IG1 8SJ,2
IG1 8SL,2
IG1 8ZZ,2
IG1 9AA,2
IG1 9AB,2
IG1 9AD,2
IG1 9AE,2
IG1 9AF,2
IG1 9AG,2
IG1 9AH,2
IG1 9AJ,2
IG1 9AL,2
IG1 9AN,2
IG1 9AP,2
IG1 9AQ,2
IG1 9AR,2
IG1 9AS,2
IG1 9AT,2
IG1 9AU,2
IG1 9AW,2
IG1 9AX,2
IG1 9AY,2
IG1 9AZ,2
IG1 9BA,2
IG1 9BB,2
IG1 9BD,2
IG1 9BE,2
IG1 9BF,2
IG1 9BG,2
IG1 9BH,2
IG1 9BJ,2
IG1 9BL,2
IG1 9BN,2
IG1 9BP,2
IG1 9BQ,2
IG1 9BR,2
IG1 9BT,2
IG1 9BU,2
IG1 9BW,2
IG1 9BX,2
IG1 9BY,2
IG1 9BZ,2
IG1 9DA,2
IG1 9DB,2
IG1 9DD,2
IG1 9DE,2
IG1 9DF,2
IG1 9DG,2
IG1 9DH,2
IG1 9DJ,2
IG1 9DL,2
IG1 9DN,2
IG1 9DP,2
IG1 9DQ,2
IG1 9DR,2
IG1 9DS,2
IG1 9DT,2
IG1 9DU,4
IG1 9DW,2
IG1 9DX,2
IG1 9DY,4
IG1 9DZ,2
IG1 9EA,2
IG1 9EB,2
IG1 9ED,2
IG1 9EE,2
IG1 9EF,2
IG1 9EG,2
IG1 9EH,
IG1 9EJ,2
IG1 9EL,2
IG1 9EN,2
IG1 9EP,2
IG1 9EQ,2
IG1 9ER,2
IG1 9ES,2
IG1 9ET,2
IG1 9EU,2
IG1 9EW,2
IG1 9EX,2
IG1 9EY,2
IG1 9EZ,4
IG1 9FA,2
IG1 9FB,2
IG1 9FD,2
IG1 9FE,2
IG1 9FF,2
IG1 9FG,2
IG1 9FH,2
IG1 9FJ,2
IG1 9FL,2
IG1 9FN,2
IG1 9FP,2
IG1 9FQ,2
IG1 9FR,2
IG1 9FS,2
IG1 9FT,2
IG1 9FU,2
IG1 9FW,2
IG1 9FX,2
IG1 9FY,2
IG1 9FZ,2
IG1 9GA,2
IG1 9GB,2
IG1 9GD,2
IG1 9GE,2
IG1 9GF,2
IG1 9GG,2
IG1 9GH,2
IG1 9GJ,2
IG1 9GL,2
IG1 9GN,2
IG1 9GP,2
IG1 9GQ,2
IG1 9GR,2
IG1 9GS,2
IG1 9GT,2
IG1 9GU,2
IG1 9GW,2
IG1 9GX,2
IG1 9GY,2
IG1 9GZ,2
IG1 9HA,2
IG1 9HB,2
IG1 9HD,2
IG1 9HE,2
IG1 9HF,2
IG1 9HG,2
IG1 9HH,2
IG1 9HJ,2
IG1 9HL,2
IG1 9HN,2
IG1 9HP,2
IG1 9HQ,2
IG1 9HR,2
IG1 9HS,2
IG1 9HT,2
IG1 9HU,2
IG1 9HW,2
IG1 9HX,2
IG1 9HY,2
IG1 9HZ,2
IG1 9JA,2
IG1 9JB,2
IG1 9JD,2
IG1 9JE,2
IG1 9JF,2
IG1 9JG,2
IG1 9JH,2
IG1 9JJ,2
IG1 9JL,2
IG1 9JN,2
IG1 9JP,2
IG1 9JQ,2
IG1 9JR,2
IG1 9JS,2
IG1 9JT,2
IG1 9JU,2
IG1 9JW,2
IG1 9JX,2
IG1 9JY,2
IG1 9JZ,2
IG1 9LA,2
IG1 9LB,2
IG1 9LD,2
IG1 9LE,2
IG1 9LF,2
IG1 9LG,2
IG1 9LH,2
IG1 9LJ,2
IG1 9LL,2
IG1 9LN,2
IG1 9LP,2
IG1 9LQ,2
IG1 9LR,2
IG1 9LS,2
IG1 9LT,2
IG1 9LU,2
IG1 9LW,2
IG1 9LX,2
IG1 9LY,2
IG1 9LZ,2
IG1 9NA,2
IG1 9NB,2
IG1 9ND,2
IG1 9NE,2
IG1 9NF,2
IG1 9NG,2
IG1 9NH,2
IG1 9NJ,2
IG1 9NL,2
IG1 9NN,2
IG1 9NP,2
IG1 9NQ,2
IG1 9NR,2
IG1 9NS,2
IG1 9NT,2
IG1 9NU,2
IG1 9NW,2
IG1 9NX,2
IG1 9NZ,2
IG1 9PA,2
IG1 9PB,2
IG1 9PD,2
IG1 9PE,2
IG1 9PF,2
IG1 9PG,2
IG1 9PH,2
IG1 9PJ,2
IG1 9PL,2
IG1 9PN,2
IG1 9PP,2
IG1 9PQ,2
IG1 9PR,2
IG1 9PS,2
IG1 9PT,2
IG1 9PU,2
IG1 9PW,2
IG1 9PX,2
IG1 9PY,2
IG1 9PZ,2
IG1 9QA,2
IG1 9QB,2
IG1 9QD,2
IG1 9QE,2
IG1 9QF,2
IG1 9QG,2
IG1 9QH,2
IG1 9QJ,2
IG1 9QL,2
IG1 9QN,2
IG1 9QP,2
IG1 9QQ,2
IG1 9QR,2
IG1 9QS,2
IG1 9QT,2
IG1 9QU,2
IG1 9QW,2
IG1 9QX,2
IG1 9QY,2
IG1 9QZ,2
IG1 9RA,2
IG1 9RB,2
IG1 9RD,2
IG1 9RE,2
IG1 9RF,2
IG1 9RG,2
IG1 9RH,2
IG1 9RJ,2
IG1 9RL,2
IG1 9RN,2
IG1 9RP,2
IG1 9RQ,2
IG1 9RR,2
IG1 9RS,2
IG1 9RT,2
IG1 9RU,2
IG1 9RW,2
IG1 9RX,2
IG1 9RY,2
IG1 9RZ,2
IG1 9SA,4
IG1 9SB,4
IG1 9SD,4
IG1 9SE,4
IG1 9SF,4
IG1 9SG,4
IG1 9SH,4
IG1 9SJ,4
IG1 9SL,4
IG1 9SN,4
IG1 9SP,4
IG1 9SQ,4
IG1 9SR,4
IG1 9SS,4
IG1 9ST,4
IG1 9SU,4
IG1 9SW,4
IG1 9SX,4
IG1 9SY,4
IG1 9SZ,4
IG1 9TA,4
IG1 9TB,2
IG1 9TD,2
IG1 9TE,2
IG1 9TF,2
IG1 9TG,2
IG1 9TH,2
IG1 9TJ,2
IG1 9TL,2
IG1 9TN,2
IG1 9TP,2
IG1 9TQ,2
IG1 9TR,2
IG1 9TS,4
IG1 9TT,2
IG1 9TU,2
IG1 9TW,2
IG1 9TX,2
IG1 9TY,2
IG1 9TZ,2
IG1 9UA,2
IG1 9UB,2
IG1 9UD,2
IG1 9UE,2
IG1 9UF,2
IG1 9UG,2
IG1 9UH,2
IG1 9UJ,2
IG1 9UL,2
IG1 9UN,2
IG1 9UP,2
IG1 9UQ,2
IG1 9UR,2
IG1 9US,2
IG1 9UT,2
IG1 9UU,2
IG1 9UW,2
IG1 9UX,2
IG1 9UY,2
IG1 9UZ,2
IG1 9WA,2
IG1 9WB,2
IG1 9WD,2
IG1 9WE,2
IG1 9WF,2
IG1 9WG,2
IG1 9WH,2
IG1 9WJ,2
IG1 9WL,2
IG1 9WN,2
IG1 9WP,2
IG1 9WQ,2
IG1 9WR,2
IG1 9WS,2
IG1 9WT,2
IG1 9WU,2
IG1 9WW,2
IG1 9WX,2
IG1 9WY,2
IG1 9WZ,2
IG1 9XA,2
IG1 9XB,2
IG1 9XD,2
IG1 9XE,2
IG1 9XF,2
IG1 9XG,2
IG1 9XH,2
IG1 9XJ,2
IG1 9XL,2
IG1 9XN,2
IG1 9XP,2
IG1 9XQ,2
IG1 9XR,2
IG1 9XS,2
IG1 9XT,2
IG1 9XU,2
IG1 9XW,2
IG1 9XX,2
IG1 9XY,2
IG1 9XZ,2
IG1 9YA,2
IG1 9YB,2
IG1 9YD,2
IG1 9YE,2
IG1 9YF,2
IG1 9YG,2
IG1 9YH,2
IG1 9YJ,2
IG1 9YL,2
IG1 9YN,2
IG1 9YP,2
IG1 9YQ,2
IG1 9YR,2
IG1 9YS,2
IG1 9YT,2
IG1 9YU,2
IG1 9YW,2
IG1 9YX,2
IG1 9YY,2
IG1 9YZ,2
IG1 9ZA,2
IG1 9ZD,2
IG1 9ZE,2
IG1 9ZF,2
IG1 9ZG,2
IG1 9ZH,2
IG1 9ZJ,2
IG1 9ZL,2
IG1 9ZN,2
IG1 9ZP,4
IG1 9ZQ,2
IG1 9ZR,4
IG1 9ZS,2
IG1 9ZT,2
IG1 9ZU,2
IG1 9ZW,2
IG1 9ZX,2
IG1 9ZY,4
IG1 9ZZ,4
IG101AA,7
IG101AB,7
IG101AD,7
IG101AE,7
IG101AF,7
IG101AG,7
IG101AH,7
IG101AJ,7
IG101AL,7
IG101AN,9
IG101AP,4
IG101AQ,7
IG101AR,7
IG101AS,9
IG101AT,9
IG101AU,7
IG101AW,7
IG101AX,9
IG101AY,7
IG101AZ,7
IG101BA,7
IG101BB,7
IG101BD,7
IG101BE,7
IG101BF,4
IG101BG,9
IG101BH,7
IG101BJ,7
IG101BL,7
IG101BN,7
IG101BP,7
IG101BQ,9
IG101BS,9
IG101BT,9
IG101BU,9
IG101BW,7
IG101BX,9
IG101BY,9
IG101BZ,9
IG101DA,9
IG101DB,9
IG101DD,7
IG101DE,7
IG101DF,7
IG101DG,9
IG101DH,7
IG101DJ,7
IG101DL,9
IG101DN,7
IG101DP,9
IG101DQ,7
IG101DR,7
IG101DS,9
IG101DT,4
IG101DU,9
IG101DW,7
IG101DX,9
IG101DY,7
IG101DZ,7
IG101EA,7
IG101EB,7
IG101ED,7
IG101EE,7
IG101EF,7
IG101EG,9
IG101EH,9
IG101EJ,4
IG101EL,9
IG101EN,9
IG101EP,7
IG101EQ,9
IG101ER,9
IG101ES,4
IG101ET,7
IG101EU,7
IG101EW,7
IG101EX,9
IG101EY,7
IG101EZ,7
IG101GD,4
IG101GG,7
IG101GQ,7
IG101GZ,7
IG101HA,7
IG101HB,7
IG101HD,9
IG101HE,7
IG101HF,7
IG101HG,7
IG101HH,7
IG101HJ,7
IG101HL,7
IG101HN,7
IG101HP,7
IG101HQ,7
IG101HR,7
IG101HS,10
IG101HT,10
IG101HU,10
IG101HW,7
IG101HX,10
IG101HY,10
IG101HZ,10
IG101JA,10
IG101JB,10
IG101JD,10
IG101JE,10
IG101JF,10
IG101JG,10
IG101JH,9
IG101JJ,10
IG101JL,10
IG101JN,10
IG101JQ,10
IG101JR,9
IG101JW,10
IG101JZ,9
IG101LA,10
IG101LB,10
IG101LD,10
IG101LE,10
IG101LF,10
IG101LG,7
IG101LH,9
IG101LJ,9
IG101LL,9
IG101LN,9
IG101LP,10
IG101LQ,10
IG101LR,9
IG101LS,10
IG101LT,10
IG101LU,9
IG101LW,9
IG101LX,9
IG101LZ,10
IG101NA,9
IG101NB,4
IG101ND,9
IG101NG,9
IG101NH,9
IG101NJ,9
IG101NL,9
IG101NN,9
IG101NP,9
IG101NQ,9
IG101NR,9
IG101NS,9
IG101NT,9
IG101NU,9
IG101NW,9
IG101NX,9
IG101NY,4
IG101NZ,9
IG101PA,4
IG101PB,9
IG101PD,9
IG101PE,9
IG101PF,9
IG101PG,10
IG101PJ,4
IG101PL,4
IG101PR,9
IG101PS,9
IG101PT,9
IG101PU,9
IG101PW,9
IG101PX,9
IG101PY,9
IG101PZ,9
IG101QA,9
IG101QB,9
IG101QD,9
IG101QE,9
IG101QN,9
IG101QP,9
IG101QQ,9
IG101QR,10
IG101QS,9
IG101QW,10
IG101RB,7
IG101RD,7
IG101RE,7
IG101RF,7
IG101RG,7
IG101RH,7
IG101RJ,7
IG101RL,10
IG101RN,10
IG101RP,10
IG101RQ,7
IG101RR,10
IG101RS,10
IG101RT,10
IG101RU,10
IG101RW,7
IG101RX,10
IG101RZ,10
IG101SA,10
IG101SB,10
IG101SD,10
IG101SE,10
IG101SF,10
IG101SG,10
IG101SH,10
IG101SJ,10
IG101SL,10
IG101SN,9
IG101SP,10
IG101SQ,9
IG101SR,9
IG101SS,9
IG101ST,4
IG101SU,4
IG101SW,9
IG101SX,7
IG101SY,9
IG101SZ,9
IG101TA,9
IG101TB,9
IG101TD,9
IG101TE,4
IG101TF,4
IG101TG,4
IG101TH,4
IG101TJ,4
IG101TL,4
IG101TN,4
IG101TP,4
IG101TQ,9
IG101TR,4
IG101TS,4
IG101TT,4
IG101TU,4
IG101TW,4
IG101TX,4
IG101TY,9
IG101TZ,9
IG101UA,7
IG101UB,9
IG101UD,7
IG101WA,7
IG101WE,7
IG101WL,7
IG101WT,7
IG101XA,7
IG101XB,7
IG101XL,7
IG101XT,7
IG101XZ,7
IG101YA,7
IG101YB,7
IG101YF,7
IG101ZB,4
IG101ZT,7
IG102AA,5
IG102AB,5
IG102AD,5
IG102AE,5
IG102AF,5
IG102AG,5
IG102AH,4
IG102AJ,4
IG102AL,4
IG102AN,4
IG102AP,4
IG102AQ,5
IG102AR,4
IG102AS,4
IG102AT,4
IG102AU,4
IG102AW,4
IG102AX,4
IG102AY,4
IG102AZ,4
IG102BA,4
IG102BB,4
IG102BD,5
IG102BE,7
IG102BF,9
IG102BG,5
IG102BH,5
IG102BJ,7
IG102BL,5
IG102BN,7
IG102BP,4
IG102BQ,4
IG102BS,4
IG102BT,4
IG102BU,4
IG102BW,4
IG102BX,4
IG102BY,4
IG102BZ,4
IG102DA,4
IG102DB,4
IG102DD,4
IG102DE,4
IG102DF,4
IG102DG,4
IG102DH,4
IG102DJ,9
IG102DL,4
IG102DN,5
IG102DP,7
IG102DQ,4
IG102DR,4
IG102DS,7
IG102DT,7
IG102DU,5
IG102DW,4
IG102DX,5
IG102DY,4
IG102DZ,5
IG102EA,4
IG102EB,5
IG102ED,5
IG102EE,5
IG102EF,4
IG102EG,4
IG102EH,4
IG102EJ,4
IG102EL,4
IG102EN,4
IG102EP,4
IG102EQ,4
IG102ER,4
IG102ES,4
IG102ET,4
IG102EU,4
IG102EW,4
IG102EX,4
IG102EY,4
IG102EZ,7
IG102FA,4
IG102FB,10
IG102FX,4
IG102GD,5
IG102GE,4
IG102GH,5
IG102GS,5
IG102HA,5
IG102HE,4
IG102HF,4
IG102HG,4
IG102HH,5
IG102HJ,5
IG102HL,5
IG102HN,5
IG102HP,4
IG102HQ,5
IG102HR,4
IG102HS,5
IG102HT,5
IG102HU,5
IG102HW,4
IG102HX,5
IG102HY,4
IG102HZ,4
IG102JA,4
IG102JB,5
IG102JD,4
IG102JE,4
IG102JF,4
IG102JG,5
IG102JH,4
IG102JJ,7
IG102JQ,5
IG102JS,4
IG102JT,4
IG102JU,4
IG102JW,4
IG102JX,4
IG102JY,4
IG102JZ,4
IG102LA,4
IG102LB,4
IG102LD,4
IG102LE,4
IG102LF,4
IG102LG,4
IG102LH,4
IG102LJ,4
IG102LL,4
IG102LN,4
IG102LP,4
IG102LQ,4
IG102LR,4
IG102LS,4
IG102LT,4
IG102LU,4
IG102LW,4
IG102LX,4
IG102LY,4
IG102LZ,4
IG102NA,4
IG102NB,4
IG102ND,4
IG102NE,5
IG110ST,2
IG110SU,2
IG110SW,3
IG110SX,2
IG110SY,2
IG110SZ,1
IG110TA,3
IG110TB,3
IG110TD,3
IG110TE,3
IG110TF,3
IG110TG,1
IG110TH,3
IG110TJ,3
IG110TL,3
IG110TN,3
IG110TP,2
IG110TQ,2
IG110TR,1
IG110TS,2
IG110TT,2
IG110TU,2
IG110TW,2
IG110TX,2
IG110TY,2
IG110TZ,3
IG110UA,2
IG110UB,2
IG110UD,2
IG110UE,2
IG110UF,3
IG110UG,2
IG110UH,2
IG110UJ,2
IG110UL,2
IG110UN,2
IG110UP,2
IG110UQ,2
IG110UR,3
IG110US,3
IG110UT,2
IG110UU,2
IG110UW,3
IG110UX,3
IG110UY,3
IG110UZ,3
IG110WA,2
IG110WB,3
IG110WD,3
IG110WE,2
IG110WF,2
IG110WG,3
IG110WH,3
IG110WJ,3
IG110WL,2
IG110WN,3
IG110WP,2
IG110WQ,3
IG110WR,3
IG110WS,2
IG110WT,3
IG110WU,3
IG110WY,3
IG110XA,2
IG110XB,2
IG110XD,2
IG110XE,2
IG110XF,3
IG110XG,2
IG110XH,3
IG110XJ,2
IG110XL,3
IG110XN,3
IG110XP,3
IG110XQ,2
IG110XR,2
IG110XS,3
IG110XT,3
IG110XU,2
IG110XW,2
IG110XX,2
IG110XY,2
IG110XZ,3
IG110YA,3
IG110YB,3
IG110YD,3
IG110YH,3
IG110YJ,3
IG110YL,3
IG110YN,3
IG110YP,3
IG110YQ,3
IG110YT,3
IG111AA,3
IG111AB,3
IG111AD,3
IG111AE,
IG111AF,3
IG111AG,3
IG111AH,3
IG111AJ,3
IG111AL,3
IG111AN,3
IG111AP,3
IG111AQ,3
IG111AR,
IG111AS,3
IG111AT,3
IG111AU,3
IG111AW,3
IG111AX,3
IG111AY,3
IG111AZ,3
IG111BA,3
IG111BB,3
IG111BD,3
IG111BE,3
IG111BF,3
IG111BG,3
IG111BH,3
IG111BJ,3
IG111BL,3
IG111BN,3
IG111BP,3
IG111BQ,3
IG111BR,3
IG111BS,3
IG111BT,3
IG111BU,3
IG111BW,3
IG111BX,3
IG111BY,3
IG111BZ,3
IG111DA,3
IG111DB,3
IG111DD,3
IG111DE,3
IG111DG,3
IG111DH,3
IG111DJ,3
IG111DL,3
IG111DN,3
IG111DP,3
IG111DQ,3
IG111DR,3
IG111DS,3
IG111DT,3
IG111DU,3
IG111DW,3
IG111DX,3
IG111DY,3
IG111DZ,3
IG111EA,3
IG111EB,3
IG111ED,3
IG111EE,3
IG111EF,3
IG111EG,3
IG111EH,3
IG111EJ,3
IG111EL,3
IG111EN,3
IG111EP,3
IG111EQ,3
IG111ER,3
IG111ES,3
IG111ET,3
IG111EU,3
IG111EW,3
IG111EX,3
IG111EY,3
IG111EZ,3
IG111FA,3
IG111FB,3
IG111FD,3
IG111FE,3
IG111FF,3
IG111FG,3
IG111FH,3
IG111FJ,3
IG111FL,3
IG111FN,3
IG111FP,3
IG111FQ,3
IG111FR,3
IG111FS,3
IG111FT,3
IG111FU,3
IG111FW,3
IG111FX,3
IG111FY,3
IG111FZ,3
IG111GA,3
IG111GB,3
IG111GD,3
IG111GE,3
IG111GF,3
IG111GG,3
IG111GH,3
IG111GJ,3
IG111GL,3
IG111GP,3
IG111GQ,3
IG111GR,3
IG111GS,3
IG111GT,3
IG111GU,3
IG111GW,3
IG111GX,3
IG111GY,3
IG111GZ,3
IG111HA,3
IG111HB,3
IG111HD,3
IG111HE,3
IG111HF,3
IG111HG,3
IG111HH,3
IG111HJ,3
IG111HL,3
IG111HN,3
IG111HP,3
IG111HQ,3
IG111HR,3
IG111HS,3
IG111HT,3
IG111HU,3
IG111HW,3
IG111HX,3
IG111HY,3
IG111HZ,3
IG111JA,3
IG111JB,3
IG111JD,3
IG111JE,3
IG111ZZ,3
IG117AB,2
IG117AD,2
IG117AE,2
IG117AF,2
IG117AG,2
IG117AH,2
IG117AJ,2
IG117AL,2
IG117AN,2
IG117AP,2
IG117AQ,3
IG117AR,3
IG117AS,2
IG117AT,2
IG117AU,2
IG117AW,2
IG117AX,2
IG117AY,2
IG117AZ,2
IG117BA,2
IG117BB,2
IG117BD,2
IG117BE,2
IG117BF,2
IG117BG,2
IG117BH,2
IG117BJ,2
IG117BL,2
IG117BN,3
IG117BP,2
IG117BQ,2
IG117BS,2
IG117BT,2
IG117BU,2
IG117BW,2
IG117BX,2
IG117BY,3
IG117BZ,2
IG117DA,2
IG117DB,3
IG117DD,2
IG117DE,2
IG117DF,3
IG117DG,2
IG117DH,2
IG117DJ,2
IG117DL,2
IG117DN,2
IG117DP,2
IG117DQ,2
IG117DR,2
IG117DS,2
IG117DT,2
IG117DU,1
IG117DW,2
IG117DX,2
IG117DY,2
IG117DZ,2
IG117EA,2
IG117EB,2
IG117ED,2
IG117EE,2
IG117EF,2
IG117EG,2
IG117EH,1
IG117EJ,1
IG117EL,1
IG117EN,2
IG117EP,2
IG117EQ,2
IG117ER,2
IG117ES,2
IG117ET,2
IG117EU,3
IG117EW,2
IG117EX,2
IG117EY,3
IG117EZ,2
IG117FA,2
IG117FB,3
IG117FD,3
IG117FE,3
IG117FF,3
IG117FG,3
IG117FH,3
IG117FJ,3
IG117FL,3
IG117FN,2
IG117FP,2
IG117FQ,3
IG117FR,2
IG117FS,3
IG117FT,2
IG117FU,2
IG117FW,2
IG117FX,3
IG117FY,2
IG117FZ,3
IG117GD,3
IG117GE,2
IG117GF,2
IG117GG,2
IG117GH,2
IG117GJ,2
IG117GL,2
IG117GN,2
IG117GP,2
IG117GQ,2
IG117GR,3
IG117GS,3
IG117GT,3
IG117GU,3
IG117GW,2
IG117GX,2
IG117GY,2
IG117GZ,3
IG117HA,2
IG117HB,1
IG117HD,1
IG117HE,2
IG117HF,3
IG117HG,2
IG117HH,2
IG117HJ,2
IG117HL,3
IG117HN,3
IG117HP,2
IG117HQ,1
IG117HR,3
IG117HS,1
IG117HT,1
IG117HU,1
IG117HW,3
IG117HX,1
IG117HY,2
IG117HZ,2
IG117JA,2
IG117JB,2
IG117JD,2
IG117JE,2
IG117JF,2
IG117JG,2
IG117JH,2
IG117JJ,2
IG117JL,2
IG117JN,2
IG117JP,2
IG117JQ,2
IG117JR,2
IG117JS,2
IG117JT,2
IG117JU,2
IG117JW,2
IG117JX,2
IG117JY,1
IG117JZ,1
IG117LA,2
IG117LB,2
IG117LD,2
IG117LE,2
IG117LF,2
IG117LG,2
IG117LH,2
IG117LJ,2
IG117LL,2
IG117LN,2
IG117LP,2
IG117LQ,2
IG117LR,2
IG117LS,3
IG117LT,2
IG117LU,3
IG117LW,3
IG117LX,3
IG117LY,3
IG117LZ,3
IG117NA,3
IG117NB,3
IG117ND,3
IG117NE,3
IG117NF,3
IG117NG,3
IG117NH,2
IG117NJ,3
IG117NL,2
IG117NN,3
IG117NP,3
IG117NQ,2
IG117NR,3
IG117NS,3
IG117NT,3
IG117NU,2
IG117NW,3
IG117NX,3
IG117NY,3
IG117NZ,2
IG117PA,2
IG117PB,2
IG117PD,3
IG117PE,3
IG117PF,2
IG117PG,3
IG117PH,3
IG117PJ,2
IG117PL,2
IG117PN,2
IG117PP,2
IG117PQ,2
IG117PR,2
IG117PS,3
IG117PT,2
IG117PU,2
IG117PW,2
IG117PX,3
IG117PY,3
IG117PZ,2
IG117QA,3
IG117QB,2
IG117QD,2
IG117QE,3
IG117QF,3
IG117QG,3
IG117QH,2
IG117QJ,3
IG117QL,3
IG117QN,3
IG117QP,3
IG117QQ,3
IG117QR,3
IG117QS,3
IG117QT,3
IG117QU,3
IG117QW,3
IG117QX,3
IG117QY,3
IG117QZ,3
IG117RA,3
IG117RB,2
IG117RD,3
IG117RE,3
IG117RF,3
IG117RG,3
IG117RH,3
IG117RJ,3
IG117RL,3
IG117RN,2
IG117RP,3
IG117RQ,3
IG117RR,3
IG117RS,1
IG117RT,3
IG117RU,2
IG117RW,3
IG117RX,3
IG117RY,2
IG117RZ,3
IG117SA,2
IG117SE,1
IG117SF,1
IG117SG,1
IG117SL,1
IG117SN,1
IG117SP,1
IG117SR,1
IG117SS,1
IG117ST,1
IG117SU,1
IG117SW,1
IG117SX,1
IG117SY,1
IG117SZ,1
IG117TA,2
IG117TB,2
IG117TD,2
IG117TE,2
IG117TF,1
IG117TG,2
IG117TH,2
IG117TJ,2
IG117TL,2
IG117TN,2
IG117TP,1
IG117TQ,2
IG117TR,2
IG117TS,2
IG117TT,2
IG117TU,2
IG117TW,1
IG117TX,2
IG117TY,2
IG117TZ,2
IG117UA,2
IG117UB,2
IG117UD,2
IG117UE,2
IG117UF,3
IG117UG,3
IG117UH,3
IG117UJ,3
IG117UL,3
IG117UN,3
IG117UP,2
IG117UQ,3
IG117UR,2
IG117UT,2
IG117UU,2
IG117UW,2
IG117UX,1
IG117UY,2
IG117WA,3
IG117WB,3
IG117WD,3
IG117WE,3
IG117WF,3
IG117WG,3
IG117WJ,3
IG117WL,2
IG117WN,3
IG117WP,3
IG117WQ,3
IG117WR,3
IG117WS,3
IG117WT,3
IG117WU,3
IG117WW,3
IG117WX,3
IG117WZ,2
IG117XA,3
IG117XB,2
IG117XD,2
IG117XE,2
IG117XF,3
IG117XG,3
IG117XH,3
IG117XJ,3
IG117XL,3
IG117XN,3
IG117XP,3
IG117XQ,3
IG117XR,3
IG117XS,3
IG117XT,3
IG117XU,3
IG117XW,3
IG117XX,3
IG117XY,3
IG117XZ,3
IG117YA,3
IG117YB,3
IG117YD,3
IG117YE,3
IG117YF,3
IG117YG,3
IG117YH,3
IG117YL,2
IG117YN,3
IG117YP,2
IG117YQ,3
IG117YR,3
IG117YT,3
IG117YW,3
IG117YX,2
IG117YY,3
IG117YZ,2
IG117ZB,3
IG117ZF,3
IG117ZT,3
IG118AA,3
IG118AB,3
IG118AD,2
IG118AE,3
IG118AF,3
IG118AG,3
IG118AH,2
IG118AJ,3
IG118AL,3
IG118AN,3
IG118AP,3
IG118AQ,3
IG118AR,3
IG118AS,3
IG118AT,3
IG118AU,3
IG118AW,3
IG118AX,2
IG118AY,3
IG118AZ,3
IG118BA,3
IG118BB,2
IG118BD,3
IG118BE,2
IG118BF,2
IG118BG,2
IG118BH,2
IG118BJ,2
IG118BL,2
IG118BN,2
IG118BP,2
IG118BQ,2
IG118BS,2
IG118BT,2
IG118BU,2
IG118BW,2
IG118BX,2
IG118BY,2
IG118BZ,2
IG118DA,2
IG118DB,3
IG118DD,3
IG118DE,3
IG118DF,3
IG118DG,3
IG118DH,3
IG118DJ,3
IG118DL,3
IG118DN,3
IG118DP,3
IG118DQ,3
IG118DR,3
IG118DS,2
IG118DT,3
IG118DU,3
IG118DW,3
IG118DX,3
IG118DY,2
IG118DZ,3
IG118EA,3
IG118EB,2
IG118ED,3
IG118EE,3
IG118EF,3
IG118EG,3
IG118EH,3
IG118EJ,3
IG118EL,3
IG118EN,3
IG118EP,3
IG118EQ,3
IG118ER,3
IG118ES,3
IG118ET,3
IG118EU,3
IG118EW,3
IG118EX,3
IG118EY,3
IG118EZ,3
IG118FA,3
IG118FB,3
IG118FD,2
IG118FE,2
IG118FF,5
IG118FG,2
IG118FH,2
IG118FJ,3
IG118FL,2
IG118FN,2
IG118FP,2
IG118FQ,2
IG118FR,2
IG118FS,2
IG118FT,2
IG118FU,2
IG118FW,3
IG118FX,3
IG118FY,3
IG118GD,2
IG118GE,2
IG118GF,3
IG118GG,3
IG118GH,2
IG118GN,2
IG118GR,2
IG118GU,3
IG118GW,3
IG118GX,2
IG118GY,3
IG118GZ,3
IG118HA,3
IG118HB,3
IG118HD,3
IG118HE,3
IG118HF,3
IG118HG,3
IG118HH,2
IG118HJ,3
IG118HL,3
IG118HN,2
IG118HP,2
IG118HQ,3
IG118HR,3
IG118HS,2
IG118HT,2
IG118HU,2
IG118HW,2
IG118HX,2
IG118HY,2
IG118HZ,2
IG118JA,2
IG118JB,3
IG118JD,2
IG118JE,3
IG118JF,3
IG118JG,3
IG118JH,2
IG118JJ,3
IG118JL,2
IG118JN,3
IG118JP,3
IG118JQ,2
IG118JR,3
IG118JS,3
IG118JT,3
IG118JU,3
IG118JW,3
IG118JX,2
IG118JY,2
IG118JZ,2
IG118LA,2
IG118LB,2
IG118LD,2
IG118LE,2
IG118LF,2
IG118LG,2
IG118LH,2
IG118LJ,2
IG118LL,2
IG118LN,2
IG118LP,2
IG118LQ,2
IG118LR,2
IG118LS,2
IG118LT,2
IG118LU,2
IG118LW,2
IG118LX,2
IG118LY,2
IG118LZ,2
IG118NA,2
IG118NB,2
IG118ND,2
IG118NE,2
IG118NF,3
IG118NG,2
IG118NH,2
IG118NJ,3
IG118NL,2
IG118NN,2
IG118NP,3
IG118NQ,2
IG118NR,3
IG118NS,2
IG118NT,3
IG118NU,2
IG118NW,2
IG118NX,3
IG118NY,3
IG118NZ,2
IG118PA,2
IG118PB,2
IG118PD,2
IG118PE,3
IG118PF,2
IG118PG,2
IG118PH,2
IG118PJ,2
IG118PL,2
IG118PN,2
IG118PP,2
IG118PQ,2
IG118PR,2
IG118PS,2
IG118PT,2
IG118PU,2
IG118PW,2
IG118PX,2
IG118PY,2
IG118PZ,2
IG118QA,2
IG118QB,2
IG118QD,2
IG118QE,3
IG118QF,2
IG118QG,3
IG118QH,2
IG118QJ,2
IG118QL,2
IG118QN,2
IG118QP,3
IG118QQ,3
IG118QR,3
IG118QS,3
IG118QT,2
IG118QU,3
IG118QW,3
IG118QX,3
IG118QY,3
IG118QZ,3
IG118RA,3
IG118RB,3
IG118RD,3
IG118RE,3
IG118RF,3
IG118RG,3
IG118RH,3
IG118RJ,2
IG118RL,3
IG118RN,2
IG118RP,2
IG118RQ,3
IG118RR,3
IG118RS,3
IG118RT,3
IG118RU,3
IG118RW,3
IG118RX,3
IG118RY,3
IG118RZ,3
IG118SA,3
IG118SB,3
IG118SD,2
IG118SE,3
IG118SF,3
IG118SL,4
IG118SN,4
IG118SP,4
IG118SQ,3
IG118SR,4
IG118SS,5
IG118ST,5
IG118SU,5
IG118SY,5
IG118SZ,3
IG118TA,3
IG118TB,3
IG118TD,3
IG118TE,2
IG118TG,3
IG118TH,3
IG118TJ,3
IG118TL,3
IG118TN,2
IG118TQ,3
IG118TR,3
IG118TS,3
IG118TT,3
IG118TU,2
IG118TW,2
IG118TZ,2
IG118UA,5
IG118UB,5
IG118UD,5
IG118UE,5
IG118UF,5
IG118UG,5
IG118UN,5
IG118UP,5
IG118UQ,3
IG118UR,5
IG118UW,5
IG118WA,5
IG118WB,5
IG118WD,5
IG118WE,3
IG118WF,5
IG118WG,3
IG118WH,5
IG118WJ,5
IG118WL,5
IG118WN,3
IG118WP,5
IG118WQ,3
IG118WR,3
IG118WS,5
IG118WU,3
IG118WX,3
IG118WY,5
IG118WZ,5
IG118XA,3
IG118XB,3
IG118XD,5
IG118XE,3
IG118XF,5
IG118XG,3
IG118XH,5
IG118XJ,5
IG118XT,3
IG118YA,3
IG118YB,3
IG118YD,3
IG118YE,3
IG118YF,3
IG118YH,3
IG118YQ,3
IG118YT,2
IG118YW,3
IG118YZ,3
IG118ZA,3
IG118ZB,3
IG119AA,6
IG119AB,6
IG119AD,6
IG119AE,6
IG119AF,6
IG119AG,4
IG119AH,5
IG119AJ,5
IG119AL,4
IG119AN,4
IG119AP,4
IG119AQ,6
IG119AR,4
IG119AS,4
IG119AT,4
IG119AU,4
IG119AW,4
IG119AX,4
IG119AY,4
IG119AZ,4
IG119BA,4
IG119BB,4
IG119BD,5
IG119BE,3
IG119BF,6
IG119BG,6
IG119BH,6
IG119BJ,5
IG119BL,6
IG119BN,5
IG119BP,4
IG119BQ,6
IG119BS,4
IG119BT,4
IG119BU,4
IG119BW,4
IG119BX,4
IG119BY,2
IG119BZ,6
IG119DA,6
IG119DB,6
IG119DD,6
IG119DE,6
IG119DF,6
IG119DG,5
IG119DH,5
IG119DJ,5
IG119DL,6
IG119DN,6
IG119DP,6
IG119DQ,5
IG119DR,5
IG119DS,5
IG119DT,6
IG119DU,5
IG119DW,5
IG119DX,5
IG119DY,5
IG119DZ,5
IG119EA,4
IG119EB,4
IG119ED,5
IG119EE,5
IG119EF,5
IG119EG,5
IG119EH,5
IG102NF,5
IG102NG,5
IG102NH,4
IG102NJ,5
IG102NL,4
IG102NN,4
IG102NP,4
IG102NQ,4
IG102NR,4
IG102NS,9
IG102NT,9
IG102NU,4
IG102NW,4
IG102NX,4
IG102NY,9
IG102NZ,9
IG102PA,5
IG102PB,9
IG102PD,9
IG102PE,5
IG102PF,7
IG102PG,5
IG102PH,5
IG102PJ,4
IG102PL,9
IG102PN,9
IG102PP,4
IG102PQ,7
IG102PR,4
IG102PS,4
IG102PT,4
IG102PU,4
IG102PW,4
IG102PX,4
IG102PY,4
IG102PZ,4
IG102QH,9
IG102QJ,9
IG102QL,9
IG102QN,9
IG102QP,9
IG102QQ,9
IG102QR,9
IG102QS,9
IG102QT,9
IG102QU,9
IG102QW,9
IG102QX,9
IG102QY,7
IG102QZ,9
IG102RD,4
IG102RE,4
IG102RJ,9
IG102RL,9
IG102RN,9
IG102RR,9
IG102RS,9
IG102RT,9
IG102RU,9
IG102RW,9
IG102RX,9
IG102RY,9
IG102RZ,9
IG102SA,9
IG102SB,9
IG102SD,9
IG102SE,9
IG102SF,9
IG102SG,9
IG102SH,9
IG102SL,9
IG102SN,10
IG102SP,9
IG102SQ,9
IG102SW,10
IG102SZ,7
IG102WA,7
IG102WB,7
IG102WD,7
IG102WE,7
IG102WF,7
IG102WJ,7
IG102WL,7
IG102WQ,7
IG102WS,7
IG102WZ,7
IG102XZ,7
IG102YA,7
IG102YB,7
IG102YH,7
IG102YQ,4
IG103AA,8
IG103AB,8
IG103AD,8
IG103AE,8
IG103AF,8
IG103AG,8
IG103AH,8
IG103AJ,8
IG103AL,8
IG103AN,8
IG103AP,4
IG103AQ,8
IG103AR,4
IG103AS,4
IG103AT,8
IG103AU,4
IG103AW,8
IG103AX,4
IG103AY,4
IG103AZ,4
IG103BA,4
IG103BB,4
IG103BD,4
IG103BE,4
IG103BF,8
IG103BG,8
IG103BH,4
IG103BJ,7
IG103BL,8
IG103BN,8
IG103BP,8
IG103BQ,4
IG103BS,8
IG103BT,8
IG103BU,8
IG103BW,8
IG103BX,8
IG103BY,8
IG103BZ,8
IG103DA,8
IG103DB,8
IG103DD,4
IG103DE,4
IG103DF,4
IG103DG,4
IG103DH,4
IG103DJ,4
IG103DL,4
IG103DN,4
IG103DP,4
IG103DQ,4
IG103DR,4
IG103DS,7
IG103DT,8
IG103DU,8
IG103DW,4
IG103DX,8
IG103DY,8
IG103DZ,8
IG103EA,8
IG103EB,5
IG103ED,8
IG103EE,8
IG103EF,8
IG103EG,8
IG103EH,8
IG103EJ,8
IG103EL,8
IG103EN,8
IG103EP,8
IG103EQ,8
IG103ER,8
IG103ES,8
IG103ET,8
IG103EU,8
IG103EW,8
IG103EX,8
IG103EY,8
IG103EZ,8
IG103FA,4
IG103FB,4
IG103FD,4
IG103FE,4
IG103FF,4
IG103FG,4
IG103FH,7
IG103FJ,4
IG103FL,4
IG103FN,4
IG103FP,4
IG103FQ,2
IG103FS,9
IG103FT,4
IG103FU,2
IG103FX,7
IG103FZ,7
IG103GD,8
IG103GE,7
IG103GF,7
IG103GG,8
IG103GH,7
IG103GJ,7
IG103GL,8
IG103GN,7
IG103GP,7
IG103GQ,8
IG103GR,7
IG103GT,4
IG103GU,7
IG103GX,7
IG103GZ,4
IG103HA,2
IG103HB,2
IG103HD,5
IG103HE,5
IG103HF,6
IG103HG,6
IG103HH,6
IG103HJ,6
IG103HL,6
IG103HN,6
IG103HP,6
IG103HQ,6
IG103HR,8
IG103HS,6
IG103HT,6
IG103HU,6
IG103HW,7
IG103HX,7
IG103HY,4
IG103HZ,7
IG103JA,7
IG103JB,9
IG103JD,9
IG103JE,6
IG103JF,6
IG103JG,6
IG103JH,6
IG103JJ,6
IG103JL,5
IG103JN,5
IG103JP,2
IG103JQ,6
IG103JR,2
IG103JS,2
IG103JT,5
IG103JU,2
IG103JW,5
IG103JX,5
IG103JY,9
IG103JZ,7
IG103LA,7
IG103LB,7
IG103LE,7
IG103LG,8
IG103LH,8
IG103LJ,8
IG103LL,8
IG103LN,8
IG103LP,2
IG103LQ,8
IG103LR,2
IG103LS,2
IG103LT,2
IG103LU,2
IG103LW,2
IG103LX,2
IG103LY,2
IG103LZ,2
IG103NA,2
IG103NB,2
IG103ND,2
IG103NG,2
IG103NH,8
IG103NJ,8
IG103NL,8
IG103NN,8
IG103NP,4
IG103NQ,4
IG103NR,4
IG103NS,4
IG103NT,4
IG103NU,4
IG103NW,8
IG103NX,7
IG103NY,5
IG103NZ,5
IG103PA,8
IG103PB,4
IG103PD,5
IG103PE,5
IG103PF,6
IG103PG,5
IG103PH,6
IG103PJ,6
IG103PL,6
IG103PN,6
IG103PP,5
IG103PR,5
IG103PS,5
IG103PT,5
IG103PU,2
IG103PW,6
IG103PX,2
IG103PY,2
IG103PZ,2
IG103QA,5
IG103QB,5
IG103QD,2
IG103QE,2
IG103QF,2
IG103QH,7
IG103QJ,4
IG103QL,8
IG103QQ,2
IG103QS,4
IG103QT,6
IG103QU,6
IG103QW,4
IG103QX,6
IG103QY,6
IG103QZ,6
IG103RA,6
IG103RB,6
IG103RD,5
IG103RE,6
IG103RF,5
IG103RG,5
IG103RH,2
IG103RJ,5
IG103RL,5
IG103RN,5
IG103RP,5
IG103RQ,5
IG103RR,5
IG103RS,5
IG103RT,5
IG103RU,4
IG103RW,5
IG103RY,4
IG103RZ,5
IG103SA,4
IG103SB,5
IG103SD,4
IG103SE,6
IG103SF,7
IG103SG,4
IG103SH,4
IG103SJ,4
IG103SL,4
IG103SN,4
IG103SP,4
IG103SQ,4
IG103SR,4
IG103SS,4
IG103ST,4
IG103SU,4
IG103SW,4
IG103SX,4
IG103SY,4
IG103SZ,4
IG103TA,4
IG103TB,4
IG103TD,4
IG103TE,4
IG103TF,4
IG103TG,4
IG103TH,4
IG103TJ,4
IG103TL,4
IG103TN,4
IG103TP,2
IG103TQ,4
IG103TR,4
IG103TS,4
IG103TT,4
IG103TU,4
IG103TW,4
IG103TX,4
IG103TY,4
IG103TZ,2
IG103UA,4
IG103UB,4
IG103UD,4
IG103UE,4
IG103UF,4
IG103UG,4
IG103UH,4
IG103UQ,4
IG103WA,7
IG103WB,7
IG103WD,7
IG103WE,7
IG103WF,4
IG103WG,7
IG103WH,7
IG103WJ,4
IG103WL,7
IG103WN,7
IG103WQ,7
IG103WR,7
IG103WX,7
IG103XN,7
IG103XT,7
IG103XX,4
IG103XZ,7
IG103YA,7
IG103YB,4
IG104AA,10
IG104AB,3
IG104AD,3
IG104AE,3
IG104AF,3
IG104AG,3
IG104AH,3
IG104AJ,3
IG104AL,3
IG104AN,3
IG104AP,3
IG104AQ,3
IG104AR,9
IG104AS,9
IG104AT,3
IG104AU,9
IG104AW,3
IG104AX,9
IG104AY,10
IG104AZ,9
IG104BA,9
IG104BB,9
IG104BD,9
IG104BE,9
IG104BF,3
IG104BG,9
IG104BH,9
IG104BJ,9
IG104BL,9
IG104BN,9
IG104BP,9
IG104BQ,4
IG104BS,9
IG104BT,9
IG104BU,9
IG104BW,9
IG104BX,9
IG104BY,9
IG104BZ,7
IG104DA,9
IG104DB,9
IG104DD,9
IG104DE,9
IG104DG,9
IG104DH,4
IG104DJ,9
IG104DL,9
IG104DN,9
IG104DP,9
IG104DQ,9
IG104DR,9
IG104DS,9
IG104DT,9
IG104DU,9
IG104DW,9
IG104DX,9
IG104DY,9
IG104DZ,9
IG104EA,9
IG104EB,9
IG104ED,9
IG104EE,9
IG104EF,9
IG104EG,9
IG104EH,9
IG104EJ,9
IG104EL,9
IG104EN,9
IG104EP,9
IG104EQ,9
IG104ER,9
IG104ES,9
IG104ET,9
IG104EU,9
IG104EW,9
IG104EX,7
IG104EY,9
IG104EZ,9
IG104FA,4
IG104FZ,9
IG104GD,9
IG104GE,9
IG104GG,9
IG104GH,7
IG104GN,7
IG104GP,9
IG104GQ,7
IG104GR,9
IG104GW,9
IG104GX,9
IG104GY,7
IG104GZ,7
IG104HB,9
IG104HH,9
IG104HJ,9
IG104HL,9
IG104HN,9
IG104HP,9
IG104HR,3
IG104HS,9
IG104HT,9
IG104HU,9
IG104HW,9
IG104HX,9
IG104HY,9
IG104HZ,9
IG104JA,9
IG104JB,9
IG104JD,9
IG104JE,9
IG104JF,10
IG104JG,10
IG104JH,10
IG104JJ,10
IG104JL,10
IG104JN,10
IG104JQ,10
IG104JZ,9
IG104LA,9
IG104LB,9
IG104LD,9
IG104LF,9
IG104LG,9
IG104LH,9
IG104LJ,9
IG104LN,9
IG104LQ,9
IG104LT,9
IG104LU,9
IG104LW,9
IG104LY,9
IG104LZ,9
IG104NA,9
IG104NB,9
IG104ND,9
IG104NE,9
IG104NF,9
IG104NG,9
IG104NH,9
IG104NJ,9
IG104NL,9
IG104NN,7
IG104NP,7
IG104NQ,9
IG104NW,9
IG104NX,7
IG104NY,9
IG104NZ,9
IG104PA,9
IG104PB,9
IG104PD,9
IG104PE,9
IG104PF,9
IG104PG,9
IG104PH,9
IG104PJ,9
IG104PL,9
IG104PN,10
IG104PP,10
IG104PQ,10
IG104PR,10
IG104PT,9
IG104PU,9
IG104PW,10
IG104PX,10
IG104PY,9
IG104PZ,9
IG104QA,10
IG104QB,10
IG104QD,10
IG104QE,10
IG104QF,10
IG104QG,10
IG104QH,10
IG104QJ,4
IG104QL,7
IG104QN,10
IG104QP,10
IG104QQ,10
IG104QR,10
IG104QS,10
IG104QT,9
IG104QU,9
IG104QW,10
IG104QX,9
IG104QY,9
IG104QZ,9
IG104RA,10
IG104RB,10
IG104RD,10
IG104RE,10
IG104RF,10
IG104RG,9
IG104RH,10
IG104RJ,10
IG104RL,10
IG104RN,10
IG104RP,10
IG104RQ,10
IG104RR,7
IG104RS,9
IG104RT,9
IG104RU,7
IG104RW,10
IG104RX,7
IG104RZ,10
IG104WA,4
IG104WB,7
IG104WD,7
IG104WE,7
IG104WF,7
IG104WG,4
IG104WH,7
IG104WN,10
IG104WQ,7
IG104WZ,7
IG104YE,7
IG104YF,7
IG104YQ,10
IG104YY,10
IG109AA,7
IG109AB,7
IG109AD,7
IG109AE,7
IG109AF,7
IG109AG,4
IG109AJ,7
IG109AL,7
IG109AN,7
IG109AP,7
IG109AQ,4
IG109AR,7
IG109AS,7
IG109AT,7
IG109AU,7
IG109AW,7
IG109AX,7
IG109AY,7
IG109AZ,7
IG109BA,4
IG109BB,7
IG109BD,7
IG109BE,7
IG109BF,4
IG109BG,4
IG109BH,4
IG109BJ,7
IG109BL,7
IG109BN,7
IG109BP,7
IG109BQ,7
IG109BR,4
IG109BS,4
IG109BT,4
IG109BU,7
IG109BW,4
IG109BX,4
IG109BY,7
IG109BZ,7
IG109DA,7
IG109DB,4
IG109DD,4
IG109DE,7
IG109DF,7
IG109DG,7
IG109DH,4
IG109DJ,7
IG109DL,4
IG109DN,7
IG109DP,4
IG109DQ,4
IG109DR,4
IG109DS,4
IG109DT,7
IG109DU,7
IG109DW,7
IG109DX,4
IG109DY,7
IG109DZ,4
IG109EA,7
IG109EB,7
IG109ED,4
IG109EE,7
IG109EF,4
IG109EG,7
IG109EH,4
IG109EJ,4
IG109EL,4
IG109EN,4
IG109EP,4
IG109EQ,7
IG109ER,7
IG109ES,4
IG109ET,4
IG109EU,4
IG109EW,4
IG109EX,4
IG109EY,4
IG109EZ,4
IG109FB,4
IG109FD,4
IG109FE,4
IG109FF,4
IG109FG,4
IG109FH,4
IG109FJ,4
IG109FL,4
IG109FN,4
IG109FP,4
IG109FQ,4
IG109FR,4
IG109FS,4
IG109FT,4
IG109FW,4
IG109FX,4
IG109FY,
IG109FZ,4
IG109GA,4
IG109GE,4
IG109GF,4
IG109GG,4
IG109GH,4
IG109GJ,4
IG109GL,4
IG109GN,4
IG109GP,4
IG109GQ,4
IG109GR,4
IG109GS,4
IG109GT,4
IG110AA,4
IG110AB,4
IG110AD,4
IG110AE,2
IG110AF,4
IG110AG,1
IG110AH,2
IG110AJ,2
IG110AL,3
IG110AN,4
IG110AP,2
IG110AQ,1
IG110AR,3
IG110AS,1
IG110AT,2
IG110AU,3
IG110AW,1
IG110AX,3
IG110AY,3
IG110AZ,3
IG110BA,2
IG110BB,2
IG110BD,3
IG110BE,3
IG110BF,3
IG110BG,3
IG110BH,3
IG110BJ,3
IG110BL,3
IG110BN,3
IG110BP,3
IG110BQ,3
IG110BS,2
IG110BT,3
IG110BU,2
IG110BW,3
IG110BX,3
IG110BY,3
IG110BZ,2
IG110DA,3
IG110DB,3
IG110DD,2
IG110DE,2
IG110DF,3
IG110DG,3
IG110DH,3
IG110DJ,3
IG110DL,3
IG110DN,3
IG110DP,3
IG110DQ,3
IG110DR,3
IG110DS,3
IG110DT,3
IG110DU,3
IG110DW,3
IG110DX,3
IG110DY,3
IG110DZ,3
IG110EA,3
IG110EB,3
IG110ED,3
IG110EE,3
IG110EF,3
IG110EG,3
IG110EH,3
IG110EJ,3
IG110EL,3
IG110EN,3
IG110EP,3
IG110EQ,3
IG110ER,3
IG110ES,3
IG110ET,2
IG110EU,3
IG110EW,2
IG110EX,3
IG110EY,3
IG110EZ,3
IG110FA,3
IG110FB,3
IG110FD,3
IG110FE,3
IG110FF,3
IG110FG,3
IG110FH,3
IG110FJ,3
IG110FL,3
IG110FN,3
IG110FP,3
IG110FQ,3
IG110FR,3
IG110FS,3
IG110FT,3
IG110FU,3
IG110FW,3
IG110FX,3
IG110FY,3
IG110FZ,3
IG110GD,3
IG110GE,3
IG110GF,3
IG110GG,3
IG110GH,3
IG110GJ,3
IG110GL,3
IG110GN,3
IG110GP,3
IG110GQ,3
IG110GR,3
IG110GS,3
IG110GT,3
IG110GU,3
IG110GW,3
IG110GX,3
IG110GY,3
IG110GZ,3
IG110HA,3
IG110HB,3
IG110HD,3
IG110HE,3
IG110HF,3
IG110HG,3
IG110HH,3
IG110HJ,2
IG110HL,2
IG110HN,3
IG110HP,3
IG110HQ,3
IG110HR,3
IG110HS,3
IG110HT,3
IG110HU,3
IG110HW,3
IG110HX,3
IG110HY,3
IG110HZ,3
IG110JA,3
IG110JB,3
IG110JD,3
IG110JE,3
IG110JF,3
IG110JG,3
IG110JH,3
IG110JJ,3
IG110JL,3
IG110JN,3
IG110JP,2
IG110JQ,3
IG110JR,3
IG110JS,3
IG110JT,3
IG110JU,3
IG110JW,3
IG110JX,3
IG110JY,3
IG110JZ,1
IG110LA,3
IG110LB,1
IG110LD,1
IG110LE,1
IG110LF,1
IG110LG,1
IG110LH,2
IG110LJ,2
IG110LL,2
IG110LN,3
IG110LP,2
IG110LQ,2
IG110LR,2
IG110LS,2
IG110LT,2
IG110LU,2
IG110LW,2
IG110LX,2
IG110LY,2
IG110LZ,2
IG110NA,3
IG110NB,3
IG110ND,2
IG110NE,3
IG110NF,3
IG110NG,1
IG110NH,1
IG110NJ,1
IG110NL,1
IG110NN,3
IG110NP,3
IG110NQ,1
IG110NR,3
IG110NS,3
IG110NT,3
IG110NU,1
IG110NW,3
IG110NX,1
IG110NY,1
IG110NZ,1
IG110PA,2
IG110PB,3
IG110PD,3
IG110PE,3
IG110PF,2
IG110PG,2
IG110PH,1
IG110PJ,1
IG110PL,1
IG110PN,2
IG110PP,2
IG110PQ,1
IG110PR,2
IG110PS,2
IG110PT,2
IG110PU,2
IG110PW,2
IG110PX,2
IG110PY,2
IG110PZ,3
IG110QA,2
IG110QB,2
IG110QD,2
IG110QE,2
IG110QF,3
IG110QG,1
IG110QH,2
IG110QJ,2
IG110QL,2
IG110QN,2
IG110QP,3
IG110QQ,2
IG110QR,3
IG110QS,3
IG110QT,3
IG110QU,3
IG110QW,2
IG110QX,3
IG110QY,3
IG110QZ,3
IG110RA,3
IG110RB,2
IG110RD,2
IG110RE,2
IG110RF,3
IG110RG,2
IG110RH,2
IG110RJ,2
IG110RL,2
IG110RN,2
IG110RP,3
IG110RQ,3
IG110RR,2
IG110RS,3
IG110RT,3
IG110RU,3
IG110RW,2
IG110RX,3
IG110RY,3
IG110RZ,3
IG110SA,3
IG110SB,2
IG110SD,2
IG110SE,2
IG110SF,3
IG110SG,3
IG110SH,2
IG110SJ,2
IG110SL,2
IG110SN,2
IG110SP,3
IG110SQ,2
IG110SR,2
IG110SS,2
IG3 8FZ,4
IG3 8GD,4
IG3 8GE,4
IG3 8GF,4
IG3 8GG,4
IG3 8GH,4
IG3 8GJ,2
IG3 8GL,6
IG3 8GN,4
IG3 8GP,4
IG3 8GQ,2
IG3 8GR,4
IG3 8GS,4
IG3 8GT,2
IG3 8GU,2
IG3 8GW,2
IG3 8GX,2
IG3 8GY,4
IG3 8GZ,4
IG3 8HA,6
IG3 8HB,6
IG3 8HD,5
IG3 8HE,5
IG3 8HF,5
IG3 8HG,5
IG3 8HH,4
IG3 8HJ,2
IG3 8HL,4
IG3 8HN,2
IG3 8HP,4
IG3 8HQ,5
IG3 8HR,4
IG3 8HS,4
IG3 8HT,4
IG3 8HU,4
IG3 8HW,4
IG3 8HX,4
IG3 8HY,4
IG3 8HZ,6
IG3 8JA,6
IG3 8JB,6
IG3 8JD,6
IG3 8JE,5
IG3 8JF,6
IG3 8JG,5
IG3 8JH,5
IG3 8JJ,5
IG3 8JL,5
IG3 8JN,5
IG3 8JP,5
IG3 8JQ,5
IG3 8JR,5
IG3 8JS,5
IG3 8JT,5
IG3 8JU,5
IG3 8JW,5
IG3 8JX,5
IG3 8JY,4
IG3 8JZ,4
IG3 8LA,2
IG3 8LB,2
IG3 8LD,2
IG3 8LE,2
IG3 8LF,2
IG3 8LG,2
IG3 8LH,2
IG3 8LJ,2
IG3 8LL,2
IG3 8LN,2
IG3 8LP,2
IG3 8LQ,2
IG3 8LR,4
IG3 8LS,2
IG3 8LT,2
IG3 8LU,4
IG3 8LW,2
IG3 8LX,2
IG3 8LY,4
IG3 8LZ,4
IG3 8NA,5
IG3 8NB,5
IG3 8ND,5
IG3 8NE,4
IG3 8NF,4
IG3 8NG,4
IG3 8NH,4
IG3 8NJ,4
IG3 8NL,4
IG3 8NN,4
IG3 8NP,4
IG3 8NQ,5
IG3 8NR,5
IG3 8NS,5
IG3 8NT,5
IG3 8NU,2
IG3 8NW,4
IG3 8NX,2
IG3 8NY,5
IG3 8NZ,5
IG3 8PA,5
IG3 8PB,5
IG3 8PD,5
IG3 8PE,5
IG3 8PF,4
IG3 8PG,4
IG3 8PH,4
IG3 8PJ,4
IG3 8PL,5
IG3 8PN,2
IG3 8PP,4
IG3 8PQ,4
IG3 8PR,4
IG3 8PS,4
IG3 8PT,4
IG3 8PU,4
IG3 8PW,4
IG3 8PX,4
IG3 8PY,4
IG3 8PZ,4
IG3 8QA,4
IG3 8QB,5
IG3 8QD,5
IG3 8QE,5
IG3 8QF,2
IG3 8QG,2
IG3 8QH,4
IG3 8QJ,4
IG3 8QL,4
IG3 8QN,4
IG3 8QP,5
IG3 8QQ,5
IG3 8QR,5
IG3 8QS,4
IG3 8QT,2
IG3 8QU,4
IG3 8QW,5
IG3 8QX,2
IG3 8QY,4
IG3 8QZ,4
IG3 8RA,4
IG3 8RB,4
IG3 8RD,4
IG3 8RE,2
IG3 8RF,4
IG3 8RG,4
IG3 8RH,4
IG3 8RJ,4
IG3 8RL,4
IG3 8RN,4
IG3 8RP,4
IG3 8RQ,4
IG3 8RR,4
IG3 8RS,4
IG3 8RT,2
IG3 8RU,4
IG3 8RW,4
IG3 8RX,2
IG3 8RY,4
IG3 8RZ,3
IG3 8SA,4
IG3 8SB,4
IG3 8SD,3
IG3 8SE,4
IG3 8SF,4
IG3 8SG,4
IG3 8SH,3
IG3 8SJ,3
IG3 8SL,4
IG3 8SN,4
IG3 8SP,4
IG3 8SQ,4
IG3 8SR,2
IG3 8SS,2
IG3 8ST,3
IG3 8SU,3
IG3 8SW,3
IG3 8SX,3
IG3 8SY,3
IG3 8SZ,3
IG3 8TA,3
IG3 8TB,3
IG3 8TD,3
IG3 8TE,3
IG3 8TF,3
IG3 8TG,3
IG3 8TH,3
IG3 8TJ,3
IG3 8TL,3
IG3 8TN,3
IG3 8TP,4
IG3 8TQ,3
IG3 8TR,3
IG3 8TS,3
IG3 8TT,4
IG3 8TU,4
IG3 8TW,3
IG3 8TX,4
IG3 8TY,4
IG3 8TZ,4
IG3 8UA,4
IG3 8UB,4
IG3 8UD,4
IG3 8UE,3
IG3 8UF,2
IG3 8UG,2
IG3 8UH,2
IG3 8UJ,4
IG3 8UL,4
IG3 8UN,3
IG3 8UP,4
IG3 8UQ,4
IG3 8UR,5
IG3 8UT,4
IG3 8UU,4
IG3 8UW,3
IG3 8UX,4
IG3 8UY,4
IG3 8UZ,4
IG3 8WA,2
IG3 8WB,2
IG3 8WD,2
IG3 8WE,2
IG3 8WF,2
IG3 8WG,2
IG3 8WH,2
IG3 8WJ,2
IG3 8WL,2
IG3 8WN,2
IG3 8WP,2
IG3 8WQ,2
IG3 8WR,2
IG3 8WS,2
IG3 8WT,2
IG3 8WU,2
IG3 8WW,2
IG3 8WX,2
IG3 8WY,2
IG3 8WZ,2
IG3 8XA,5
IG3 8XB,3
IG3 8XD,3
IG3 8XE,5
IG3 8XF,4
IG3 8XG,5
IG3 8XH,4
IG3 8XJ,4
IG3 8XL,4
IG3 8XN,4
IG3 8XP,4
IG3 8XQ,4
IG3 8XR,4
IG3 8XS,4
IG3 8XT,4
IG3 8XU,4
IG3 8XW,4
IG3 8XX,4
IG3 8XY,2
IG3 8XZ,4
IG3 8YA,4
IG3 8YB,4
IG3 8YD,4
IG3 8YE,4
IG3 8YF,2
IG3 8YG,2
IG3 8YH,2
IG3 8YJ,2
IG3 8YL,2
IG3 8YN,2
IG3 8YP,4
IG3 8YQ,2
IG3 8YR,2
IG3 8YS,2
IG3 8YT,2
IG3 8YU,5
IG3 8YW,2
IG3 8YX,2
IG3 8YY,4
IG3 8YZ,2
IG3 8ZA,4
IG3 8ZQ,2
IG3 9AA,4
IG3 9AB,4
IG3 9AD,4
IG3 9AE,4
IG3 9AF,5
IG3 9AG,4
IG3 9AH,4
IG3 9AJ,4
IG3 9AL,4
IG3 9AN,4
IG3 9AP,4
IG3 9AQ,4
IG3 9AR,4
IG3 9AS,4
IG3 9AT,4
IG3 9AU,5
IG3 9AW,2
IG3 9AX,5
IG3 9AY,5
IG3 9AZ,5
IG3 9BA,5
IG3 9BB,5
IG3 9BD,5
IG3 9BE,4
IG3 9BF,3
IG3 9BG,4
IG3 9BH,5
IG3 9BJ,5
IG3 9BL,5
IG3 9BN,5
IG3 9BP,5
IG3 9BQ,4
IG3 9BS,4
IG3 9BT,4
IG3 9BU,5
IG3 9BW,5
IG3 9BX,5
IG3 9BY,5
IG3 9BZ,6
IG3 9DA,6
IG3 9DB,6
IG3 9DD,6
IG3 9DE,6
IG3 9DF,6
IG3 9DG,6
IG3 9DH,5
IG3 9DJ,6
IG3 9DL,6
IG3 9DN,5
IG3 9DP,5
IG3 9DQ,6
IG3 9DR,6
IG3 9DS,5
IG3 9DT,5
IG3 9DU,5
IG3 9DW,5
IG3 9DX,5
IG3 9DY,5
IG3 9DZ,5
IG3 9EA,5
IG3 9EB,5
IG3 9ED,4
IG3 9EE,4
IG3 9EF,6
IG3 9EG,6
IG3 9EH,6
IG3 9EJ,6
IG3 9EL,6
IG3 9EN,6
IG3 9EP,5
IG3 9EQ,6
IG3 9ER,5
IG3 9ES,5
IG3 9ET,4
IG3 9EU,5
IG3 9EW,6
IG3 9EX,2
IG3 9EY,2
IG3 9EZ,2
IG3 9FA,3
IG3 9FB,2
IG3 9FD,4
IG3 9FE,4
IG3 9FF,3
IG3 9FG,4
IG3 9FJ,5
IG3 9FL,4
IG3 9FP,4
IG3 9FT,2
IG3 9FX,5
IG3 9FY,2
IG3 9FZ,5
IG3 9GD,5
IG3 9GE,5
IG3 9GF,2
IG3 9GG,5
IG3 9GH,5
IG3 9GJ,2
IG3 9GL,5
IG3 9GN,5
IG3 9GP,5
IG3 9GQ,5
IG3 9GR,5
IG3 9GS,5
IG3 9GT,5
IG3 9GU,5
IG3 9GW,2
IG3 9GX,5
IG3 9GY,5
IG3 9GZ,5
IG3 9HA,5
IG3 9HB,5
IG3 9HD,5
IG3 9HE,4
IG3 9HF,5
IG3 9HG,5
IG3 9HH,5
IG3 9HJ,5
IG3 9HL,4
IG3 9HN,4
IG3 9HP,4
IG3 9HQ,5
IG3 9HR,5
IG3 9HS,4
IG3 9HT,4
IG3 9HU,5
IG3 9HW,4
IG3 9HX,4
IG3 9HY,5
IG3 9HZ,2
IG3 9JA,4
IG3 9JB,3
IG3 9JD,5
IG3 9JE,5
IG3 9JF,5
IG3 9JG,5
IG3 9JH,5
IG3 9JJ,4
IG3 9JL,5
IG3 9JN,5
IG3 9JP,5
IG3 9JQ,5
IG3 9JR,5
IG3 9JS,5
IG3 9JT,2
IG3 9JU,5
IG3 9JW,5
IG3 9JX,5
IG3 9JY,5
IG3 9JZ,5
IG3 9LA,4
IG3 9LB,4
IG3 9LD,4
IG3 9LE,4
IG3 9LF,4
IG3 9LG,4
IG3 9LH,5
IG3 9LJ,5
IG3 9LL,5
IG3 9LN,3
IG3 9LP,2
IG3 9LQ,4
IG3 9LR,5
IG3 9LS,5
IG3 9LT,5
IG3 9LU,5
IG3 9LW,3
IG3 9LX,5
IG3 9LY,5
IG3 9LZ,5
IG3 9NA,4
IG3 9NB,5
IG3 9ND,5
IG3 9NE,5
IG3 9NF,5
IG3 9NG,5
IG3 9NH,5
IG3 9NJ,5
IG3 9NL,5
IG3 9NN,5
IG3 9NP,5
IG3 9NQ,5
IG3 9NR,4
IG3 9NS,2
IG3 9NT,5
IG3 9NU,5
IG3 9NW,5
IG3 9NX,5
IG3 9NY,5
IG3 9NZ,3
IG3 9PA,3
IG3 9PB,3
IG3 9PD,3
IG3 9PE,3
IG3 9PF,3
IG3 9PG,3
IG3 9PH,3
IG3 9PJ,3
IG3 9PL,3
IG3 9PN,3
IG3 9PP,6
IG3 9PQ,3
IG3 9PR,6
IG3 9PS,5
IG3 9PT,5
IG3 9PU,5
IG3 9PW,3
IG3 9PX,5
IG3 9PY,5
IG3 9PZ,5
IG3 9QA,5
IG3 9QB,5
IG3 9QD,4
IG3 9QE,4
IG3 9QF,4
IG3 9QG,2
IG3 9QH,4
IG3 9QJ,4
IG3 9QL,4
IG3 9QN,4
IG3 9QP,4
IG3 9QQ,4
IG3 9QR,4
IG3 9QS,3
IG3 9QT,3
IG3 9QU,3
IG3 9QW,4
IG3 9QX,3
IG3 9QY,2
IG3 9QZ,3
IG3 9RA,3
IG3 9RB,3
IG3 9RD,4
IG3 9RE,4
IG3 9RF,5
IG3 9RG,3
IG3 9RH,3
IG3 9RJ,3
IG3 9RL,3
IG3 9RN,3
IG3 9RP,3
IG3 9RQ,5
IG3 9RR,3
IG3 9RS,3
IG3 9RT,3
IG3 9RU,3
IG3 9RW,3
IG3 9RX,3
IG3 9RY,3
IG3 9RZ,3
IG3 9SA,3
IG3 9SB,3
IG3 9SD,3
IG3 9SE,3
IG3 9SF,3
IG3 9SG,3
IG3 9SH,3
IG3 9SJ,3
IG3 9SL,3
IG3 9SN,3
IG3 9SP,3
IG3 9SQ,3
IG3 9SR,3
IG3 9SS,3
IG3 9ST,3
IG3 9SU,3
IG3 9SW,3
IG3 9SX,3
IG3 9SY,3
IG3 9SZ,5
IG3 9TA,5
IG3 9TB,5
IG3 9TD,5
IG3 9TE,4
IG3 9TF,4
IG3 9TG,4
IG3 9TH,4
IG3 9TJ,4
IG3 9TL,4
IG3 9TN,4
IG3 9TP,4
IG3 9TQ,4
IG3 9TR,4
IG3 9TS,4
IG3 9TT,2
IG3 9TU,5
IG3 9TW,4
IG3 9TX,5
IG3 9TY,4
IG3 9TZ,2
IG3 9UA,2
IG3 9UB,3
IG3 9UD,3
IG3 9UE,2
IG3 9UF,4
IG3 9UG,2
IG3 9UH,3
IG3 9UJ,3
IG3 9UL,2
IG3 9UN,3
IG3 9UQ,3
IG3 9UR,3
IG3 9UT,3
IG3 9UU,3
IG3 9UZ,3
IG3 9WA,2
IG3 9WB,2
IG3 9WD,3
IG3 9WE,2
IG3 9WF,2
IG3 9WG,2
IG3 9WH,3
IG3 9WJ,2
IG3 9WL,2
IG3 9WN,2
IG3 9WP,2
IG3 9WQ,2
IG3 9WS,3
IG3 9WT,2
IG3 9WU,3
IG3 9WW,3
IG3 9WX,3
IG3 9WY,2
IG3 9WZ,2
IG3 9XA,3
IG3 9XB,3
IG3 9XD,3
IG3 9XE,3
IG3 9XF,3
IG3 9XG,4
IG3 9XH,5
IG3 9XJ,5
IG3 9XL,3
IG3 9XN,2
IG3 9XP,2
IG3 9XQ,4
IG3 9XR,2
IG3 9XS,2
IG3 9XT,2
IG3 9XU,2
IG3 9XW,3
IG3 9XX,2
IG3 9XY,5
IG3 9XZ,5
IG3 9YA,5
IG3 9YB,5
IG3 9YD,5
IG3 9YE,3
IG3 9YF,2
IG3 9YG,2
IG3 9YH,2
IG3 9YJ,2
IG3 9YL,2
IG3 9YN,2
IG3 9YP,2
IG3 9YQ,2
IG3 9YR,2
IG3 9YT,2
IG3 9YW,2
IG3 9YX,2
IG3 9YY,5
IG3 9YZ,2
IG3 9ZA,2
IG3 9ZQ,2
IG4 5AA,7
IG4 5AB,7
IG4 5AD,5
IG4 5AE,5
IG4 5AF,5
IG4 5AG,5
IG4 5AH,5
IG4 5AJ,5
IG4 5AL,5
IG4 5AN,7
IG4 5AP,6
IG4 5AQ,5
IG4 5AR,6
IG4 5AS,6
IG4 5AT,6
IG4 5AU,6
IG4 5AW,7
IG4 5AX,6
IG4 5AY,6
IG4 5AZ,6
IG4 5BA,6
IG4 5BB,2
IG4 5BD,5
IG4 5BE,7
IG4 5BF,2
IG4 5BG,7
IG4 5BH,7
IG4 5BJ,7
IG4 5BL,6
IG4 5BN,7
IG4 5BP,7
IG4 5BQ,7
IG4 5BS,6
IG4 5BT,6
IG4 5BU,6
IG4 5BW,7
IG4 5BX,6
IG4 5BY,6
IG4 5BZ,6
IG4 5DA,7
IG4 5DB,6
IG4 5DD,7
IG4 5DE,7
IG4 5DF,7
IG4 5DG,7
IG4 5DH,7
IG4 5DJ,2
IG4 5DL,2
IG4 5DN,6
IG4 5DP,6
IG4 5DQ,7
IG4 5DR,6
IG4 5DS,6
IG4 5DT,6
IG4 5DU,6
IG4 5DW,6
IG4 5DX,6
IG4 5DY,6
IG4 5DZ,6
IG4 5EA,6
IG4 5EB,6
IG4 5ED,6
IG4 5EE,6
IG4 5EF,6
IG4 5EG,6
IG4 5EH,6
IG4 5EJ,2
IG4 5EL,7
IG4 5EN,6
IG4 5EP,5
IG4 5EQ,6
IG4 5ER,5
IG4 5ES,5
IG4 5ET,6
IG4 5EU,6
IG4 5EW,6
IG4 5EX,7
IG4 5EY,6
IG4 5EZ,6
IG4 5FB,6
IG4 5FD,5
IG4 5FX,2
IG4 5FZ,6
IG4 5GD,2
IG4 5GE,6
IG4 5GF,2
IG4 5GG,6
IG4 5GH,2
IG4 5GL,6
IG4 5GQ,2
IG4 5GU,2
IG4 5GW,2
IG4 5GX,2
IG4 5GY,6
IG4 5GZ,6
IG4 5HA,6
IG4 5HB,6
IG4 5HD,6
IG4 5HE,6
IG4 5HF,6
IG4 5HG,6
IG4 5HH,7
IG4 5HJ,7
IG4 5HL,7
IG4 5HN,6
IG4 5HP,6
IG4 5HQ,6
IG4 5HR,6
IG4 5HS,6
IG4 5HT,6
IG4 5HU,6
IG4 5HW,7
IG4 5HX,6
IG4 5HY,6
IG4 5HZ,6
IG4 5JA,2
IG4 5JB,7
IG4 5JD,7
IG4 5JE,7
IG4 5JF,7
IG4 5JG,7
IG4 5JH,7
IG4 5JJ,7
IG4 5JL,7
IG4 5JN,7
IG4 5JP,7
IG4 5JQ,7
IG4 5JR,7
IG4 5JS,2
IG4 5JT,7
IG4 5JU,6
IG4 5JW,7
IG4 5JX,7
IG4 5JY,7
IG4 5JZ,6
IG4 5LA,2
IG4 5LB,2
IG4 5LD,2
IG4 5LE,5
IG4 5LF,5
IG4 5LG,7
IG4 5LH,5
IG4 5LJ,5
IG4 5LL,5
IG4 5LN,5
IG4 5LP,5
IG4 5LQ,5
IG4 5LR,5
IG4 5LS,5
IG4 5LT,5
IG4 5LU,7
IG4 5LW,6
IG4 5LX,7
IG4 5LY,7
IG4 5LZ,7
IG4 5NA,7
IG4 5NB,5
IG4 5ND,7
IG4 5NE,7
IG4 5NF,5
IG4 5NG,5
IG4 5NH,2
IG4 5NJ,7
IG4 5NL,6
IG4 5NN,5
IG4 5NP,5
IG4 5NQ,5
IG4 5NR,5
IG4 5NS,6
IG4 5NT,6
IG4 5NU,6
IG4 5NW,5
IG4 5NX,7
IG4 5NY,7
IG4 5NZ,7
IG4 5PA,7
IG4 5PB,7
IG4 5PD,7
IG4 5PE,7
IG4 5PF,7
IG4 5PG,7
IG4 5PH,7
IG4 5PJ,7
IG4 5PL,7
IG4 5PN,7
IG4 5PP,7
IG4 5PQ,7
IG4 5PR,7
IG4 5PS,7
IG4 5PT,7
IG4 5PU,7
IG4 5PW,7
IG4 5PX,7
IG4 5PY,7
IG4 5PZ,7
IG4 5QA,8
IG4 5QB,2
IG4 5QD,8
IG4 5QE,6
IG4 5QF,6
IG4 5QG,5
IG4 5QH,5
IG4 5QJ,6
IG4 5QL,5
IG4 5QN,6
IG4 5QQ,5
IG4 5QR,2
IG4 5WA,2
IG4 5WB,6
IG4 5WD,2
IG4 5WE,2
IG4 5WF,2
IG4 5WG,2
IG4 5WH,6
IG4 5WJ,6
IG4 5WL,2
IG4 5WN,2
IG4 5WP,2
IG4 5WQ,2
IG4 5WR,2
IG4 5WT,6
IG4 5WX,2
IG4 5WY,2
IG4 5WZ,6
IG4 5XA,2
IG4 5XB,2
IG4 5YQ,6
IG5 0AA,7
IG5 0AB,8
IG5 0AD,8
IG5 0AE,7
IG5 0AG,8
IG5 0AH,8
IG5 0AJ,8
IG5 0AL,8
IG5 0AN,7
IG5 0AP,7
IG5 0AQ,8
IG5 0AR,7
IG5 0AS,7
IG5 0AT,2
IG5 0AU,8
IG5 0AW,7
IG5 0AX,2
IG5 0AY,8
IG5 0AZ,7
IG5 0BA,7
IG5 0BB,8
IG5 0BD,8
IG5 0BE,8
IG5 0BF,2
IG5 0BG,5
IG5 0BH,8
IG5 0BJ,9
IG5 0BL,8
IG5 0BN,9
IG5 0BP,2
IG5 0BQ,9
IG5 0BS,9
IG5 0BT,7
IG5 0BU,2
IG5 0BW,2
IG5 0BX,7
IG5 0BY,8
IG5 0BZ,8
IG5 0DA,9
IG5 0DB,9
IG5 0DD,8
IG5 0DE,9
IG5 0DF,5
IG5 0DG,9
IG5 0DH,9
IG5 0DJ,8
IG5 0DL,8
IG5 0DN,8
IG5 0DP,8
IG5 0DQ,9
IG5 0DR,8
IG5 0DS,8
IG5 0DT,8
IG5 0DU,8
IG5 0DW,8
IG5 0DX,4
IG5 0DY,2
IG5 0DZ,9
IG5 0EA,5
IG5 0EB,5
IG5 0ED,5
IG5 0EE,9
IG5 0EF,9
IG5 0EG,9
IG5 0EH,9
IG5 0EJ,9
IG5 0EL,9
IG5 0EN,9
IG5 0EP,8
IG5 0EQ,9
IG5 0ER,8
IG5 0ES,2
IG5 0ET,2
IG5 0EU,2
IG5 0EW,8
IG5 0EX,9
IG5 0EY,2
IG5 0EZ,5
IG5 0FA,3
IG5 0FB,3
IG5 0FD,3
IG5 0FE,5
IG5 0FF,3
IG5 0FG,3
IG5 0FZ,8
IG5 0GD,2
IG5 0GE,2
IG5 0GG,2
IG5 0GH,8
IG5 0GR,2
IG5 0GT,2
IG5 0GX,2
IG5 0GZ,9
IG5 0HA,5
IG5 0HB,5
IG5 0HD,8
IG5 0HE,8
IG5 0HF,8
IG5 0HG,8
IG5 0HH,8
IG5 0HJ,8
IG5 0HL,9
IG5 0HN,8
IG5 0HP,8
IG5 0HQ,8
IG5 0HR,5
IG5 0HS,5
IG5 0HT,5
IG5 0HU,2
IG5 0HW,9
IG5 0HX,5
IG5 0HY,5
IG5 0HZ,2
IG5 0JA,5
IG5 0JB,8
IG5 0JD,8
IG5 0JE,8
IG5 0JF,8
IG5 0JG,8
IG5 0JH,8
IG5 0JJ,8
IG5 0JL,8
IG5 0JN,8
IG5 0JP,8
IG5 0JQ,8
IG5 0JR,8
IG5 0JS,8
IG5 0JT,8
IG5 0JU,2
IG119EJ,5
IG119EL,2
IG119EN,2
IG119EP,5
IG119EQ,2
IG119ER,5
IG119ES,5
IG119ET,4
IG119EU,4
IG119EW,4
IG119EX,4
IG119EY,5
IG119EZ,6
IG119FA,5
IG119FB,2
IG119FD,2
IG119FX,3
IG119FZ,3
IG119GD,6
IG119GE,3
IG119GG,5
IG119GH,3
IG119GR,6
IG119GX,6
IG119GY,6
IG119GZ,3
IG119HA,6
IG119HB,5
IG119HD,6
IG119HE,5
IG119HF,5
IG119HG,5
IG119HH,6
IG119HJ,5
IG119HL,3
IG119HP,6
IG119HQ,6
IG119HR,6
IG119HS,6
IG119HT,6
IG119HU,5
IG119HX,6
IG119HY,6
IG119HZ,6
IG119JA,5
IG119JB,5
IG119JD,5
IG119JE,5
IG119JF,5
IG119JG,5
IG119JH,5
IG119JJ,6
IG119JL,5
IG119JN,5
IG119JP,5
IG119JQ,5
IG119JT,2
IG119JU,3
IG119JW,5
IG119JX,5
IG119JY,5
IG119JZ,5
IG119LA,5
IG119LB,5
IG119LD,5
IG119LE,6
IG119LF,6
IG119LG,6
IG119LH,3
IG119LL,2
IG119LN,3
IG119LP,5
IG119LQ,5
IG119LR,5
IG119LS,5
IG119LT,5
IG119LU,5
IG119LW,5
IG119LX,5
IG119LY,2
IG119LZ,2
IG119NA,2
IG119NB,2
IG119ND,2
IG119NE,2
IG119NF,2
IG119NG,2
IG119NH,2
IG119NJ,2
IG119NL,2
IG119NN,2
IG119NP,2
IG119NQ,2
IG119NR,2
IG119NS,2
IG119NT,2
IG119NU,2
IG119NW,2
IG119NX,2
IG119NY,2
IG119NZ,2
IG119PA,6
IG119PB,5
IG119PD,5
IG119PE,2
IG119PF,3
IG119PG,2
IG119PH,5
IG119PJ,5
IG119PL,5
IG119PN,2
IG119PP,2
IG119PQ,5
IG119PR,2
IG119PS,2
IG119PT,2
IG119PU,2
IG119PW,2
IG119PX,2
IG119PY,2
IG119PZ,2
IG119QA,2
IG119QB,2
IG119QD,2
IG119QE,2
IG119QF,2
IG119QG,2
IG119QH,2
IG119QJ,2
IG119QL,2
IG119QN,2
IG119QP,2
IG119QQ,2
IG119QR,2
IG119QS,2
IG119QT,2
IG119QU,2
IG119QW,2
IG119QX,2
IG119QY,2
IG119QZ,2
IG119RA,2
IG119RB,2
IG119RH,2
IG119RJ,2
IG119RN,2
IG119RQ,2
IG119RS,2
IG119RT,2
IG119RU,3
IG119RW,3
IG119RX,3
IG119RY,3
IG119RZ,3
IG119SA,3
IG119SB,3
IG119SD,3
IG119SE,3
IG119SF,3
IG119SG,3
IG119SH,3
IG119SJ,3
IG119SL,3
IG119SN,3
IG119SP,3
IG119SQ,3
IG119SR,3
IG119SS,3
IG119ST,2
IG119SU,4
IG119SW,3
IG119SX,3
IG119SZ,5
IG119TA,3
IG119TB,3
IG119TD,3
IG119TE,3
IG119TF,3
IG119TG,4
IG119TH,4
IG119TJ,3
IG119TL,4
IG119TN,4
IG119TP,4
IG119TQ,4
IG119TR,4
IG119TS,4
IG119TT,4
IG119TU,4
IG119TW,3
IG119TX,5
IG119TY,5
IG119TZ,5
IG119UA,4
IG119UB,5
IG119UD,4
IG119UE,4
IG119UF,4
IG119UG,4
IG119UH,4
IG119UJ,4
IG119UL,4
IG119UN,4
IG119UP,4
IG119UQ,4
IG119UR,5
IG119UT,4
IG119UU,4
IG119UW,4
IG119UX,5
IG119UY,5
IG119UZ,5
IG119WA,5
IG119WB,3
IG119WD,3
IG119WE,5
IG119WF,3
IG119WG,5
IG119WH,5
IG119WJ,5
IG119WL,3
IG119WN,3
IG119WP,3
IG119WQ,3
IG119WR,3
IG119WT,5
IG119WY,5
IG119WZ,3
IG119XA,5
IG119XB,5
IG119XD,4
IG119XE,4
IG119XF,4
IG119XG,4
IG119XH,3
IG119XJ,3
IG119XL,3
IG119XN,4
IG119XP,4
IG119XQ,3
IG119XR,4
IG119XS,4
IG119XT,4
IG119XU,4
IG119XW,4
IG119XX,5
IG119XY,5
IG119XZ,5
IG119YA,5
IG119YB,5
IG119YD,5
IG119YE,3
IG119YF,5
IG119YG,6
IG119YH,6
IG119YJ,3
IG119YL,5
IG119YQ,3
IG119YT,3
IG119YY,3
IG119YZ,3
IG119ZP,3
IG2 6AA,6
IG2 6AB,6
IG2 6AD,6
IG2 6AE,6
IG2 6AF,6
IG2 6AG,6
IG2 6AH,6
IG2 6AJ,6
IG2 6AL,6
IG2 6AN,6
IG2 6AP,6
IG2 6AQ,6
IG2 6AR,6
IG2 6AS,6
IG2 6AT,6
IG2 6AU,6
IG2 6AW,6
IG2 6AX,5
IG2 6AY,6
IG2 6AZ,6
IG2 6BA,6
IG2 6BB,6
IG2 6BD,7
IG2 6BE,4
IG2 6BF,6
IG2 6BG,4
IG2 6BH,4
IG2 6BJ,4
IG2 6BL,4
IG2 6BN,4
IG2 6BP,6
IG2 6BQ,6
IG2 6BS,2
IG2 6BT,2
IG2 6BU,6
IG2 6BW,2
IG2 6BX,6
IG2 6BY,6
IG2 6BZ,4
IG2 6DA,4
IG2 6DB,6
IG2 6DD,6
IG2 6DE,6
IG2 6DF,6
IG2 6DG,6
IG2 6DH,6
IG2 6DJ,6
IG2 6DL,6
IG2 6DN,6
IG2 6DP,6
IG2 6DQ,6
IG2 6DR,6
IG2 6DS,6
IG2 6DT,2
IG2 6DU,6
IG2 6DW,6
IG2 6DX,6
IG2 6DY,6
IG2 6DZ,6
IG2 6EA,6
IG2 6EB,6
IG2 6ED,2
IG2 6EE,6
IG2 6EF,2
IG2 6EG,4
IG2 6EH,6
IG2 6EJ,6
IG2 6EL,6
IG2 6EN,6
IG2 6EP,4
IG2 6EQ,6
IG2 6ER,4
IG2 6ES,4
IG2 6ET,6
IG2 6EU,6
IG2 6EW,4
IG2 6EX,2
IG2 6EY,4
IG2 6EZ,4
IG2 6FA,4
IG2 6FB,4
IG2 6FD,4
IG2 6FE,6
IG2 6FF,6
IG2 6FG,6
IG2 6FH,6
IG2 6FJ,6
IG2 6FL,4
IG2 6FN,6
IG2 6FX,2
IG2 6FY,2
IG2 6FZ,2
IG2 6GD,6
IG2 6GE,6
IG2 6GF,2
IG2 6GG,2
IG2 6GH,2
IG2 6GJ,2
IG2 6GL,2
IG2 6GN,6
IG2 6GP,6
IG2 6GQ,2
IG2 6GR,2
IG2 6GS,6
IG2 6GT,2
IG2 6GU,2
IG2 6GY,4
IG2 6GZ,2
IG2 6HA,4
IG2 6HB,6
IG2 6HD,6
IG2 6HE,4
IG2 6HF,4
IG2 6HG,6
IG2 6HH,2
IG2 6HJ,4
IG2 6HL,4
IG2 6HN,6
IG2 6HP,6
IG2 6HQ,2
IG2 6HR,6
IG2 6HS,6
IG2 6HT,2
IG2 6HU,6
IG2 6HW,4
IG2 6HX,4
IG2 6HY,4
IG2 6HZ,4
IG2 6JA,4
IG2 6JB,4
IG2 6JD,4
IG2 6JE,4
IG2 6JF,4
IG2 6JG,4
IG2 6JH,4
IG2 6JJ,4
IG2 6JL,4
IG2 6JN,2
IG2 6JP,2
IG2 6JQ,4
IG2 6JR,6
IG2 6JS,4
IG2 6JT,6
IG2 6JU,6
IG2 6JW,4
IG2 6JX,6
IG2 6JY,6
IG2 6JZ,6
IG2 6LA,6
IG2 6LB,2
IG2 6LD,6
IG2 6LE,6
IG2 6LF,6
IG2 6LG,6
IG2 6LH,6
IG2 6LJ,6
IG2 6LL,6
IG2 6LN,6
IG2 6LP,2
IG2 6LQ,6
IG2 6LR,6
IG2 6LS,6
IG2 6LT,6
IG2 6LU,6
IG2 6LW,6
IG2 6LX,6
IG2 6LY,6
IG2 6LZ,6
IG2 6NA,6
IG2 6NB,6
IG2 6ND,6
IG2 6NE,6
IG2 6NF,6
IG2 6NG,4
IG2 6NH,7
IG2 6NJ,7
IG2 6NL,2
IG2 6NN,7
IG2 6NP,4
IG2 6NQ,4
IG2 6NR,7
IG2 6NS,4
IG2 6NT,6
IG2 6NU,4
IG2 6NW,7
IG2 6NX,6
IG2 6NY,7
IG2 6NZ,2
IG2 6PA,6
IG2 6PB,4
IG2 6PD,4
IG2 6PE,6
IG2 6PF,6
IG2 6PG,6
IG2 6PH,6
IG2 6PJ,6
IG2 6PL,6
IG2 6PN,6
IG2 6PP,6
IG2 6PQ,6
IG2 6PR,6
IG2 6PS,4
IG2 6PT,4
IG2 6PU,4
IG2 6PW,6
IG2 6PX,6
IG2 6PY,6
IG2 6PZ,6
IG2 6QA,6
IG2 6QB,6
IG2 6QD,6
IG2 6QE,2
IG2 6QF,6
IG2 6QG,4
IG2 6QH,6
IG2 6QJ,6
IG2 6QL,6
IG2 6QN,6
IG2 6QP,7
IG2 6QQ,6
IG2 6QR,4
IG2 6QS,4
IG2 6QT,7
IG2 6QU,6
IG2 6QW,6
IG2 6QX,6
IG2 6QY,6
IG2 6QZ,6
IG2 6RD,6
IG2 6RE,6
IG2 6RF,6
IG2 6RG,6
IG2 6RH,4
IG2 6RJ,6
IG2 6RR,5
IG2 6RS,6
IG2 6RU,5
IG2 6RY,2
IG2 6RZ,5
IG2 6SA,7
IG2 6SB,6
IG2 6SD,6
IG2 6SE,6
IG2 6SF,6
IG2 6SG,6
IG2 6SH,6
IG2 6SJ,6
IG2 6SL,6
IG2 6SN,6
IG2 6SP,2
IG2 6SQ,6
IG2 6SR,6
IG2 6SS,6
IG2 6ST,6
IG2 6SU,6
IG2 6SW,2
IG2 6SX,6
IG2 6SY,6
IG2 6SZ,6
IG2 6TA,6
IG2 6TB,6
IG2 6TD,6
IG2 6TE,6
IG2 6TF,6
IG2 6TG,6
IG2 6TH,6
IG2 6TJ,6
IG2 6TL,6
IG2 6TN,6
IG2 6TP,6
IG2 6TQ,6
IG2 6TR,7
IG2 6TS,8
IG2 6TT,8
IG2 6TU,8
IG2 6TW,6
IG2 6TX,6
IG2 6TY,6
IG2 6UB,2
IG2 6UD,6
IG2 6UE,6
IG2 6UF,6
IG2 6UH,6
IG2 6UJ,6
IG2 6UL,6
IG2 6UN,6
IG2 6UP,6
IG2 6UR,7
IG2 6UT,7
IG2 6UU,6
IG2 6UW,6
IG2 6UX,7
IG2 6UY,7
IG2 6UZ,6
IG2 6WA,2
IG2 6WB,2
IG2 6WD,7
IG2 6WE,2
IG2 6WF,2
IG2 6WG,7
IG2 6WH,2
IG2 6WJ,7
IG2 6WL,7
IG2 6WN,2
IG2 6WP,2
IG2 6WQ,2
IG2 6WR,2
IG2 6WS,7
IG2 6WT,7
IG2 6WU,2
IG2 6WX,2
IG2 6WY,2
IG2 6WZ,2
IG2 6XA,7
IG2 6XB,7
IG2 6XD,7
IG2 6XE,7
IG2 6XF,7
IG2 6XG,6
IG2 6XH,6
IG2 6XJ,6
IG2 6XL,6
IG2 6XN,2
IG2 6XP,6
IG2 6XQ,6
IG2 6XR,8
IG2 6XS,8
IG2 6XT,7
IG2 6XU,8
IG2 6XW,2
IG2 6XX,8
IG2 6XY,8
IG2 6XZ,9
IG2 6YA,8
IG2 6YB,8
IG2 6YD,8
IG2 6YE,9
IG2 6YF,8
IG2 6YG,8
IG2 6YH,8
IG2 6YQ,8
IG2 6YR,2
IG2 6YS,2
IG2 6YT,2
IG2 6YU,8
IG2 6YX,6
IG2 6YZ,2
IG2 6ZQ,2
IG2 7AA,5
IG2 7AB,5
IG2 7AD,5
IG2 7AE,2
IG2 7AF,2
IG2 7AG,4
IG2 7AH,4
IG2 7AJ,4
IG2 7AL,4
IG2 7AN,4
IG2 7AP,5
IG2 7AQ,4
IG2 7AR,4
IG2 7AS,4
IG2 7AT,4
IG2 7AU,4
IG2 7AW,5
IG2 7AX,5
IG2 7AY,6
IG2 7AZ,6
IG2 7BA,6
IG2 7BB,6
IG2 7BD,6
IG2 7BE,5
IG2 7BG,5
IG2 7BH,6
IG2 7BJ,6
IG2 7BL,5
IG2 7BN,6
IG2 7BP,5
IG2 7BQ,6
IG2 7BS,5
IG2 7BT,5
IG2 7BU,5
IG2 7BW,6
IG2 7BX,6
IG2 7BY,5
IG2 7BZ,6
IG2 7DA,6
IG2 7DB,6
IG2 7DD,6
IG2 7DE,6
IG2 7DF,6
IG2 7DG,6
IG2 7DH,6
IG2 7DJ,6
IG2 7DL,6
IG2 7DN,6
IG2 7DP,6
IG2 7DQ,6
IG2 7DR,6
IG2 7DS,6
IG2 7DT,6
IG2 7DU,6
IG2 7DW,6
IG2 7DX,6
IG2 7DY,6
IG2 7DZ,5
IG2 7EA,5
IG2 7EB,6
IG2 7ED,6
IG2 7EE,5
IG2 7EF,5
IG2 7EG,6
IG2 7EH,6
IG2 7EJ,6
IG2 7EL,6
IG2 7EN,6
IG2 7EP,6
IG2 7EQ,6
IG2 7ER,6
IG2 7ES,5
IG2 7ET,6
IG2 7EU,6
IG2 7EW,6
IG2 7EX,6
IG2 7EY,6
IG2 7EZ,6
IG2 7FA,5
IG2 7FB,6
IG2 7FD,5
IG2 7FE,4
IG2 7FQ,2
IG2 7FW,6
IG2 7FX,6
IG2 7FZ,2
IG2 7GD,2
IG2 7GE,6
IG2 7GF,2
IG2 7GG,6
IG2 7GH,6
IG2 7GJ,6
IG2 7GL,2
IG2 7GN,2
IG2 7GP,6
IG2 7GQ,6
IG2 7GR,2
IG2 7GS,2
IG2 7GT,6
IG2 7GU,6
IG2 7GW,6
IG2 7GX,6
IG2 7GY,6
IG2 7GZ,6
IG2 7HA,5
IG2 7HB,5
IG2 7HD,5
IG2 7HE,5
IG2 7HF,5
IG2 7HG,5
IG2 7HH,5
IG2 7HJ,5
IG2 7HL,5
IG2 7HN,5
IG2 7HP,6
IG2 7HQ,5
IG2 7HR,4
IG2 7HS,4
IG2 7HT,4
IG2 7HU,6
IG2 7HW,2
IG2 7HX,6
IG2 7HY,6
IG2 7HZ,5
IG2 7JA,5
IG2 7JB,5
IG2 7JD,5
IG2 7JE,6
IG2 7JF,6
IG2 7JG,6
IG2 7JH,5
IG2 7JJ,5
IG2 7JL,5
IG2 7JN,5
IG2 7JP,5
IG2 7JQ,5
IG2 7JR,6
IG2 7JS,6
IG2 7JT,6
IG2 7JW,5
IG2 7JX,2
IG2 7JY,4
IG2 7JZ,4
IG2 7LA,2
IG2 7LB,4
IG2 7LD,4
IG2 7LE,4
IG2 7LF,4
IG2 7LG,2
IG2 7LH,4
IG2 7LJ,4
IG2 7LL,2
IG2 7LN,2
IG2 7LP,4
IG2 7LQ,4
IG2 7LR,4
IG2 7LS,4
IG2 7LT,4
IG2 7LU,4
IG2 7LW,7
IG2 7LX,5
IG2 7LY,5
IG2 7LZ,4
IG2 7NA,4
IG2 7NB,4
IG2 7ND,7
IG2 7NE,7
IG2 7NF,4
IG2 7NG,5
IG2 7NH,4
IG2 7NJ,3
IG2 7NL,5
IG2 7NN,3
IG2 7NP,5
IG2 7NQ,5
IG2 7NR,7
IG2 7NS,7
IG2 7NT,7
IG2 7NU,2
IG2 7NW,5
IG2 7NX,4
IG2 7NY,4
IG2 7NZ,4
IG2 7PA,2
IG2 7PB,6
IG2 7PD,3
IG2 7PE,2
IG2 7PG,2
IG2 7PJ,6
IG2 7PL,5
IG2 7PN,5
IG2 7PP,3
IG2 7PQ,5
IG2 7PR,3
IG2 7PS,3
IG2 7PT,5
IG2 7PU,5
IG2 7PW,5
IG2 7PX,5
IG2 7PY,5
IG2 7PZ,5
IG2 7QA,3
IG2 7QB,5
IG2 7QD,5
IG2 7QE,6
IG2 7QF,6
IG2 7QG,6
IG2 7QH,6
IG2 7QJ,5
IG2 7QL,5
IG2 7QN,5
IG2 7QP,6
IG2 7QQ,6
IG2 7QR,6
IG2 7QT,5
IG2 7QW,6
IG2 7QX,5
IG2 7QY,5
IG2 7QZ,6
IG2 7RA,6
IG2 7RB,6
IG2 7RD,6
IG2 7RE,6
IG2 7RF,6
IG2 7RG,6
IG2 7RH,4
IG2 7RJ,4
IG2 7RL,4
IG2 7RN,6
IG2 7RP,5
IG2 7RQ,6
IG2 7RR,6
IG2 7RS,6
IG2 7RT,6
IG2 7RU,6
IG2 7RW,6
IG2 7RX,6
IG2 7RY,6
IG2 7RZ,6
IG2 7SA,5
IG2 7SB,5
IG2 7SD,5
IG2 7SE,5
IG2 7SF,5
IG2 7SG,5
IG2 7SH,3
IG2 7SJ,4
IG2 7SL,2
IG2 7SN,5
IG2 7SQ,5
IG2 7SR,6
IG2 7SS,6
IG2 7ST,6
IG2 7SU,6
IG2 7SW,6
IG2 7SX,6
IG2 7SY,6
IG2 7SZ,5
IG2 7TA,6
IG2 7TD,5
IG2 7TE,5
IG2 7TF,5
IG2 7TG,5
IG2 7TH,5
IG2 7TJ,5
IG2 7TL,5
IG2 7TN,5
IG2 7TP,5
IG2 7TQ,5
IG2 7TR,5
IG2 7TS,6
IG2 7TT,2
IG2 7TW,5
IG2 7WA,2
IG2 7WB,2
IG2 7WD,2
IG2 7WE,2
IG2 7WF,2
IG2 7WG,2
IG2 7WH,2
IG2 7WJ,2
IG2 7WL,2
IG2 7WN,2
IG2 7WP,2
IG2 7WQ,2
IG2 7WR,2
IG2 7WS,2
IG2 7WT,2
IG2 7WU,2
IG2 7WW,2
IG2 7WX,2
IG2 7WY,2
IG2 7WZ,2
IG2 7XY,2
IG2 7XZ,2
IG2 7YB,2
IG2 7YF,2
IG2 7YQ,2
IG2 7YT,2
IG2 7YZ,2
IG2 7ZQ,6
IG2 7ZS,6
IG3 8AA,4
IG3 8AB,4
IG3 8AD,4
IG3 8AE,4
IG3 8AF,4
IG3 8AG,4
IG3 8AH,4
IG3 8AJ,4
IG3 8AL,4
IG3 8AN,4
IG3 8AP,4
IG3 8AQ,4
IG3 8AR,4
IG3 8AS,4
IG3 8AT,4
IG3 8AU,4
IG3 8AW,4
IG3 8AX,4
IG3 8AY,4
IG3 8AZ,4
IG3 8BA,4
IG3 8BB,4
IG3 8BD,4
IG3 8BE,4
IG3 8BG,4
IG3 8BH,2
IG3 8BJ,2
IG3 8BL,4
IG3 8BN,2
IG3 8BP,4
IG3 8BQ,4
IG3 8BS,4
IG3 8BT,4
IG3 8BU,4
IG3 8BW,4
IG3 8BX,4
IG3 8BY,4
IG3 8BZ,2
IG3 8DA,4
IG3 8DB,2
IG3 8DD,4
IG3 8DE,4
IG3 8DF,4
IG3 8DG,4
IG3 8DH,4
IG3 8DJ,4
IG3 8DL,4
IG3 8DN,4
IG3 8DP,4
IG3 8DQ,4
IG3 8DR,4
IG3 8DS,4
IG3 8DT,4
IG3 8DU,4
IG3 8DW,4
IG3 8DX,2
IG3 8DY,4
IG3 8DZ,2
IG3 8EA,4
IG3 8EB,4
IG3 8ED,4
IG3 8EE,4
IG3 8EF,4
IG3 8EG,4
IG3 8EH,2
IG3 8EJ,4
IG3 8EL,2
IG3 8EN,2
IG3 8EP,4
IG3 8EQ,4
IG3 8ER,4
IG3 8ES,2
IG3 8ET,4
IG3 8EU,4
IG3 8EW,4
IG3 8EX,4
IG3 8EY,4
IG3 8EZ,6
IG3 8FB,2
IG3 8FD,4
IG3 8FE,4
IG3 8FF,4
IG3 8FG,4
IG3 8FH,2
IG3 8FP,2
IG3 8FT,6
IG3 8FW,2
IG3 8FX,4
IG5 0JW,8
IG5 0JX,5
IG5 0JY,8
IG5 0JZ,2
IG5 0LA,2
IG5 0LB,8
IG5 0LD,8
IG5 0LE,8
IG5 0LF,8
IG5 0LG,8
IG5 0LH,8
IG5 0LJ,5
IG5 0LL,5
IG5 0LN,2
IG5 0LP,8
IG5 0LQ,8
IG5 0LR,2
IG5 0LS,2
IG5 0LT,8
IG5 0LU,8
IG5 0LW,8
IG5 0LX,8
IG5 0LY,8
IG5 0LZ,8
IG5 0NA,8
IG5 0NB,8
IG5 0ND,8
IG5 0NF,6
IG5 0NG,2
IG5 0NH,3
IG5 0NJ,3
IG5 0NL,6
IG5 0NN,6
IG5 0NP,6
IG5 0NQ,6
IG5 0NR,2
IG5 0NS,8
IG5 0NT,8
IG5 0NU,8
IG5 0NW,6
IG5 0NX,2
IG5 0NY,6
IG5 0NZ,6
IG5 0PA,6
IG5 0PB,6
IG5 0PD,8
IG5 0PE,8
IG5 0PF,6
IG5 0PG,6
IG5 0PH,6
IG5 0PJ,6
IG5 0PL,6
IG5 0PN,8
IG5 0PP,8
IG5 0PQ,6
IG5 0PR,8
IG5 0PS,8
IG5 0PT,8
IG5 0PU,8
IG5 0PW,8
IG5 0PX,8
IG5 0PY,6
IG5 0PZ,6
IG5 0QA,7
IG5 0QB,7
IG5 0QD,5
IG5 0QE,5
IG5 0QF,7
IG5 0QG,7
IG5 0QH,3
IG5 0QJ,3
IG5 0QL,3
IG5 0QN,7
IG5 0QP,3
IG5 0QQ,7
IG5 0QR,3
IG5 0QS,7
IG5 0QT,7
IG5 0QU,7
IG5 0QW,6
IG5 0QX,3
IG5 0QY,2
IG5 0QZ,3
IG5 0RA,5
IG5 0RB,5
IG5 0RD,5
IG5 0RE,7
IG5 0RF,7
IG5 0RG,3
IG5 0RH,3
IG5 0RJ,8
IG5 0RL,3
IG5 0RN,3
IG5 0RP,3
IG5 0RQ,3
IG5 0RR,3
IG5 0RS,3
IG5 0RT,2
IG5 0RU,3
IG5 0RW,6
IG5 0RX,3
IG5 0RY,3
IG5 0RZ,3
IG5 0SA,5
IG5 0SB,5
IG5 0SD,3
IG5 0SE,2
IG5 0SF,2
IG5 0SG,2
IG5 0SH,6
IG5 0SJ,6
IG5 0SL,6
IG5 0SN,8
IG5 0SP,6
IG5 0SQ,6
IG5 0SR,2
IG5 0SS,2
IG5 0ST,2
IG5 0SU,2
IG5 0SW,2
IG5 0SX,2
IG5 0SY,2
IG5 0SZ,2
IG5 0TA,6
IG5 0TB,2
IG5 0TD,2
IG5 0TE,7
IG5 0TF,7
IG5 0TG,7
IG5 0TH,7
IG5 0TJ,7
IG5 0TL,7
IG5 0TN,7
IG5 0TP,6
IG5 0TQ,6
IG5 0TR,2
IG5 0TS,2
IG5 0TW,7
IG5 0TZ,6
IG5 0UA,6
IG5 0UB,6
IG5 0UD,6
IG5 0UE,6
IG5 0UG,7
IG5 0UH,5
IG5 0UJ,5
IG5 0UL,5
IG5 0UN,7
IG5 0UP,7
IG5 0UQ,5
IG5 0UR,6
IG5 0US,2
IG5 0UW,7
IG5 0WA,2
IG5 0WB,7
IG5 0WD,2
IG5 0WE,2
IG5 0WF,2
IG5 0WG,2
IG5 0WH,2
IG5 0WJ,2
IG5 0WL,2
IG5 0WN,2
IG5 0WP,2
IG5 0WS,2
IG5 0WT,7
IG5 0WU,7
IG5 0WY,2
IG5 0WZ,2
IG5 0XA,5
IG5 0XB,5
IG5 0XD,5
IG5 0XE,3
IG5 0XF,3
IG5 0XG,3
IG5 0XH,5
IG5 0XJ,5
IG5 0XL,5
IG5 0XN,5
IG5 0XP,5
IG5 0XQ,5
IG5 0XR,5
IG5 0XS,5
IG5 0XT,2
IG5 0XU,2
IG5 0XW,5
IG5 0XX,5
IG5 0XZ,2
IG5 0YA,2
IG5 0YB,2
IG5 0YE,2
IG5 0YF,2
IG5 0YP,2
IG5 0YQ,2
IG5 0YT,2
IG5 0YW,2
IG5 0YX,2
IG5 0YY,2
IG5 0YZ,2
IG5 0ZQ,2
IG5 0ZR,2
IG6 1AA,7
IG6 1AB,7
IG6 1AD,5
IG6 1AE,5
IG6 1AF,5
IG6 1AG,5
IG6 1AH,7
IG6 1AJ,7
IG6 1AL,7
IG6 1AN,4
IG6 1AP,7
IG6 1AQ,7
IG6 1AR,5
IG6 1AS,5
IG6 1AT,5
IG6 1AU,5
IG6 1AW,4
IG6 1AX,5
IG6 1AY,5
IG6 1AZ,5
IG6 1BA,5
IG6 1BB,5
IG6 1BD,4
IG6 1BE,4
IG6 1BF,2
IG6 1BG,7
IG6 1BH,7
IG6 1BJ,7
IG6 1BL,3
IG6 1BN,5
IG6 1BP,7
IG6 1BQ,7
IG6 1BS,3
IG6 1BT,3
IG6 1BU,3
IG6 1BW,3
IG6 1BX,2
IG6 1BY,5
IG6 1BZ,5
IG6 1DA,3
IG6 1DB,3
IG6 1DD,3
IG6 1DE,7
IG6 1DF,7
IG6 1DG,4
IG6 1DH,2
IG6 1DJ,2
IG6 1DL,5
IG6 1DN,2
IG6 1DP,7
IG6 1DQ,4
IG6 1DR,7
IG6 1DS,7
IG6 1DT,2
IG6 1DU,5
IG6 1DX,5
IG6 1DY,5
IG6 1DZ,5
IG6 1EA,5
IG6 1EB,5
IG6 1ED,7
IG6 1EE,7
IG6 1EF,5
IG6 1EG,5
IG6 1EH,5
IG6 1EJ,5
IG6 1EL,3
IG6 1EN,7
IG6 1EP,5
IG6 1EQ,5
IG6 1ER,5
IG6 1ES,5
IG6 1ET,5
IG6 1EU,5
IG6 1EW,5
IG6 1EX,5
IG6 1EY,3
IG6 1EZ,3
IG6 1FA,3
IG6 1FB,3
IG6 1FD,3
IG6 1FE,3
IG6 1FH,3
IG6 1FJ,3
IG6 1FQ,3
IG6 1FU,5
IG6 1FY,5
IG6 1FZ,2
IG6 1GD,5
IG6 1GE,3
IG6 1GF,3
IG6 1GG,2
IG6 1GH,2
IG6 1GJ,2
IG6 1GL,5
IG6 1GN,2
IG6 1GP,5
IG6 1GX,2
IG6 1GZ,2
IG6 1HA,5
IG6 1HB,3
IG6 1HD,3
IG6 1HE,3
IG6 1HF,3
IG6 1HG,3
IG6 1HH,3
IG6 1HJ,6
IG6 1HL,6
IG6 1HN,5
IG6 1HP,5
IG6 1HQ,6
IG6 1HR,5
IG6 1HS,5
IG6 1HT,5
IG6 1HU,5
IG6 1HW,5
IG6 1HX,5
IG6 1HY,5
IG6 1HZ,5
IG6 1JA,5
IG6 1JB,5
IG6 1JD,9
IG6 1JE,9
IG6 1JF,9
IG6 1JG,9
IG6 1JH,5
IG6 1JJ,5
IG6 1JL,5
IG6 1JN,5
IG6 1JP,9
IG6 1JQ,9
IG6 1JR,5
IG6 1JS,5
IG6 1JT,2
IG6 1JU,8
IG6 1JW,5
IG6 1JX,9
IG6 1JY,9
IG6 1JZ,8
IG6 1LA,8
IG6 1LB,9
IG6 1LD,9
IG6 1LE,9
IG6 1LF,9
IG6 1LG,9
IG6 1LH,9
IG6 1LJ,9
IG6 1LL,9
IG6 1LN,9
IG6 1LP,5
IG6 1LQ,9
IG6 1LR,9
IG6 1LS,2
IG6 1LT,5
IG6 1LU,5
IG6 1LW,8
IG6 1LX,5
IG6 1LZ,5
IG6 1NA,3
IG6 1NB,3
IG6 1ND,3
IG6 1NE,3
IG6 1NF,3
IG6 1NG,3
IG6 1NH,3
IG6 1NJ,3
IG6 1NL,3
IG6 1NN,3
IG6 1NQ,3
IG6 1NT,5
IG6 1NU,5
IG6 1NW,5
IG6 1NX,5
IG6 1NY,5
IG6 1NZ,5
IG6 1PA,5
IG6 1PB,5
IG6 1PD,5
IG6 1PE,5
IG6 1PF,5
IG6 1PG,5
IG6 1PH,5
IG6 1PJ,5
IG6 1PL,5
IG6 1PN,5
IG6 1PP,5
IG6 1PQ,5
IG6 1PR,5
IG6 1PS,5
IG6 1PT,5
IG6 1PU,5
IG6 1PW,5
IG6 1PX,5
IG6 1PY,5
IG6 1PZ,5
IG6 1QB,6
IG6 1QD,2
IG6 1QE,5
IG6 1QF,5
IG6 1QG,5
IG6 1QH,5
IG6 1QJ,5
IG6 1QL,5
IG6 1QN,5
IG6 1QP,5
IG6 1QQ,2
IG6 1QR,5
IG6 1QS,6
IG6 1QT,5
IG6 1QW,5
IG6 1QY,5
IG6 1RA,5
IG6 1RB,5
IG6 1RD,5
IG6 1RE,5
IG6 1RF,5
IG6 1RG,5
IG6 1RH,5
IG6 1RJ,5
IG6 1RL,5
IG6 1RN,5
IG6 1RP,5
IG6 1RQ,5
IG6 1RR,5
IG6 1WA,2
IG6 1WB,2
IG6 1WD,2
IG6 1WE,2
IG6 1WF,2
IG6 1WG,2
IG6 1WH,2
IG6 1WJ,2
IG6 1WP,2
IG6 1WR,2
IG6 1WY,2
IG6 1XA,2
IG6 1XH,2
IG6 1XT,2
IG6 1YA,2
IG6 1YE,2
IG6 1YQ,2
IG6 1YR,2
IG6 1YZ,2
IG6 2AA,6
IG6 2AB,2
IG6 2AD,6
IG6 2AE,6
IG6 2AF,6
IG6 2AG,5
IG6 2AH,6
IG6 2AJ,6
IG6 2AL,2
IG6 2AN,6
IG6 2AP,5
IG6 2AQ,6
IG6 2AR,6
IG6 2AS,5
IG6 2AT,5
IG6 2AU,5
IG6 2AW,6
IG6 2AX,6
IG6 2AY,6
IG6 2AZ,6
IG6 2BA,6
IG6 2BB,6
IG6 2BD,6
IG6 2BE,6
IG6 2BF,2
IG6 2BG,6
IG6 2BH,6
IG6 2BJ,6
IG6 2BL,6
IG6 2BN,2
IG6 2BP,6
IG6 2BQ,6
IG6 2BS,2
IG6 2BT,6
IG6 2BU,2
IG6 2BW,2
IG6 2BX,6
IG6 2BY,2
IG6 2DA,5
IG6 2DB,5
IG6 2DD,5
IG6 2DE,5
IG6 2DF,5
IG6 2DG,5
IG6 2DH,5
IG6 2DJ,5
IG6 2DL,6
IG6 2DN,5
IG6 2DP,5
IG6 2DQ,5
IG6 2DR,5
IG6 2DS,5
IG6 2DT,2
IG6 2DU,5
IG6 2DW,5
IG6 2DX,6
IG6 2DY,5
IG6 2DZ,5
IG6 2EA,5
IG6 2EB,6
IG6 2ED,6
IG6 2EE,6
IG6 2EF,6
IG6 2EG,6
IG6 2EH,5
IG6 2EJ,5
IG6 2EL,6
IG6 2EN,6
IG6 2EP,6
IG6 2EQ,5
IG6 2ER,6
IG6 2ES,6
IG6 2ET,2
IG6 2EU,2
IG6 2EW,6
IG6 2EX,2
IG6 2EY,6
IG6 2EZ,6
IG6 2FA,4
IG6 2FB,6
IG6 2FD,4
IG6 2FE,4
IG6 2FF,2
IG6 2FG,6
IG6 2FH,4
IG6 2FJ,4
IG6 2FL,4
IG6 2FN,4
IG6 2FP,4
IG6 2FQ,5
IG6 2GD,5
IG6 2GE,5
IG6 2GG,5
IG6 2GH,5
IG6 2GL,5
IG6 2GN,5
IG6 2GP,5
IG6 2GQ,5
IG6 2GW,6
IG6 2GX,6
IG6 2GY,6
IG6 2GZ,2
IG6 2HA,6
IG6 2HB,6
IG6 2HD,6
IG6 2HE,6
IG6 2HF,6
IG6 2HG,5
IG6 2HH,6
IG6 2HJ,6
IG6 2HL,5
IG6 2HN,6
IG6 2HP,5
IG6 2HQ,6
IG6 2HR,5
IG6 2HS,6
IG6 2HT,6
IG6 2HU,6
IG6 2HW,6
IG6 2HX,6
IG6 2HY,5
IG6 2HZ,5
IG6 2JA,6
IG6 2JB,6
IG6 2JD,6
IG6 2JE,6
IG6 2JF,6
IG6 2JG,6
IG6 2JH,6
IG6 2JJ,6
IG6 2JL,5
IG6 2JN,6
IG6 2JP,5
IG6 2JQ,6
IG6 2JR,5
IG6 2JS,5
IG6 2JT,5
IG6 2JU,5
IG6 2JW,5
IG6 2JX,5
IG6 2JY,5
IG6 2JZ,5
IG6 2LA,4
IG6 2LB,4
IG6 2LD,4
IG6 2LE,6
IG6 2LF,6
IG6 2LG,6
IG6 2LH,6
IG6 2LJ,6
IG6 2LL,5
IG6 2LN,5
IG6 2LP,5
IG6 2LQ,6
IG6 2LR,6
IG6 2LS,6
IG6 2LT,6
IG6 2LU,6
IG6 2LW,5
IG6 2LX,6
IG6 2LY,5
IG6 2LZ,5
IG6 2NA,5
IG6 2NB,4
IG6 2ND,4
IG6 2NE,5
IG6 2NF,4
IG6 2NG,4
IG6 2NH,4
IG6 2NJ,4
IG6 2NL,4
IG6 2NN,4
IG6 2NP,4
IG6 2NQ,6
IG6 2NR,4
IG6 2NS,4
IG6 2NT,4
IG6 2NU,4
IG6 2NW,4
IG6 2NX,2
IG6 2NY,2
IG6 2NZ,2
IG6 2PA,6
IG6 2PB,6
IG6 2PD,6
IG6 2PE,6
IG6 2PF,6
IG6 2PG,2
IG6 2PH,5
IG6 2PJ,6
IG6 2PL,6
IG6 2PQ,2
IG6 2PR,2
IG6 2PW,2
IG6 2PZ,6
IG6 2QB,6
IG6 2QD,5
IG6 2QE,5
IG6 2QF,5
IG6 2QG,5
IG6 2QH,5
IG6 2QJ,5
IG6 2QL,6
IG6 2QN,5
IG6 2QP,5
IG6 2QQ,5
IG6 2QR,5
IG6 2QS,5
IG6 2QT,5
IG6 2QU,5
IG6 2QW,5
IG6 2QX,6
IG6 2QY,6
IG6 2QZ,6
IG6 2RA,6
IG6 2RB,6
IG6 2RH,5
IG6 2RJ,5
IG6 2RL,5
IG6 2RN,5
IG6 2RP,5
IG6 2RQ,5
IG6 2RR,5
IG6 2RS,5
IG6 2RT,5
IG6 2RU,5
IG6 2RW,5
IG6 2RX,5
IG6 2RY,5
IG6 2RZ,5
IG6 2SA,5
IG6 2SB,5
IG6 2SD,5
IG6 2SE,6
IG6 2SF,2
IG6 2SG,5
IG6 2SH,5
IG6 2SJ,5
IG6 2SL,5
IG6 2SN,5
IG6 2SP,4
IG6 2SQ,5
IG6 2SR,4
IG6 2SS,5
IG6 2ST,4
IG6 2SU,4
IG6 2SW,5
IG6 2SX,4
IG6 2SY,4
IG6 2SZ,4
IG6 2TA,4
IG6 2TB,4
IG6 2TD,4
IG6 2TE,4
IG6 2TF,5
IG6 2TG,4
IG6 2TH,6
IG6 2TJ,6
IG6 2TL,5
IG6 2TN,6
IG6 2TP,6
IG6 2TQ,4
IG6 2TR,6
IG6 2TS,6
IG6 2TT,4
IG6 2TU,6
IG6 2TW,6
IG6 2TX,2
IG6 2UA,4
IG6 2UD,4
IG6 2UE,4
IG6 2UF,4
IG6 2UG,4
IG6 2UH,4
IG6 2UJ,4
IG6 2UL,6
IG6 2UP,4
IG6 2UQ,4
IG6 2UR,4
IG6 2UT,4
IG6 2UU,4
IG6 2UX,4
IG6 2UY,4
IG6 2WA,2
IG6 2WB,2
IG6 2WD,4
IG6 2WE,4
IG6 2WF,4
IG6 2WG,2
IG6 2WH,2
IG6 2WL,4
IG6 2WN,2
IG6 2WP,2
IG6 2WT,2
IG6 2WZ,4
IG6 2XA,2
IG6 2XG,4
IG6 2XH,4
IG6 2XJ,4
IG6 2XL,4
IG6 2XN,4
IG6 2XP,4
IG6 2XQ,4
IG6 2XT,2
IG6 2XW,4
IG6 2YA,4
IG6 2YB,4
IG6 2YE,2
IG6 2YF,2
IG6 2YP,4
IG6 2YQ,4
IG6 2YT,2
IG6 2YX,2
IG6 2YY,6
IG6 2YZ,4
IG6 2ZE,4
IG6 3AA,4
IG6 3AB,4
IG6 3AD,4
IG6 3AE,4
IG6 3AF,4
IG6 3AG,4
IG6 3AH,4
IG6 3AJ,4
IG6 3AL,4
IG6 3AN,4
IG6 3AP,4
IG6 3AQ,4
IG6 3AR,4
IG6 3AS,4
IG6 3AT,4
IG6 3AU,4
IG6 3AW,4
IG6 3AX,4
IG6 3AY,3
IG6 3AZ,4
IG6 3BA,3
IG6 3BB,4
IG6 3BD,6
IG6 3BE,6
IG6 3BG,6
IG6 3BH,6
IG6 3BJ,6
IG6 3BL,6
IG6 3BN,6
IG6 3BP,6
IG6 3BQ,6
IG6 3BS,6
IG6 3BT,6
IG6 3BU,6
IG6 3BW,6
IG6 3BX,3
IG6 3BY,2
IG6 3BZ,6
IG6 3DA,6
IG6 3DB,6
IG6 3DD,6
IG6 3DE,6
IG6 3DF,6
IG6 3DG,6
IG6 3DH,6
IG6 3DJ,3
IG6 3DL,3
IG6 3DN,6
IG6 3DP,3
IG6 3DQ,6
IG6 3DR,3
IG6 3DS,4
IG6 3DT,3
IG6 3DU,3
IG6 3DW,6
IG6 3DX,4
IG6 3DY,6
IG6 3DZ,3
IG6 3EA,3
IG6 3EB,3
IG6 3ED,3
IG6 3EE,3
IG6 3EF,3
IG6 3EG,3
IG6 3EH,3
IG6 3EJ,3
IG6 3EL,3
IG6 3EN,3
IG6 3EP,3
IG6 3EQ,3
IG6 3ER,3
IG6 3ES,6
IG6 3ET,3
IG6 3EU,3
IG6 3EW,3
IG6 3EX,3
IG6 3EY,3
IG6 3EZ,3
IG6 3FB,4
IG6 3FD,4
IG6 3FE,4
IG6 3FG,4
IG6 3FH,4
IG6 3FZ,2
IG6 3GD,2
IG6 3GE,3
IG6 3GF,2
IG6 3GG,2
IG6 3GH,3
IG6 3GJ,3
IG6 3GL,3
IG6 3GN,3
IG6 3GT,3
IG6 3GU,2
IG6 3GW,2
IG6 3GX,2
IG6 3GY,2
IG6 3GZ,3
IG6 3HA,5
IG6 3HB,5
IG6 3HD,5
IG6 3HE,3
IG6 3HF,2
IG6 3HG,2
IG6 3HH,6
IG6 3HJ,6
IG6 3HL,6
IG6 3HN,5
IG6 3HP,5
IG6 3HQ,6
IG6 3HR,2
IG6 3HS,3
IG6 3HT,2
IG6 3HU,6
IG6 3HW,3
IG6 3HX,6
IG6 3HY,6
IG6 3HZ,6
IG6 3JA,5
IG6 3JB,3
IG6 3JD,2
IG6 3JE,3
IG6 3JF,3
IG6 3JH,2
IG6 3JJ,3
IG6 3JL,2
IG6 3JN,2
IG6 3JP,2
IG6 3JQ,5
IG6 3JR,2
IG6 3JW,2
IG6 3JZ,3
IG6 3LA,3
IG6 3SL,2
IG6 3SN,3
IG6 3SP,2
IG6 3SR,2
IG6 3SS,2
IG6 3ST,2
IG6 3SU,2
IG6 3SW,3
IG6 3SX,2
IG6 3SY,2
IG6 3SZ,2
IG6 3TA,4
IG6 3TB,4
IG6 3TD,4
IG6 3TE,4
IG6 3TF,3
IG6 3TG,3
IG6 3TH,2
IG6 3TJ,2
IG6 3TL,2
IG6 3TN,4
IG6 3TQ,4
IG6 3TT,2
IG6 3TU,2
IG6 3TW,4
IG6 3TX,2
IG6 3TY,2
IG6 3TZ,2
IG6 3UA,2
IG6 3UB,2
IG6 3UD,2
IG6 3UE,2
IG6 3UF,2
IG6 3UG,2
IG6 3UH,2
IG6 3UJ,2
IG6 3UL,2
IG6 3UN,2
IG6 3UP,2
IG6 3UQ,2
IG6 3UR,2
IG6 3UT,2
IG6 3UU,2
IG6 3UW,2
IG6 3UX,2
IG6 3UY,2
IG6 3UZ,2
IG6 3WA,2
IG6 3WN,2
IG6 3WQ,2
IG6 3WR,2
IG6 3WZ,2
IG6 3XA,2
IG6 3XB,2
IG6 3XD,2
IG6 3XE,2
IG6 3XF,2
IG6 3XG,2
IG6 3XH,2
IG6 3XJ,2
IG6 3XL,2
IG6 3XN,2
IG6 3XP,2
IG6 3XQ,2
IG6 3XR,2
IG6 3XS,2
IG6 3XT,2
IG6 3XU,2
IG6 3XW,2
IG6 3XX,2
IG6 3XZ,2
IG6 3YF,2
IG6 3YX,2
IG6 3YZ,2
IG7 4AA,3
IG7 4AB,3
IG7 4AD,3
IG7 4AE,3
IG7 4AF,3
IG7 4AG,3
IG7 4AH,4
IG7 4AJ,4
IG7 4AL,4
IG7 4AN,4
IG7 4AP,4
IG7 4AQ,3
IG7 4AR,4
IG7 4AS,4
IG7 4AT,4
IG7 4AU,4
IG7 4AW,4
IG7 4AX,4
IG7 4AY,4
IG7 4AZ,2
IG7 4BA,4
IG7 4BB,6
IG7 4BD,3
IG7 4BE,3
IG7 4BF,3
IG7 4BG,6
IG7 4BH,6
IG7 4BJ,7
IG7 4BL,3
IG7 4BN,3
IG7 4BP,3
IG7 4BQ,3
IG7 4BS,3
IG7 4BT,3
IG7 4BU,3
IG7 4BW,3
IG7 4BX,3
IG7 4BY,3
IG7 4BZ,3
IG7 4DA,4
IG7 4DB,3
IG7 4DD,3
IG7 4DE,3
IG7 4DF,3
IG7 4DG,3
IG7 4DH,3
IG7 4DJ,3
IG7 4DL,3
IG7 4DN,3
IG7 4DP,3
IG7 4DQ,3
IG7 4DR,3
IG7 4DS,3
IG7 4DT,3
IG7 4DU,3
IG7 4DW,3
IG7 4DX,3
IG7 4DY,3
IG7 4DZ,3
IG7 4EA,3
IG7 4EB,3
IG7 4ED,3
IG7 4EE,3
IG7 4EF,3
IG7 4EG,3
IG7 4EH,5
IG7 4EJ,3
IG7 4EL,3
IG7 4EN,3
IG7 4EP,5
IG7 4EQ,3
IG7 4ER,5
IG7 4ES,5
IG7 4ET,5
IG7 4EU,5
IG7 4EW,3
IG7 4EX,5
IG7 4EY,3
IG7 4EZ,3
IG7 4FA,4
IG7 4FB,7
IG7 4FD,2
IG7 4FE,2
IG7 4FF,2
IG7 4FG,2
IG7 4FH,2
IG7 4FJ,2
IG7 4FL,2
IG7 4FN,2
IG7 4FP,2
IG7 4FQ,2
IG7 4FR,2
IG7 4FS,3
IG7 4FT,2
IG7 4FU,2
IG7 4FW,2
IG7 4FX,2
IG7 4FY,2
IG7 4FZ,6
IG7 4GD,6
IG7 4GE,2
IG7 4GF,2
IG7 4GG,6
IG7 4GH,7
IG7 4GJ,7
IG7 4GL,7
IG7 4GN,7
IG7 4GP,7
IG7 4GQ,7
IG7 4GR,2
IG7 4GS,2
IG7 4GT,6
IG7 4GU,2
IG7 4GX,6
IG7 4GZ,3
IG7 4HA,3
IG7 4HB,3
IG7 4HD,3
IG7 4HE,3
IG7 4HF,3
IG7 4HG,3
IG7 4HH,3
IG7 4HJ,3
IG7 4HL,3
IG7 4HN,3
IG7 4HP,5
IG7 4HQ,3
IG7 4HR,3
IG7 4HT,3
IG7 4HW,3
IG7 4HY,3
IG7 4HZ,3
IG7 4JB,3
IG7 4JD,3
IG7 4JE,3
IG7 4JF,5
IG7 4JG,5
IG7 4JH,5
IG7 4JJ,3
IG7 4JL,3
IG7 4JQ,5
IG7 4JU,3
IG7 4JX,7
IG7 4JY,5
IG7 4LH,3
IG7 4LJ,3
IG7 4LN,3
IG7 4LP,3
IG7 4LR,3
IG7 4LS,3
IG7 4LT,3
IG7 4LU,4
IG7 4LW,3
IG7 4LX,3
IG7 4LY,3
IG7 4LZ,3
IG7 4NA,3
IG7 4NB,3
IG7 4ND,3
IG7 4NE,4
IG7 4NF,4
IG7 4NG,4
IG7 4NH,3
IG7 4NJ,3
IG7 4NL,3
IG7 4NQ,4
IG7 4NY,3
IG7 4NZ,3
IG7 4PA,3
IG7 4PB,3
IG7 4PD,3
IG7 4PE,3
IG7 4PF,3
IG7 4PG,3
IG7 4PH,3
IG7 4PJ,3
IG7 4PL,3
IG7 4PN,3
IG7 4PP,3
IG7 4PQ,3
IG7 4PR,5
IG7 4PW,3
IG7 4QA,8
IG7 4QB,8
IG7 4QD,8
IG7 4QE,8
IG7 4QF,8
IG7 4QG,8
IG7 4QH,8
IG7 4QJ,8
IG7 4QL,2
IG7 4QN,2
IG7 4QP,2
IG7 4QQ,8
IG7 4QR,2
IG7 4QS,4
IG7 4QT,2
IG7 4QU,4
IG7 4QW,2
IG7 4QX,4
IG7 4QY,4
IG7 4QZ,4
IG7 4WA,4
IG7 4WB,4
IG7 4WD,6
IG7 4WF,6
IG7 4WG,6
IG7 4WZ,6
IG7 4XZ,6
IG7 4YZ,3
IG7 5AA,8
IG7 5AB,8
IG7 5AD,7
IG7 5AE,7
IG7 5AF,7
IG7 5AG,6
IG7 5AH,7
IG7 5AJ,3
IG7 5AL,7
IG7 5AN,9
IG7 5AP,9
IG7 5AQ,6
IG7 5AR,8
IG7 5AS,8
IG7 5AT,8
IG7 5AU,10
IG7 5AW,9
IG7 5AX,10
IG7 5AY,10
IG7 5AZ,10
IG7 5BA,10
IG7 5BB,10
IG7 5BD,10
IG7 5BE,10
IG7 5BF,6
IG7 5BG,7
IG7 5BH,8
IG7 5BJ,10
IG7 5BL,7
IG7 5BN,7
IG7 5BP,7
IG7 5BQ,8
IG7 5BS,7
IG7 5BT,7
IG7 5BU,9
IG7 5BW,7
IG7 5BX,7
IG7 5BY,7
IG7 5BZ,6
IG7 5DA,9
IG7 5DB,9
IG7 5DD,9
IG7 5DE,9
IG7 5DF,8
IG7 5DG,9
IG7 5DH,9
IG7 5DJ,9
IG7 5DL,9
IG7 5DN,9
IG7 5DP,9
IG7 5DQ,9
IG7 5DR,9
IG7 5DS,9
IG7 5DT,6
IG7 5DU,8
IG7 5DW,9
IG7 5DX,9
IG7 5DY,8
IG7 5DZ,8
IG7 5EA,8
IG7 5EB,8
IG7 5ED,8
IG7 5EE,6
IG7 5EF,8
IG7 5EG,9
IG7 5EH,9
IG7 5EJ,9
IG7 5EL,9
IG7 5EN,7
IG7 5EP,7
IG7 5ER,7
IG7 5ES,9
IG7 5ET,9
IG7 5EU,9
IG7 5EW,7
IG7 5EX,9
IG7 5EY,9
IG7 5EZ,9
IG7 5FX,6
IG7 5FZ,6
IG7 5GE,9
IG7 5GQ,6
IG7 5GR,6
IG7 5GT,7
IG7 5HA,9
IG7 5HB,9
IG7 5HD,9
IG7 5HE,9
IG7 5HF,9
IG7 5HG,9
IG7 5HH,9
IG7 5HJ,9
IG7 5HL,9
IG7 5HQ,9
IG7 5HX,7
IG7 5HY,7
IG7 5HZ,7
IG7 5JA,7
IG7 5JB,7
IG7 5JD,7
IG7 5JE,7
IG7 5JF,7
IG7 5JG,4
IG7 5JH,4
IG7 5JJ,3
IG7 5JL,3
IG7 5JN,7
IG7 5JP,7
IG7 5JQ,3
IG7 5JR,9
IG7 5JS,9
IG7 5JT,7
IG7 5JU,7
IG7 5JW,3
IG7 5JX,7
IG7 5JY,7
IG7 5JZ,7
IG7 5LA,3
IG7 5LB,3
IG7 5LD,3
IG7 5LE,3
IG7 5LF,9
IG7 5LG,3
IG7 5LH,3
IG7 5LL,9
IG7 5LN,9
IG7 5LP,3
IG7 5LR,8
IG7 5LS,8
IG7 5LT,8
IG7 5LU,3
IG7 5LW,9
IG7 5LX,3
IG7 5LY,3
IG7 5LZ,3
IG7 5NA,8
IG7 5NB,3
IG7 5ND,3
IG7 5NE,3
IG7 5NF,3
IG7 5NG,3
IG7 5NH,3
IG7 5NJ,3
IG7 5NL,3
IG7 5NN,3
IG7 5NP,3
IG7 5NQ,3
IG7 5NR,3
IG7 5NS,3
IG7 5NT,3
IG7 5NU,3
IG7 5NW,3
IG7 5NX,9
IG7 5NY,9
IG7 5NZ,9
IG7 5PA,8
IG7 5PD,7
IG7 5PE,7
IG7 5PF,8
IG7 5PG,8
IG7 5PH,8
IG7 5PJ,8
IG7 5PL,8
IG7 5PN,9
IG7 5PP,9
IG7 5PQ,8
IG7 5PR,9
IG7 5PS,9
IG7 5PT,9
IG7 5PU,9
IG7 5PW,9
IG7 5PX,9
IG7 5PY,9
IG7 5PZ,7
IG7 5QA,7
IG7 5QB,7
IG7 5QD,8
IG7 5QE,8
IG7 5QG,8
IG7 5QH,8
IG7 5QJ,9
IG7 5QL,8
IG7 5QN,8
IG7 5QP,8
IG7 5QQ,8
IG7 5QR,8
IG7 5QS,8
IG7 5QT,8
IG7 5QU,8
IG7 5QW,8
IG7 5QX,8
IG7 5QY,8
IG7 5QZ,8
IG7 5RA,8
IG7 5RB,8
IG7 5RD,8
IG7 5RE,8
IG7 5RF,8
IG7 5RG,8
IG7 5RH,9
IG7 5RJ,8
IG7 5RL,9
IG7 5RN,8
IG7 5RQ,6
IG7 5RR,6
IG7 5RS,8
IG7 5RT,9
IG7 5WA,6
IG7 5WB,6
IG7 5WD,6
IG7 5WE,6
IG7 5WF,6
IG7 5WG,6
IG7 5WH,4
IG7 5WJ,6
IG7 5WL,6
IG7 5WN,6
IG7 5WP,6
IG7 5WQ,6
IG7 5WR,6
IG7 5WT,6
IG7 5WW,6
IG7 5WX,6
IG7 5WY,6
IG7 5WZ,4
IG7 5XA,6
IG7 5XT,6
IG7 5YP,4
IG7 5YT,6
IG7 5YZ,8
IG7 5ZY,6
IG7 6AA,10
IG7 6AB,10
IG7 6AD,10
IG7 6AE,6
IG7 6AF,10
IG7 6AG,10
IG7 6AH,10
IG7 6AJ,10
IG7 6AL,10
IG7 6AN,10
IG7 6AP,10
IG7 6AQ,10
IG7 6AR,8
IG7 6AS,8
IG7 6AT,5
IG7 6AU,6
IG7 6AW,10
IG7 6AX,8
IG7 6AY,8
IG7 6AZ,8
IG7 6BA,8
IG7 6BB,6
IG7 6BD,8
IG7 6BE,8
IG7 6BF,8
IG7 6BG,8
IG7 6BH,8
IG7 6BJ,10
IG7 6BL,8
IG7 6BN,8
IG7 6BP,4
IG7 6BQ,8
IG7 6BS,8
IG7 6BT,8
IG7 6BU,6
IG7 6BW,6
IG7 6BX,8
IG7 6BY,8
IG7 6BZ,8
IG7 6DA,8
IG7 6DB,8
IG7 6DD,8
IG7 6DE,8
IG7 6DF,8
IG7 6DG,8
IG7 6DH,5
IG7 6DJ,8
IG7 6DL,8
IG7 6DN,8
IG7 6DP,8
IG7 6DQ,8
IG7 6DR,8
IG7 6DS,8
IG7 6DT,6
IG7 6DU,8
IG7 6DW,8
IG7 6DX,8
IG7 6DY,8
IG7 6DZ,8
IG7 6EA,6
IG7 6EB,8
IG7 6ED,8
IG7 6EE,8
IG7 6EF,8
IG7 6EG,8
IG7 6EH,8
IG7 6EJ,8
IG7 6EL,8
IG7 6EN,8
IG7 6EP,8
IG7 6EQ,8
IG7 6ER,8
IG7 6ES,8
IG7 6ET,8
IG7 6EU,8
IG7 6EW,8
IG7 6EX,8
IG7 6EY,8
IG7 6EZ,8
IG7 6FZ,6
IG7 6GD,6
IG7 6GG,8
IG7 6GZ,6
IG7 6HA,8
IG7 6HB,8
IG7 6HF,8
IG7 6HG,8
IG7 6HH,8
IG7 6HJ,8
IG7 6HL,5
IG7 6HN,5
IG7 6HP,5
IG7 6HR,5
IG7 6HS,5
IG7 6HT,5
IG7 6HU,5
IG7 6HW,5
IG7 6HX,8
IG7 6HY,8
IG7 6HZ,8
IG7 6JA,8
IG7 6JB,8
IG7 6JD,8
IG7 6JE,8
IG7 6JF,8
IG7 6JG,8
IG7 6JH,8
IG7 6JJ,8
IG7 6JL,8
IG7 6JN,8
IG7 6JP,8
IG7 6JQ,8
IG7 6JR,8
IG7 6JS,8
IG7 6JT,8
IG7 6JU,8
IG7 6JW,8
IG7 6JX,8
IG7 6JY,6
IG7 6JZ,8
IG7 6LA,8
IG7 6LF,8
IG7 6LG,8
IG7 6LH,8
IG7 6LJ,8
IG7 6LL,8
IG7 6LN,8
IG7 6LP,8
IG7 6LQ,8
IG7 6LR,8
IG7 6LS,8
IG7 6LT,8
IG7 6LU,7
IG7 6LW,8
IG7 6LX,7
IG7 6LY,8
IG7 6LZ,8
IG7 6NA,7
IG7 6NB,8
IG7 6ND,8
IG7 6NE,7
IG7 6NF,7
IG7 6NG,5
IG7 6NH,5
IG7 6NN,8
IG7 6NQ,5
IG7 6NT,8
IG7 6NU,8
IG7 6NX,8
IG7 6NY,10
IG7 6NZ,10
IG7 6PA,10
IG7 6PB,8
IG7 6PD,8
IG7 6PE,8
IG7 6PF,8
IG7 6PG,10
IG7 6PH,8
IG7 6PJ,8
IG7 6PL,8
IG7 6PN,8
IG7 6PP,8
IG7 6PQ,8
IG7 6PR,8
IG7 6PS,10
IG7 6PT,8
IG7 6PU,8
IG7 6PW,8
IG7 6PX,8
IG7 6PY,8
IG7 6PZ,8
IG7 6QA,8
IG7 6QB,8
IG7 6QD,8
IG7 6QE,8
IG7 6QF,8
IG7 6QG,8
IG7 6QJ,8
IG7 6QN,8
IG7 6QQ,8
IG7 6QT,8
IG7 6QU,8
IG7 6QX,8
IG7 6QZ,8
IG7 6SR,6
IG7 6WA,4
IG7 6WB,6
IG7 6WD,6
IG7 6WE,6
IG7 6WF,6
IG7 6WG,6
IG7 6WJ,6
IG7 6WN,6
IG7 6WP,6
IG7 6WQ,6
IG7 6WT,6
IG8 0AA,6
IG8 0AB,9
IG8 0AD,6
IG8 0AE,9
IG8 0AF,9
IG8 0AG,1
IG8 0AH,6
IG8 0AJ,9
IG8 0AL,9
IG8 0AN,9
IG8 0AP,9
IG8 0AQ,9
IG8 0AR,9
IG8 0AS,9
IG8 0AT,9
IG8 0AU,9
IG8 0AW,9
IG8 0AX,6
IG8 0AY,6
IG8 0AZ,9
IG8 0BA,9
IG8 0BB,9
IG8 0BD,9
IG8 0BE,9
IG8 0BF,9
IG8 0BG,6
IG8 0BH,9
IG8 0BJ,9
IG8 0BL,9
IG8 0BN,9
IG8 0BP,9
IG8 0BQ,6
IG8 0BS,9
IG8 0BT,9
IG8 0BU,9
IG8 0BW,9
IG8 0BX,9
IG8 0BY,9
IG8 0BZ,6
IG8 0DA,9
IG8 0DB,6
IG8 0DD,9
IG8 0DE,6
IG8 0DF,9
IG8 0DG,9
IG8 0DH,9
IG8 0DJ,9
IG8 0DL,9
IG8 0DN,9
IG8 0DP,9
IG8 0DQ,9
IG8 0DR,9
IG8 0DS,9
IG8 0DT,6
IG8 0DU,9
IG8 0DW,9
IG8 0DX,9
IG8 0DY,9
IG8 0DZ,9
IG8 0EA,9
IG8 0EB,9
IG8 0ED,9
IG8 0EE,9
IG8 0EF,9
IG8 0EG,9
IG8 0EH,6
IG8 0EJ,9
IG8 0EL,9
IG8 0EN,9
IG8 0EP,6
IG8 0EQ,9
IG8 0ER,9
IG8 0ES,9
IG8 0ET,9
IG8 0EU,9
IG8 0EW,9
IG8 0EX,9
IG8 0EY,9
IG8 0EZ,9
IG8 0FB,8
IG8 0FD,10
IG8 0FZ,6
IG8 0GD,9
IG8 0GE,9
IG8 0GF,9
IG8 0GG,9
IG8 0GH,9
IG8 0GJ,9
IG8 0GL,6
IG8 0GN,6
IG8 0GP,9
IG8 0GQ,9
IG8 0GR,9
IG8 0GS,6
IG8 0GT,4
IG8 0GU,9
IG8 0GW,9
IG8 0GX,6
IG8 0GY,6
IG8 0GZ,6
IG8 0HA,9
IG8 0HB,9
IG8 0HD,9
IG8 0HE,9
IG8 0HF,9
IG8 0HG,9
IG8 0HH,9
IG8 0HJ,9
IG8 0HL,9
IG8 0HN,9
IG8 0HP,9
IG8 0HQ,9
IG8 0HR,6
IG8 0HS,9
IG8 0HT,6
IG8 0HU,9
IG8 0HW,9
IG8 0HX,6
IG8 0HZ,9
IG8 0JA,10
IG8 0JB,9
IG8 0JD,9
IG8 0JE,10
IG8 0JF,10
IG8 0JG,10
IG8 0JH,10
IG8 0JJ,10
IG8 0JL,10
IG8 0JN,10
IG8 0JP,10
IG8 0JQ,10
IG8 0JR,10
IG8 0JT,6
IG8 0JU,6
IG8 0JW,10
IG8 0JX,6
IG8 0JZ,6
IG8 0LB,6
IG8 0LD,10
IG8 0LE,10
IG8 0LF,10
IG8 0LG,9
IG8 0LH,10
IG8 0LJ,10
IG8 0LL,10
IG8 0LN,10
IG8 0LP,10
IG8 0LQ,9
IG8 0LR,10
IG8 0LS,10
IG8 0LT,10
IG8 0LU,10
IG8 0LW,10
IG8 0LX,10
IG8 0LY,10
IG8 0LZ,10
IG8 0NA,10
IG8 0NE,6
IG8 0NF,9
IG8 0NG,9
IG8 0NH,10
IG8 0NJ,10
IG8 0NL,10
IG8 0NN,10
IG8 0NP,10
IG8 0NQ,6
IG8 0NR,10
IG8 0NS,10
IG8 0NU,10
IG8 0NW,10
IG8 0NX,10
IG8 0NY,10
IG8 0NZ,10
IG8 0PA,10
IG8 0PB,10
IG8 0PD,6
IG8 0PE,6
IG8 0PF,10
IG8 0PG,9
IG8 0PH,9
IG8 0PJ,6
IG8 0PL,10
IG8 0PN,10
IG8 0PP,10
IG8 0PQ,6
IG8 0PR,10
IG8 0PS,10
IG8 0PT,10
IG8 0PU,10
IG8 0PW,10
IG8 0PX,10
IG8 0PY,6
IG8 0PZ,10
IG8 0QA,10
IG8 0QB,10
IG8 0QD,10
IG8 0QE,10
IG8 0QF,10
IG8 0QG,10
IG8 0QH,8
IG8 0QJ,8
IG8 0QL,10
IG8 0QN,10
IG8 0QP,10
IG8 0QQ,10
IG8 0QS,10
IG8 0QT,10
IG8 0QW,10
IG8 0QZ,9
IG8 0RA,10
IG8 0RB,10
IG8 0RD,10
IG8 0RE,10
IG8 0RF,10
IG8 0RG,10
IG8 0RH,8
IG8 0RJ,8
IG8 0RL,8
IG8 0RN,8
IG8 0RP,8
IG8 0RQ,10
IG8 0RR,8
IG8 0RS,8
IG8 0RT,6
IG8 0RU,8
IG8 0RW,8
IG8 0RX,8
IG8 0RY,8
IG8 0RZ,8
IG8 0SA,8
IG8 0SB,8
IG8 0SD,8
IG8 0SE,8
IG8 0SF,8
IG8 0SG,10
IG8 0SH,10
IG8 0SJ,10
IG8 0SL,10
IG8 0SN,10
IG8 0SP,10
IG8 0SQ,4
IG8 0SR,10
IG8 0SS,10
IG8 0ST,10
IG8 0SU,10
IG8 0SW,10
IG8 0SX,10
IG8 0SY,10
IG8 0SZ,10
IG8 0TA,10
IG8 0TB,10
IG8 0TD,10
IG8 0TE,10
IG8 0TF,10
IG8 0TG,10
IG8 0TH,10
IG8 0TJ,10
IG8 0TL,10
IG8 0TN,10
IG8 0TP,10
IG8 0TQ,10
IG8 0TR,10
IG8 0TS,10
IG8 0TT,10
IG8 0TU,10
IG8 0TW,10
IG8 0TX,10
IG8 0TY,10
IG8 0TZ,10
IG8 0UA,10
IG8 0UB,10
IG8 0UD,6
IG8 0UE,6
IG8 0UG,6
IG8 0UH,6
IG8 0UJ,6
IG8 0UL,2
IG8 0UN,2
IG8 0UP,2
IG8 0UQ,6
IG8 0UR,6
IG8 0US,6
IG8 0UW,2
IG8 0UX,10
IG8 0WA,2
IG8 0WB,2
IG8 0WD,6
IG8 0WE,2
IG8 0WF,2
IG8 0WG,6
IG8 0WH,6
IG8 0WJ,6
IG8 0WL,6
IG8 0WN,6
IG8 0WP,6
IG8 0WQ,6
IG8 0WR,6
IG8 0WY,6
IG8 0WZ,6
IG8 0XA,6
IG8 0XB,6
IG8 0XD,9
IG8 0XE,6
IG8 0XF,6
IG8 0XG,6
IG8 0XH,6
IG8 0XP,6
IG8 0XQ,6
IG8 0XR,6
IG8 0XS,6
IG8 0XT,6
IG8 0XU,6
IG8 0XX,4
IG8 0XY,6
IG8 0XZ,4
IG8 0YA,6
IG8 0YB,4
IG8 0YD,6
IG8 0YE,6
IG8 0YF,6
IG8 0YH,6
IG8 0YQ,4
IG8 0YW,6
IG8 0YY,6
IG8 0YZ,6
IG8 0ZF,6
IG8 0ZQ,6
IG8 0ZX,4
IG8 0ZZ,9
IG8 1AA,6
IG8 1AB,6
IG8 1AD,6
IG8 1AE,6
IG8 1AF,4
IG8 1AG,6
IG8 1AH,4
IG8 1AJ,6
IG8 1AL,6
IG8 1AN,6
IG8 1AP,6
IG8 1AQ,6
IG8 1AR,6
IG8 1AS,6
IG8 1AT,6
IG8 1AU,6
IG8 1AW,
IG8 1AY,6
IG8 1AZ,6
IG8 1BA,6
IG8 1BB,6
IG8 1BD,6
IG8 1BE,6
IG8 1BF,6
IG8 1BG,6
IG8 1BH,6
IG8 1BJ,6
IG8 1BL,6
IG8 1BN,6
IG8 1BP,6
IG8 1BQ,4
IG8 1BR,6
IG8 1BS,6
IG8 1BT,6
IG8 1BU,6
IG8 1BW,6
IG8 1BX,6
IG8 1BY,6
IG8 1BZ,6
IG8 1DA,6
IG8 1DB,6
IG8 1DD,4
IG8 1DE,6
IG8 1DF,6
IG8 1DG,6
IG8 1DH,6
IG8 1DJ,6
IG8 1DL,6
IG8 1DN,4
IG8 1DP,6
IG8 1DQ,6
IG8 1DR,6
IG8 1DS,6
IG8 1DT,6
IG8 1DU,6
IG8 1DW,6
IG8 1DX,6
IG8 1DY,6
IG8 1DZ,4
IG8 1EA,6
IG8 1EB,6
IG8 1ED,6
IG8 1EE,6
IG8 1EF,6
IG8 1EG,6
IG8 1EH,6
IG8 1EJ,6
IG9 5AE,9
IG9 5AF,9
IG9 5AG,9
IG9 5AH,9
IG9 5AJ,9
IG9 5AL,9
IG9 5AN,9
IG9 5AP,4
IG9 5AQ,9
IG9 5AR,9
IG9 5AS,4
IG9 5AT,9
IG9 5AU,9
IG9 5AW,9
IG9 5AX,9
IG9 5AY,9
IG9 5AZ,9
IG9 5BA,9
IG9 5BB,9
IG9 5BD,9
IG9 5BE,4
IG9 5BF,9
IG9 5BG,9
IG9 5BH,9
IG9 5BJ,9
IG9 5BL,9
IG9 5BN,9
IG9 5BP,9
IG9 5BQ,9
IG9 5BS,9
IG9 5BT,9
IG9 5BU,9
IG9 5BW,9
IG9 5BX,9
IG9 5BY,9
IG9 5BZ,9
IG9 5DA,9
IG9 5DB,9
IG9 5DD,9
IG9 5DE,9
IG9 5DF,9
IG9 5DG,9
IG9 5DH,9
IG9 5DJ,9
IG9 5DL,6
IG9 5DN,9
IG9 5DP,9
IG9 5DQ,9
IG9 5DR,9
IG9 5DS,9
IG9 5DT,9
IG9 5DU,9
IG9 5DW,9
IG9 5DX,9
IG9 5DY,9
IG9 5DZ,9
IG9 5EA,9
IG9 5EB,9
IG9 5ED,9
IG9 5EE,9
IG9 5EF,9
IG9 5EG,9
IG9 5EH,9
IG9 5EJ,9
IG9 5EL,9
IG9 5EN,9
IG9 5EP,9
IG9 5ER,9
IG9 5ES,9
IG9 5ET,9
IG9 5EU,9
IG9 5EW,9
IG9 5EX,9
IG9 5EY,6
IG9 5EZ,9
IG9 5FE,9
IG9 5FX,9
IG9 5FZ,6
IG9 5GD,6
IG9 5GE,6
IG9 5GG,6
IG9 5GN,9
IG9 5GR,6
IG9 5GT,6
IG9 5GW,9
IG9 5GX,6
IG9 5GZ,9
IG9 5HA,9
IG9 5HB,6
IG9 5HD,9
IG9 5HE,8
IG9 5HF,9
IG9 5HG,9
IG9 5HH,9
IG9 5HJ,9
IG9 5HL,8
IG9 5HN,8
IG9 5HP,9
IG9 5HQ,8
IG9 5HR,9
IG9 5HS,9
IG9 5HT,9
IG9 5HU,9
IG9 5HW,8
IG9 5HX,9
IG9 5HY,9
IG9 5HZ,9
IG9 5JA,9
IG9 5JB,8
IG9 5JD,8
IG9 5JE,9
IG9 5JF,8
IG9 5JG,8
IG9 5JH,8
IG9 5JJ,8
IG9 5JL,8
IG9 5JN,8
IG9 5JP,8
IG9 5JQ,8
IG9 5JR,8
IG9 5JS,9
IG9 5JT,9
IG9 5JU,9
IG9 5JW,8
IG9 5JY,6
IG9 5JZ,8
IG9 5LA,6
IG9 5LE,9
IG9 5LF,9
IG9 5LG,9
IG9 5LH,9
IG9 5LJ,9
IG9 5LL,9
IG9 5LN,9
IG9 5LP,9
IG9 5LQ,9
IG9 5LR,9
IG9 5LS,9
IG9 5LT,9
IG9 5LU,9
IG9 5LW,9
IG9 5LX,9
IG9 5LZ,9
IG9 5ND,9
IG9 5NE,9
IG9 5NF,9
IG9 5NG,9
IG9 5NH,9
IG9 5NJ,9
IG9 5NL,9
IG9 5NN,9
IG9 5NP,9
IG9 5NQ,9
IG9 5NR,9
IG9 5NS,9
IG9 5NT,9
IG9 5NU,9
IG9 5NW,9
IG9 5NX,9
IG9 5NY,6
IG9 5NZ,9
IG9 5PA,9
IG9 5PB,9
IG9 5PD,9
IG9 5PE,9
IG9 5PF,9
IG9 5PG,9
IG9 5PH,9
IG9 5PJ,9
IG9 5PL,9
IG9 5PN,9
IG9 5PP,6
IG9 5PQ,9
IG9 5PR,9
IG9 5PS,9
IG9 5PW,9
IG9 5PY,9
IG9 5QB,9
IG9 5QD,9
IG9 5QE,9
IG9 5QF,9
IG9 5QG,9
IG9 5QH,9
IG9 5QJ,9
IG9 5QL,9
IG9 5QN,9
IG9 5QP,9
IG9 5QQ,9
IG9 5QR,9
IG9 5QS,9
IG9 5QT,9
IG9 5QU,9
IG9 5QW,9
IG9 5QX,9
IG9 5QY,9
IG9 5QZ,9
IG9 5RA,9
IG9 5RB,9
IG9 5RD,9
IG9 5RE,9
IG9 5RF,9
IG9 5RH,9
IG9 5RJ,6
IG9 5RL,9
IG9 5RN,9
IG9 5RP,9
IG9 5RQ,9
IG9 5RR,9
IG9 5RS,9
IG9 5RT,9
IG9 5RU,9
IG9 5RW,9
IG9 5RX,9
IG9 5RY,9
IG9 5RZ,6
IG9 5SA,9
IG9 5SB,9
IG9 5SD,9
IG9 5SF,9
IG9 5SG,9
IG9 5SH,9
IG9 5SJ,9
IG9 5SL,9
IG9 5SN,9
IG9 5SP,9
IG9 5SQ,9
IG9 5SR,9
IG9 5SS,9
IG9 5ST,9
IG9 5SU,9
IG9 5SW,9
IG9 5SY,6
IG9 5TA,9
IG9 5TB,9
IG9 5TD,9
IG9 5TE,9
IG9 5TF,9
IG9 5TG,9
IG9 5TH,4
IG9 5TJ,9
IG9 5TL,9
IG9 5TN,9
IG9 5TP,9
IG9 5TQ,9
IG9 5TR,9
IG9 5TS,9
IG9 5TT,8
IG9 5TU,9
IG9 5TW,9
IG9 5TX,9
IG9 5TY,9
IG9 5TZ,9
IG9 5UA,9
IG9 5UB,9
IG9 5UE,9
IG9 5UF,9
IG9 5UG,9
IG9 5UH,9
IG9 5UQ,9
IG9 5WA,6
IG9 5WB,6
IG9 5WD,6
IG9 5WE,6
IG9 5WF,6
IG9 5WG,4
IG9 5WH,6
IG9 5WJ,6
IG9 5WL,4
IG9 5WN,6
IG9 5WQ,6
IG9 5WS,6
IG9 5WT,9
IG9 5WX,6
IG9 5WY,6
IG9 5WZ,6
IG9 5XA,6
IG9 5XZ,6
IG9 5YA,6
IG9 5YB,6
IG9 5YE,6
IG9 5YH,6
IG9 5YQ,4
IG9 5YT,6
IG9 5YX,6
IG9 5YZ,6
IG9 6AA,6
IG9 6AB,6
IG9 6AD,6
IG9 6AE,7
IG9 6AF,7
IG9 6AG,7
IG9 6AH,7
IG9 6AJ,7
IG9 6AL,7
IG9 6AN,7
IG9 6AP,7
IG9 6AQ,7
IG9 6AR,7
IG9 6AS,7
IG9 6AT,6
IG9 6AU,6
IG9 6AW,7
IG9 6AX,9
IG9 6AY,9
IG9 6AZ,9
IG9 6BA,6
IG9 6BB,6
IG9 6BD,6
IG9 6BE,6
IG9 6BF,6
IG9 6BG,6
IG9 6BH,6
IG9 6BJ,6
IG9 6BL,6
IG9 6BN,6
IG9 6BP,6
IG9 6BQ,6
IG9 6BS,7
IG9 6BT,7
IG9 6BU,7
IG9 6BW,7
IG9 6BX,7
IG9 6BY,7
IG9 6BZ,7
IG9 6DA,7
IG9 6DB,6
IG9 6DD,6
IG9 6DE,6
IG9 6DF,6
IG9 6DG,6
IG9 6DH,6
IG9 6DJ,6
IG9 6DL,6
IG9 6DN,6
IG9 6DP,6
IG9 6DQ,6
IG9 6DR,6
IG9 6DS,6
IG9 6DT,6
IG9 6DU,6
IG9 6DW,6
IG9 6DX,6
IG9 6DY,6
IG9 6DZ,6
IG9 6EA,6
IG9 6EB,9
IG9 6ED,8
IG9 6EE,6
IG9 6EF,6
IG9 6EG,6
IG9 6EH,6
IG9 6EJ,6
IG9 6EL,6
IG9 6EN,8
IG9 6EP,8
IG9 6EQ,6
IG9 6ER,8
IG9 6ES,8
IG9 6ET,8
IG9 6EU,8
IG9 6EW,8
IG9 6EX,8
IG9 6EY,8
IG9 6EZ,8
IG9 6FA,8
IG9 6FB,8
IG9 6FD,6
IG9 6GQ,6
IG9 6GR,6
IG9 6GZ,6
IG9 6HA,8
IG9 6HB,6
IG9 6HD,8
IG9 6HH,8
IG9 6HJ,8
IG9 6HL,8
IG9 6HN,8
IG9 6HP,8
IG9 6HR,8
IG9 6HS,8
IG9 6HT,8
IG9 6HU,8
IG9 6HW,8
IG9 6HX,8
IG9 6HY,8
IG9 6HZ,8
IG9 6JA,8
IG9 6JB,8
IG9 6JD,8
IG9 6JE,8
IG9 6JF,8
IG9 6JG,8
IG9 6JR,8
IG9 6JS,8
IG9 6JT,8
IG9 6JU,8
IG9 6JX,8
IG9 6JY,8
IG9 6JZ,8
IG9 6LA,8
IG9 6LL,8
IG9 6LN,8
IG9 6LP,8
IG9 6WA,6
IG9 6WB,6
IG9 6WD,8
IG9 6WE,6
IG9 6WF,6
IG9 6WN,8
IG9 6WZ,4
IG9 6XF,8
IG9 6XQ,6
IG8 1EL,6
IG8 1EN,6
IG8 1EP,6
IG8 1EQ,6
IG8 1ER,6
IG8 1ES,6
IG8 1ET,6
IG8 1EU,6
IG8 1EW,6
IG8 1EX,6
IG8 1EY,6
IG8 1EZ,6
IG8 1FA,4
IG8 1FB,6
IG8 1FD,6
IG8 1FE,4
IG8 1FF,6
IG8 1FG,6
IG8 1FH,6
IG8 1FJ,6
IG8 1FL,6
IG8 1FN,6
IG8 1FP,6
IG8 1FQ,6
IG8 1FR,6
IG8 1FS,6
IG8 1FT,6
IG8 1FU,6
IG8 1FW,4
IG8 1FX,6
IG8 1FY,6
IG8 1FZ,4
IG8 1GA,6
IG8 1GB,6
IG8 1GD,6
IG8 1GE,6
IG8 1GF,4
IG8 1GG,6
IG8 1GH,6
IG8 1GJ,6
IG8 1GL,4
IG8 1GN,6
IG8 1GP,6
IG8 1GQ,6
IG8 1GR,4
IG8 1GS,6
IG8 1GT,4
IG8 1GU,6
IG8 1GW,
IG8 1GX,4
IG8 1GY,6
IG8 1GZ,6
IG8 1HA,6
IG8 1HB,6
IG8 1HD,6
IG8 1HE,6
IG8 1HF,6
IG8 1HG,6
IG8 1HH,6
IG8 1HJ,6
IG8 1HL,6
IG8 1HN,6
IG8 1HP,6
IG8 1HQ,4
IG8 1HR,4
IG8 1HS,6
IG8 1HT,6
IG8 1HU,6
IG8 1HW,6
IG8 1HX,6
IG8 1HY,6
IG8 1HZ,6
IG8 1JA,6
IG8 1JB,6
IG8 1JD,6
IG8 1JE,4
IG8 1JF,6
IG8 1JG,6
IG8 1JH,6
IG8 1JJ,6
IG8 1JL,6
IG8 1JN,6
IG8 1JP,6
IG8 1JQ,6
IG8 1JR,4
IG8 1JS,6
IG8 1JT,6
IG8 1JU,4
IG8 1JW,4
IG8 1JX,6
IG8 1JY,6
IG8 1JZ,6
IG8 1LA,4
IG8 1LB,6
IG8 1LD,6
IG8 1LE,6
IG8 1LF,6
IG8 1LG,4
IG8 1LH,6
IG8 1LJ,6
IG8 1LL,4
IG8 1LN,6
IG8 1LQ,6
IG8 1LR,6
IG8 1LS,6
IG8 1LT,4
IG8 1LU,6
IG8 1LW,4
IG8 1LX,4
IG8 1LY,6
IG8 1LZ,6
IG8 1NA,6
IG8 1NB,6
IG8 1ND,4
IG8 1NE,6
IG8 1NF,6
IG8 1NG,6
IG8 1NH,6
IG8 1NJ,6
IG8 1NL,6
IG8 1NN,6
IG8 1NP,6
IG8 1NQ,6
IG8 1NR,6
IG8 1NS,4
IG8 1NT,6
IG8 1NU,4
IG8 1NW,6
IG8 1NX,6
IG8 1NY,4
IG8 1NZ,4
IG8 1PA,6
IG8 1PB,6
IG8 1PD,6
IG8 1PF,6
IG8 1PG,6
IG8 1PH,6
IG8 1PJ,4
IG8 1PL,6
IG8 1PN,6
IG8 1PP,6
IG8 1PQ,6
IG8 1PR,6
IG8 1PS,6
IG8 1PT,6
IG8 1PU,6
IG8 1PW,4
IG8 1PX,4
IG8 1PY,6
IG8 1PZ,6
IG8 1QA,6
IG8 1QB,6
IG8 1QD,6
IG8 1QE,4
IG8 1QF,6
IG8 1QG,4
IG8 1QH,4
IG8 1QJ,4
IG8 1QL,4
IG8 1QN,4
IG8 1QP,6
IG8 1QQ,6
IG8 1QR,4
IG8 1QS,4
IG8 1QT,4
IG8 1QU,4
IG8 1QW,4
IG8 1QX,4
IG8 1QY,4
IG8 1QZ,4
IG8 1RA,4
IG8 1RB,4
IG8 1RD,4
IG8 1RE,4
IG8 1RF,4
IG8 1RG,4
IG8 1RH,4
IG8 1RJ,4
IG8 1RL,4
IG8 1RN,4
IG8 1RQ,4
IG8 1RR,4
IG8 1RS,4
IG8 1RT,4
IG8 1RW,4
IG8 1RX,4
IG8 1RY,4
IG8 1RZ,4
IG8 1SA,4
IG8 1SB,4
IG8 1SD,4
IG8 1SE,4
IG8 1SF,4
IG8 1SG,4
IG8 1SH,4
IG8 1SJ,4
IG8 1SL,4
IG8 1SN,4
IG8 1SP,4
IG8 1SQ,4
IG8 1SR,4
IG8 1SS,4
IG8 1ST,4
IG8 1SU,4
IG8 7AA,5
IG8 7AB,5
IG8 7AD,5
IG8 7AE,5
IG8 7AF,5
IG8 7AG,5
IG8 7AH,4
IG8 7AJ,4
IG8 7AL,5
IG8 7AN,5
IG8 7AP,4
IG8 7AQ,5
IG8 7AR,4
IG8 7AS,5
IG8 7AT,4
IG8 7AU,6
IG8 7AW,4
IG8 7AX,5
IG8 7AY,5
IG8 7AZ,5
IG8 7BA,1
IG8 7BB,1
IG8 7BD,1
IG8 7BE,1
IG8 7BF,1
IG8 7BG,1
IG8 7BH,1
IG8 7BJ,1
IG8 7BL,1
IG8 7BN,1
IG8 7BP,5
IG8 7BQ,1
IG8 7BS,4
IG8 7BT,4
IG8 7BU,6
IG8 7BW,5
IG8 7BX,4
IG8 7BY,7
IG8 7BZ,7
IG8 7DA,7
IG8 7DB,4
IG8 7DD,4
IG8 7DE,4
IG8 7DF,5
IG8 7DG,5
IG8 7DH,5
IG8 7DJ,6
IG8 7DL,5
IG8 7DN,6
IG8 7DP,5
IG8 7DQ,5
IG8 7DR,5
IG8 7DS,5
IG8 7DT,5
IG8 7DU,5
IG8 7DW,6
IG8 7DX,4
IG8 7DY,4
IG8 7DZ,4
IG8 7EA,6
IG8 7EB,4
IG8 7ED,4
IG8 7EE,6
IG8 7EF,5
IG8 7EG,5
IG8 7EH,5
IG8 7EJ,4
IG8 7EL,6
IG8 7EN,4
IG8 7EP,4
IG8 7EQ,4
IG8 7ER,4
IG8 7ES,4
IG8 7ET,4
IG8 7EU,4
IG8 7EW,4
IG8 7EX,4
IG8 7EY,4
IG8 7EZ,4
IG8 7FA,7
IG8 7FB,4
IG8 7FG,6
IG8 7FW,6
IG8 7FZ,6
IG8 7GD,6
IG8 7GE,4
IG8 7GF,4
IG8 7GG,4
IG8 7GH,6
IG8 7GJ,4
IG8 7GL,4
IG8 7GN,4
IG8 7GR,4
IG8 7GU,6
IG8 7GW,6
IG8 7GX,6
IG8 7GY,4
IG8 7GZ,6
IG8 7HA,4
IG8 7HB,4
IG8 7HD,4
IG8 7HE,4
IG8 7HF,4
IG8 7HG,4
IG8 7HH,4
IG8 7HJ,6
IG8 7HL,4
IG8 7HP,7
IG8 7HQ,4
IG8 7HR,7
IG8 7HS,7
IG8 7HT,4
IG8 7HU,4
IG8 7HW,4
IG8 7HX,4
IG8 7HY,4
IG8 7HZ,4
IG8 7JA,4
IG8 7JB,4
IG8 7JD,4
IG8 7JE,4
IG8 7JF,4
IG8 7JG,4
IG8 7JH,4
IG8 7JJ,4
IG8 7JL,3
IG8 7JN,4
IG8 7JP,4
IG8 7JQ,3
IG8 7JR,4
IG8 7JS,4
IG8 7JT,4
IG8 7JU,4
IG8 7JW,4
IG8 7JX,4
IG8 7JY,4
IG8 7JZ,4
IG8 7LA,4
IG8 7LB,4
IG8 7LD,7
IG8 7LE,7
IG8 7LF,7
IG8 7LG,7
IG8 7LH,6
IG8 7LJ,7
IG8 7LL,7
IG8 7LN,4
IG8 7LP,4
IG8 7LQ,6
IG8 7LR,7
IG8 7LS,7
IG8 7LT,6
IG8 7LU,6
IG8 7LW,7
IG8 7LX,7
IG8 7LY,4
IG8 7LZ,7
IG8 7NA,4
IG8 7NB,4
IG8 7ND,7
IG8 7NE,4
IG8 7NF,8
IG8 7NG,8
IG8 7NH,8
IG8 7NJ,8
IG8 7NL,8
IG8 7NN,7
IG8 7NP,7
IG8 7NQ,8
IG8 7NR,7
IG8 7NS,7
IG8 7NT,7
IG8 7NU,7
IG8 7NW,7
IG8 7NX,7
IG8 7NY,4
IG8 7NZ,4
IG8 7PA,4
IG8 7PB,4
IG8 7PD,4
IG8 7PE,4
IG8 7PF,4
IG8 7PG,4
IG8 7PH,4
IG8 7PJ,5
IG8 7PL,1
IG8 7PQ,4
IG8 7PZ,4
IG8 7QB,4
IG8 7QE,9
IG8 7QF,7
IG8 7QG,7
IG8 7QH,7
IG8 7QJ,7
IG8 7QL,7
IG8 7QN,7
IG8 7QP,7
IG8 7QQ,7
IG8 7QR,7
IG8 7QS,7
IG8 7QT,7
IG8 7QU,7
IG8 7QW,7
IG8 7QX,7
IG8 7QY,7
IG8 7QZ,8
IG8 7RA,7
IG8 7RB,8
IG8 7RD,7
IG8 7RE,8
IG8 7RF,8
IG8 7RG,8
IG8 7RH,8
IG8 7RJ,8
IG8 7RL,8
IG8 7RN,8
IG8 7RP,8
IG8 7RQ,8
IG8 7RR,8
IG8 7RS,4
IG8 7RT,8
IG8 7RU,8
IG8 7RW,6
IG8 7RX,6
IG8 7RY,8
IG8 7WA,6
IG8 7WB,6
IG8 7WD,6
IG8 7WE,6
IG8 7WF,4
IG8 7WG,6
IG8 7WH,6
IG8 7WL,6
IG8 7WN,6
IG8 7WP,6
IG8 7WQ,6
IG8 7WR,6
IG8 7WS,6
IG8 7WT,6
IG8 7WU,6
IG8 7WW,6
IG8 7WX,6
IG8 7WY,6
IG8 7WZ,6
IG8 7XA,6
IG8 7XE,6
IG8 7XL,6
IG8 7XR,6
IG8 7XZ,6
IG8 7YA,6
IG8 7YB,6
IG8 7YF,6
IG8 7YQ,6
IG8 7YT,6
IG8 7YZ,8
IG8 7ZZ,8
IG8 8AA,3
IG8 8AB,6
IG8 8AD,3
IG8 8AE,6
IG8 8AF,6
IG8 8AG,7
IG8 8AH,6
IG8 8AJ,6
IG8 8AL,3
IG8 8AN,3
IG8 8AP,3
IG8 8AQ,6
IG8 8AR,3
IG8 8AS,3
IG8 8AT,3
IG8 8AU,7
IG8 8AW,3
IG8 8AX,7
IG8 8AY,7
IG8 8AZ,7
IG8 8BA,7
IG8 8BB,7
IG8 8BD,7
IG8 8BE,7
IG8 8BF,3
IG8 8BG,7
IG8 8BH,3
IG8 8BJ,3
IG8 8BL,3
IG8 8BN,3
IG8 8BP,3
IG8 8BQ,7
IG8 8BS,3
IG8 8BT,6
IG8 8BU,3
IG8 8BW,3
IG8 8BX,6
IG8 8BY,5
IG8 8BZ,7
IG8 8DA,6
IG8 8DB,6
IG8 8DD,6
IG8 8DE,6
IG8 8DF,6
IG8 8DG,6
IG8 8DH,6
IG8 8DJ,6
IG8 8DL,6
IG8 8DN,3
IG8 8DP,3
IG8 8DQ,6
IG8 8DR,3
IG8 8DS,3
IG8 8DT,7
IG8 8DU,3
IG8 8DW,3
IG8 8DX,3
IG8 8DY,3
IG8 8DZ,3
IG8 8EA,3
IG8 8EB,3
IG8 8ED,3
IG8 8EE,6
IG8 8EF,6
IG8 8EG,6
IG8 8EH,6
IG8 8EJ,6
IG8 8EL,7
IG8 8EN,7
IG8 8EP,6
IG8 8EQ,6
IG8 8ER,6
IG8 8ES,7
IG8 8ET,5
IG8 8EU,7
IG8 8EW,6
IG8 8EX,5
IG8 8EY,7
IG8 8EZ,7
IG8 8FA,5
IG8 8FB,5
IG8 8FD,6
IG8 8FE,5
IG8 8FF,6
IG8 8FG,3
IG8 8FH,5
IG8 8FJ,3
IG8 8FL,7
IG8 8FN,3
IG8 8FW,6
IG8 8FX,6
IG8 8FZ,7
IG8 8GD,7
IG8 8GE,7
IG8 8GF,7
IG8 8GG,5
IG8 8GH,6
IG8 8GJ,3
IG8 8GL,6
IG8 8GN,5
IG8 8GP,5
IG8 8GQ,5
IG8 8GR,5
IG8 8GS,5
IG8 8GT,5
IG8 8GU,5
IG8 8GW,5
IG8 8GX,6
IG8 8GY,6
IG8 8GZ,7
IG8 8HA,7
IG8 8HB,7
IG8 8HD,7
IG8 8HE,7
IG8 8HF,7
IG8 8HG,7
IG8 8HH,7
IG8 8HJ,7
IG8 8HL,7
IG8 8HN,7
IG8 8HP,6
IG8 8HQ,7
IG8 8HR,7
IG8 8HS,7
IG8 8HT,7
IG8 8HU,7
IG8 8HW,6
IG8 8HX,6
IG8 8HY,6
IG8 8HZ,6
IG8 8JA,6
IG8 8JB,7
IG8 8JD,6
IG8 8JE,6
IG8 8JF,6
IG8 8JG,6
IG8 8JH,7
IG8 8JJ,7
IG8 8JL,7
IG8 8JN,7
IG8 8JP,7
IG8 8JQ,6
IG8 8JR,7
IG8 8JS,7
IG8 8JT,7
IG8 8JU,6
IG8 8JW,7
IG8 8JX,7
IG8 8JY,7
IG8 8JZ,6
IG8 8LA,7
IG8 8LB,6
IG8 8LD,6
IG8 8LE,3
IG8 8LF,6
IG8 8LG,7
IG8 8LH,7
IG8 8LJ,7
IG8 8LL,7
IG8 8LN,7
IG8 8LP,7
IG8 8LQ,7
IG8 8LR,7
IG8 8LS,7
IG8 8LT,7
IG8 8LU,7
IG8 8LW,7
IG8 8LX,7
IG8 8LY,7
IG8 8LZ,6
IG8 8NA,3
IG8 8NB,3
IG8 8ND,3
IG8 8NE,3
IG8 8NF,6
IG8 8NG,6
IG8 8NH,6
IG8 8NJ,6
IG8 8NL,6
IG8 8NN,6
IG8 8NP,6
IG8 8NQ,6
IG8 8NR,6
IG8 8NS,5
IG8 8NT,5
IG8 8NU,6
IG8 8NW,6
IG8 8NX,6
IG8 8NY,6
IG8 8NZ,7
IG8 8PA,7
IG8 8PB,7
IG8 8PD,7
IG8 8PE,7
IG8 8PF,1
IG8 8PG,1
IG8 8PH,1
IG8 8PJ,1
IG8 8PL,1
IG8 8PN,5
IG8 8PP,5
IG8 8PQ,6
IG8 8PR,5
IG8 8PS,6
IG8 8PT,1
IG8 8PU,7
IG8 8PW,7
IG8 8PX,7
IG8 8PY,6
IG8 8PZ,6
IG8 8QA,6
IG8 8QB,5
IG8 8QD,7
IG8 8QE,7
IG8 8QF,7
IG8 8QG,7
IG8 8QH,7
IG8 8QJ,7
IG8 8QL,7
IG8 8QN,7
IG8 8QP,7
IG8 8QQ,7
IG8 8QR,7
IG8 8QS,7
IG8 8QT,7
IG8 8QU,7
IG8 8QW,7
IG8 8RA,6
IG8 8RB,5
IG8 8RD,5
IG8 8RE,5
IG8 8RF,5
IG8 8RG,5
IG8 8RH,5
IG8 8RJ,5
IG8 8RL,5
IG8 8RN,5
IG8 8RP,5
IG8 8RQ,5
IG8 8RR,5
IG8 8RS,5
IG8 8RT,5
IG8 8RU,6
IG8 8RW,5
IG8 8RX,6
IG8 8RY,5
IG8 8RZ,5
IG8 8SA,5
IG8 8WA,6
IG8 8WB,6
IG8 8WD,4
IG8 8WE,6
IG8 8WF,5
IG8 8WG,5
IG8 8WH,6
IG8 8WJ,6
IG8 8WL,5
IG8 8WN,6
IG8 8WP,6
IG8 8WQ,6
IG8 8WS,5
IG8 8WZ,6
IG8 8XA,6
IG8 8XQ,5
IG8 8XY,4
IG8 8YF,6
IG8 8YG,6
IG8 8YQ,6
IG8 8YR,6
IG8 8ZA,4
IG8 8ZB,6
IG8 8ZX,4
IG8 9AA,6
IG8 9AB,6
IG8 9AD,6
IG8 9AE,6
IG8 9AF,9
IG8 9AG,6
IG8 9AH,6
IG8 9AJ,10
IG8 9AL,10
IG8 9AN,10
IG8 9AP,10
IG8 9AQ,6
IG8 9AR,10
IG8 9AS,10
IG8 9AT,10
IG8 9AU,10
IG8 9AW,10
IG8 9AX,10
IG8 9AY,6
IG8 9AZ,6
IG8 9BA,4
IG8 9BB,6
IG8 9BE,4
IG8 9BF,6
IG8 9BG,4
IG8 9BH,9
IG8 9BJ,6
IG8 9BL,4
IG8 9BN,8
IG8 9BP,8
IG8 9BQ,8
IG8 9BS,8
IG8 9BT,10
IG8 9BU,10
IG8 9BW,8
IG8 9BX,10
IG8 9BY,10
IG8 9BZ,10
IG8 9DA,10
IG8 9DB,10
IG8 9DD,10
IG8 9DE,10
IG8 9DF,10
IG8 9DG,8
IG8 9DH,8
IG8 9DJ,4
IG8 9DL,4
IG8 9DN,4
IG8 9DP,4
IG8 9DQ,10
IG8 9DR,4
IG8 9DS,4
IG8 9DT,4
IG8 9DU,8
IG8 9DW,8
IG8 9DX,8
IG8 9DY,5
IG8 9DZ,8
IG8 9EA,8
IG8 9EB,8
IG8 9ED,8
IG8 9EE,4
IG8 9EF,4
IG8 9EG,4
IG8 9EH,8
IG8 9EJ,8
IG8 9EL,8
IG8 9EN,6
IG8 9EP,4
IG8 9EQ,8
IG8 9ER,8
IG8 9ES,6
IG8 9ET,6
IG8 9EU,4
IG8 9EW,8
IG8 9EX,4
IG8 9EY,6
IG8 9EZ,6
IG8 9FB,8
IG8 9FD,4
IG8 9FE,4
IG8 9FZ,4
IG8 9GD,6
IG8 9GE,4
IG8 9GG,4
IG8 9GN,6
IG8 9GR,6
IG8 9GT,8
IG8 9GW,6
IG8 9GX,5
IG8 9GY,4
IG8 9GZ,6
IG8 9HA,6
IG8 9HB,6
IG8 9HD,6
IG8 9HE,8
IG8 9HF,8
IG8 9HG,8
IG8 9HH,8
IG8 9HJ,8
IG8 9HL,8
IG8 9HN,8
IG8 9HP,8
IG8 9HQ,8
IG8 9HR,8
IG8 9HS,8
IG8 9HT,10
IG8 9HU,10
IG8 9HW,8
IG8 9HX,10
IG8 9HY,10
IG8 9HZ,10
IG8 9JA,6
IG8 9JB,6
IG8 9JD,4
IG8 9JE,6
IG8 9JH,6
IG8 9JJ,6
IG8 9JL,6
IG8 9JN,6
IG8 9JP,6
IG8 9JQ,6
IG8 9JR,6
IG8 9JS,6
IG8 9JT,6
IG8 9JU,6
IG8 9JW,6
IG8 9JX,4
IG8 9LA,4
IG8 9LB,4
IG8 9LD,4
IG8 9LE,4
IG8 9LF,4
IG8 9LG,5
IG8 9LH,5
IG8 9LJ,5
IG8 9LL,5
IG8 9LN,5
IG8 9LP,5
IG8 9LQ,4
IG8 9LR,5
IG8 9LS,5
IG8 9LT,5
IG8 9LU,5
IG8 9LW,5
IG8 9LX,4
IG8 9LY,4
IG8 9LZ,5
IG8 9NA,4
IG8 9NB,5
IG8 9ND,5
IG8 9NE,5
IG8 9NF,5
IG8 9NG,5
IG8 9NH,4
IG8 9NL,5
IG8 9NN,6
IG8 9NQ,4
IG8 9NR,4
IG8 9NS,5
IG8 9NT,5
IG8 9NU,5
IG8 9NX,5
IG8 9NY,5
IG8 9NZ,5
IG8 9PA,4
IG8 9PB,4
IG8 9PD,5
IG8 9PE,5
IG8 9PF,5
IG8 9PG,5
IG8 9PH,5
IG8 9PJ,5
IG8 9PL,5
IG8 9PN,5
IG8 9PP,5
IG8 9PQ,5
IG8 9PR,5
IG8 9PS,4
IG8 9PT,4
IG8 9PU,4
IG8 9PW,5
IG8 9PX,4
IG8 9PY,4
IG8 9PZ,4
IG8 9QA,2
IG8 9QB,4
IG8 9QD,4
IG8 9QE,4
IG8 9QH,6
IG8 9QJ,6
IG8 9QL,2
IG8 9QN,2
IG8 9QP,2
IG8 9QQ,2
IG8 9QR,2
IG8 9QS,2
IG8 9QT,2
IG8 9QU,4
IG8 9QW,2
IG8 9QX,2
IG8 9QY,2
IG8 9QZ,2
IG8 9RA,2
IG8 9RB,2
IG8 9RD,4
IG8 9RE,4
IG8 9RF,4
IG8 9RG,4
IG8 9RH,6
IG8 9RJ,4
IG8 9RS,2
IG8 9RT,2
IG8 9RU,2
IG8 9RX,2
IG8 9RY,2
IG8 9RZ,2
IG8 9SA,2
IG8 9SB,2
IG8 9SD,2
IG8 9SE,2
IG8 9SF,2
IG8 9SG,2
IG8 9SH,2
IG8 9SJ,2
IG8 9SL,2
IG8 9SN,2
IG8 9SP,2
IG8 9SQ,2
IG8 9SR,2
IG8 9SS,8
IG8 9ST,8
IG8 9SU,8
IG8 9SW,2
IG8 9SX,8
IG8 9SY,8
IG8 9SZ,8
IG8 9TA,8
IG8 9TB,8
IG8 9TD,8
IG8 9TE,2
IG8 9TF,2
IG8 9TG,2
IG8 9TL,2
IG8 9WA,6
IG8 9WB,2
IG8 9WD,6
IG8 9WE,2
IG8 9WF,6
IG8 9WG,6
IG8 9WH,6
IG8 9WJ,4
IG8 9WL,4
IG8 9WN,2
IG8 9WP,6
IG8 9WQ,6
IG8 9WR,6
IG8 9WS,6
IG8 9WZ,6
IG8 9YB,2
IG8 9YF,2
IG8 9YQ,6
IG8 9YR,6
IG8 9YZ,2
IG8 9ZF,6
IG9 5AA,9
IG9 5AB,9
IG9 5AD,9
