IV1 1AA,
IV1 1AB,
IV1 1AD,
IV1 1AE,
IV1 1AF,
IV1 1AU,
IV1 1AW,
IV1 1AX,
IV1 1AZ,
IV1 1BA,
IV1 1BB,
IV1 1BD,
IV1 1BG,
IV1 1DA,
IV1 1DB,
IV1 1DD,
IV1 1DE,
IV1 1DF,
IV1 1DG,
IV1 1DH,
IV1 1DJ,
IV1 1DL,
IV1 1DN,
IV1 1DP,
IV1 1DQ,
IV1 1DR,
IV1 1DS,
IV1 1DT,
IV1 1DU,
IV1 1DW,
IV1 1DX,
IV1 1DY,
IV1 1DZ,
IV1 1EA,
IV1 1EB,
IV1 1ED,
IV1 1EE,
IV1 1EF,
IV1 1EG,
IV1 1EH,
IV1 1EJ,
IV1 1EL,
IV1 1EN,
IV1 1EP,
IV1 1EQ,
IV1 1ER,
IV1 1ES,
IV1 1ET,
IV1 1EU,
IV1 1EW,
IV1 1EX,
IV1 1EY,
IV1 1EZ,
IV1 1FA,
IV1 1FB,
IV1 1FD,
IV1 1FE,
IV1 1FF,
IV1 1FG,
IV1 1FJ,
IV1 1FN,
IV1 1FP,
IV1 1FR,
IV1 1FS,
IV1 1FW,
IV1 1GA,
IV1 1GB,
IV1 1GD,
IV1 1GE,
IV1 1GF,
IV1 1GG,
IV1 1GH,
IV1 1GJ,
IV1 1GQ,
IV1 1GR,
IV1 1GS,
IV1 1GT,
IV1 1GU,
IV1 1GW,
IV1 1GX,
IV1 1GY,
IV1 1GZ,
IV1 1HA,
IV1 1HB,
IV1 1HD,
IV1 1HE,
IV1 1HF,
IV1 1HG,
IV1 1HH,
IV1 1HL,
IV1 1HN,
IV1 1HP,
IV1 1HQ,
IV1 1HR,
IV1 1HS,
IV1 1HT,
IV1 1HU,
IV1 1HW,
IV1 1HX,
IV1 1HY,
IV1 1HZ,
IV1 1JA,
IV1 1JB,
IV1 1JD,
IV1 1JE,
IV1 1JF,
IV1 1JG,
IV1 1JH,
IV1 1JJ,
IV1 1JL,
IV1 1JN,
IV1 1JP,
IV1 1JQ,
IV1 1JR,
IV1 1JS,
IV1 1JT,
IV1 1JU,
IV1 1JW,
IV1 1JX,
IV1 1JY,
IV1 1JZ,
IV1 1LA,
IV1 1LB,
IV1 1LD,
IV1 1LE,
IV1 1LF,
IV1 1LG,
IV1 1LH,
IV1 1LJ,
IV1 1LL,
IV1 1LN,
IV1 1LP,
IV1 1LQ,
IV1 1LR,
IV1 1LS,
IV1 1LT,
IV1 1LU,
IV1 1LW,
IV1 1LX,
IV1 1LY,
IV1 1LZ,
IV1 1NA,
IV1 1NB,
IV1 1ND,
IV1 1NE,
IV1 1NF,
IV1 1NG,
IV1 1NH,
IV1 1NJ,
IV1 1NL,
IV1 1NN,
IV1 1NP,
IV1 1NQ,
IV1 1NR,
IV1 1NS,
IV1 1NT,
IV1 1NU,
IV1 1NW,
IV1 1NX,
IV1 1NY,
IV1 1NZ,
IV1 1PA,
IV1 1PB,
IV1 1PD,
IV1 1PE,
IV1 1PF,
IV1 1PG,
IV1 1PH,
IV1 1PJ,
IV1 1PL,
IV1 1PN,
IV1 1PP,
IV1 1PQ,
IV1 1PR,
IV1 1PS,
IV1 1PT,
IV1 1PU,
IV1 1PW,
IV1 1PX,
IV1 1PY,
IV1 1PZ,
IV1 1QA,
IV1 1QB,
IV1 1QD,
IV1 1QF,
IV1 1QG,
IV1 1QH,
IV1 1QJ,
IV1 1QL,
IV1 1QN,
IV1 1QP,
IV1 1QQ,
IV1 1QR,
IV1 1QS,
IV1 1QT,
IV1 1QU,
IV1 1QW,
IV1 1QX,
IV1 1QY,
IV1 1QZ,
IV1 1RB,
IV1 1RD,
IV1 1RE,
IV1 1RF,
IV1 1RG,
IV1 1RH,
IV1 1RJ,
IV1 1RL,
IV1 1RN,
IV1 1RP,
IV1 1RQ,
IV1 1RR,
IV1 1RS,
IV1 1RT,
IV1 1RX,
IV1 1RY,
IV1 1RZ,
IV1 1SA,
IV1 1SB,
IV1 1SD,
IV1 1SE,
IV1 1SF,
IV1 1SG,
IV1 1SH,
IV1 1SJ,
IV1 1SL,
IV1 1SN,
IV1 1SP,
IV1 1SQ,
IV1 1SR,
IV1 1SS,
IV1 1ST,
IV1 1SU,
IV1 1SW,
IV1 1SX,
IV1 1SY,
IV1 1SZ,
IV1 1TA,
IV1 1TB,
IV1 1TD,
IV1 1TE,
IV1 1TF,
IV1 1TG,
IV1 1TH,
IV1 1TJ,
IV1 1TL,
IV1 1TN,
IV1 1TP,
IV1 1TQ,
IV1 1TR,
IV1 1TS,
IV1 1TT,
IV1 1TU,
IV1 1TW,
IV1 1TX,
IV1 1TY,
IV1 1TZ,
IV1 1UA,
IV1 1UB,
IV1 1UD,
IV1 1UE,
IV1 1UF,
IV1 1UG,
IV1 1UH,
IV1 1UJ,
IV1 1UL,
IV1 1UN,
IV1 1UP,
IV1 1UQ,
IV1 1UR,
IV1 1UT,
IV1 1UU,
IV1 1UW,
IV1 1UX,
IV1 1WA,
IV1 1WD,
IV1 1WE,
IV1 1WF,
IV1 1WG,
IV1 1WH,
IV1 1WJ,
IV1 1WL,
IV1 1WN,
IV1 1WP,
IV1 1WQ,
IV1 1WR,
IV1 1WS,
IV1 1WT,
IV1 1WU,
IV1 1WW,
IV1 1WX,
IV1 1WY,
IV1 1WZ,
IV1 1XA,
IV1 1XB,
IV1 1XD,
IV1 1XE,
IV1 1XF,
IV1 1XG,
IV1 1XH,
IV1 1XJ,
IV1 1XL,
IV1 1XN,
IV1 1XP,
IV1 1XQ,
IV1 1XR,
IV1 1XS,
IV1 1XT,
IV1 1XU,
IV1 1XW,
IV1 1XX,
IV1 1XY,
IV1 1XZ,
IV1 1YA,
IV1 1YB,
IV1 1YD,
IV1 1YE,
IV1 1YF,
IV1 1YG,
IV1 1YH,
IV1 1YJ,
IV1 1YL,
IV1 1YN,
IV1 1YP,
IV1 1YQ,
IV1 1YR,
IV1 1YS,
IV1 1YT,
IV1 1YU,
IV1 1YW,
IV1 1YX,
IV1 1YZ,
IV1 1ZA,
IV1 1ZB,
IV1 1ZD,
IV1 1ZE,
IV1 1ZF,
IV1 1ZG,
IV1 1ZH,
IV1 1ZL,
IV1 1ZN,
IV1 1ZP,
IV1 1ZQ,
IV1 1ZR,
IV1 1ZU,
IV1 1ZX,
IV1 1ZY,
IV1 2AA,
IV1 2AB,
IV1 2AD,
IV1 2AE,
IV1 2AF,
IV1 2AG,
IV1 2AH,
IV1 2AJ,
IV1 2AL,
IV1 2AN,
IV1 2AP,
IV1 2AQ,
IV1 2AR,
IV1 2AS,
IV1 2AT,
IV1 2AU,
IV1 2AW,
IV1 2AX,
IV1 2AY,
IV1 2AZ,
IV1 2BA,
IV1 2BB,
IV1 2BD,
IV1 2BE,
IV1 2BG,
IV1 2BH,
IV1 2BJ,
IV1 2BL,
IV1 2BN,
IV1 2BP,
IV1 2BQ,
IV1 2BR,
IV1 2BS,
IV1 2BT,
IV1 2BU,
IV1 2BW,
IV1 2BX,
IV1 2BY,
IV1 2BZ,
IV1 2DA,
IV1 2DB,
IV1 2DD,
IV1 2DE,
IV1 2DF,
IV1 2DG,
IV1 2DH,
IV1 2DJ,
IV1 2DL,
IV1 2DN,
IV1 2DP,
IV1 2DQ,
IV1 2DR,
IV1 2DS,
IV1 2DT,
IV1 2DU,
IV1 2DW,
IV1 2DX,
IV1 2DY,
IV1 2DZ,
IV1 2EA,
IV1 2EB,
IV1 2ED,
IV1 2EE,
IV1 2EF,
IV1 2EG,
IV1 2EH,
IV1 2EJ,
IV1 2EL,
IV1 2EN,
IV1 2EP,
IV1 2EQ,
IV1 2ER,
IV1 2ES,
IV1 2ET,
IV1 2EU,
IV1 2EW,
IV1 2EX,
IV1 2EY,
IV1 2EZ,
IV1 2FA,
IV1 2FB,
IV1 2FD,
IV1 2FE,
IV1 2FF,
IV1 2FG,
IV1 2FH,
IV1 2FJ,
IV1 2FL,
IV1 2FN,
IV1 2FP,
IV1 2FQ,
IV1 2FR,
IV1 2FS,
IV1 2FT,
IV1 2FW,
IV1 2FX,
IV1 2FY,
IV1 2FZ,
IV1 2GA,
IV1 2GB,
IV1 2GD,
IV1 2GE,
IV1 2GF,
IV1 2GG,
IV1 2GH,
IV1 2GJ,
IV1 2GL,
IV1 2GN,
IV1 2GP,
IV1 2GQ,
IV1 2GS,
IV1 2GT,
IV1 2GU,
IV1 2GW,
IV1 2GX,
IV1 2GY,
IV1 2GZ,
IV1 2HA,
IV1 2HB,
IV1 2HD,
IV1 2HE,
IV1 2HF,
IV1 2HG,
IV1 2HH,
IV1 2HJ,
IV1 2HL,
IV1 2HN,
IV1 2HP,
IV1 2HQ,
IV1 2HR,
IV1 2HS,
IV1 2HT,
IV1 2HU,
IV1 2HW,
IV1 2HX,
IV1 2HY,
IV1 2HZ,
IV1 2JA,
IV1 2JB,
IV1 2JD,
IV1 2JE,
IV1 2JF,
IV1 2JG,
IV1 2JH,
IV1 2JJ,
IV1 2JL,
IV1 2JN,
IV1 2JP,
IV1 2JQ,
IV1 2JR,
IV1 2JS,
IV1 2JT,
IV1 2JU,
IV1 2JW,
IV1 2JX,
IV1 2JY,
IV1 2JZ,
IV1 2LA,
IV1 2LB,
IV1 2LD,
IV1 2LE,
IV1 2LF,
IV1 2LG,
IV1 2LH,
IV1 2LJ,
IV1 2LL,
IV1 2LN,
IV1 2LP,
IV1 2LQ,
IV1 2LR,
IV1 2LS,
IV1 2LT,
IV1 2LU,
IV1 2LW,
IV1 2LX,
IV1 2LY,
IV1 2LZ,
IV1 2NA,
IV1 2NB,
IV1 2ND,
IV1 2NE,
IV1 2NF,
IV1 2NG,
IV1 2NH,
IV1 2NJ,
IV1 2NL,
IV1 2NN,
IV1 2NP,
IV1 2NQ,
IV1 2NR,
IV1 2NS,
IV1 2NT,
IV1 2NU,
IV1 2NW,
IV1 2NX,
IV1 2NY,
IV1 2NZ,
IV1 2PA,
IV1 2PB,
IV1 2PD,
IV1 2PE,
IV1 2PF,
IV1 2PG,
IV1 2PH,
IV1 2PJ,
IV1 2PL,
IV1 2PN,
IV1 2PP,
IV1 2PQ,
IV1 2PR,
IV1 2PS,
IV1 2PT,
IV1 2PU,
IV1 2PW,
IV1 2PX,
IV1 2PY,
IV1 2PZ,
IV1 2QA,
IV1 2QB,
IV1 2QD,
IV1 2QE,
IV1 2QF,
IV1 2QG,
IV1 2QH,
IV1 2QJ,
IV1 2QL,
IV1 2QN,
IV1 2QP,
IV1 2QQ,
IV1 2QR,
IV1 2QS,
IV1 2QT,
IV1 2QU,
IV1 2QW,
IV1 2QX,
IV1 2QY,
IV1 2QZ,
IV1 2RA,
IV1 2RB,
IV1 2RD,
IV1 2RE,
IV1 2RF,
IV1 2RG,
IV1 2RH,
IV1 2RJ,
IV1 2RL,
IV1 2RN,
IV1 2RP,
IV1 2RQ,
IV1 2RR,
IV1 2RS,
IV1 2RT,
IV1 2RU,
IV1 2RW,
IV1 2RX,
IV1 2RY,
IV1 2RZ,
IV1 2SA,
IV1 2SB,
IV1 2SD,
IV1 2SE,
IV1 2SF,
IV1 2SG,
IV1 2SH,
IV1 2SJ,
IV1 2SL,
IV1 2SN,
IV1 2SP,
IV1 2SQ,
IV1 2SR,
IV1 2SS,
IV1 2ST,
IV1 2SU,
IV1 2SW,
IV1 2SX,
IV1 2SY,
IV1 2SZ,
IV1 2TA,
IV1 2TB,
IV1 2TD,
IV1 2TE,
IV1 2TF,
IV1 2TG,
IV1 2TH,
IV1 2TJ,
IV1 2TL,
IV1 2TN,
IV1 2TP,
IV1 2TQ,
IV1 2TR,
IV1 2TS,
IV1 2TT,
IV1 2TU,
IV1 2TW,
IV1 2TX,
IV1 2TY,
IV1 2TZ,
IV1 2UA,
IV1 2UB,
IV1 2UD,
IV1 2UE,
IV1 2UF,
IV1 2UG,
IV1 2UH,
IV1 2UJ,
IV1 2UL,
IV1 2UN,
IV1 2UP,
IV1 2UQ,
IV1 2UR,
IV1 2US,
IV1 2UW,
IV1 2UX,
IV1 2UY,
IV1 2UZ,
IV1 2WA,
IV1 2WB,
IV1 2WD,
IV1 2WE,
IV1 2WF,
IV1 2WG,
IV1 2WH,
IV1 2WJ,
IV1 2WL,
IV1 2WN,
IV1 2WP,
IV1 2WQ,
IV1 2WR,
IV1 2WS,
IV1 2WT,
IV1 2WU,
IV1 2WW,
IV1 2WX,
IV1 2WY,
IV1 2WZ,
IV1 2XA,
IV1 2XB,
IV1 2XD,
IV1 2XE,
IV1 2XF,
IV1 2XG,
IV1 2XH,
IV1 2XJ,
IV1 2XL,
IV1 2XN,
IV1 2XP,
IV1 2XQ,
IV1 2XR,
IV1 2XS,
IV1 2XT,
IV1 2XU,
IV1 2XW,
IV1 2XX,
IV1 2XY,
IV1 2XZ,
IV1 2YA,
IV1 2YB,
IV1 2YD,
IV1 2YE,
IV1 2YF,
IV1 2YG,
IV1 2YH,
IV1 2YJ,
IV1 2YL,
IV1 2YN,
IV1 2YP,
IV1 2YQ,
IV1 2YR,
IV1 2YS,
IV1 2YT,
IV1 2YU,
IV1 2YW,
IV1 2YX,
IV1 2YY,
IV1 2YZ,
IV1 2ZA,
IV1 2ZB,
IV1 2ZD,
IV1 2ZE,
IV1 2ZF,
IV1 2ZG,
IV1 2ZH,
IV1 2ZJ,
IV1 2ZL,
IV1 2ZN,
IV1 2ZP,
IV1 2ZQ,
IV1 2ZR,
IV1 2ZU,
IV1 2ZW,
IV1 2ZY,
IV1 3AA,
IV1 3AB,
IV1 3AD,
IV1 3JA,
IV1 3JB,
IV1 3JD,
IV1 3JE,
IV1 3JF,
IV1 3JG,
IV1 3JH,
IV1 3JJ,
IV1 3JL,
IV1 3JU,
IV1 3NY,
IV1 3UB,
IV1 3UD,
IV1 3UF,
IV1 3WE,
IV1 3WX,
IV1 3WY,
IV1 3XA,
IV1 3XB,
IV1 3XD,
IV1 3XE,
IV1 3XF,
IV1 3XG,
IV1 3XH,
IV1 3XJ,
IV1 3XL,
IV1 3XN,
IV1 3XP,
IV1 3XQ,
IV1 3XR,
IV1 3XS,
IV1 3XT,
IV1 3XU,
IV1 3XW,
IV1 3XX,
IV1 3XY,
IV1 3XZ,
IV1 3YA,
IV1 3YB,
IV1 3YD,
IV1 3YE,
IV1 3YF,
IV1 3YG,
IV1 3YH,
IV1 3YJ,
IV1 3YQ,
IV1 3YU,
IV1 3ZD,
IV1 3ZE,
IV1 3ZF,
IV1 3ZG,
IV1 9AA,
IV1 9AB,
IV1 9AD,
IV1 9AE,
IV1 9AF,
IV1 9AG,
IV1 9AH,
IV1 9AJ,
IV1 9AL,
IV1 9AN,
IV1 9AP,
IV1 9AQ,
IV1 9AR,
IV1 9AS,
IV1 9AT,
IV1 9AU,
IV1 9AW,
IV1 9AX,
IV1 9AY,
IV1 9AZ,
IV1 9BA,
IV1 9BB,
IV1 9BD,
IV1 9BE,
IV1 9BF,
IV1 9BG,
IV1 9BH,
IV1 9BJ,
IV1 9BL,
IV1 9BN,
IV1 9BP,
IV1 9BQ,
IV1 9BR,
IV1 9BS,
IV1 9BT,
IV1 9BU,
IV1 9BW,
IV1 9BX,
IV1 9BY,
IV1 9BZ,
IV1 9DA,
IV1 9DB,
IV1 9DD,
IV1 9DE,
IV1 9DF,
IV1 9DG,
IV1 9DH,
IV1 9DJ,
IV1 9DL,
IV1 9DN,
IV1 9DP,
IV1 9DQ,
IV1 9DR,
IV1 9DS,
IV1 9DT,
IV1 9DU,
IV1 9DW,
IV1 9DX,
IV1 9DY,
IV1 9DZ,
IV1 9EA,
IV1 9EB,
IV1 9ED,
IV1 9EE,
IV1 9EF,
IV1 9EG,
IV1 9EH,
IV1 9EJ,
IV1 9EL,
IV1 9EN,
IV1 9EP,
IV1 9EQ,
IV1 9ER,
IV1 9ES,
IV1 9ET,
IV1 9EU,
IV1 9EW,
IV1 9EX,
IV1 9EY,
IV1 9EZ,
IV1 9FA,
IV1 9FB,
IV1 9FD,
IV1 9FE,
IV1 9FF,
IV1 9FG,
IV1 9FJ,
IV1 9FL,
IV1 9SA,
IV1 9SB,
IV1 9SD,
IV1 9SE,
IV1 9SF,
IV1 9SG,
IV1 9SH,
IV1 9SJ,
IV1 9SL,
IV1 9SN,
IV1 9SP,
IV1 9SQ,
IV1 9SR,
IV1 9SS,
IV1 9ST,
IV1 9SU,
IV1 9SW,
IV1 9SX,
IV1 9SY,
IV1 9SZ,
IV1 9TA,
IV1 9TB,
IV1 9TD,
IV1 9TE,
IV1 9TF,
IV1 9TG,
IV1 9TH,
IV1 9TJ,
IV1 9TL,
IV1 9TN,
IV1 9TP,
IV1 9TQ,
IV1 9TR,
IV1 9TS,
IV1 9TT,
IV1 9TU,
IV1 9TW,
IV1 9TX,
IV1 9TY,
IV1 9TZ,
IV1 9UA,
IV1 9UB,
IV1 9UD,
IV1 9UE,
IV1 9UF,
IV1 9UG,
IV1 9UH,
IV1 9UJ,
IV1 9UL,
IV1 9UN,
IV1 9UP,
IV1 9UQ,
IV1 9UR,
IV1 9US,
IV1 9UT,
IV1 9UU,
IV1 9UW,
IV1 9UX,
IV1 9UY,
IV1 9UZ,
IV1 9WA,
IV1 9WB,
IV1 9WD,
IV1 9WE,
IV1 9WF,
IV1 9WG,
IV1 9WH,
IV1 9WJ,
IV1 9WL,
IV1 9WN,
IV1 9WP,
IV1 9WQ,
IV1 9WR,
IV1 9WS,
IV1 9WT,
IV1 9WU,
IV1 9WW,
IV1 9WX,
IV1 9WY,
IV1 9WZ,
IV1 9XA,
IV1 9XB,
IV1 9XD,
IV1 9ZZ,
IV108AA,
IV108AB,
IV108AD,
IV108AE,
IV108RA,
IV108RH,
IV108RJ,
IV108RP,
IV108RQ,
IV108RR,
IV108RS,
IV108RT,
IV108RW,
IV108RX,
IV108RY,
IV108RZ,
IV108SA,
IV108SB,
IV108SD,
IV108SE,
IV108SF,
IV108SG,
IV108SH,
IV108SJ,
IV108SL,
IV108SN,
IV108SP,
IV108SQ,
IV108SR,
IV108SS,
IV108ST,
IV108SU,
IV108SW,
IV108SX,
IV108SY,
IV108SZ,
IV108TA,
IV108TB,
IV108TD,
IV108TE,
IV108TF,
IV108TG,
IV108TH,
IV108TJ,
IV108TL,
IV108TN,
IV108TP,
IV108TQ,
IV108TR,
IV108TS,
IV108TT,
IV108TU,
IV108TW,
IV108TX,
IV108TY,
IV108TZ,
IV108UA,
IV108UB,
IV108UD,
IV108UE,
IV108UF,
IV108UG,
IV108UH,
IV108UJ,
IV108UL,
IV108UN,
IV108UP,
IV108UQ,
IV108UR,
IV108US,
IV108UT,
IV108UU,
IV108UW,
IV108UX,
IV108UY,
IV108UZ,
IV108WA,
IV108WB,
IV108WD,
IV108WE,
IV108WY,
IV108WZ,
IV108XA,
IV108XB,
IV108XD,
IV108XZ,
IV108YA,
IV108YB,
IV108YF,
IV108YX,
IV118AB,
IV118UY,
IV118UZ,
IV118WA,
IV118WB,
IV118WE,
IV118WW,
IV118WX,
IV118WY,
IV118WZ,
IV118XA,
IV118XB,
IV118XD,
IV118XE,
IV118XF,
IV118XG,
IV118XH,
IV118XJ,
IV118XL,
IV118XN,
IV118XP,
IV118XQ,
IV118XR,
IV118XS,
IV118XT,
IV118XU,
IV118XW,
IV118XX,
IV118XY,
IV118XZ,
IV118YA,
IV118YB,
IV118YD,
IV118YE,
IV118YF,
IV118YG,
IV118YH,
IV118YJ,
IV118YL,
IV118YN,
IV118YP,
IV118YQ,
IV118YR,
IV118YS,
IV118YT,
IV118YU,
IV118YW,
IV118YY,
IV118YZ,
IV124AA,
IV124AB,
IV124AD,
IV124AE,
IV124AF,
IV124AG,
IV124AH,
IV124AJ,
IV124AL,
IV124AN,
IV124AP,
IV124AQ,
IV124AR,
IV124AS,
IV124AT,
IV124AU,
IV124AW,
IV124AX,
IV124AY,
IV124AZ,
IV124BA,
IV124BB,
IV124BD,
IV124BE,
IV124BF,
IV124BG,
IV124BH,
IV124BJ,
IV124BL,
IV124BN,
IV124BP,
IV124BQ,
IV124BS,
IV124BT,
IV124BU,
IV124BW,
IV124BX,
IV124BY,
IV124BZ,
IV124DA,
IV124DB,
IV124DD,
IV124DE,
IV124DF,
IV124DG,
IV124DH,
IV124DJ,
IV124DL,
IV124DN,
IV124DP,
IV124DQ,
IV124DR,
IV124DS,
IV124DT,
IV124DW,
IV124DY,
IV124DZ,
IV124EA,
IV124EB,
IV124ED,
IV124EE,
IV124EF,
IV124EG,
IV124EH,
IV124EJ,
IV124EL,
IV124EN,
IV124EQ,
IV124ER,
IV124ES,
IV124ET,
IV124EU,
IV124EW,
IV124EX,
IV124EY,
IV124EZ,
IV124GZ,
IV124HA,
IV124HB,
IV124HD,
IV124HE,
IV124HF,
IV124HG,
IV124HH,
IV124HJ,
IV124HL,
IV124HN,
IV124HP,
IV124HQ,
IV124HR,
IV124HS,
IV124HT,
IV124HU,
IV124HW,
IV124HX,
IV124HZ,
IV124JA,
IV124JB,
IV124JD,
IV124JE,
IV124JF,
IV124LU,
IV124NA,
IV124NB,
IV124ND,
IV124NE,
IV124NF,
IV124NG,
IV124NH,
IV124NJ,
IV124NL,
IV124NN,
IV124NP,
IV124NQ,
IV124NR,
IV124NS,
IV124NT,
IV124NU,
IV124NW,
IV124NX,
IV124NY,
IV124NZ,
IV124PA,
IV124PB,
IV124PD,
IV124PE,
IV124PF,
IV124PG,
IV124PH,
IV124PJ,
IV124PL,
IV124PN,
IV124PP,
IV124PQ,
IV124PR,
IV124PS,
IV124PT,
IV124PU,
IV124PW,
IV124PX,
IV124PY,
IV124QA,
IV124QB,
IV124QD,
IV124QE,
IV124QF,
IV124QG,
IV124QH,
IV124QJ,
IV124QL,
IV124QN,
IV124QP,
IV124QQ,
IV124QR,
IV124QS,
IV124QT,
IV124QU,
IV124QW,
IV124QX,
IV124QY,
IV124QZ,
IV124RB,
IV124RD,
IV124RE,
IV124RF,
IV124RG,
IV124RH,
IV124RJ,
IV124RL,
IV124RN,
IV124RP,
IV124RQ,
IV124RR,
IV124RS,
IV124RT,
IV124RU,
IV124RW,
IV124RX,
IV124RY,
IV124RZ,
IV124SA,
IV124SB,
IV124SD,
IV124SE,
IV124SF,
IV124SG,
IV124SH,
IV124SJ,
IV124SL,
IV124SN,
IV124SP,
IV124SQ,
IV124SR,
IV124SS,
IV124ST,
IV124SU,
IV124SW,
IV124SX,
IV124SY,
IV124SZ,
IV124TA,
IV124TB,
IV124TD,
IV124TE,
IV124TF,
IV124TG,
IV124TH,
IV124TJ,
IV124TL,
IV124TN,
IV124TP,
IV124TQ,
IV124TR,
IV124TS,
IV124TU,
IV124TW,
IV124TX,
IV124TY,
IV124UA,
IV124UB,
IV124UD,
IV124UE,
IV124WA,
IV124WB,
IV124WD,
IV124WE,
IV124WG,
IV124WX,
IV124WY,
IV124WZ,
IV124YA,
IV124YB,
IV124YD,
IV124YE,
IV124YF,
IV124YG,
IV124YH,
IV124YJ,
IV124YL,
IV124YN,
IV124YP,
IV124ZY,
IV125AA,
IV125AB,
IV125AD,
IV125AE,
IV125AF,
IV125AG,
IV125AH,
IV125AJ,
IV125AL,
IV125AN,
IV125AP,
IV125AQ,
IV125AR,
IV125AS,
IV125AT,
IV125AU,
IV125AW,
IV125AX,
IV125AY,
IV125AZ,
IV125BA,
IV125BB,
IV125BD,
IV125BE,
IV125BF,
IV125BG,
IV125BH,
IV125BJ,
IV125BL,
IV125BQ,
IV125BS,
IV125BT,
IV125BU,
IV125BW,
IV125BX,
IV125BY,
IV125DE,
IV125DL,
IV125DN,
IV125DP,
IV125DR,
IV125DS,
IV125DT,
IV125DU,
IV125DW,
IV125DX,
IV125DY,
IV125DZ,
IV125EA,
IV125EB,
IV125ED,
IV125EE,
IV125EF,
IV125EG,
IV125EH,
IV125EJ,
IV125EL,
IV125EN,
IV125EP,
IV125EQ,
IV125ER,
IV125ES,
IV125ET,
IV125EU,
IV125EW,
IV125EX,
IV125EY,
IV125EZ,
IV125GP,
IV125HX,
IV125HY,
IV125HZ,
IV125JA,
IV125JB,
IV125JD,
IV125JE,
IV125JF,
IV125JG,
IV125JU,
IV125JX,
IV125JY,
IV125JZ,
IV125LA,
IV125LB,
IV125LD,
IV125LE,
IV125LF,
IV125LG,
IV125LH,
IV125LJ,
IV125LS,
IV125LT,
IV125LU,
IV125LW,
IV125LX,
IV125LY,
IV125LZ,
IV125NA,
IV125NB,
IV125ND,
IV125NE,
IV125NF,
IV125NG,
IV125NH,
IV125NJ,
IV125NL,
IV125NN,
IV125NP,
IV125NQ,
IV125NR,
IV125NS,
IV125NT,
IV125NU,
IV125NW,
IV125NX,
IV125NY,
IV125NZ,
IV125PA,
IV125PB,
IV125PD,
IV125PE,
IV125PF,
IV125PG,
IV125PH,
IV125PJ,
IV125PL,
IV125PN,
IV125PP,
IV125PQ,
IV125PR,
IV125PS,
IV125PT,
IV125PU,
IV125PW,
IV125PX,
IV125PY,
IV125PZ,
IV125QA,
IV125QB,
IV125QD,
IV125QE,
IV125QF,
IV125QG,
IV125QH,
IV125QJ,
IV125QL,
IV125QN,
IV125QP,
IV125QQ,
IV125QR,
IV125QS,
IV125QT,
IV125QU,
IV125QW,
IV125QX,
IV125QY,
IV125QZ,
IV125RA,
IV125RB,
IV125RD,
IV125RE,
IV125RF,
IV125RG,
IV125RH,
IV125RJ,
IV125RL,
IV125RP,
IV125RQ,
IV125RR,
IV125RS,
IV125RT,
IV125RU,
IV125RW,
IV125RX,
IV125RY,
IV125RZ,
IV125SA,
IV125SB,
IV125SD,
IV125SE,
IV125SF,
IV125SG,
IV125SH,
IV125SJ,
IV125SL,
IV125SN,
IV125SP,
IV125SQ,
IV125SR,
IV125SS,
IV125ST,
IV125SU,
IV125SW,
IV125SX,
IV125SY,
IV125SZ,
IV125TA,
IV125TB,
IV125TD,
IV125TE,
IV125TF,
IV125TG,
IV125TH,
IV125TJ,
IV125TL,
IV125TN,
IV125TP,
IV125TQ,
IV125TR,
IV125TS,
IV125TT,
IV125TU,
IV125TW,
IV125TX,
IV125TY,
IV125UP,
IV125UR,
IV125UT,
IV125UU,
IV125UX,
IV125UY,
IV125UZ,
IV125WA,
IV125WB,
IV125WD,
IV125WE,
IV125WF,
IV125WU,
IV125WW,
IV125WX,
IV125WY,
IV125WZ,
IV125XA,
IV125XB,
IV125XP,
IV125XR,
IV125XS,
IV125XT,
IV125XU,
IV125XW,
IV125XX,
IV125XY,
IV125XZ,
IV125YA,
IV125YB,
IV125YD,
IV125YE,
IV125YF,
IV125YG,
IV125YH,
IV125YJ,
IV125YZ,
IV129AA,
IV129AB,
IV129AD,
IV129AE,
IV129AF,
IV129AG,
IV137AB,
IV137XW,
IV137XX,
IV137XY,
IV137XZ,
IV137YA,
IV137YB,
IV137YD,
IV137YE,
IV137YF,
IV137YG,
IV137YH,
IV137YJ,
IV137YL,
IV137YN,
IV137YP,
IV137YQ,
IV137YR,
IV137YS,
IV137YT,
IV137YU,
IV137YW,
IV137YX,
IV137ZA,
IV137ZB,
IV149AA,
IV149AB,
IV149AD,
IV149AE,
IV149AF,
IV149AG,
IV149AH,
IV149AJ,
IV149AL,
IV149AN,
IV149AP,
IV149AQ,
IV149AR,
IV149AS,
IV149AT,
IV149AU,
IV149AW,
IV149AX,
IV149AY,
IV149AZ,
IV149BA,
IV149BB,
IV149BD,
IV149BE,
IV149BF,
IV149BG,
IV149BH,
IV149BJ,
IV149BL,
IV149BN,
IV149BP,
IV149BQ,
IV149BS,
IV149BT,
IV149BU,
IV149BW,
IV149BX,
IV149BY,
IV149BZ,
IV149DA,
IV149DB,
IV149DD,
IV149DE,
IV149DF,
IV149DG,
IV149DH,
IV149DJ,
IV149DL,
IV149DN,
IV149DP,
IV149DQ,
IV149DR,
IV149DS,
IV149DT,
IV149DU,
IV149DW,
IV149DX,
IV149DY,
IV149DZ,
IV149EA,
IV149EB,
IV149ED,
IV149EE,
IV149EF,
IV149EG,
IV149EH,
IV149EJ,
IV149EL,
IV149EN,
IV149EP,
IV149EQ,
IV149ER,
IV149ES,
IV149ET,
IV149EU,
IV149EW,
IV149EX,
IV149EY,
IV149FA,
IV149FT,
IV149GT,
IV149HA,
IV149HY,
IV149YA,
IV149YB,
IV149YE,
IV149YF,
IV150AA,
IV150AB,
IV150AD,
IV150AE,
IV150AF,
IV150AG,
IV150AH,
IV150AJ,
IV150AL,
IV150AN,
IV150AP,
IV150AQ,
IV150AR,
IV150SA,
IV150ZZ,
IV159AA,
IV159AB,
IV159AD,
IV159AE,
IV159AF,
IV159DA,
IV159EA,
IV159EB,
IV159EY,
IV159FE,
IV159FF,
IV159GA,
IV159GE,
IV159GU,
IV159GY,
IV159GZ,
IV159HA,
IV159HB,
IV159HD,
IV159HE,
IV159HF,
IV159HG,
IV159HH,
IV159HJ,
IV159HL,
IV159HN,
IV159HP,
IV159HQ,
IV159HR,
IV159HS,
IV159HT,
IV159HU,
IV159HW,
IV159HX,
IV159HY,
IV159HZ,
IV159JA,
IV159JB,
IV159JD,
IV159JE,
IV159JF,
IV159JG,
IV159JH,
IV159JJ,
IV159JL,
IV159JN,
IV159JP,
IV159JQ,
IV159JR,
IV159JS,
IV159JT,
IV159JU,
IV159JW,
IV159JX,
IV159JY,
IV159JZ,
IV159LA,
IV159LB,
IV159LD,
IV159LE,
IV159LF,
IV159LG,
IV159LH,
IV159LJ,
IV159LL,
IV159LN,
IV159LP,
IV159LQ,
IV159LR,
IV159LS,
IV159LT,
IV159LU,
IV159LW,
IV159LX,
IV159LY,
IV159LZ,
IV159NA,
IV159NB,
IV159ND,
IV159NE,
IV159NF,
IV159NG,
IV159NH,
IV159NJ,
IV159NL,
IV159NN,
IV159NP,
IV159NQ,
IV159NR,
IV159NS,
IV159NT,
IV159NU,
IV159NW,
IV159NX,
IV159NY,
IV159NZ,
IV159PA,
IV159PB,
IV159PD,
IV159PE,
IV159PF,
IV159PG,
IV159PH,
IV159PJ,
IV159PL,
IV159PN,
IV159PP,
IV159PQ,
IV159PR,
IV159PS,
IV159PT,
IV159PU,
IV159PW,
IV159PX,
IV159PY,
IV159PZ,
IV159QA,
IV159QB,
IV159QD,
IV159QE,
IV159QF,
IV159QG,
IV159QH,
IV159QJ,
IV159QL,
IV159QN,
IV159QP,
IV159QQ,
IV159QR,
IV159QS,
IV159QT,
IV159QU,
IV159QW,
IV159QX,
IV159QY,
IV159QZ,
IV159RA,
IV159RB,
IV159RD,
IV159RE,
IV159RF,
IV159RG,
IV159RH,
IV159RJ,
IV159RL,
IV159RN,
IV159RP,
IV159RQ,
IV159RR,
IV159RS,
IV159RT,
IV159RU,
IV159RW,
IV159RX,
IV159RY,
IV159RZ,
IV159SA,
IV159SB,
IV159SD,
IV159SE,
IV159SF,
IV159SG,
IV159SH,
IV159SJ,
IV159SL,
IV159SN,
IV159SP,
IV159SQ,
IV159SR,
IV159SS,
IV159ST,
IV159SU,
IV159SW,
IV159SX,
IV159SY,
IV159SZ,
IV159TA,
IV159TB,
IV159TD,
IV159TE,
IV159TF,
IV159TG,
IV159TH,
IV159TJ,
IV159TL,
IV159TN,
IV159TP,
IV159TQ,
IV159TR,
IV159TS,
IV159TT,
IV159TU,
IV159TW,
IV159TX,
IV159TY,
IV159TZ,
IV159UA,
IV159UB,
IV159UD,
IV159UE,
IV159UF,
IV159UG,
IV159UH,
IV159UJ,
IV159UL,
IV159UN,
IV159UP,
IV159UQ,
IV159UR,
IV159US,
IV159UT,
IV159UU,
IV159UW,
IV159UX,
IV159UZ,
IV159WA,
IV159WB,
IV159WD,
IV2 3SJ,
IV2 3SL,
IV2 3SN,
IV2 3SP,
IV2 3SQ,
IV2 3SR,
IV2 3SS,
IV2 3ST,
IV2 3SU,
IV2 3SW,
IV2 3SX,
IV2 3SY,
IV2 3SZ,
IV2 3TA,
IV2 3TB,
IV2 3TD,
IV2 3TE,
IV2 3TF,
IV2 3TG,
IV2 3TH,
IV2 3TJ,
IV2 3TL,
IV2 3TN,
IV2 3TP,
IV2 3TQ,
IV2 3TR,
IV2 3TS,
IV2 3TT,
IV2 3TU,
IV2 3TW,
IV2 3TX,
IV2 3TY,
IV2 3TZ,
IV2 3UA,
IV2 3UB,
IV2 3UD,
IV2 3UE,
IV2 3UF,
IV2 3UG,
IV2 3UH,
IV2 3UJ,
IV2 3UL,
IV2 3UN,
IV2 3UP,
IV2 3UQ,
IV2 3UR,
IV2 3US,
IV2 3UT,
IV2 3UU,
IV2 3UW,
IV2 3UX,
IV2 3UY,
IV2 3UZ,
IV2 3WA,
IV2 3WB,
IV2 3WD,
IV2 3WE,
IV2 3WF,
IV2 3WG,
IV2 3WH,
IV2 3WJ,
IV2 3WL,
IV2 3WP,
IV2 3WQ,
IV2 3WX,
IV2 3WY,
IV2 3WZ,
IV2 3XA,
IV2 3XB,
IV2 3XD,
IV2 3XE,
IV2 3XF,
IV2 3XG,
IV2 3XH,
IV2 3XJ,
IV2 3XL,
IV2 3XN,
IV2 3XP,
IV2 3XQ,
IV2 3XR,
IV2 3XS,
IV2 3XT,
IV2 3XU,
IV2 3XW,
IV2 3XX,
IV2 3XY,
IV2 3XZ,
IV2 3YA,
IV2 3YB,
IV2 3YD,
IV2 3YE,
IV2 3YF,
IV2 3YG,
IV2 3YH,
IV2 3YJ,
IV2 3YL,
IV2 3YN,
IV2 3YP,
IV2 3YQ,
IV2 3YR,
IV2 3YS,
IV2 3YT,
IV2 3YU,
IV2 3YW,
IV2 3YX,
IV2 3YZ,
IV2 3ZA,
IV2 3ZB,
IV2 3ZD,
IV2 3ZE,
IV2 3ZF,
IV2 3ZG,
IV2 3ZH,
IV2 3ZJ,
IV2 3ZL,
IV2 3ZN,
IV2 3ZP,
IV2 3ZQ,
IV2 3ZT,
IV2 4AA,
IV2 4AB,
IV2 4AD,
IV2 4AE,
IV2 4AF,
IV2 4AG,
IV2 4AH,
IV2 4AJ,
IV2 4AL,
IV2 4AN,
IV2 4AP,
IV2 4AQ,
IV2 4AR,
IV2 4AS,
IV2 4AT,
IV2 4AU,
IV2 4AW,
IV2 4AX,
IV2 4AY,
IV2 4AZ,
IV2 4BA,
IV2 4BB,
IV2 4BD,
IV2 4BE,
IV2 4BF,
IV2 4BG,
IV2 4BH,
IV2 4BJ,
IV2 4BL,
IV2 4BN,
IV2 4BP,
IV2 4BQ,
IV2 4BS,
IV2 4BT,
IV2 4BU,
IV2 4BW,
IV2 4BX,
IV2 4BY,
IV2 4BZ,
IV2 4DA,
IV2 4DB,
IV2 4DD,
IV2 4DE,
IV2 4DF,
IV2 4DG,
IV2 4DH,
IV2 4DJ,
IV2 4DL,
IV2 4DN,
IV2 4DP,
IV2 4DQ,
IV2 4DR,
IV2 4DS,
IV2 4DT,
IV2 4DU,
IV2 4DW,
IV2 4DX,
IV2 4DZ,
IV2 4EA,
IV2 4EB,
IV2 4ED,
IV2 4EE,
IV2 4EF,
IV2 4EG,
IV2 4EH,
IV2 4EJ,
IV2 4EL,
IV2 4EN,
IV2 4EP,
IV2 4EQ,
IV2 4ER,
IV2 4ES,
IV2 4ET,
IV2 4EU,
IV2 4EW,
IV2 4EX,
IV2 4EY,
IV2 4FB,
IV2 4FD,
IV2 4FN,
IV2 4FW,
IV2 4GB,
IV2 4GR,
IV2 4GS,
IV2 4GT,
IV2 4GU,
IV2 4GW,
IV2 4GX,
IV2 4GY,
IV2 4GZ,
IV2 4HA,
IV2 4HB,
IV2 4HD,
IV2 4HE,
IV2 4HF,
IV2 4HG,
IV2 4HH,
IV2 4HJ,
IV2 4HL,
IV2 4HN,
IV2 4HP,
IV2 4HQ,
IV2 4HR,
IV2 4HS,
IV2 4HT,
IV2 4HU,
IV2 4HW,
IV2 4HX,
IV2 4HY,
IV2 4HZ,
IV2 4JA,
IV2 4JB,
IV2 4JD,
IV2 4JE,
IV2 4JF,
IV2 4JG,
IV2 4JH,
IV2 4JJ,
IV2 4JL,
IV2 4JN,
IV2 4JP,
IV2 4JQ,
IV2 4JR,
IV2 4JS,
IV2 4JT,
IV2 4JU,
IV2 4JW,
IV2 4JX,
IV2 4JY,
IV2 4JZ,
IV2 4LA,
IV2 4LB,
IV2 4LD,
IV2 4LE,
IV2 4LF,
IV2 4LG,
IV2 4LH,
IV2 4LJ,
IV2 4LL,
IV2 4LN,
IV2 4LP,
IV2 4LQ,
IV2 4LR,
IV2 4LS,
IV2 4LT,
IV2 4LU,
IV2 4LW,
IV2 4LX,
IV2 4LY,
IV2 4LZ,
IV2 4NA,
IV2 4NB,
IV2 4ND,
IV2 4NE,
IV2 4NF,
IV2 4NG,
IV2 4NH,
IV2 4NJ,
IV2 4NL,
IV2 4NN,
IV2 4NP,
IV2 4NQ,
IV2 4NR,
IV2 4NS,
IV2 4NT,
IV2 4NU,
IV2 4NW,
IV2 4NX,
IV2 4NY,
IV2 4NZ,
IV2 4PA,
IV2 4PB,
IV2 4PD,
IV2 4PE,
IV2 4PF,
IV2 4PG,
IV2 4PH,
IV2 4PJ,
IV2 4PL,
IV2 4PN,
IV2 4PP,
IV2 4PQ,
IV2 4PR,
IV2 4PS,
IV2 4PT,
IV2 4PU,
IV2 4PW,
IV2 4PX,
IV2 4PY,
IV2 4PZ,
IV2 4QA,
IV2 4QB,
IV2 4QD,
IV2 4QE,
IV2 4QF,
IV2 4QG,
IV2 4QH,
IV2 4QJ,
IV2 4QL,
IV2 4QN,
IV2 4QP,
IV2 4QQ,
IV2 4QR,
IV2 4QS,
IV2 4QT,
IV2 4QU,
IV2 4QW,
IV2 4QX,
IV2 4QY,
IV2 4QZ,
IV2 4RA,
IV2 4RB,
IV2 4RD,
IV2 4RE,
IV2 4RF,
IV2 4RG,
IV2 4RH,
IV2 4RJ,
IV2 4RL,
IV2 4RN,
IV2 4RP,
IV2 4RQ,
IV2 4RR,
IV2 4RS,
IV2 4RT,
IV2 4RU,
IV2 4RW,
IV2 4RX,
IV2 4RY,
IV2 4RZ,
IV2 4SA,
IV2 4SB,
IV2 4SD,
IV2 4SE,
IV2 4SF,
IV2 4SG,
IV2 4SH,
IV2 4SJ,
IV2 4SL,
IV2 4SN,
IV2 4SP,
IV2 4SQ,
IV2 4SR,
IV2 4SS,
IV2 4ST,
IV2 4SU,
IV2 4SW,
IV2 4SX,
IV2 4SY,
IV2 4SZ,
IV2 4TA,
IV2 4TB,
IV2 4TD,
IV2 4TE,
IV2 4TF,
IV2 4TG,
IV2 4TH,
IV2 4TJ,
IV2 4TL,
IV2 4TN,
IV2 4TP,
IV2 4TR,
IV2 4TS,
IV2 4TT,
IV2 4TU,
IV2 4TW,
IV2 4TX,
IV2 4TY,
IV2 4TZ,
IV2 4UA,
IV2 4UB,
IV2 4UD,
IV2 4UE,
IV2 4UF,
IV2 4UG,
IV2 4UH,
IV2 4UJ,
IV2 4UL,
IV2 4UN,
IV2 4UP,
IV2 4UQ,
IV2 4UR,
IV2 4UU,
IV2 4UW,
IV2 4UX,
IV2 4UY,
IV2 4WA,
IV2 4WB,
IV2 4WD,
IV2 4WE,
IV2 4WF,
IV2 4WG,
IV2 4WH,
IV2 4WJ,
IV2 4WL,
IV2 4WN,
IV2 4WP,
IV2 4WQ,
IV2 4WR,
IV2 4WS,
IV2 4WT,
IV2 4WW,
IV2 4WY,
IV2 4WZ,
IV2 4XA,
IV2 4XB,
IV2 4XD,
IV2 4XE,
IV2 4XF,
IV2 4XG,
IV2 4XH,
IV2 4XJ,
IV2 4XL,
IV2 4XN,
IV2 4XP,
IV2 4XQ,
IV2 4XR,
IV2 4XS,
IV2 4XT,
IV2 4XU,
IV2 4XW,
IV2 4XX,
IV2 4XZ,
IV2 4YA,
IV2 4YB,
IV2 4YD,
IV2 4YE,
IV2 4YF,
IV2 4YG,
IV2 4YH,
IV2 4YJ,
IV2 4YL,
IV2 4YN,
IV2 4YP,
IV2 4YQ,
IV2 4YR,
IV2 4YS,
IV2 4YT,
IV2 4YU,
IV2 4YW,
IV2 4YX,
IV2 4ZA,
IV2 4ZB,
IV2 4ZD,
IV2 4ZE,
IV2 4ZF,
IV2 4ZH,
IV2 4ZS,
IV2 4ZY,
IV2 5AA,
IV2 5AB,
IV2 5AD,
IV2 5AE,
IV2 5AF,
IV2 5AG,
IV2 5AH,
IV2 5AJ,
IV2 5AL,
IV2 5AN,
IV2 5AP,
IV2 5AQ,
IV2 5AR,
IV2 5AS,
IV2 5AT,
IV2 5AW,
IV2 5AX,
IV2 5AY,
IV2 5AZ,
IV2 5BA,
IV2 5BB,
IV2 5BD,
IV2 5BE,
IV2 5BF,
IV2 5BG,
IV2 5BH,
IV2 5BJ,
IV2 5BL,
IV2 5BN,
IV2 5BP,
IV2 5BQ,
IV2 5BS,
IV2 5BT,
IV2 5BU,
IV2 5BW,
IV2 5BX,
IV2 5BY,
IV2 5BZ,
IV2 5DA,
IV2 5DB,
IV2 5DD,
IV2 5DE,
IV2 5DF,
IV2 5DG,
IV2 5DH,
IV2 5DJ,
IV2 5DL,
IV2 5DN,
IV2 5DP,
IV2 5DQ,
IV2 5DR,
IV2 5DS,
IV2 5DT,
IV2 5DU,
IV2 5DW,
IV2 5DX,
IV2 5DY,
IV2 5DZ,
IV2 5EA,
IV2 5EB,
IV2 5ED,
IV2 5EE,
IV2 5EF,
IV2 5EG,
IV2 5EH,
IV2 5EJ,
IV2 5EL,
IV2 5EN,
IV2 5EP,
IV2 5EQ,
IV2 5ER,
IV2 5ES,
IV2 5ET,
IV2 5EU,
IV2 5EW,
IV2 5EX,
IV2 5EY,
IV2 5EZ,
IV2 5FA,
IV2 5FB,
IV2 5FD,
IV2 5FE,
IV2 5FF,
IV2 5FG,
IV2 5FH,
IV2 5FJ,
IV2 5FL,
IV2 5FN,
IV2 5FP,
IV2 5FQ,
IV2 5FR,
IV2 5FS,
IV2 5FT,
IV2 5FW,
IV2 5FX,
IV2 5FY,
IV2 5FZ,
IV2 5GA,
IV2 5GB,
IV2 5GD,
IV2 5GE,
IV2 5GF,
IV2 5GG,
IV2 5GH,
IV2 5GJ,
IV2 5GL,
IV2 5GN,
IV2 5GP,
IV2 5GQ,
IV2 5GR,
IV2 5GS,
IV2 5GT,
IV2 5GU,
IV2 5GW,
IV2 5GX,
IV2 5GY,
IV2 5GZ,
IV2 5HA,
IV2 5HB,
IV2 5HD,
IV2 5HE,
IV2 5HF,
IV2 5HG,
IV2 5HH,
IV2 5HJ,
IV2 5HL,
IV2 5HN,
IV2 5HP,
IV2 5HQ,
IV2 5HR,
IV2 5HS,
IV2 5HT,
IV2 5HU,
IV2 5HW,
IV2 5HX,
IV2 5HY,
IV2 5HZ,
IV2 5JA,
IV2 5JD,
IV2 5JE,
IV2 5JF,
IV2 5JG,
IV2 5JH,
IV2 5JY,
IV2 5NA,
IV2 5NB,
IV2 5NG,
IV2 5NQ,
IV2 5PA,
IV2 5PB,
IV2 5PG,
IV2 5PH,
IV2 5PL,
IV2 5PN,
IV2 5PP,
IV2 5PQ,
IV2 5PR,
IV2 5PS,
IV2 5PT,
IV2 5PW,
IV2 5RG,
IV2 5RH,
IV2 5TA,
IV2 5TB,
IV2 5TD,
IV2 5TE,
IV2 5TF,
IV2 5TG,
IV2 5TH,
IV2 5TJ,
IV2 5TL,
IV2 5TN,
IV2 5TP,
IV2 5TQ,
IV2 5TR,
IV2 5UE,
IV2 5WA,
IV2 5WB,
IV2 5WD,
IV2 5WE,
IV2 5WG,
IV2 5WW,
IV2 5XL,
IV2 5XN,
IV2 5XQ,
IV2 5YA,
IV2 5YB,
IV2 5YD,
IV2 5YE,
IV2 5YF,
IV2 5YG,
IV2 5YH,
IV2 5YJ,
IV2 5YL,
IV2 5YN,
IV2 5YP,
IV2 5ZP,
IV2 5ZR,
IV2 5ZY,
IV2 6AA,
IV2 6AB,
IV2 6AD,
IV2 6AE,
IV2 6AF,
IV2 6AG,
IV2 6AH,
IV2 6AJ,
IV2 6AL,
IV2 6AN,
IV2 6AP,
IV2 6AQ,
IV2 6AR,
IV2 6AS,
IV2 6AT,
IV2 6AU,
IV2 6AW,
IV2 6AX,
IV2 6AY,
IV2 6AZ,
IV2 6BA,
IV2 6BB,
IV2 6BD,
IV2 6BE,
IV2 6BF,
IV2 6BG,
IV2 6BH,
IV2 6BJ,
IV2 6BL,
IV2 6BN,
IV2 6BP,
IV2 6BQ,
IV2 6BS,
IV2 6BT,
IV2 6BU,
IV2 6BW,
IV2 6BX,
IV2 6BY,
IV2 6BZ,
IV2 6DA,
IV2 6DB,
IV2 6DD,
IV2 6DE,
IV2 6DF,
IV2 6DG,
IV2 6DH,
IV2 6DJ,
IV2 6DL,
IV2 6DN,
IV2 6DP,
IV2 6DQ,
IV2 6DR,
IV2 6DS,
IV2 6DT,
IV2 6DU,
IV2 6DW,
IV2 6DX,
IV2 6DY,
IV2 6DZ,
IV2 6EA,
IV2 6EB,
IV2 6ED,
IV2 6EE,
IV2 6EF,
IV2 6EG,
IV2 6EH,
IV2 6EJ,
IV2 6EL,
IV2 6EN,
IV2 6EP,
IV2 6EQ,
IV2 6ER,
IV2 6ET,
IV2 6EU,
IV2 6EW,
IV2 6EX,
IV2 6EY,
IV2 6EZ,
IV2 6FD,
IV2 6FE,
IV2 6FF,
IV2 6FG,
IV2 6FH,
IV2 6FJ,
IV2 6FL,
IV2 6FN,
IV2 6GA,
IV2 6GB,
IV2 6GD,
IV2 6GE,
IV2 6GF,
IV2 6GG,
IV2 6GH,
IV2 6GJ,
IV2 6GL,
IV2 6GN,
IV2 6GP,
IV2 6GQ,
IV2 6GR,
IV2 6GS,
IV2 6GT,
IV2 6GU,
IV2 6GW,
IV2 6GX,
IV2 6GY,
IV2 6GZ,
IV2 6HA,
IV2 6HB,
IV2 6HD,
IV2 6HE,
IV2 6HF,
IV2 6HG,
IV2 6HH,
IV2 6RB,
IV2 6RD,
IV2 6RE,
IV2 6RF,
IV2 6RG,
IV2 6RH,
IV2 6RJ,
IV2 6TQ,
IV2 6TR,
IV2 6TS,
IV2 6TT,
IV2 6TU,
IV2 6TW,
IV2 6TX,
IV2 6TY,
IV2 6TZ,
IV2 6UA,
IV2 6UB,
IV2 6UD,
IV2 6UE,
IV2 6UF,
IV2 6UG,
IV2 6UH,
IV2 6UJ,
IV2 6UL,
IV2 6UN,
IV2 6UP,
IV2 6UQ,
IV2 6UR,
IV2 6US,
IV2 6UT,
IV2 6UU,
IV2 6UW,
IV2 6UX,
IV2 6UY,
IV2 6UZ,
IV2 6WA,
IV2 6WB,
IV2 6WF,
IV2 6WG,
IV2 6WH,
IV2 6WT,
IV2 6XA,
IV2 6XB,
IV2 6XD,
IV2 6XE,
IV2 6XF,
IV2 6XG,
IV2 6XH,
IV2 6XJ,
IV2 6XL,
IV2 6XN,
IV2 6XP,
IV2 6XQ,
IV2 6XR,
IV2 6XS,
IV2 6XT,
IV2 6XU,
IV2 6XW,
IV2 6XX,
IV2 6XY,
IV2 6XZ,
IV2 6YA,
IV2 6YB,
IV2 6YD,
IV2 6YE,
IV2 6YF,
IV2 6YG,
IV2 6YH,
IV2 6YJ,
IV2 6YL,
IV2 6YN,
IV2 6YP,
IV2 6YR,
IV2 6YS,
IV2 6ZQ,
IV2 7AA,
IV2 7AB,
IV2 7AD,
IV2 7AE,
IV2 7AF,
IV2 7AH,
IV2 7AL,
IV2 7AQ,
IV2 7AR,
IV2 7AY,
IV2 7AZ,
IV2 7BZ,
IV2 7DU,
IV2 7DX,
IV2 7DY,
IV2 7DZ,
IV2 7EU,
IV2 7EX,
IV2 7EY,
IV2 7EZ,
IV2 7FD,
IV2 7FG,
IV2 7FJ,
IV2 7FL,
IV2 7FQ,
IV2 7FT,
IV2 7FX,
IV2 7FY,
IV2 7FZ,
IV2 7GB,
IV2 7GD,
IV2 7GE,
IV2 7GF,
IV2 7GG,
IV2 7GJ,
IV2 7GP,
IV2 7GS,
IV2 7GT,
IV2 7GU,
IV2 7GW,
IV2 7GX,
IV2 7HA,
IV2 7HB,
IV2 7HE,
IV2 7HF,
IV2 7HG,
IV2 7HH,
IV2 7HJ,
IV2 7HL,
IV2 7HN,
IV2 7HP,
IV2 7HQ,
IV2 7HR,
IV2 7HS,
IV2 7HT,
IV2 7HU,
IV2 7HW,
IV2 7HX,
IV2 7HY,
IV2 7HZ,
IV2 7JA,
IV2 7JB,
IV2 7JD,
IV2 7JE,
IV2 7JF,
IV2 7JG,
IV2 7JH,
IV2 7JJ,
IV2 7JL,
IV2 7JN,
IV2 7JP,
IV2 7JQ,
IV2 7JR,
IV2 7JS,
IV2 7JT,
IV2 7JU,
IV2 7JW,
IV2 7JX,
IV2 7JY,
IV2 7JZ,
IV2 7LA,
IV2 7LB,
IV2 7LD,
IV2 7LE,
IV2 7LF,
IV2 7LG,
IV2 7LH,
IV2 7LJ,
IV2 7LL,
IV2 7LN,
IV2 7LP,
IV2 7LQ,
IV2 7LR,
IV2 7LS,
IV2 7LT,
IV2 7LU,
IV2 7LW,
IV2 7LX,
IV2 7LY,
IV2 7LZ,
IV2 7NA,
IV2 7NB,
IV2 7ND,
IV2 7NE,
IV2 7NF,
IV2 7NG,
IV2 7NH,
IV2 7NJ,
IV2 7NL,
IV2 7NN,
IV2 7NP,
IV2 7NQ,
IV2 7NR,
IV2 7NS,
IV2 7NT,
IV2 7NU,
IV2 7NW,
IV2 7NX,
IV2 7NY,
IV2 7NZ,
IV2 7PA,
IV2 7PB,
IV2 7PD,
IV2 7PE,
IV2 7PF,
IV2 7PG,
IV2 7PH,
IV2 7PJ,
IV2 7PL,
IV2 7PQ,
IV2 7PW,
IV2 7PX,
IV2 7PY,
IV2 7PZ,
IV2 7QA,
IV2 7QB,
IV2 7QD,
IV2 7QE,
IV2 7QF,
IV2 7QG,
IV2 7QH,
IV2 7QJ,
IV2 7QL,
IV2 7QN,
IV159WE,
IV159WF,
IV159WG,
IV159WJ,
IV159WL,
IV159WN,
IV159WP,
IV159WQ,
IV159WS,
IV159WU,
IV159WW,
IV159WX,
IV159WY,
IV159WZ,
IV159XA,
IV159XB,
IV159XD,
IV159XE,
IV159XF,
IV159XG,
IV159XH,
IV159XL,
IV159XN,
IV159XP,
IV159XY,
IV159XZ,
IV159YA,
IV159YB,
IV159YD,
IV159YE,
IV159YF,
IV159YG,
IV159YH,
IV159YJ,
IV159YL,
IV159YN,
IV159YP,
IV159YQ,
IV159YR,
IV159YS,
IV159YT,
IV159YU,
IV159YW,
IV159ZA,
IV169AB,
IV169AD,
IV169UA,
IV169UB,
IV169UD,
IV169UG,
IV169UH,
IV169UJ,
IV169UL,
IV169UN,
IV169UP,
IV169UQ,
IV169UR,
IV169UT,
IV169UU,
IV169UW,
IV169UX,
IV169UY,
IV169UZ,
IV169WA,
IV169WE,
IV169WF,
IV169XA,
IV169XB,
IV169XD,
IV169XE,
IV169XF,
IV169XG,
IV169XH,
IV169XJ,
IV169XL,
IV169XN,
IV169XP,
IV169XQ,
IV169XR,
IV169XS,
IV169XT,
IV169XU,
IV169XW,
IV169XX,
IV169XY,
IV169XZ,
IV169YA,
IV169YB,
IV169YD,
IV169YE,
IV169YF,
IV169YG,
IV169YH,
IV169YJ,
IV169YL,
IV169YN,
IV169YP,
IV169YQ,
IV169YR,
IV169YS,
IV169YT,
IV169YU,
IV169YW,
IV169YX,
IV169ZA,
IV169ZD,
IV170AA,
IV170AB,
IV170AD,
IV170AE,
IV170AF,
IV170NA,
IV170NZ,
IV170PA,
IV170PB,
IV170PD,
IV170PE,
IV170PF,
IV170PG,
IV170PH,
IV170PJ,
IV170PL,
IV170PN,
IV170PP,
IV170PQ,
IV170PR,
IV170PS,
IV170PT,
IV170PU,
IV170PW,
IV170PX,
IV170PY,
IV170PZ,
IV170QA,
IV170QB,
IV170QD,
IV170QE,
IV170QF,
IV170QG,
IV170QH,
IV170QJ,
IV170QL,
IV170QN,
IV170QP,
IV170QQ,
IV170QR,
IV170QS,
IV170QT,
IV170QU,
IV170QW,
IV170QX,
IV170QY,
IV170QZ,
IV170RA,
IV170RB,
IV170RD,
IV170RE,
IV170RF,
IV170RG,
IV170RH,
IV170RJ,
IV170RL,
IV170RN,
IV170RP,
IV170RQ,
IV170RR,
IV170RS,
IV170RT,
IV170RU,
IV170RW,
IV170RX,
IV170RY,
IV170RZ,
IV170SA,
IV170SB,
IV170SD,
IV170SE,
IV170SF,
IV170SG,
IV170SH,
IV170SJ,
IV170SL,
IV170SN,
IV170SP,
IV170SQ,
IV170SR,
IV170SS,
IV170ST,
IV170SU,
IV170SW,
IV170SX,
IV170SY,
IV170SZ,
IV170TA,
IV170TB,
IV170TD,
IV170TE,
IV170TF,
IV170TG,
IV170TH,
IV170TJ,
IV170TL,
IV170TN,
IV170TP,
IV170TR,
IV170TS,
IV170TT,
IV170TU,
IV170TW,
IV170TX,
IV170TY,
IV170TZ,
IV170UA,
IV170UB,
IV170UD,
IV170UE,
IV170UF,
IV170UG,
IV170UH,
IV170UJ,
IV170UL,
IV170UN,
IV170UP,
IV170UQ,
IV170UR,
IV170US,
IV170UT,
IV170UU,
IV170UW,
IV170UX,
IV170UY,
IV170UZ,
IV170WA,
IV170WD,
IV170WE,
IV170WF,
IV170WG,
IV170WH,
IV170WJ,
IV170WL,
IV170WN,
IV170WP,
IV170WQ,
IV170WR,
IV170WS,
IV170WU,
IV170WW,
IV170WX,
IV170WY,
IV170WZ,
IV170XA,
IV170XB,
IV170XD,
IV170XE,
IV170XF,
IV170XG,
IV170XH,
IV170XJ,
IV170XL,
IV170XN,
IV170XP,
IV170XQ,
IV170XR,
IV170XS,
IV170XT,
IV170XU,
IV170XW,
IV170XX,
IV170XY,
IV170XZ,
IV170YA,
IV170YB,
IV170YD,
IV170YE,
IV170YF,
IV170YG,
IV170YH,
IV170YJ,
IV170YL,
IV170YN,
IV170YP,
IV170YQ,
IV170YR,
IV170YS,
IV170YT,
IV170YU,
IV170YW,
IV170YX,
IV170ZA,
IV170ZB,
IV170ZD,
IV170ZE,
IV180AA,
IV180AB,
IV180AD,
IV180AE,
IV180AF,
IV180AG,
IV180AH,
IV180AJ,
IV180AL,
IV180AN,
IV180AP,
IV180AQ,
IV180AR,
IV180AS,
IV180AT,
IV180AU,
IV180AW,
IV180AX,
IV180AY,
IV180AZ,
IV180BA,
IV180BB,
IV180BD,
IV180BE,
IV180BF,
IV180BG,
IV180BH,
IV180BJ,
IV180BL,
IV180BN,
IV180BP,
IV180BQ,
IV180BS,
IV180BT,
IV180BU,
IV180BW,
IV180BX,
IV180BY,
IV180BZ,
IV180DA,
IV180DB,
IV180DD,
IV180DE,
IV180DF,
IV180DG,
IV180DH,
IV180DJ,
IV180DL,
IV180DN,
IV180DP,
IV180DQ,
IV180DR,
IV180DS,
IV180DT,
IV180DU,
IV180DW,
IV180DX,
IV180DY,
IV180DZ,
IV180EA,
IV180EB,
IV180ED,
IV180EE,
IV180EF,
IV180EG,
IV180EH,
IV180EJ,
IV180EL,
IV180EN,
IV180EP,
IV180EQ,
IV180ER,
IV180ES,
IV180ET,
IV180EU,
IV180EW,
IV180EX,
IV180EY,
IV180EZ,
IV180FB,
IV180GF,
IV180GH,
IV180HA,
IV180HD,
IV180HE,
IV180HF,
IV180HG,
IV180HH,
IV180HJ,
IV180HL,
IV180HN,
IV180HP,
IV180HQ,
IV180HR,
IV180HS,
IV180HT,
IV180HU,
IV180HW,
IV180HX,
IV180HY,
IV180HZ,
IV180JA,
IV180JB,
IV180JD,
IV180JE,
IV180JF,
IV180JG,
IV180JH,
IV180JJ,
IV180JL,
IV180JN,
IV180JP,
IV180JQ,
IV180JR,
IV180JS,
IV180JT,
IV180JU,
IV180JW,
IV180JX,
IV180JY,
IV180JZ,
IV180LA,
IV180LB,
IV180LD,
IV180LE,
IV180LF,
IV180LG,
IV180LH,
IV180LJ,
IV180LL,
IV180LN,
IV180LP,
IV180LQ,
IV180LR,
IV180LS,
IV180LT,
IV180LU,
IV180LW,
IV180LX,
IV180LY,
IV180LZ,
IV180NA,
IV180NB,
IV180ND,
IV180NE,
IV180NF,
IV180NG,
IV180NH,
IV180NJ,
IV180NL,
IV180NN,
IV180NP,
IV180NQ,
IV180NR,
IV180NS,
IV180NT,
IV180NU,
IV180NW,
IV180NX,
IV180NY,
IV180NZ,
IV180PA,
IV180PB,
IV180PD,
IV180PE,
IV180PF,
IV180PG,
IV180PH,
IV180PJ,
IV180PL,
IV180PN,
IV180PP,
IV180PQ,
IV180PR,
IV180PS,
IV180PT,
IV180PU,
IV180PW,
IV180PX,
IV180PY,
IV180PZ,
IV180QA,
IV180QB,
IV180QD,
IV180QE,
IV180QF,
IV180QG,
IV180QH,
IV180QJ,
IV180QL,
IV180QN,
IV180QP,
IV180QQ,
IV180QR,
IV180QS,
IV180QW,
IV180QX,
IV180QY,
IV180QZ,
IV180RA,
IV180RB,
IV180RD,
IV180RE,
IV180RF,
IV180RG,
IV180RH,
IV180RJ,
IV180RL,
IV180RN,
IV180RP,
IV180RQ,
IV180RS,
IV180RY,
IV180SA,
IV180SB,
IV180SD,
IV180SF,
IV180WA,
IV180WB,
IV180WE,
IV180WZ,
IV180XA,
IV180YA,
IV180YB,
IV180YD,
IV180YE,
IV180YF,
IV180YG,
IV180YH,
IV180YJ,
IV180YL,
IV180YN,
IV180YP,
IV180YQ,
IV180ZB,
IV189AA,
IV189AB,
IV191AA,
IV191AB,
IV191AD,
IV191AE,
IV191AF,
IV191AG,
IV191AH,
IV191AJ,
IV191AL,
IV191AN,
IV191AP,
IV191AQ,
IV191AR,
IV191AS,
IV191AT,
IV191AU,
IV191AW,
IV191AX,
IV191AY,
IV191AZ,
IV191BA,
IV191BB,
IV191BD,
IV191BE,
IV191BF,
IV191BG,
IV191BH,
IV191BJ,
IV191BL,
IV191BN,
IV191BP,
IV191BQ,
IV191BS,
IV191BT,
IV191BU,
IV191BW,
IV191BX,
IV191BY,
IV191BZ,
IV191DA,
IV191DB,
IV191DD,
IV191DE,
IV191DF,
IV191DG,
IV191DH,
IV191DJ,
IV191DL,
IV191DN,
IV191DP,
IV191DQ,
IV191DR,
IV191DS,
IV191DT,
IV191DU,
IV191DW,
IV191DX,
IV191DY,
IV191DZ,
IV191EA,
IV191EB,
IV191ED,
IV191EE,
IV191EF,
IV191EG,
IV191EH,
IV191EJ,
IV191EL,
IV191EN,
IV191EP,
IV191EQ,
IV191ER,
IV191ES,
IV191ET,
IV191EU,
IV191EW,
IV191EX,
IV191EY,
IV191EZ,
IV191FB,
IV191FD,
IV191FE,
IV191FF,
IV191FG,
IV191GA,
IV191GB,
IV191GD,
IV191GL,
IV191GZ,
IV191HA,
IV191HB,
IV191HD,
IV191HE,
IV191HF,
IV191HG,
IV191HH,
IV191HJ,
IV191HL,
IV191HN,
IV191HP,
IV191HQ,
IV191HR,
IV191HS,
IV191HT,
IV191HU,
IV191HW,
IV191HX,
IV191HY,
IV191HZ,
IV191JA,
IV191JB,
IV191JD,
IV191JE,
IV191JF,
IV191JG,
IV191JH,
IV191JJ,
IV191JL,
IV191JN,
IV191JP,
IV191JQ,
IV191JR,
IV191JS,
IV191JT,
IV191JU,
IV191JW,
IV191JX,
IV191JY,
IV191JZ,
IV191LA,
IV191LB,
IV191LD,
IV191LE,
IV191LF,
IV191LG,
IV191LH,
IV191LJ,
IV191LL,
IV191LN,
IV191LP,
IV191LQ,
IV191LR,
IV191LS,
IV191LT,
IV191LU,
IV191LW,
IV191LX,
IV191LY,
IV191LZ,
IV191NA,
IV191NB,
IV191ND,
IV191NE,
IV191NF,
IV191NG,
IV191NH,
IV191NJ,
IV191NL,
IV191NN,
IV191NP,
IV191NQ,
IV191NR,
IV191NS,
IV191NT,
IV191NU,
IV191NW,
IV191NX,
IV191NY,
IV191NZ,
IV191PA,
IV191PB,
IV191PD,
IV191PE,
IV191PF,
IV191PG,
IV191PH,
IV191PJ,
IV191PL,
IV191PN,
IV191PP,
IV191PQ,
IV191PR,
IV191PS,
IV191PT,
IV191PU,
IV191PW,
IV191PX,
IV191PY,
IV191PZ,
IV191QA,
IV191QB,
IV191QD,
IV191QF,
IV191QG,
IV191QH,
IV191QJ,
IV191QL,
IV191QN,
IV191QP,
IV191QR,
IV191QS,
IV191QT,
IV191QU,
IV191QW,
IV191QX,
IV191QY,
IV191QZ,
IV191RA,
IV191RD,
IV191RE,
IV191RG,
IV191RJ,
IV191RL,
IV191RQ,
IV191WA,
IV191WB,
IV191WD,
IV191WE,
IV191WZ,
IV191YA,
IV191YB,
IV191YD,
IV191YE,
IV191YF,
IV191YG,
IV191YH,
IV191YL,
IV191YN,
IV191YP,
IV191YQ,
IV199AA,
IV199AB,
IV199AD,
IV2 2AA,
IV2 3AA,
IV2 3AB,
IV2 3AD,
IV2 3AE,
IV2 3AF,
IV2 3AG,
IV2 3AH,
IV2 3AJ,
IV2 3AL,
IV2 3AN,
IV2 3AP,
IV2 3AQ,
IV2 3AR,
IV2 3AS,
IV2 3AT,
IV2 3AU,
IV2 3AW,
IV2 3AX,
IV2 3AY,
IV2 3AZ,
IV2 3BA,
IV2 3BB,
IV2 3BD,
IV2 3BE,
IV2 3BF,
IV2 3BG,
IV2 3BH,
IV2 3BJ,
IV2 3BL,
IV2 3BN,
IV2 3BP,
IV2 3BQ,
IV2 3BS,
IV2 3BT,
IV2 3BU,
IV2 3BW,
IV2 3BX,
IV2 3BY,
IV2 3BZ,
IV2 3DA,
IV2 3DB,
IV2 3DD,
IV2 3DE,
IV2 3DF,
IV2 3DG,
IV2 3DH,
IV2 3DJ,
IV2 3DL,
IV2 3DN,
IV2 3DP,
IV2 3DQ,
IV2 3DR,
IV2 3DS,
IV2 3DT,
IV2 3DU,
IV2 3DW,
IV2 3DX,
IV2 3DY,
IV2 3DZ,
IV2 3EA,
IV2 3EB,
IV2 3ED,
IV2 3EE,
IV2 3EF,
IV2 3EG,
IV2 3EH,
IV2 3EJ,
IV2 3EL,
IV2 3EN,
IV2 3EP,
IV2 3EQ,
IV2 3ER,
IV2 3ES,
IV2 3ET,
IV2 3EU,
IV2 3EW,
IV2 3EX,
IV2 3EY,
IV2 3EZ,
IV2 3FB,
IV2 3FD,
IV2 3FE,
IV2 3FF,
IV2 3FG,
IV2 3FH,
IV2 3FJ,
IV2 3FL,
IV2 3FN,
IV2 3FP,
IV2 3GA,
IV2 3GS,
IV2 3HA,
IV2 3HB,
IV2 3HD,
IV2 3HE,
IV2 3HF,
IV2 3HG,
IV2 3HH,
IV2 3HJ,
IV2 3HL,
IV2 3HN,
IV2 3HP,
IV2 3HQ,
IV2 3HR,
IV2 3HS,
IV2 3HT,
IV2 3HU,
IV2 3HW,
IV2 3HX,
IV2 3HY,
IV2 3HZ,
IV2 3JA,
IV2 3JB,
IV2 3JD,
IV2 3JE,
IV2 3JF,
IV2 3JH,
IV2 3JJ,
IV2 3JL,
IV2 3JN,
IV2 3JP,
IV2 3JQ,
IV2 3JR,
IV2 3JS,
IV2 3JT,
IV2 3JU,
IV2 3JW,
IV2 3JX,
IV2 3JY,
IV2 3JZ,
IV2 3LA,
IV2 3LB,
IV2 3LD,
IV2 3LE,
IV2 3LF,
IV2 3LG,
IV2 3LH,
IV2 3LJ,
IV2 3LL,
IV2 3LN,
IV2 3LP,
IV2 3LQ,
IV2 3LR,
IV2 3LS,
IV2 3LT,
IV2 3LU,
IV2 3LW,
IV2 3LX,
IV2 3LY,
IV2 3LZ,
IV2 3NA,
IV2 3NB,
IV2 3ND,
IV2 3NE,
IV2 3NF,
IV2 3NG,
IV2 3NH,
IV2 3NJ,
IV2 3NL,
IV2 3NN,
IV2 3NP,
IV2 3NQ,
IV2 3NR,
IV2 3NS,
IV2 3NT,
IV2 3NU,
IV2 3NW,
IV2 3NX,
IV2 3NY,
IV2 3NZ,
IV2 3PA,
IV2 3PB,
IV2 3PD,
IV2 3PE,
IV2 3PF,
IV2 3PG,
IV2 3PH,
IV2 3PJ,
IV2 3PL,
IV2 3PN,
IV2 3PP,
IV2 3PQ,
IV2 3PR,
IV2 3PS,
IV2 3PT,
IV2 3PU,
IV2 3PW,
IV2 3PX,
IV2 3PY,
IV2 3PZ,
IV2 3QA,
IV2 3QB,
IV2 3QD,
IV2 3QE,
IV2 3QF,
IV2 3QG,
IV2 3QH,
IV2 3QJ,
IV2 3QL,
IV2 3QN,
IV2 3QP,
IV2 3QQ,
IV2 3QR,
IV2 3QS,
IV2 3QT,
IV2 3QU,
IV2 3QW,
IV2 3QX,
IV2 3QY,
IV2 3QZ,
IV2 3RA,
IV2 3RB,
IV2 3RD,
IV2 3RE,
IV2 3RF,
IV2 3RG,
IV2 3RH,
IV2 3RJ,
IV2 3RL,
IV2 3RN,
IV2 3RP,
IV2 3RQ,
IV2 3RR,
IV2 3RS,
IV2 3RT,
IV2 3RU,
IV2 3RW,
IV2 3RX,
IV2 3RY,
IV2 3RZ,
IV2 3SA,
IV2 3SB,
IV2 3SD,
IV2 3SE,
IV2 3SF,
IV2 3SG,
IV2 3SH,
IV2 7QP,
IV2 7QQ,
IV2 7QR,
IV2 7QS,
IV2 7QT,
IV2 7QU,
IV2 7QW,
IV2 7QX,
IV2 7QY,
IV2 7QZ,
IV2 7RA,
IV2 7RB,
IV2 7RD,
IV2 7RF,
IV2 7RJ,
IV2 7RL,
IV2 7RP,
IV2 7RQ,
IV2 7RR,
IV2 7RS,
IV2 7RT,
IV2 7RU,
IV2 7RW,
IV2 7RX,
IV2 7RY,
IV2 7RZ,
IV2 7SA,
IV2 7SB,
IV2 7SD,
IV2 7SE,
IV2 7SF,
IV2 7SG,
IV2 7SH,
IV2 7SJ,
IV2 7SL,
IV2 7SN,
IV2 7SP,
IV2 7SQ,
IV2 7SR,
IV2 7SS,
IV2 7ST,
IV2 7SU,
IV2 7SW,
IV2 7SX,
IV2 7SY,
IV2 7SZ,
IV2 7TA,
IV2 7TB,
IV2 7TD,
IV2 7TE,
IV2 7TF,
IV2 7TG,
IV2 7TL,
IV2 7TW,
IV2 7UB,
IV2 7UF,
IV2 7UG,
IV2 7UH,
IV2 7UR,
IV2 7UW,
IV2 7UX,
IV2 7UY,
IV2 7UZ,
IV2 7WA,
IV2 7WB,
IV2 7WD,
IV2 7WE,
IV2 7WF,
IV2 7WG,
IV2 7WJ,
IV2 7WL,
IV2 7WN,
IV2 7WP,
IV2 7WQ,
IV2 7WR,
IV2 7WS,
IV2 7WT,
IV2 7WU,
IV2 7WX,
IV2 7WY,
IV2 7WZ,
IV2 7XA,
IV2 7XB,
IV2 7XL,
IV2 7YA,
IV2 7YB,
IV2 7YD,
IV2 7YE,
IV2 7YF,
IV2 7YG,
IV2 7YH,
IV2 7YJ,
IV2 7YL,
IV2 7YN,
IV2 7YP,
IV2 7YU,
IV2 7YW,
IV2 7ZE,
IV2 7ZF,
IV2 7ZH,
IV2 7ZJ,
IV2 7ZY,
IV2 8AB,
IV2 8AD,
IV2 8AE,
IV2 8AF,
IV2 8AG,
IV2 8AH,
IV2 8AJ,
IV2 8AL,
IV2 8AS,
IV2 8AT,
IV2 8AU,
IV2 8AW,
IV2 8AX,
IV2 8AZ,
IV201QA,
IV201QZ,
IV201RB,
IV201RD,
IV201RE,
IV201RF,
IV201RG,
IV201RH,
IV201RJ,
IV201RL,
IV201RN,
IV201RP,
IV201RQ,
IV201RR,
IV201RS,
IV201RT,
IV201RU,
IV201RW,
IV201RX,
IV201RY,
IV201RZ,
IV201SA,
IV201SB,
IV201SD,
IV201SE,
IV201SF,
IV201SG,
IV201SH,
IV201SJ,
IV201SL,
IV201SN,
IV201SP,
IV201SQ,
IV201SR,
IV201SS,
IV201ST,
IV201SU,
IV201SW,
IV201SX,
IV201SY,
IV201SZ,
IV201TA,
IV201TB,
IV201TD,
IV201TE,
IV201TF,
IV201TG,
IV201TH,
IV201TJ,
IV201TL,
IV201TN,
IV201TP,
IV201TQ,
IV201TR,
IV201TS,
IV201TT,
IV201TU,
IV201TW,
IV201TX,
IV201TY,
IV201TZ,
IV201UA,
IV201UB,
IV201UD,
IV201UE,
IV201UF,
IV201UG,
IV201UH,
IV201UJ,
IV201UL,
IV201UN,
IV201UP,
IV201UQ,
IV201UR,
IV201US,
IV201UT,
IV201UU,
IV201UW,
IV201UX,
IV201UY,
IV201UZ,
IV201WN,
IV201WP,
IV201WY,
IV201WZ,
IV201XA,
IV201XB,
IV201XD,
IV201XE,
IV201XF,
IV201XG,
IV201XH,
IV201XJ,
IV201XL,
IV201XN,
IV201XP,
IV201XQ,
IV201XR,
IV201XS,
IV201XT,
IV201XU,
IV201XW,
IV201XX,
IV201XY,
IV201XZ,
IV201YA,
IV201YB,
IV201YD,
IV201YE,
IV201YF,
IV201YG,
IV201YH,
IV201YJ,
IV201YL,
IV201YN,
IV201YP,
IV201YQ,
IV201YR,
IV201YS,
IV201YT,
IV201YU,
IV201YW,
IV201YX,
IV201ZA,
IV201ZB,
IV201ZD,
IV201ZE,
IV201ZF,
IV201ZG,
IV212AA,
IV212AB,
IV212AD,
IV212AE,
IV212AF,
IV212AH,
IV212AJ,
IV212AL,
IV212AN,
IV212AP,
IV212AR,
IV212AS,
IV212AT,
IV212AU,
IV212AW,
IV212AX,
IV212AY,
IV212BD,
IV212BE,
IV212BG,
IV212BH,
IV212BJ,
IV212BL,
IV212BN,
IV212BP,
IV212BQ,
IV212BS,
IV212BT,
IV212BU,
IV212BW,
IV212BX,
IV212BY,
IV212BZ,
IV212DA,
IV212DB,
IV212DD,
IV212DE,
IV212DF,
IV212DG,
IV212DH,
IV212DJ,
IV212DL,
IV212DN,
IV212DP,
IV212DQ,
IV212DS,
IV212DU,
IV212DW,
IV212DX,
IV212DY,
IV212DZ,
IV212EA,
IV212LR,
IV212WD,
IV212YA,
IV212YB,
IV212YD,
IV222AG,
IV222EE,
IV222EF,
IV222EG,
IV222EH,
IV222EJ,
IV222EL,
IV222EN,
IV222EQ,
IV222ES,
IV222ET,
IV222EU,
IV222EW,
IV222EX,
IV222EY,
IV222EZ,
IV222HA,
IV222HB,
IV222HD,
IV222HE,
IV222HH,
IV222HJ,
IV222HL,
IV222HN,
IV222HP,
IV222HU,
IV222HW,
IV222HX,
IV222HY,
IV222HZ,
IV222JA,
IV222JB,
IV222JD,
IV222JE,
IV222JF,
IV222JG,
IV222JH,
IV222JJ,
IV222JL,
IV222JN,
IV222JP,
IV222JQ,
IV222JR,
IV222JS,
IV222JU,
IV222JW,
IV222JX,
IV222JY,
IV222JZ,
IV222LA,
IV222LB,
IV222LD,
IV222LE,
IV222LF,
IV222LG,
IV222LH,
IV222LJ,
IV222LL,
IV222LN,
IV222LP,
IV222LQ,
IV222LR,
IV222LS,
IV222LT,
IV222LU,
IV222LW,
IV222LX,
IV222NB,
IV222ND,
IV222NE,
IV222NF,
IV222NG,
IV222NH,
IV222NL,
IV222NP,
IV222NQ,
IV222NR,
IV222NS,
IV222NT,
IV222NU,
IV222PA,
IV222PB,
IV222PD,
IV222PE,
IV222PF,
IV222YD,
IV232AA,
IV232PG,
IV232PH,
IV232PJ,
IV232PP,
IV232PQ,
IV232PR,
IV232PS,
IV232PT,
IV232PU,
IV232PX,
IV232PY,
IV232PZ,
IV232QA,
IV232QB,
IV232QD,
IV232QE,
IV232QF,
IV232QH,
IV232QN,
IV232QP,
IV232QR,
IV232QS,
IV232QT,
IV232QU,
IV232QW,
IV232QX,
IV232QY,
IV232QZ,
IV232RA,
IV232RB,
IV232RE,
IV232RG,
IV232RH,
IV232RJ,
IV232RL,
IV232RN,
IV232RP,
IV232RQ,
IV232RR,
IV232RS,
IV232RT,
IV232RU,
IV232RW,
IV232RX,
IV232RY,
IV232RZ,
IV232SA,
IV232SB,
IV232SD,
IV232SE,
IV232SF,
IV232SG,
IV232SQ,
IV232WA,
IV232WZ,
IV232YD,
IV243AA,
IV243AB,
IV243AD,
IV243AE,
IV243AF,
IV243AG,
IV243AH,
IV243AJ,
IV243AL,
IV243AN,
IV243AP,
IV243AQ,
IV243AR,
IV243AS,
IV243AT,
IV243AW,
IV243BG,
IV243BH,
IV243BJ,
IV243BL,
IV243BN,
IV243BP,
IV243BQ,
IV243BS,
IV243BT,
IV243BW,
IV243DH,
IV243DJ,
IV243DL,
IV243DN,
IV243DP,
IV243DR,
IV243DS,
IV243DW,
IV243EA,
IV243EB,
IV243ED,
IV243EE,
IV243EF,
IV243EG,
IV243EH,
IV243EJ,
IV243EL,
IV243EN,
IV243EP,
IV243EQ,
IV243ER,
IV243WB,
IV243YA,
IV253AB,
IV253AE,
IV253AP,
IV253BG,
IV253FD,
IV253HA,
IV253HG,
IV253HH,
IV253HJ,
IV253HL,
IV253HN,
IV253HP,
IV253HQ,
IV253HR,
IV253HS,
IV253HT,
IV253HU,
IV253HW,
IV253HX,
IV253HY,
IV253HZ,
IV253JA,
IV253JB,
IV253JD,
IV253JE,
IV253JF,
IV253JG,
IV253JH,
IV253JJ,
IV253JL,
IV253JN,
IV253LA,
IV253LB,
IV253LD,
IV253LE,
IV253LF,
IV253LG,
IV253LH,
IV253LJ,
IV253LL,
IV253LN,
IV253LP,
IV253LQ,
IV253LR,
IV253LS,
IV253LT,
IV253LU,
IV253LW,
IV253LX,
IV253LY,
IV253LZ,
IV253NA,
IV253NB,
IV253ND,
IV253NE,
IV253NF,
IV253NG,
IV253NH,
IV253NJ,
IV253NL,
IV253NN,
IV253NP,
IV253NQ,
IV253NR,
IV253NS,
IV253NW,
IV253PB,
IV253PE,
IV253PF,
IV253PG,
IV253PH,
IV253PJ,
IV253PL,
IV253PN,
IV253PP,
IV253PQ,
IV253PR,
IV253PS,
IV253PT,
IV253PU,
IV253PW,
IV253PX,
IV253PY,
IV253PZ,
IV253QA,
IV253QB,
IV253QD,
IV253QE,
IV253QF,
IV253QG,
IV253QH,
IV253QJ,
IV253QL,
IV253QN,
IV253QP,
IV253QQ,
IV253QR,
IV253QS,
IV253QW,
IV253QY,
IV253QZ,
IV253RA,
IV253RB,
IV253RD,
IV253RE,
IV253RF,
IV253RG,
IV253RH,
IV253RJ,
IV253RL,
IV253RN,
IV253RP,
IV253RQ,
IV253RR,
IV253RS,
IV253RT,
IV253RU,
IV253RW,
IV253RZ,
IV253SA,
IV253SB,
IV253SD,
IV253SE,
IV253SF,
IV253SG,
IV253SH,
IV253SJ,
IV253SL,
IV253SN,
IV253SP,
IV253SQ,
IV253SR,
IV253SS,
IV253ST,
IV253SU,
IV253SW,
IV253SX,
IV253SY,
IV253SZ,
IV253TA,
IV253TB,
IV253TD,
IV253TE,
IV253TF,
IV253TG,
IV253WD,
IV253WE,
IV253WF,
IV253WS,
IV253WT,
IV253WU,
IV253WW,
IV253WX,
IV253WY,
IV253WZ,
IV253YA,
IV253YB,
IV253YD,
IV253YE,
IV253YF,
IV253YH,
IV253YW,
IV262AZ,
IV262PH,
IV262SR,
IV262SS,
IV262SW,
IV262SX,
IV262SY,
IV262SZ,
IV262TA,
IV262TB,
IV262TD,
IV262TE,
IV262TF,
IV262TG,
IV262TH,
IV262TJ,
IV262TL,
IV262TN,
IV262TP,
IV262TQ,
IV262TR,
IV262TS,
IV262TT,
IV262TU,
IV262TW,
IV262TX,
IV262TY,
IV262TZ,
IV262UA,
IV262UB,
IV262UD,
IV262UE,
IV262UF,
IV262UG,
IV262UH,
IV262UJ,
IV262UL,
IV262UN,
IV262UP,
IV262UQ,
IV262UR,
IV262US,
IV262UT,
IV262UU,
IV262UW,
IV262UX,
IV262UY,
IV262UZ,
IV262WA,
IV262WE,
IV262WF,
IV262WN,
IV262WW,
IV262WX,
IV262WY,
IV262WZ,
IV262XA,
IV262XB,
IV262XD,
IV262XE,
IV262XF,
IV262XG,
IV262XH,
IV262XJ,
IV262XL,
IV262XN,
IV262XP,
IV262XQ,
IV262XR,
IV262XS,
IV262XT,
IV262XU,
IV262XW,
IV262XY,
IV262YA,
IV262YB,
IV262YD,
IV262YF,
IV262YG,
IV262YH,
IV262YJ,
IV262YL,
IV262YN,
IV262YP,
IV262YQ,
IV262YR,
IV262YS,
IV262YT,
IV262YW,
IV262ZB,
IV262ZD,
IV262ZE,
IV274AA,
IV274AB,
IV274AD,
IV274AE,
IV274AF,
IV274AG,
IV274AR,
IV274AS,
IV274AT,
IV274AU,
IV274AX,
IV274AY,
IV274AZ,
IV274BA,
IV274BB,
IV274BD,
IV274BE,
IV274BF,
IV274BG,
IV274BH,
IV274BJ,
IV274BL,
IV274BN,
IV274BP,
IV274BQ,
IV274DA,
IV274DB,
IV274DD,
IV274DE,
IV274DF,
IV274DG,
IV274DH,
IV274DJ,
IV274DL,
IV274DN,
IV274DP,
IV274DQ,
IV274DR,
IV274DW,
IV274ED,
IV274EE,
IV274EF,
IV274EG,
IV274EH,
IV274EJ,
IV274EL,
IV274EQ,
IV274ET,
IV274EU,
IV274EX,
IV274EY,
IV274HB,
IV274HD,
IV274HE,
IV274HF,
IV274HH,
IV274HJ,
IV274HL,
IV274HN,
IV274HP,
IV274HW,
IV274JA,
IV274JB,
IV274JD,
IV274JE,
IV274JF,
IV274JG,
IV274JH,
IV274JJ,
IV274JN,
IV274JP,
IV274JQ,
IV274JR,
IV274JY,
IV274JZ,
IV274LA,
IV274LB,
IV274LD,
IV274LE,
IV274LF,
IV274LG,
IV274LH,
IV274LJ,
IV274LL,
IV274LN,
IV274LP,
IV274LQ,
IV274LR,
IV274LS,
IV274LT,
IV274LU,
IV274LW,
IV274LX,
IV274LY,
IV274NG,
IV274NJ,
IV274NL,
IV274NN,
IV274NQ,
IV274NW,
IV274NY,
IV274NZ,
IV274PA,
IV274PG,
IV274PH,
IV274PN,
IV274PP,
IV274PQ,
IV274PR,
IV274PS,
IV274PT,
IV274PU,
IV274PW,
IV274PX,
IV274PY,
IV274PZ,
IV274QA,
IV274QB,
IV274QD,
IV274QE,
IV274QF,
IV274QG,
IV274QH,
IV274QQ,
IV274RA,
IV274RB,
IV274RD,
IV274RE,
IV274RG,
IV274RH,
IV274RJ,
IV274RL,
IV274RN,
IV274RP,
IV274RQ,
IV274RR,
IV274RS,
IV274RT,
IV274RU,
IV274RW,
IV274RX,
IV274RY,
IV274RZ,
IV274SA,
IV274SH,
IV274SJ,
IV274SL,
IV274SN,
IV274SR,
IV274SS,
IV274ST,
IV274SU,
IV274SW,
IV274SX,
IV274SY,
IV274SZ,
IV274TA,
IV274TB,
IV274TD,
IV274TE,
IV274TF,
IV274TG,
IV274TH,
IV274TJ,
IV274TL,
IV274TN,
IV274TP,
IV274TQ,
IV274TW,
IV274UE,
IV274UF,
IV274UG,
IV274UH,
IV274UJ,
IV274UL,
IV274UN,
IV274UQ,
IV274XA,
IV274XB,
IV274XD,
IV274XE,
IV274XF,
IV274XG,
IV274XH,
IV274XJ,
IV274XL,
IV274XN,
IV274XP,
IV274XQ,
IV274XR,
IV274XS,
IV274XT,
IV274XU,
IV274XW,
IV274YL,
IV274YP,
IV274YQ,
IV274YR,
IV274YS,
IV274YT,
IV274YU,
IV279AA,
IV283TU,
IV283TX,
IV283TY,
IV283TZ,
IV283UA,
IV283UB,
IV283UD,
IV283XA,
IV283XB,
IV283XD,
IV283XE,
IV283XF,
IV283XG,
IV283XH,
IV283XJ,
IV283XL,
IV283XN,
IV283XQ,
IV283YD,
IV283YE,
IV283YF,
IV283YG,
IV283YH,
IV283YQ,
IV3 5AA,
IV3 5AB,
IV3 5AD,
IV3 5AE,
IV3 5AF,
IV3 5AG,
IV3 5AH,
IV3 5AJ,
IV3 5AL,
IV3 5AN,
IV3 5AP,
IV3 5AQ,
IV3 5AR,
IV3 5AS,
IV3 5AT,
IV3 5AU,
IV3 5AW,
IV3 5AX,
IV3 5AY,
IV3 5AZ,
IV3 5BA,
IV3 5BB,
IV3 5BD,
IV3 5BE,
IV3 5BF,
IV3 5BG,
IV3 5BL,
IV3 5BN,
IV3 5BP,
IV3 5BQ,
IV3 5BS,
IV3 5BT,
IV3 5BU,
IV3 5BW,
IV3 5BX,
IV3 5BY,
IV3 5BZ,
IV3 5DA,
IV3 5DB,
IV3 5DD,
IV3 5DE,
IV3 5DF,
IV3 5DG,
IV3 5DH,
IV3 5DJ,
IV3 5DL,
IV3 5DN,
IV3 5DP,
IV3 5DQ,
IV3 5DR,
IV3 5DS,
IV3 5DT,
IV3 5DU,
IV3 5DW,
IV3 5DX,
IV3 5DY,
IV3 5DZ,
IV3 5EA,
IV3 5EB,
IV3 5ED,
IV3 5EE,
IV3 5EF,
IV3 5EL,
IV3 5EN,
IV3 5EP,
IV3 5ER,
IV3 5ES,
IV3 5ET,
IV3 5EU,
IV3 5EW,
IV3 5EX,
IV3 5EY,
IV3 5EZ,
IV3 5HA,
IV3 5HB,
IV3 5HD,
IV3 5HE,
IV3 5HF,
IV3 5HG,
IV3 5HH,
IV3 5HJ,
IV3 5HP,
IV3 5HQ,
IV3 5HR,
IV3 5HS,
IV3 5HT,
IV3 5HU,
IV3 5HX,
IV3 5HY,
IV3 5HZ,
IV3 5JA,
IV3 5JB,
IV3 5JD,
IV3 5JE,
IV3 5JF,
IV3 5JG,
IV3 5JH,
IV3 5JJ,
IV3 5JL,
IV3 5JN,
IV3 5JP,
IV3 5JQ,
IV3 5JR,
IV3 5JS,
IV3 5JT,
IV3 5JU,
IV3 5JW,
IV3 5JX,
IV3 5JY,
IV3 5JZ,
IV3 5LA,
IV3 5LB,
IV3 5LD,
IV3 5LE,
IV3 5LF,
IV3 5LG,
IV3 5LH,
IV3 5LJ,
IV3 5LL,
IV3 5LN,
IV3 5LP,
IV3 5LQ,
IV3 5LR,
IV3 5LS,
IV3 5LT,
IV3 5LU,
IV3 5LW,
IV3 5LX,
IV3 5LY,
IV3 5LZ,
IV3 5NB,
IV3 5ND,
IV3 5NE,
IV3 5NF,
IV3 5NG,
IV3 5NH,
IV3 5NJ,
IV3 5NL,
IV3 5NN,
IV3 5NP,
IV3 5NQ,
IV3 5NR,
IV3 5NS,
IV3 5NT,
IV3 5NU,
IV3 5NW,
IV3 5NX,
IV3 5NY,
IV3 5NZ,
IV3 5PA,
IV3 5PB,
IV3 5PD,
IV3 5PE,
IV3 5PF,
IV3 5PG,
IV3 5PH,
IV3 5PJ,
IV3 5PL,
IV3 5PN,
IV3 5PP,
IV3 5PQ,
IV3 5PR,
IV3 5PS,
IV3 5PT,
IV3 5PU,
IV3 5PW,
IV3 5PX,
IV3 5PY,
IV3 5PZ,
IV3 5QA,
IV3 5QB,
IV3 5QD,
IV3 5QE,
IV3 5QF,
IV3 5QG,
IV3 5QH,
IV3 5QJ,
IV3 5QL,
IV3 5QN,
IV3 5QP,
IV3 5QQ,
IV3 5QR,
IV3 5QS,
IV3 5QT,
IV3 5QU,
IV3 5QW,
IV3 5RA,
IV3 5RB,
IV3 5RD,
IV3 5RE,
IV3 5RF,
IV3 5RG,
IV3 5RH,
IV3 5RJ,
IV3 5RL,
IV3 5RN,
IV3 5RP,
IV3 5RQ,
IV3 5RR,
IV3 5RS,
IV3 5RT,
IV3 5RW,
IV3 5RZ,
IV3 5SA,
IV3 5SB,
IV3 5SD,
IV3 5SE,
IV3 5SF,
IV3 5SG,
IV3 5SH,
IV3 5SJ,
IV3 5SL,
IV3 5SN,
IV3 5SP,
IV3 5SQ,
IV3 5SR,
IV3 5SS,
IV3 5ST,
IV3 5SU,
IV3 5SW,
IV3 5SX,
IV3 5SY,
IV3 5SZ,
IV3 5TA,
IV3 5TB,
IV3 5TD,
IV3 5TE,
IV3 5TF,
IV3 5TG,
IV3 5TH,
IV3 5WB,
IV3 5WD,
IV3 5WE,
IV3 5WF,
IV3 5WG,
IV3 5WH,
IV3 5WL,
IV3 5YA,
IV3 5YB,
IV3 5YD,
IV3 5YE,
IV3 5YF,
IV3 5YG,
IV3 5YH,
IV3 5YJ,
IV3 5YL,
IV3 5YN,
IV3 5YP,
IV3 5YQ,
IV3 5YR,
IV3 5YT,
IV3 5YW,
IV3 5YX,
IV3 5ZL,
IV3 5ZX,
IV3 6AA,
IV3 6AB,
IV3 6AD,
IV3 6AE,
IV3 6AF,
IV3 6AG,
IV3 6AH,
IV3 6AJ,
IV3 6AL,
IV3 6AN,
IV3 6AP,
IV3 6AQ,
IV3 6AR,
IV3 6AS,
IV3 6AT,
IV3 6AU,
IV3 6AW,
IV3 6AX,
IV3 6AY,
IV3 6AZ,
IV3 6BA,
IV3 6BB,
IV3 6BD,
IV3 6BE,
IV3 6BG,
IV3 6BH,
IV3 6BJ,
IV3 6BL,
IV3 6BN,
IV3 6BP,
IV3 6BQ,
IV3 6BR,
IV3 6BS,
IV3 6BU,
IV3 6BW,
IV3 6BX,
IV3 6BY,
IV3 6BZ,
IV3 6DA,
IV3 6DB,
IV3 6DD,
IV3 6DE,
IV3 6DF,
IV3 6DG,
IV3 6DH,
IV3 6DJ,
IV3 6DL,
IV3 6DN,
IV3 6DP,
IV3 6DQ,
IV3 6DR,
IV3 6DS,
IV3 6DT,
IV3 6DU,
IV3 6DW,
IV3 6DX,
IV3 6DY,
IV3 6DZ,
IV3 6EA,
IV3 6EB,
IV3 6ED,
IV3 6EE,
IV3 6EF,
IV3 6EG,
IV3 6EH,
IV3 6EJ,
IV3 6EL,
IV3 6EN,
IV3 6EP,
IV3 6EQ,
IV3 6ER,
IV3 6ES,
IV3 6ET,
IV3 6EU,
IV3 6EW,
IV3 6EX,
IV3 6EY,
IV3 6EZ,
IV3 6GZ,
IV3 6HA,
IV3 6HB,
IV3 6HD,
IV3 6HE,
IV3 6HF,
IV3 6HG,
IV3 6HH,
IV3 6HJ,
IV3 6HL,
IV3 6HN,
IV3 6HP,
IV3 6HQ,
IV3 6HR,
IV3 6HS,
IV3 6HT,
IV3 6HU,
IV3 6HW,
IV3 6HX,
IV3 6HY,
IV3 6HZ,
IV3 6JA,
IV3 6JB,
IV3 6JD,
IV3 6JE,
IV3 6JF,
IV3 6JG,
IV3 6JH,
IV3 6JJ,
IV3 6JL,
IV3 6JN,
IV3 6JP,
IV3 6JQ,
IV3 6JR,
IV3 6JS,
IV3 6JT,
IV3 6JU,
IV3 6JW,
IV3 6JX,
IV3 6JY,
IV3 6JZ,
IV3 6LA,
IV3 6LB,
IV3 6LD,
IV3 6LE,
IV3 6LF,
IV3 6LG,
IV3 6LH,
IV3 6LJ,
IV3 6LL,
IV3 6LN,
IV3 6LP,
IV3 6LQ,
IV3 6LR,
IV3 6LS,
IV3 6LT,
IV3 6LU,
IV3 6LW,
IV3 6LX,
IV3 6LY,
IV3 6LZ,
IV3 6NA,
IV3 6NB,
IV3 6ND,
IV3 6NE,
IV3 6NF,
IV3 6NG,
IV3 6NH,
IV3 6NJ,
IV3 6NL,
IV3 6NN,
IV3 6NP,
IV3 6NQ,
IV3 6NR,
IV3 6NS,
IV3 6NT,
IV3 6NU,
IV3 6NW,
IV3 6NX,
IV3 6NY,
IV3 6NZ,
IV3 6PA,
IV3 6PB,
IV3 6PD,
IV3 6PE,
IV3 6PF,
IV3 6PG,
IV3 6PH,
IV3 6PJ,
IV3 6PL,
IV3 6PN,
IV3 6PP,
IV3 6PQ,
IV3 6PR,
IV3 6PS,
IV3 6PT,
IV3 6PU,
IV3 6PW,
IV3 6PX,
IV3 6PY,
IV3 6PZ,
IV3 6QA,
IV3 6QB,
IV3 6QD,
IV3 6QE,
IV3 6QF,
IV3 6QG,
IV3 6QH,
IV3 6QJ,
IV3 6QL,
IV3 6QN,
IV3 6QP,
IV3 6QQ,
IV3 6QR,
IV3 6QS,
IV3 6QT,
IV3 6QU,
IV3 6QW,
IV3 6QY,
IV3 6QZ,
IV3 6RA,
IV3 6RB,
IV3 6RD,
IV3 6RE,
IV3 6RF,
IV3 6RG,
IV3 6RH,
IV3 6RJ,
IV3 6RL,
IV3 6RN,
IV3 6RP,
IV3 6RQ,
IV3 6RR,
IV3 6RS,
IV3 6RU,
IV3 6RW,
IV3 6RX,
IV3 6RY,
IV3 6RZ,
IV3 6SA,
IV3 6SB,
IV3 6SD,
IV3 6SE,
IV3 6SF,
IV3 6SG,
IV3 6SH,
IV3 6SJ,
IV3 6SL,
IV3 6SN,
IV3 6SP,
IV3 6SQ,
IV3 6SR,
IV3 6SS,
IV3 6ST,
IV3 6SU,
IV3 6SW,
IV3 6SX,
IV3 6SY,
IV3 6SZ,
IV3 6TA,
IV3 6TB,
IV3 6TD,
IV3 6TE,
IV3 6TF,
IV3 6TG,
IV3 6TH,
IV3 6TJ,
IV3 6TL,
IV3 6TN,
IV3 6TP,
IV3 6TQ,
IV3 6TR,
IV3 6TS,
IV3 6TT,
IV3 6TU,
IV3 6TW,
IV3 6TX,
IV3 6TY,
IV3 6TZ,
IV3 6UA,
IV3 6UB,
IV3 6UD,
IV3 6UE,
IV3 6UG,
IV3 6UH,
IV3 6UJ,
IV3 6UL,
IV3 6UN,
IV3 6UP,
IV3 6UQ,
IV3 6UR,
IV3 6UT,
IV3 6UU,
IV3 6UW,
IV3 6UX,
IV3 6UY,
IV3 6UZ,
IV3 6WA,
IV3 6WB,
IV3 6WD,
IV3 6WE,
IV3 6WF,
IV3 6WG,
IV3 6WH,
IV3 6WP,
IV3 6XD,
IV3 6XE,
IV3 6XF,
IV3 6XG,
IV3 6XH,
IV3 6XJ,
IV3 6XL,
IV3 6XN,
IV3 6XP,
IV3 6XQ,
IV3 6XR,
IV3 6XS,
IV3 6XT,
IV3 6XU,
IV3 6XW,
IV3 6YA,
IV3 6YB,
IV3 6YD,
IV3 6YE,
IV3 6YF,
IV3 6YG,
IV3 6YH,
IV3 6YJ,
IV3 6YL,
IV3 6YN,
IV3 6YP,
IV3 6YQ,
IV3 6YR,
IV3 6YS,
IV3 6YT,
IV3 6YW,
IV3 6YX,
IV3 6YY,
IV3 6YZ,
IV3 6ZA,
IV3 6ZB,
IV3 6ZD,
IV3 6ZE,
IV3 6ZF,
IV3 6ZG,
IV3 6ZH,
IV3 6ZJ,
IV3 6ZW,
IV3 6ZX,
IV3 8AA,
IV3 8AB,
IV3 8AD,
IV3 8AE,
IV3 8AF,
IV3 8AG,
IV3 8AH,
IV3 8AJ,
IV3 8AL,
IV3 8AN,
IV3 8AP,
IV3 8AQ,
IV3 8AR,
IV3 8AS,
IV3 8AT,
IV3 8AU,
IV3 8AW,
IV3 8AX,
IV3 8AY,
IV3 8AZ,
IV3 8BA,
IV3 8BB,
IV3 8BD,
IV3 8BE,
IV3 8BF,
IV3 8BG,
IV3 8BH,
IV3 8BJ,
IV3 8BL,
IV3 8BN,
IV3 8BP,
IV3 8BQ,
IV3 8BS,
IV3 8BT,
IV3 8BU,
IV3 8BW,
IV3 8BX,
IV3 8BY,
IV3 8BZ,
IV3 8DA,
IV3 8DB,
IV3 8DD,
IV3 8DE,
IV3 8DF,
IV3 8DG,
IV3 8DH,
IV3 8DJ,
IV3 8DL,
IV3 8DN,
IV3 8DP,
IV3 8DQ,
IV3 8DR,
IV3 8DS,
IV3 8DT,
IV3 8DU,
IV3 8DW,
IV3 8DX,
IV3 8DY,
IV3 8DZ,
IV3 8EA,
IV3 8EB,
IV3 8ED,
IV3 8EE,
IV3 8EF,
IV3 8EG,
IV3 8EH,
IV3 8EJ,
IV3 8EL,
IV3 8EN,
IV3 8EP,
IV3 8EQ,
IV3 8ER,
IV3 8ES,
IV3 8ET,
IV3 8EU,
IV3 8EW,
IV3 8EX,
IV3 8EY,
IV3 8EZ,
IV3 8FA,
IV3 8GA,
IV3 8GB,
IV3 8GD,
IV3 8GE,
IV3 8GF,
IV3 8GG,
IV3 8GH,
IV3 8GW,
IV3 8GX,
IV3 8GY,
IV3 8GZ,
IV3 8HA,
IV3 8HB,
IV3 8HD,
IV3 8HE,
IV3 8HF,
IV3 8HG,
IV3 8HH,
IV3 8HJ,
IV3 8HL,
IV3 8HN,
IV3 8HP,
IV3 8HQ,
IV3 8HR,
IV3 8HS,
IV3 8HT,
IV3 8HU,
IV3 8HW,
IV3 8HX,
IV3 8HY,
IV3 8HZ,
IV3 8JA,
IV3 8JB,
IV3 8JD,
IV3 8JE,
IV3 8JF,
IV3 8JG,
IV3 8JH,
IV3 8JJ,
IV3 8JL,
IV3 8JN,
IV3 8JP,
IV3 8JQ,
IV3 8JR,
IV3 8JS,
IV3 8JT,
IV3 8JU,
IV3 8JW,
IV3 8JX,
IV3 8JY,
IV3 8JZ,
IV3 8LA,
IV3 8LB,
IV3 8LD,
IV3 8LE,
IV3 8LF,
IV3 8LG,
IV3 8LH,
IV3 8LJ,
IV3 8LL,
IV3 8LN,
IV3 8LP,
IV3 8LQ,
IV3 8LR,
IV3 8LS,
IV3 8LT,
IV3 8LU,
IV3 8LW,
IV3 8LX,
IV3 8LY,
IV3 8LZ,
IV3 8NA,
IV3 8NB,
IV3 8ND,
IV3 8NE,
IV3 8NF,
IV3 8NG,
IV3 8NH,
IV3 8NJ,
IV3 8NL,
IV3 8NN,
IV3 8NP,
IV3 8NQ,
IV3 8NR,
IV3 8NS,
IV3 8NT,
IV3 8NU,
IV3 8NW,
IV3 8NX,
IV3 8NY,
IV3 8NZ,
IV3 8PA,
IV3 8PB,
IV3 8PD,
IV3 8PE,
IV3 8PF,
IV3 8PG,
IV3 8PH,
IV3 8PJ,
IV3 8PL,
IV3 8PN,
IV3 8PP,
IV3 8PR,
IV3 8PS,
IV3 8PT,
IV3 8PU,
IV3 8PW,
IV3 8PX,
IV3 8PY,
IV3 8PZ,
IV3 8QA,
IV3 8QB,
IV3 8QD,
IV3 8QE,
IV3 8QF,
IV3 8QG,
IV3 8QH,
IV3 8QJ,
IV3 8QL,
IV3 8QN,
IV3 8QP,
IV3 8QQ,
IV3 8QR,
IV3 8QS,
IV3 8QT,
IV3 8QU,
IV3 8QW,
IV3 8QX,
IV3 8QY,
IV3 8QZ,
IV3 8RA,
IV3 8RB,
IV3 8RD,
IV3 8RE,
IV3 8RF,
IV3 8RG,
IV3 8RH,
IV3 8RJ,
IV3 8RL,
IV3 8RN,
IV3 8RP,
IV3 8RQ,
IV3 8RR,
IV3 8RS,
IV3 8RT,
IV3 8RU,
IV3 8RW,
IV3 8RX,
IV3 8RY,
IV3 8RZ,
IV3 8SA,
IV3 8SB,
IV3 8SD,
IV3 8SE,
IV3 8SF,
IV3 8SG,
IV3 8SH,
IV3 8SJ,
IV3 8SL,
IV3 8SN,
IV3 8SP,
IV3 8SQ,
IV3 8SR,
IV3 8SS,
IV3 8ST,
IV3 8SU,
IV3 8SW,
IV3 8SX,
IV3 8SY,
IV3 8SZ,
IV3 8TA,
IV3 8TB,
IV3 8TD,
IV3 8TE,
IV3 8TF,
IV3 8TG,
IV3 8TH,
IV3 8TJ,
IV3 8TP,
IV3 8TQ,
IV3 8TR,
IV3 8TS,
IV3 8TT,
IV3 8UB,
IV3 8UD,
IV3 8UE,
IV3 8UJ,
IV3 8UN,
IV3 8WA,
IV3 8WB,
IV3 8WD,
IV3 8WE,
IV3 8WF,
IV3 8WG,
IV3 8WH,
IV3 8WJ,
IV3 8WL,
IV3 8WN,
IV3 8WP,
IV3 8WQ,
IV3 8WR,
IV3 8WS,
IV3 8WT,
IV3 8WU,
IV3 8WY,
IV3 8WZ,
IV3 8XU,
IV3 8XX,
IV3 8YA,
IV3 8YB,
IV3 8YD,
IV3 8YE,
IV3 8YG,
IV3 8YH,
IV3 8YJ,
IV3 8YL,
IV3 8YN,
IV3 8YP,
IV3 8YQ,
IV3 8YR,
IV3 8YS,
IV3 8YT,
IV3 8YY,
IV3 8ZA,
IV3 8ZD,
IV301AA,
IV301AB,
IV301AD,
IV301AE,
IV301AF,
IV301AG,
IV301AH,
IV301AJ,
IV301AL,
IV301AN,
IV301AP,
IV301AQ,
IV301AR,
IV301AS,
IV301AT,
IV301AU,
IV301AW,
IV301AX,
IV301AY,
IV301BA,
IV301BB,
IV301BD,
IV301BE,
IV301BG,
IV301BH,
IV301BJ,
IV301BL,
IV301BN,
IV301BP,
IV301BQ,
IV301BS,
IV301BT,
IV301BU,
IV301BW,
IV301BX,
IV301BY,
IV301BZ,
IV301DA,
IV301DB,
IV301DD,
IV301DE,
IV301DF,
IV301DJ,
IV301DL,
IV301DN,
IV301DP,
IV301DQ,
IV301DR,
IV301DS,
IV301DT,
IV301DU,
IV301DW,
IV301DX,
IV301DY,
IV301DZ,
IV301EA,
IV301EB,
IV301ED,
IV301EE,
IV301EF,
IV301EG,
IV301EH,
IV301EJ,
IV301EL,
IV301EN,
IV301EP,
IV301EQ,
IV301ER,
IV301ES,
IV301ET,
IV301EU,
IV301EW,
IV301EX,
IV301EY,
IV301EZ,
IV301GU,
IV301HA,
IV301HB,
IV301HD,
IV301HE,
IV301HF,
IV301HG,
IV301HH,
IV301HN,
IV301HP,
IV301HQ,
IV301HR,
IV301HS,
IV301HT,
IV301HU,
IV301HX,
IV301HY,
IV301HZ,
IV301JA,
IV301JB,
IV301JD,
IV301JE,
IV301JF,
IV301JG,
IV301JH,
IV301JJ,
IV301JL,
IV301JN,
IV301JP,
IV301JQ,
IV301JR,
IV301JS,
IV301JT,
IV301JU,
IV301JW,
IV301JX,
IV301JY,
IV301JZ,
IV301LA,
IV301LB,
IV301LD,
IV301LE,
IV301LF,
IV301LG,
IV301LH,
IV301LJ,
IV301LL,
IV301LN,
IV301LP,
IV301LQ,
IV301LR,
IV301LS,
IV301LT,
IV301LU,
IV301LW,
IV301LX,
IV301LY,
IV301LZ,
IV301NB,
IV301ND,
IV301NE,
IV301NF,
IV301NG,
IV301NH,
IV304JZ,
IV304LA,
IV304LB,
IV304LD,
IV304LE,
IV304LF,
IV304LG,
IV304LH,
IV304LJ,
IV304LL,
IV304LN,
IV304LP,
IV304LQ,
IV304LR,
IV304LS,
IV304LT,
IV304LU,
IV304LW,
IV304LX,
IV304LY,
IV304LZ,
IV304NA,
IV304NB,
IV304ND,
IV304NE,
IV304NF,
IV304NG,
IV304NH,
IV304NJ,
IV304NL,
IV304NN,
IV304NP,
IV304NQ,
IV304NR,
IV304NS,
IV304NT,
IV304NU,
IV304NW,
IV304NX,
IV304PA,
IV304PB,
IV304PD,
IV304PE,
IV304PF,
IV304PG,
IV304PH,
IV304PJ,
IV304PL,
IV304PN,
IV304PP,
IV304PQ,
IV304PR,
IV304WA,
IV304WB,
IV304WH,
IV304WZ,
IV304YA,
IV304YB,
IV304YD,
IV304ZE,
IV305AA,
IV305AB,
IV305GA,
IV305GB,
IV305GE,
IV305GP,
IV305GR,
IV305GS,
IV305HA,
IV305HB,
IV305JB,
IV305JG,
IV305JQ,
IV305NA,
IV305NB,
IV305ND,
IV305NE,
IV305NF,
IV305NX,
IV305NY,
IV305NZ,
IV305PA,
IV305PB,
IV305PD,
IV305PE,
IV305PF,
IV305PG,
IV305PH,
IV305PJ,
IV305PL,
IV305PN,
IV305PP,
IV305PQ,
IV305PR,
IV305PS,
IV305PT,
IV305PU,
IV305PW,
IV305PX,
IV305PY,
IV305PZ,
IV305QA,
IV305QB,
IV305QD,
IV305QE,
IV305QF,
IV305QG,
IV305QH,
IV305QJ,
IV305QL,
IV305QN,
IV305QP,
IV305QQ,
IV305QR,
IV305QS,
IV305QT,
IV305QU,
IV305QW,
IV305QX,
IV305QY,
IV305QZ,
IV305RA,
IV305RB,
IV305RD,
IV305RE,
IV305RF,
IV305RG,
IV305RH,
IV305RJ,
IV305RL,
IV305RN,
IV305RP,
IV305RQ,
IV305RR,
IV305RS,
IV305RT,
IV305RU,
IV305RW,
IV305RX,
IV305RY,
IV305RZ,
IV305SA,
IV305SB,
IV305SD,
IV305SE,
IV305SF,
IV305SG,
IV305SH,
IV305SJ,
IV305SL,
IV305SN,
IV305SP,
IV305SQ,
IV305SR,
IV305SS,
IV305ST,
IV305SU,
IV305SW,
IV305SX,
IV305SY,
IV305SZ,
IV305TA,
IV305TB,
IV305TD,
IV305TE,
IV305TF,
IV305TG,
IV305TH,
IV305TJ,
IV305TL,
IV305TN,
IV305TP,
IV305TQ,
IV305TR,
IV305TS,
IV305TT,
IV305TU,
IV305TW,
IV305TX,
IV305TY,
IV305TZ,
IV305UA,
IV305UB,
IV305UD,
IV305UE,
IV305UF,
IV305UG,
IV305UH,
IV305UJ,
IV305UL,
IV305UN,
IV305UP,
IV305UQ,
IV305UR,
IV305US,
IV305UT,
IV305UU,
IV305UW,
IV305UX,
IV305UY,
IV305UZ,
IV305WA,
IV305WB,
IV305WD,
IV305WE,
IV305WF,
IV305WG,
IV305WH,
IV305WJ,
IV305WR,
IV305WS,
IV305WT,
IV305WU,
IV305WW,
IV305WX,
IV305WY,
IV305WZ,
IV305XA,
IV305XB,
IV305XD,
IV305XE,
IV305XF,
IV305XG,
IV305XH,
IV305XJ,
IV305XL,
IV305XN,
IV305XP,
IV305XQ,
IV305XR,
IV305XS,
IV305XT,
IV305XU,
IV305XW,
IV305XX,
IV305XY,
IV305XZ,
IV305YA,
IV305YB,
IV305YD,
IV305YE,
IV305YF,
IV305YG,
IV305YH,
IV305YJ,
IV305YL,
IV305YN,
IV305YP,
IV305YQ,
IV305YR,
IV305YS,
IV305YU,
IV305YW,
IV305YX,
IV305YY,
IV305ZA,
IV305ZB,
IV305ZD,
IV305ZE,
IV305ZF,
IV305ZG,
IV305ZH,
IV306AA,
IV306AB,
IV306AD,
IV306AE,
IV306AF,
IV306AG,
IV306AH,
IV306AJ,
IV306AL,
IV306AN,
IV306AP,
IV306AQ,
IV306AR,
IV306AS,
IV306AT,
IV306AU,
IV306AW,
IV306AX,
IV306AY,
IV306AZ,
IV306BA,
IV306BB,
IV306BD,
IV306BE,
IV306BF,
IV306BG,
IV306BH,
IV306BJ,
IV306BL,
IV306BN,
IV306BP,
IV306BQ,
IV306BS,
IV306BT,
IV306BU,
IV306BW,
IV306BX,
IV306BY,
IV306BZ,
IV306DA,
IV306DB,
IV306DD,
IV306DE,
IV306DF,
IV306DG,
IV306DH,
IV306DJ,
IV306DL,
IV306DN,
IV306DP,
IV306DQ,
IV306DR,
IV306DS,
IV306DT,
IV306DU,
IV306DW,
IV306DX,
IV306DY,
IV306DZ,
IV306EA,
IV306EB,
IV306ED,
IV306EE,
IV306EF,
IV306EG,
IV306EH,
IV306EJ,
IV306EL,
IV306EN,
IV306EP,
IV306EQ,
IV306ER,
IV306ES,
IV306ET,
IV306EU,
IV306EW,
IV306EX,
IV306EY,
IV306EZ,
IV306FB,
IV306FD,
IV306FE,
IV306FF,
IV306FG,
IV306FH,
IV306FJ,
IV306FL,
IV306FN,
IV306FP,
IV306FR,
IV306FS,
IV306FT,
IV306FW,
IV306GA,
IV306GB,
IV306GD,
IV306GE,
IV306GF,
IV306GG,
IV306GH,
IV306GJ,
IV306GL,
IV306GN,
IV306GP,
IV306GQ,
IV306GR,
IV306GS,
IV306GT,
IV306GU,
IV306GW,
IV306GX,
IV306GY,
IV306GZ,
IV306HA,
IV306HB,
IV306HD,
IV306HE,
IV306HF,
IV306HG,
IV306HH,
IV306HJ,
IV306HL,
IV306HN,
IV306HP,
IV306HQ,
IV306HR,
IV306HS,
IV306HT,
IV306HU,
IV306HW,
IV306HX,
IV306HY,
IV306HZ,
IV306JA,
IV306JB,
IV306JD,
IV306JE,
IV306JF,
IV306JG,
IV306JH,
IV306JJ,
IV306JL,
IV306JN,
IV306JP,
IV306JQ,
IV306JR,
IV306JS,
IV306JT,
IV306JU,
IV306JW,
IV306JX,
IV306JY,
IV306JZ,
IV306LA,
IV306LB,
IV306LD,
IV306LE,
IV306LF,
IV306LG,
IV306LH,
IV306LJ,
IV306LL,
IV306LN,
IV306LP,
IV306LQ,
IV306LR,
IV306LS,
IV306LT,
IV306LU,
IV306LW,
IV306LX,
IV306LY,
IV306LZ,
IV306NA,
IV306NB,
IV306ND,
IV306NF,
IV306NG,
IV306NU,
IV306PA,
IV306RA,
IV306RB,
IV306RE,
IV306RG,
IV306RP,
IV306RT,
IV306RX,
IV306SA,
IV306TA,
IV306TB,
IV306TP,
IV306TR,
IV306UD,
IV306UE,
IV306UF,
IV306UG,
IV306UH,
IV306UJ,
IV306UL,
IV306UN,
IV306UQ,
IV306UX,
IV306WA,
IV306WB,
IV306WD,
IV306WF,
IV306WQ,
IV306XA,
IV306XF,
IV306XQ,
IV306XX,
IV306XY,
IV306XZ,
IV306YA,
IV306YB,
IV306YD,
IV306YE,
IV306YF,
IV306YG,
IV306YH,
IV306YJ,
IV306YL,
IV306YN,
IV306YP,
IV306YQ,
IV306YR,
IV306YS,
IV306YT,
IV306YU,
IV306YW,
IV306YX,
IV306YY,
IV306YZ,
IV306ZD,
IV308AA,
IV308AB,
IV308AD,
IV308AE,
IV308AF,
IV308AG,
IV308AH,
IV308AJ,
IV308AL,
IV308AP,
IV308AQ,
IV308BW,
IV308FA,
IV308FE,
IV308FJ,
IV308FW,
IV308GD,
IV308GG,
IV308GL,
IV308GY,
IV308GZ,
IV308HH,
IV308HJ,
IV308HL,
IV308HN,
IV308HP,
IV308HQ,
IV308JL,
IV308JQ,
IV308JS,
IV308JT,
IV308JU,
IV308JX,
IV308JY,
IV308JZ,
IV308LA,
IV308LB,
IV308LD,
IV308LE,
IV308LF,
IV308LG,
IV308LH,
IV308LJ,
IV308LL,
IV308LN,
IV308LP,
IV308LQ,
IV308LR,
IV308LS,
IV308LT,
IV308LU,
IV308LW,
IV308LX,
IV308LY,
IV308LZ,
IV308NB,
IV308ND,
IV308NE,
IV308NF,
IV308NG,
IV308NH,
IV308NP,
IV308NQ,
IV308NT,
IV308NY,
IV308NZ,
IV308PA,
IV308PB,
IV308PD,
IV308PE,
IV308PF,
IV308PG,
IV308PH,
IV308PJ,
IV308PL,
IV308PN,
IV308PP,
IV308PQ,
IV308PR,
IV308PS,
IV308PT,
IV308PU,
IV308PW,
IV308PX,
IV308PY,
IV308PZ,
IV308QA,
IV308QB,
IV308QD,
IV308QE,
IV308QF,
IV308QG,
IV308QH,
IV308QJ,
IV308QL,
IV308QN,
IV308QP,
IV308QQ,
IV308QR,
IV308QS,
IV308QT,
IV308QU,
IV308QW,
IV308QX,
IV308QY,
IV308QZ,
IV308RA,
IV308RB,
IV308RD,
IV308RE,
IV308RF,
IV308RJ,
IV308RL,
IV308RN,
IV308RP,
IV308RQ,
IV308RR,
IV308RS,
IV308RU,
IV308RW,
IV308RY,
IV308RZ,
IV308SA,
IV308SB,
IV308SD,
IV308SE,
IV308SF,
IV308SG,
IV308SH,
IV308SJ,
IV308SL,
IV308SN,
IV308SP,
IV308SQ,
IV308SR,
IV308SS,
IV308ST,
IV308SU,
IV308SW,
IV308SX,
IV308SY,
IV308SZ,
IV308TA,
IV308TB,
IV308TD,
IV308TE,
IV308TF,
IV308TG,
IV308TH,
IV308TJ,
IV308TL,
IV308TN,
IV308TP,
IV308TQ,
IV308TR,
IV308TS,
IV308TT,
IV308TU,
IV308TW,
IV308TX,
IV308TY,
IV308TZ,
IV308UA,
IV308UB,
IV308UD,
IV308UE,
IV308UF,
IV308UG,
IV308UH,
IV308UJ,
IV308UN,
IV308UP,
IV308UR,
IV308UT,
IV308UU,
IV308UW,
IV308UX,
IV308UY,
IV308UZ,
IV308WA,
IV308WB,
IV308WE,
IV308WF,
IV308WH,
IV308WJ,
IV308WL,
IV308WN,
IV308WP,
IV308XA,
IV308XB,
IV308XD,
IV308XE,
IV308XF,
IV308XG,
IV308XH,
IV308XJ,
IV308XL,
IV308XN,
IV308XP,
IV308XQ,
IV308XR,
IV308XS,
IV308XT,
IV308XU,
IV308XW,
IV308YA,
IV308YB,
IV308YD,
IV308YE,
IV308YF,
IV308ZB,
IV309AA,
IV309AB,
IV309AD,
IV309AE,
IV309AF,
IV309AG,
IV309AH,
IV309AJ,
IV309AL,
IV309AN,
IV309AP,
IV309AQ,
IV309AR,
IV309AS,
IV309AT,
IV309AU,
IV309AW,
IV309AX,
IV309AZ,
IV309BA,
IV309BB,
IV309BD,
IV309BE,
IV309BF,
IV309BG,
IV309BH,
IV309BJ,
IV309BL,
IV309BN,
IV309BP,
IV309BQ,
IV309BR,
IV309BS,
IV309BT,
IV309BU,
IV309BW,
IV309BX,
IV309BY,
IV309BZ,
IV309DA,
IV309DB,
IV309DD,
IV309DE,
IV309DF,
IV309DG,
IV309DH,
IV309DJ,
IV309SA,
IV309SB,
IV309SD,
IV309SE,
IV309SF,
IV309SG,
IV309SH,
IV309SJ,
IV309SL,
IV309SN,
IV309SP,
IV309SQ,
IV309SR,
IV309SS,
IV309ST,
IV309SU,
IV309SW,
IV309SX,
IV309SY,
IV309SZ,
IV309TA,
IV309TB,
IV309TD,
IV309TE,
IV309TF,
IV309TG,
IV309TH,
IV309TJ,
IV309TL,
IV309TN,
IV309TP,
IV309TQ,
IV309TR,
IV309TS,
IV309TT,
IV309ZZ,
IV316AA,
IV316AB,
IV316AD,
IV316AE,
IV316AF,
IV316AG,
IV316AH,
IV316AJ,
IV316AL,
IV316AN,
IV316AP,
IV316AQ,
IV316AR,
IV316AS,
IV316AT,
IV316AU,
IV316AW,
IV316AX,
IV316AY,
IV316AZ,
IV316BA,
IV316BB,
IV316BD,
IV316BE,
IV316BF,
IV316BG,
IV316BH,
IV316BJ,
IV316BL,
IV316BN,
IV316BP,
IV316BQ,
IV316BS,
IV316BT,
IV316BU,
IV316BW,
IV316BX,
IV316BY,
IV316BZ,
IV316DA,
IV316DB,
IV316DD,
IV316DE,
IV316DF,
IV316DG,
IV316DH,
IV316DJ,
IV316DL,
IV316DN,
IV316DP,
IV316DQ,
IV316DR,
IV316DS,
IV316DT,
IV316DU,
IV316DW,
IV316DX,
IV316DY,
IV316DZ,
IV316EA,
IV316EB,
IV316ED,
IV316EE,
IV316EF,
IV316EG,
IV316EH,
IV316EJ,
IV316EL,
IV316EN,
IV316EP,
IV316EQ,
IV316ER,
IV316ES,
IV316ET,
IV316EU,
IV316EW,
IV316EX,
IV316EY,
IV316EZ,
IV316FB,
IV316FD,
IV316FE,
IV316FF,
IV316FG,
IV316GA,
IV316GD,
IV316GH,
IV316GS,
IV316HA,
IV316HB,
IV316HD,
IV316HE,
IV316HF,
IV316HG,
IV316HH,
IV316HJ,
IV316HL,
IV316HN,
IV316HP,
IV316HQ,
IV316HR,
IV316HS,
IV316HT,
IV316HU,
IV316HW,
IV316HX,
IV316HY,
IV316HZ,
IV316JA,
IV316JB,
IV316JD,
IV316JE,
IV316JF,
IV316JG,
IV316JH,
IV316JJ,
IV316JL,
IV316JN,
IV316JP,
IV316JQ,
IV316JR,
IV316JS,
IV316JT,
IV316JU,
IV316JW,
IV316JX,
IV316JY,
IV316JZ,
IV316LA,
IV316LB,
IV316LD,
IV316LE,
IV316LF,
IV316LG,
IV316LH,
IV316LJ,
IV316LL,
IV316LN,
IV316LP,
IV316LQ,
IV316LR,
IV316LS,
IV316LT,
IV316LU,
IV316LW,
IV316LX,
IV316LY,
IV316LZ,
IV316NA,
IV316NB,
IV316ND,
IV316NE,
IV316NF,
IV316NG,
IV316NH,
IV316NJ,
IV316NL,
IV316NN,
IV316NP,
IV316NQ,
IV316NR,
IV316NS,
IV316NT,
IV316NU,
IV316NW,
IV316NX,
IV316NY,
IV316NZ,
IV316PA,
IV316PB,
IV316PD,
IV316PE,
IV316PF,
IV316PG,
IV316PH,
IV316PJ,
IV316PL,
IV316PN,
IV316PP,
IV316PQ,
IV316PR,
IV316PS,
IV316PT,
IV316PU,
IV316PW,
IV316PX,
IV316PY,
IV316PZ,
IV316QA,
IV316QB,
IV316QD,
IV316QE,
IV316QF,
IV316QG,
IV316QH,
IV316QJ,
IV316QL,
IV316QN,
IV316QP,
IV316QQ,
IV316QR,
IV316QS,
IV316QT,
IV316QU,
IV316QW,
IV316QX,
IV316QY,
IV316QZ,
IV316RA,
IV316RB,
IV301NJ,
IV301NL,
IV301NN,
IV301NP,
IV301NQ,
IV301NR,
IV301NS,
IV301NT,
IV301NU,
IV301NW,
IV301NX,
IV301NY,
IV301NZ,
IV301PA,
IV301PB,
IV301PD,
IV301PE,
IV301PF,
IV301PG,
IV301PH,
IV301PJ,
IV301PL,
IV301PN,
IV301PP,
IV301PQ,
IV301PR,
IV301PS,
IV301PT,
IV301PU,
IV301PW,
IV301PX,
IV301PY,
IV301PZ,
IV301QA,
IV301QB,
IV301QD,
IV301QE,
IV301QG,
IV301QH,
IV301QJ,
IV301QL,
IV301QN,
IV301QP,
IV301QQ,
IV301QR,
IV301QS,
IV301QT,
IV301QU,
IV301QW,
IV301QX,
IV301QY,
IV301QZ,
IV301RB,
IV301RD,
IV301RE,
IV301RF,
IV301RG,
IV301RH,
IV301RJ,
IV301RL,
IV301RN,
IV301RP,
IV301RQ,
IV301RR,
IV301RT,
IV301RU,
IV301RW,
IV301RX,
IV301RY,
IV301SA,
IV301SB,
IV301SD,
IV301SE,
IV301SF,
IV301SG,
IV301SH,
IV301SJ,
IV301SL,
IV301SN,
IV301SP,
IV301SQ,
IV301SR,
IV301SS,
IV301ST,
IV301SU,
IV301SW,
IV301SX,
IV301SY,
IV301SZ,
IV301TA,
IV301TB,
IV301TD,
IV301TE,
IV301TF,
IV301TG,
IV301TH,
IV301TJ,
IV301TL,
IV301TN,
IV301TQ,
IV301TS,
IV301TU,
IV301TW,
IV301TX,
IV301TY,
IV301TZ,
IV301UA,
IV301UB,
IV301UD,
IV301UE,
IV301UF,
IV301UG,
IV301UH,
IV301UJ,
IV301UL,
IV301UN,
IV301UP,
IV301UQ,
IV301UR,
IV301UT,
IV301UU,
IV301UW,
IV301UX,
IV301UY,
IV301UZ,
IV301WA,
IV301WB,
IV301WD,
IV301WE,
IV301WF,
IV301WG,
IV301WH,
IV301WJ,
IV301WL,
IV301WQ,
IV301WR,
IV301WY,
IV301WZ,
IV301XA,
IV301XB,
IV301XD,
IV301XE,
IV301XF,
IV301XG,
IV301XH,
IV301XJ,
IV301XL,
IV301XN,
IV301XP,
IV301XQ,
IV301XR,
IV301XS,
IV301XT,
IV301XU,
IV301XW,
IV301XX,
IV301XY,
IV301XZ,
IV301YA,
IV301YB,
IV301YD,
IV301YE,
IV301YF,
IV301YG,
IV301YH,
IV301YJ,
IV301YL,
IV301YN,
IV301YP,
IV301YQ,
IV301YR,
IV301YS,
IV301YT,
IV301YU,
IV301YW,
IV301ZA,
IV301ZB,
IV301ZD,
IV301ZE,
IV302AA,
IV302AB,
IV302AD,
IV302AE,
IV302AF,
IV302AG,
IV302AH,
IV302AJ,
IV302AL,
IV302AN,
IV302AP,
IV302AQ,
IV302AR,
IV302AS,
IV302AT,
IV302AU,
IV302AW,
IV302AX,
IV302AY,
IV302AZ,
IV302BA,
IV302BB,
IV302BD,
IV302BE,
IV302BG,
IV302BH,
IV302BJ,
IV302BL,
IV302BN,
IV302BP,
IV302BQ,
IV302BR,
IV302BS,
IV302BT,
IV302BU,
IV302BW,
IV302BX,
IV302BY,
IV302BZ,
IV302DA,
IV302DB,
IV302DD,
IV302DE,
IV302DF,
IV302DG,
IV302DH,
IV302DJ,
IV302DL,
IV302DN,
IV302DP,
IV302DQ,
IV302DR,
IV302DS,
IV302DT,
IV302DU,
IV302DW,
IV302DX,
IV302DY,
IV302DZ,
IV302EA,
IV302EB,
IV302ED,
IV302EE,
IV302EF,
IV302EG,
IV302EH,
IV302EJ,
IV302EL,
IV302EN,
IV302EP,
IV302EQ,
IV302ER,
IV302ES,
IV302ET,
IV302EU,
IV302EW,
IV302EX,
IV302EY,
IV302EZ,
IV302GA,
IV302GB,
IV302GD,
IV302GE,
IV302GH,
IV302GJ,
IV302GL,
IV302GN,
IV302GP,
IV302GR,
IV302GS,
IV302HA,
IV302HB,
IV302HD,
IV302HE,
IV302HF,
IV302HG,
IV302HH,
IV302HJ,
IV302HL,
IV302HN,
IV302HP,
IV302HQ,
IV302HR,
IV302HS,
IV302HT,
IV302HU,
IV302HW,
IV302HX,
IV302HY,
IV302HZ,
IV302JA,
IV302JB,
IV302JD,
IV302JE,
IV302JF,
IV302JG,
IV302JH,
IV302JJ,
IV302JL,
IV302JN,
IV302JP,
IV302JQ,
IV302JR,
IV302JS,
IV302JT,
IV302JU,
IV302JW,
IV302JX,
IV302JY,
IV302JZ,
IV302LA,
IV302LB,
IV302LD,
IV302LE,
IV302LF,
IV302LG,
IV302LH,
IV302LJ,
IV302LL,
IV302LN,
IV302LP,
IV302LQ,
IV302LR,
IV302LS,
IV302LT,
IV302LU,
IV302LW,
IV302LX,
IV302LY,
IV302LZ,
IV302NA,
IV302NB,
IV302ND,
IV302NE,
IV302NF,
IV302NG,
IV302NH,
IV302NJ,
IV302NL,
IV302NN,
IV302NP,
IV302NQ,
IV302NR,
IV302NS,
IV302NT,
IV302NW,
IV302NY,
IV302NZ,
IV302PA,
IV302PD,
IV302PE,
IV302PF,
IV302PG,
IV302PH,
IV302PJ,
IV302PL,
IV302PN,
IV302PP,
IV302PQ,
IV302PR,
IV302PS,
IV302PT,
IV302PU,
IV302PW,
IV302PX,
IV302PY,
IV302PZ,
IV302QA,
IV302QB,
IV302QD,
IV302QE,
IV302QG,
IV302QH,
IV302QJ,
IV302QL,
IV302QN,
IV302QP,
IV302QQ,
IV302QR,
IV302QS,
IV302QT,
IV302QU,
IV302QW,
IV302QX,
IV302QY,
IV302QZ,
IV302RA,
IV302RB,
IV302RD,
IV302RE,
IV302RF,
IV302RG,
IV302RH,
IV302RJ,
IV302RL,
IV302RN,
IV302RP,
IV302RQ,
IV302RR,
IV302RS,
IV302RT,
IV302RU,
IV302RW,
IV302RX,
IV302RY,
IV302RZ,
IV302SA,
IV302SB,
IV302SD,
IV302SE,
IV302SF,
IV302SG,
IV302SH,
IV302SJ,
IV302SL,
IV302SN,
IV302SP,
IV302SQ,
IV302SR,
IV302SS,
IV302ST,
IV302SU,
IV302SW,
IV302SX,
IV302SY,
IV302SZ,
IV302TA,
IV302TB,
IV302TD,
IV302TE,
IV302TF,
IV302TG,
IV302TH,
IV302TJ,
IV302TL,
IV302TN,
IV302TP,
IV302TQ,
IV302TR,
IV302TS,
IV302TT,
IV302TU,
IV302TW,
IV302TX,
IV302TY,
IV302TZ,
IV302UA,
IV302UB,
IV302UD,
IV302UE,
IV302UF,
IV302UG,
IV302UH,
IV302UJ,
IV302UL,
IV302UN,
IV302UP,
IV302UQ,
IV302UR,
IV302UT,
IV302UU,
IV302UW,
IV302UX,
IV302UY,
IV302UZ,
IV302WA,
IV302WB,
IV302WD,
IV302WE,
IV302WF,
IV302WG,
IV302WH,
IV302WJ,
IV302WL,
IV302WN,
IV302XA,
IV302XB,
IV302XD,
IV302XE,
IV302XF,
IV302XG,
IV302XH,
IV302XJ,
IV302XL,
IV302XN,
IV302XP,
IV302XQ,
IV302XS,
IV302XT,
IV302XU,
IV302XW,
IV302XX,
IV302XY,
IV302XZ,
IV302YA,
IV302YB,
IV302YD,
IV302YE,
IV302YF,
IV302YG,
IV302YH,
IV302YJ,
IV302YL,
IV302YN,
IV302YP,
IV302YQ,
IV302YR,
IV302YS,
IV302YT,
IV302YU,
IV302YW,
IV302YX,
IV302YY,
IV302YZ,
IV302ZA,
IV302ZB,
IV302ZD,
IV302ZE,
IV302ZF,
IV303AA,
IV303AB,
IV303AD,
IV303AF,
IV303AG,
IV303AH,
IV303AJ,
IV303AL,
IV303AN,
IV303AP,
IV303AQ,
IV303AR,
IV303AS,
IV303AT,
IV303AU,
IV303AW,
IV303AX,
IV303AY,
IV303AZ,
IV303BA,
IV303BB,
IV303BD,
IV303BE,
IV303BG,
IV303BH,
IV303BJ,
IV303BL,
IV303BN,
IV303BP,
IV303BQ,
IV303BR,
IV303BS,
IV303BT,
IV303BU,
IV303BW,
IV303BX,
IV303BY,
IV303BZ,
IV303DA,
IV303DB,
IV303DD,
IV303DE,
IV303DF,
IV303DG,
IV303DH,
IV303DJ,
IV303DL,
IV303DN,
IV303DP,
IV303DQ,
IV303DR,
IV303DS,
IV303DT,
IV303DU,
IV303DW,
IV303DX,
IV303DY,
IV303DZ,
IV303EA,
IV303EB,
IV303ED,
IV303EE,
IV303EF,
IV303EG,
IV303EH,
IV303EJ,
IV303EL,
IV303EN,
IV303EP,
IV303EQ,
IV303ER,
IV303ES,
IV303ET,
IV303EU,
IV303EW,
IV303EX,
IV303EY,
IV303EZ,
IV303FA,
IV303FB,
IV303FD,
IV303FE,
IV303FF,
IV303FG,
IV303FH,
IV303FJ,
IV303FL,
IV303FN,
IV303FP,
IV303FQ,
IV303FR,
IV303FW,
IV303GA,
IV303GB,
IV303GD,
IV303GE,
IV303GF,
IV303GG,
IV303GL,
IV303GY,
IV303GZ,
IV303HA,
IV303HB,
IV303HD,
IV303HE,
IV303HF,
IV303HG,
IV303HH,
IV303HJ,
IV303HL,
IV303HN,
IV303HP,
IV303HQ,
IV303HR,
IV303HS,
IV303HT,
IV303HU,
IV303HW,
IV303HX,
IV303HY,
IV303HZ,
IV303JA,
IV303JB,
IV303JD,
IV303JE,
IV303JF,
IV303JG,
IV303JH,
IV303JJ,
IV303JL,
IV303JN,
IV303JP,
IV303JQ,
IV303JR,
IV303JS,
IV303JT,
IV303JU,
IV303JW,
IV303JX,
IV303JY,
IV303JZ,
IV303LA,
IV303LB,
IV303LD,
IV303LE,
IV303LF,
IV303LG,
IV303LH,
IV303LJ,
IV303LL,
IV303LN,
IV303LP,
IV303LQ,
IV303LR,
IV303LS,
IV303LT,
IV303LU,
IV303LW,
IV303LX,
IV303LY,
IV303LZ,
IV303NA,
IV303NB,
IV303ND,
IV303NE,
IV303NF,
IV303NG,
IV303NH,
IV303NJ,
IV303NL,
IV303NN,
IV303NP,
IV303NQ,
IV303NR,
IV303NT,
IV303NU,
IV303NW,
IV303NX,
IV303NY,
IV303NZ,
IV303PA,
IV303PB,
IV303PD,
IV303PE,
IV303PF,
IV303PG,
IV303PH,
IV303PJ,
IV303PL,
IV303PN,
IV303PP,
IV303PQ,
IV303PR,
IV303PS,
IV303PT,
IV303PU,
IV303PW,
IV303PX,
IV303PY,
IV303PZ,
IV303QA,
IV303QB,
IV303QD,
IV303QE,
IV303QF,
IV303QG,
IV303QH,
IV303QJ,
IV303QL,
IV303QN,
IV303QP,
IV303QQ,
IV303QR,
IV303QS,
IV303QT,
IV303QU,
IV303QW,
IV303QX,
IV303QY,
IV303QZ,
IV303RA,
IV303RB,
IV303RD,
IV303RE,
IV303RF,
IV303RG,
IV303RH,
IV303RJ,
IV303RL,
IV303RN,
IV303RP,
IV303RQ,
IV303RR,
IV303RS,
IV303RT,
IV303RU,
IV303RW,
IV303RX,
IV303RY,
IV303RZ,
IV303SA,
IV303SB,
IV303SD,
IV303SE,
IV303SF,
IV303SG,
IV303SH,
IV303SJ,
IV303SL,
IV303SN,
IV303SP,
IV303SQ,
IV303SR,
IV303SS,
IV303ST,
IV303SU,
IV303SW,
IV303SX,
IV303SY,
IV303SZ,
IV303TA,
IV303TB,
IV303TE,
IV303TF,
IV303TG,
IV303TH,
IV303TJ,
IV303TL,
IV303TN,
IV303TP,
IV303TQ,
IV303TR,
IV303TT,
IV303TU,
IV303TW,
IV303TX,
IV303TY,
IV303TZ,
IV303UA,
IV303UB,
IV303UD,
IV303UE,
IV303UF,
IV303UG,
IV303UH,
IV303UJ,
IV303UL,
IV303UN,
IV303UP,
IV303UQ,
IV303UR,
IV303UT,
IV303UU,
IV303UW,
IV303UX,
IV303UY,
IV303UZ,
IV303WA,
IV303WB,
IV303WD,
IV303WE,
IV303WF,
IV303WG,
IV303WL,
IV303XA,
IV303XB,
IV303XD,
IV303XE,
IV303XF,
IV303XG,
IV303XH,
IV303XJ,
IV303XL,
IV303XN,
IV303XP,
IV303XQ,
IV303XR,
IV303XS,
IV303XT,
IV303XU,
IV303XW,
IV303XX,
IV303XY,
IV303XZ,
IV303YA,
IV303YB,
IV303YD,
IV303YE,
IV303YF,
IV303YG,
IV303YH,
IV303YJ,
IV303YL,
IV303YN,
IV303YP,
IV303YQ,
IV303YR,
IV303YS,
IV303YT,
IV303YU,
IV303YW,
IV303YX,
IV303YY,
IV303YZ,
IV303ZA,
IV303ZB,
IV303ZD,
IV303ZW,
IV303ZX,
IV304AA,
IV304AB,
IV304AD,
IV304AE,
IV304AF,
IV304AG,
IV304AH,
IV304AJ,
IV304AL,
IV304AN,
IV304AP,
IV304AQ,
IV304AR,
IV304AS,
IV304AT,
IV304AU,
IV304AW,
IV304AX,
IV304AY,
IV304AZ,
IV304BA,
IV304BB,
IV304BD,
IV304BE,
IV304BF,
IV304BG,
IV304BH,
IV304BJ,
IV304BL,
IV304BN,
IV304BP,
IV304BQ,
IV304BS,
IV304BT,
IV304BU,
IV304BW,
IV304BX,
IV304BY,
IV304BZ,
IV304DA,
IV304DB,
IV304DD,
IV304DE,
IV304DF,
IV304DG,
IV304DH,
IV304DJ,
IV304DL,
IV304DN,
IV304DP,
IV304DQ,
IV304DR,
IV304DS,
IV304DT,
IV304DU,
IV304DW,
IV304DX,
IV304DY,
IV304DZ,
IV304EA,
IV304EB,
IV304ED,
IV304EE,
IV304EF,
IV304EG,
IV304EH,
IV304EJ,
IV304EL,
IV304EN,
IV304EP,
IV304EQ,
IV304ER,
IV304ES,
IV304ET,
IV304EU,
IV304EW,
IV304EX,
IV304EY,
IV304EZ,
IV304FA,
IV304FB,
IV304GA,
IV304GB,
IV304GD,
IV304GE,
IV304GF,
IV304GG,
IV304GH,
IV304GJ,
IV304GL,
IV304GN,
IV304GP,
IV304GW,
IV304GY,
IV304GZ,
IV304HA,
IV304HB,
IV304HD,
IV304HE,
IV304HF,
IV304HG,
IV304HH,
IV304HJ,
IV304HL,
IV304HN,
IV304HP,
IV304HQ,
IV304HR,
IV304HS,
IV304HT,
IV304HU,
IV304HW,
IV304HX,
IV304HY,
IV304HZ,
IV304JA,
IV304JB,
IV304JD,
IV304JE,
IV304JF,
IV304JG,
IV304JH,
IV304JJ,
IV304JL,
IV304JN,
IV304JP,
IV304JR,
IV304JS,
IV304JT,
IV304JU,
IV304JW,
IV304JX,
IV304JY,
IV316RD,
IV316RE,
IV316RF,
IV316RG,
IV316RH,
IV316RJ,
IV316RL,
IV316RN,
IV316RP,
IV316RQ,
IV316RR,
IV316RS,
IV316RT,
IV316RU,
IV316RW,
IV316RX,
IV316RY,
IV316RZ,
IV316SA,
IV316SB,
IV316SD,
IV316SE,
IV316SF,
IV316SG,
IV316SH,
IV316SJ,
IV316SL,
IV316SN,
IV316SP,
IV316SQ,
IV316SR,
IV316SS,
IV316ST,
IV316SU,
IV316SW,
IV316SX,
IV316SY,
IV316SZ,
IV316TA,
IV316TB,
IV316TD,
IV316TE,
IV316TF,
IV316TG,
IV316TH,
IV316TJ,
IV316TL,
IV316TN,
IV316TP,
IV316TQ,
IV316TR,
IV316TS,
IV316TT,
IV316TU,
IV316TW,
IV316TX,
IV316TY,
IV316TZ,
IV316UA,
IV316UB,
IV316UR,
IV316WZ,
IV316YB,
IV316YD,
IV316YE,
IV316YF,
IV316YH,
IV316YJ,
IV319AA,
IV319AB,
IV327AB,
IV327AD,
IV327AE,
IV327DB,
IV327DE,
IV327DF,
IV327DG,
IV327DH,
IV327DJ,
IV327DL,
IV327DN,
IV327DP,
IV327DQ,
IV327DR,
IV327DS,
IV327DT,
IV327DU,
IV327DW,
IV327DX,
IV327DY,
IV327DZ,
IV327EA,
IV327EB,
IV327ED,
IV327EE,
IV327EF,
IV327EG,
IV327EH,
IV327EJ,
IV327EL,
IV327EP,
IV327EQ,
IV327ER,
IV327ES,
IV327ET,
IV327EU,
IV327EX,
IV327EY,
IV327EZ,
IV327GQ,
IV327GT,
IV327GY,
IV327GZ,
IV327HA,
IV327HB,
IV327HD,
IV327HE,
IV327HF,
IV327HG,
IV327HH,
IV327HJ,
IV327HL,
IV327HN,
IV327HP,
IV327HQ,
IV327HR,
IV327HS,
IV327HT,
IV327HU,
IV327HW,
IV327HX,
IV327HY,
IV327HZ,
IV327JA,
IV327JB,
IV327JD,
IV327JE,
IV327JF,
IV327JG,
IV327JH,
IV327JJ,
IV327JL,
IV327JN,
IV327JP,
IV327JQ,
IV327JR,
IV327JS,
IV327JT,
IV327JU,
IV327JW,
IV327JX,
IV327JY,
IV327JZ,
IV327LA,
IV327LB,
IV327LD,
IV327LE,
IV327LF,
IV327LG,
IV327LH,
IV327LJ,
IV327LL,
IV327LN,
IV327LP,
IV327LQ,
IV327LR,
IV327LS,
IV327LT,
IV327LU,
IV327LW,
IV327LX,
IV327LY,
IV327LZ,
IV327NA,
IV327NB,
IV327ND,
IV327NE,
IV327NF,
IV327NG,
IV327NH,
IV327NJ,
IV327NL,
IV327NN,
IV327NP,
IV327NQ,
IV327NR,
IV327NS,
IV327NT,
IV327NU,
IV327NW,
IV327NX,
IV327NY,
IV327NZ,
IV327PA,
IV327PB,
IV327PD,
IV327PE,
IV327PF,
IV327PG,
IV327PH,
IV327PJ,
IV327PL,
IV327PN,
IV327PP,
IV327PQ,
IV327PR,
IV327PS,
IV327PT,
IV327PU,
IV327PW,
IV327PX,
IV327PY,
IV327PZ,
IV327QA,
IV327QB,
IV327QD,
IV327QE,
IV327QF,
IV327QG,
IV327QH,
IV327QJ,
IV327QL,
IV327QN,
IV327QP,
IV327QQ,
IV327QR,
IV327QS,
IV327QT,
IV327QU,
IV327QW,
IV327QX,
IV327QY,
IV327QZ,
IV327RA,
IV327RB,
IV327RE,
IV327RF,
IV327RG,
IV327RH,
IV327RJ,
IV327RQ,
IV327RR,
IV327SR,
IV327WA,
IV327WB,
IV327WZ,
IV327YA,
IV327YB,
IV327YD,
IV327YE,
IV327YF,
IV327YG,
IV327YH,
IV337AA,
IV337AB,
IV337AD,
IV337AE,
IV337AF,
IV337AG,
IV337AH,
IV337AJ,
IV337AL,
IV337AN,
IV337AP,
IV337AQ,
IV337AU,
IV337AW,
IV337AX,
IV337AY,
IV337AZ,
IV337BA,
IV337BB,
IV337BD,
IV337BE,
IV337BG,
IV337BH,
IV337BJ,
IV337BL,
IV337BN,
IV337BP,
IV337BQ,
IV337BS,
IV337BT,
IV337BU,
IV337BW,
IV337BX,
IV337BY,
IV337BZ,
IV347QP,
IV347QR,
IV347QS,
IV347QT,
IV347QU,
IV347QX,
IV347QY,
IV347QZ,
IV347RA,
IV347RB,
IV347RD,
IV347RE,
IV347RF,
IV347RG,
IV357RP,
IV357RR,
IV357RS,
IV357RT,
IV357RU,
IV357RX,
IV357RY,
IV357RZ,
IV357SA,
IV357SB,
IV357SD,
IV357SE,
IV357SF,
IV357SG,
IV360AA,
IV360AB,
IV360AD,
IV360AE,
IV360AF,
IV360AG,
IV360AH,
IV360AJ,
IV360AL,
IV360AN,
IV360AP,
IV360AQ,
IV360AR,
IV360AS,
IV360AT,
IV360AU,
IV360AW,
IV360AX,
IV360AY,
IV360AZ,
IV360BA,
IV360BB,
IV360BD,
IV360BE,
IV360BF,
IV360BG,
IV360BH,
IV360BJ,
IV360BL,
IV360BN,
IV360BP,
IV360BQ,
IV360BR,
IV360BS,
IV360BT,
IV360BU,
IV360BW,
IV360BX,
IV360BY,
IV360BZ,
IV360DA,
IV360DB,
IV360DD,
IV360DE,
IV360DF,
IV360DG,
IV360DH,
IV360DJ,
IV360DL,
IV360DN,
IV360DP,
IV360DQ,
IV360DR,
IV360DS,
IV360DT,
IV360DU,
IV360DW,
IV360DX,
IV360DY,
IV360DZ,
IV360EA,
IV360EB,
IV360ED,
IV360EE,
IV360EF,
IV360EG,
IV360EH,
IV360EJ,
IV360EL,
IV360EN,
IV360EP,
IV360EQ,
IV360ER,
IV360ES,
IV360ET,
IV360EU,
IV360EW,
IV360EX,
IV360EY,
IV360EZ,
IV360FA,
IV360FB,
IV360FD,
IV360FE,
IV360FF,
IV360FG,
IV360FH,
IV360FJ,
IV360FL,
IV360FN,
IV360FP,
IV360FQ,
IV360FR,
IV360FS,
IV360FT,
IV360FU,
IV360FW,
IV360FX,
IV360FY,
IV360FZ,
IV360GA,
IV360GB,
IV360GD,
IV360GE,
IV360GF,
IV360GG,
IV360GH,
IV360GJ,
IV360GL,
IV360GN,
IV360GP,
IV360GQ,
IV360GR,
IV360GS,
IV360GT,
IV360GU,
IV360GW,
IV360GX,
IV360GY,
IV360GZ,
IV360HA,
IV360HB,
IV360HD,
IV360HE,
IV360HF,
IV360HG,
IV360HH,
IV360HJ,
IV360HL,
IV360HN,
IV360HP,
IV360HQ,
IV360HR,
IV360HS,
IV360HT,
IV360HU,
IV360HW,
IV360HX,
IV360HY,
IV360HZ,
IV360JA,
IV360JB,
IV360JD,
IV360JE,
IV360JF,
IV360JG,
IV360JH,
IV360JJ,
IV360JL,
IV360JN,
IV360JP,
IV360JQ,
IV360JR,
IV360JS,
IV360JT,
IV360JU,
IV360JW,
IV360JX,
IV360JY,
IV360JZ,
IV360LA,
IV360LB,
IV360LD,
IV360LE,
IV360LF,
IV360LG,
IV360LH,
IV360LJ,
IV360LL,
IV360LN,
IV360LP,
IV360LQ,
IV360LR,
IV360LS,
IV360LT,
IV360LU,
IV360LW,
IV360LX,
IV360LY,
IV360LZ,
IV360NA,
IV360NB,
IV360ND,
IV360NE,
IV360NF,
IV360NG,
IV360NH,
IV360NJ,
IV360NL,
IV360NN,
IV360NP,
IV360NQ,
IV360NR,
IV360NS,
IV360NT,
IV360NU,
IV360NW,
IV360NX,
IV360NY,
IV360NZ,
IV360PA,
IV360PB,
IV360PD,
IV360PE,
IV360PF,
IV360PG,
IV360PH,
IV360PJ,
IV360PL,
IV360PN,
IV360PP,
IV360PQ,
IV360PR,
IV360PS,
IV360PT,
IV360PU,
IV360PW,
IV360PX,
IV360PY,
IV360PZ,
IV360QA,
IV360QB,
IV360QD,
IV360QE,
IV360QF,
IV360QG,
IV360QH,
IV360QJ,
IV360QL,
IV360QN,
IV360QP,
IV360QQ,
IV360QR,
IV360QS,
IV360QT,
IV360QU,
IV360QW,
IV360QX,
IV360QY,
IV360QZ,
IV360RA,
IV360RB,
IV360RD,
IV360RE,
IV360RF,
IV360RG,
IV360RH,
IV360RJ,
IV360RL,
IV360RN,
IV360RP,
IV360RQ,
IV360RR,
IV360RS,
IV360RT,
IV360RU,
IV360RW,
IV360RX,
IV360RY,
IV360RZ,
IV360SA,
IV360SB,
IV360SD,
IV360SE,
IV360SF,
IV360SG,
IV360SH,
IV360SJ,
IV360SL,
IV360SN,
IV360SP,
IV360SQ,
IV360SR,
IV360SS,
IV360ST,
IV360SU,
IV360SW,
IV360SX,
IV360SY,
IV360SZ,
IV360TA,
IV360TB,
IV360TD,
IV360TE,
IV360TF,
IV360TG,
IV360TH,
IV360TJ,
IV360TL,
IV360TN,
IV360TP,
IV360TQ,
IV360TR,
IV360TS,
IV360TT,
IV360TU,
IV360TW,
IV360TX,
IV360TY,
IV360TZ,
IV360UA,
IV360UB,
IV360UD,
IV360UE,
IV360UF,
IV360UG,
IV360UH,
IV360UJ,
IV360UL,
IV360UN,
IV360UP,
IV360UQ,
IV360UR,
IV360US,
IV360UT,
IV360UU,
IV360UW,
IV360UX,
IV360UY,
IV360UZ,
IV360WA,
IV360WB,
IV360WD,
IV360WE,
IV360WF,
IV360WG,
IV360WH,
IV360WJ,
IV360WL,
IV360WN,
IV360WP,
IV360WQ,
IV360WR,
IV360WS,
IV360WT,
IV360WU,
IV360WW,
IV360WX,
IV360WY,
IV360WZ,
IV360XA,
IV360XB,
IV360XD,
IV360XE,
IV360XF,
IV360XG,
IV360XH,
IV360XJ,
IV360XL,
IV360XN,
IV360XP,
IV360XQ,
IV360XR,
IV360XS,
IV360XT,
IV360XU,
IV360XW,
IV360XX,
IV360XY,
IV360XZ,
IV360YA,
IV360YB,
IV360YD,
IV360YE,
IV360YF,
IV360YG,
IV360YH,
IV360YJ,
IV360YL,
IV360YN,
IV360YP,
IV360YQ,
IV360YR,
IV360YS,
IV360YT,
IV360YU,
IV360YW,
IV360YX,
IV360YY,
IV360YZ,
IV360ZB,
IV360ZD,
IV360ZE,
IV360ZF,
IV360ZG,
IV360ZH,
IV360ZJ,
IV360ZL,
IV360ZN,
IV360ZP,
IV360ZQ,
IV360ZR,
IV360ZS,
IV360ZT,
IV360ZU,
IV360ZW,
IV360ZX,
IV360ZY,
IV360ZZ,
IV361AA,
IV361AB,
IV361AD,
IV361AE,
IV361AF,
IV361AG,
IV361AH,
IV361AJ,
IV361AL,
IV361AN,
IV361AP,
IV361AQ,
IV361AR,
IV361AS,
IV361AT,
IV361AU,
IV361AW,
IV361AX,
IV361AY,
IV361AZ,
IV361BA,
IV361BB,
IV361BD,
IV361BE,
IV361BG,
IV361BH,
IV361BJ,
IV361BL,
IV361BN,
IV361BQ,
IV361BS,
IV361BU,
IV361BX,
IV361BY,
IV361BZ,
IV361DA,
IV361DB,
IV361DD,
IV361DE,
IV361DF,
IV361DG,
IV361DH,
IV361DJ,
IV361DL,
IV361DN,
IV361DP,
IV361DQ,
IV361DR,
IV361DS,
IV361DT,
IV361DU,
IV361DW,
IV361DX,
IV361DY,
IV361DZ,
IV361EA,
IV361EB,
IV361ED,
IV361EE,
IV361EF,
IV361EG,
IV361EH,
IV361EJ,
IV361EL,
IV361EN,
IV361EP,
IV361EQ,
IV361ER,
IV361ES,
IV361ET,
IV361EU,
IV361EW,
IV361EX,
IV361EY,
IV361EZ,
IV361FB,
IV361FD,
IV361FE,
IV361FF,
IV361FG,
IV361FH,
IV361FJ,
IV361FL,
IV361FN,
IV361FP,
IV361FQ,
IV361FR,
IV361FS,
IV361FT,
IV361FW,
IV361FX,
IV361FY,
IV361FZ,
IV361GA,
IV361GB,
IV361GD,
IV361GE,
IV361GF,
IV361GG,
IV361GH,
IV361GL,
IV361GP,
IV361GQ,
IV361GS,
IV361GT,
IV361GZ,
IV361HA,
IV361HB,
IV361HD,
IV361HE,
IV361HF,
IV361HG,
IV361HH,
IV361HJ,
IV361HL,
IV361HN,
IV361HP,
IV361HQ,
IV361HR,
IV361HS,
IV361HT,
IV361HU,
IV361HX,
IV361HY,
IV361HZ,
IV361JA,
IV361JB,
IV361JD,
IV361JE,
IV361JF,
IV361JG,
IV361JJ,
IV361JL,
IV361JU,
IV361JY,
IV361LA,
IV361LB,
IV361LD,
IV361LE,
IV361LF,
IV361LG,
IV361LH,
IV361LJ,
IV361LL,
IV361LN,
IV361LP,
IV361LQ,
IV361LR,
IV361LS,
IV361LT,
IV361LU,
IV361LW,
IV361LX,
IV361LY,
IV361LZ,
IV361NA,
IV361NB,
IV361ND,
IV361NE,
IV361NF,
IV361NG,
IV361NH,
IV361NJ,
IV361NL,
IV361NN,
IV361NP,
IV361NQ,
IV361NR,
IV361NS,
IV361NT,
IV361NU,
IV361NW,
IV361NX,
IV361NY,
IV361NZ,
IV361PA,
IV361PB,
IV361PD,
IV361PE,
IV361PF,
IV361PG,
IV361PH,
IV361PJ,
IV361PL,
IV361PN,
IV361PP,
IV361PQ,
IV361PR,
IV361PS,
IV361PT,
IV361PU,
IV361PW,
IV361PX,
IV361PY,
IV361PZ,
IV361QA,
IV361QB,
IV361QD,
IV361QE,
IV361QF,
IV361QG,
IV361QQ,
IV361QS,
IV361RA,
IV361RB,
IV361RH,
IV361SW,
IV361WA,
IV361WB,
IV361WD,
IV361WF,
IV361WG,
IV361WH,
IV361WR,
IV361WS,
IV361WU,
IV361WW,
IV361WX,
IV361WY,
IV361WZ,
IV361YA,
IV361YB,
IV361ZD,
IV361ZN,
IV361ZQ,
IV361ZR,
IV361ZW,
IV361ZZ,
IV362AB,
IV362AD,
IV362BE,
IV362BF,
IV362BH,
IV362EN,
IV362EW,
IV362EY,
IV362GG,
IV362GJ,
IV362GR,
IV362GU,
IV362GW,
IV362GX,
IV362GY,
IV362HE,
IV362HF,
IV362HG,
IV362HJ,
IV362HL,
IV362HN,
IV362HW,
IV362JG,
IV362JH,
IV362JN,
IV362JP,
IV362JQ,
IV362JR,
IV362JT,
IV362JU,
IV362JW,
IV362JX,
IV362JZ,
IV362LP,
IV362NL,
IV362NZ,
IV362PA,
IV362PB,
IV362PD,
IV362PE,
IV362PF,
IV362PG,
IV362PH,
IV362PJ,
IV362PL,
IV362PN,
IV362PP,
IV362PQ,
IV362PR,
IV362PS,
IV362PT,
IV362PU,
IV362PW,
IV362PX,
IV362PY,
IV362PZ,
IV362QA,
IV362QB,
IV362QD,
IV362QE,
IV362QG,
IV362QH,
IV362QL,
IV362QN,
IV362QP,
IV362QQ,
IV362QR,
IV362QS,
IV362QT,
IV362QU,
IV362QW,
IV362QX,
IV362QY,
IV362QZ,
IV362RA,
IV362RB,
IV362RD,
IV362RE,
IV362RF,
IV362RG,
IV362RH,
IV362RJ,
IV362RL,
IV362RN,
IV362RP,
IV362RQ,
IV362RR,
IV362RS,
IV362RT,
IV362RU,
IV362RW,
IV362RX,
IV362RY,
IV362RZ,
IV362SA,
IV362SB,
IV362SD,
IV362SE,
IV362SF,
IV362SG,
IV362SH,
IV362SJ,
IV362SL,
IV362SN,
IV362SP,
IV362SQ,
IV362SR,
IV362SS,
IV362ST,
IV362SU,
IV362SW,
IV362SX,
IV362SY,
IV362SZ,
IV362TA,
IV362TB,
IV362TD,
IV362TE,
IV362TF,
IV362TG,
IV362TH,
IV362TJ,
IV362TL,
IV362TN,
IV362TP,
IV362TQ,
IV362TR,
IV362TS,
IV362TT,
IV362TU,
IV362TW,
IV362TX,
IV362TY,
IV362TZ,
IV362UA,
IV362UB,
IV362UD,
IV362UE,
IV362UF,
IV362UG,
IV362UH,
IV362UJ,
IV362UL,
IV362US,
IV362WA,
IV362WB,
IV362WD,
IV362WE,
IV362WF,
IV362WG,
IV362WH,
IV362WJ,
IV362WL,
IV362WN,
IV362WP,
IV362WQ,
IV362WR,
IV362WS,
IV362WT,
IV362WU,
IV362WW,
IV362WX,
IV362WY,
IV362WZ,
IV362XA,
IV362XH,
IV362YA,
IV362YB,
IV362YD,
IV362YE,
IV362YF,
IV362YH,
IV362YX,
IV362ZH,
IV362ZP,
IV362ZS,
IV363AB,
IV363AD,
IV363AH,
IV363AR,
IV363BN,
IV363BP,
IV363BT,
IV363BU,
IV363BW,
IV363EB,
IV363ED,
IV363EE,
IV363EF,
IV363FF,
IV363FG,
IV363FJ,
IV363GH,
IV363GU,
IV363JS,
IV363QJ,
IV363RY,
IV363SH,
IV363ST,
IV363SX,
IV363TA,
IV363TB,
IV363TD,
IV363TE,
IV363TF,
IV363TG,
IV363TH,
IV363TJ,
IV363TL,
IV363TN,
IV363TP,
IV363TQ,
IV363TR,
IV363TS,
IV363TT,
IV363TU,
IV363TW,
IV363TX,
IV363TY,
IV363TZ,
IV363UA,
IV363UB,
IV363UG,
IV363UH,
IV363UJ,
IV363UL,
IV363UN,
IV363UP,
IV363UR,
IV363UT,
IV363UU,
IV363UW,
IV363UX,
IV363UY,
IV363UZ,
IV363WA,
IV363WB,
IV363WF,
IV363WG,
IV363WH,
IV363WL,
IV363WN,
IV363WQ,
IV363WS,
IV363WT,
IV363WU,
IV363WW,
IV363WX,
IV363WY,
IV363WZ,
IV363XA,
IV363XB,
IV363XD,
IV363XE,
IV363XF,
IV363XG,
IV363XH,
IV363XJ,
IV363XL,
IV363XN,
IV363XP,
IV363XQ,
IV363XR,
IV363XS,
IV363XT,
IV363XU,
IV363XW,
IV363XX,
IV363XY,
IV363XZ,
IV363YA,
IV363YB,
IV363YD,
IV363YE,
IV363YF,
IV363YG,
IV363YH,
IV363YJ,
IV363YL,
IV363YN,
IV363YP,
IV363YQ,
IV363YR,
IV363YS,
IV363YT,
IV363YU,
IV363YW,
IV363YX,
IV363YY,
IV363YZ,
IV363ZA,
IV363ZB,
IV369AA,
IV369AB,
IV369AD,
IV369AE,
IV369AF,
IV369AG,
IV369AH,
IV369AJ,
IV369AL,
IV369AN,
IV369AP,
IV369AQ,
IV369AR,
IV369AS,
IV369AT,
IV369AU,
IV4 7AA,
IV4 7AB,
IV4 7AD,
IV4 7AE,
IV4 7AF,
IV4 7AG,
IV4 7AH,
IV4 7AJ,
IV4 7AL,
IV4 7AN,
IV4 7AP,
IV4 7AQ,
IV4 7AR,
IV4 7AS,
IV4 7AT,
IV4 7AU,
IV4 7AW,
IV4 7AX,
IV4 7AY,
IV4 7AZ,
IV4 7BA,
IV4 7BB,
IV4 7BD,
IV4 7BE,
IV4 7BF,
IV4 7BG,
IV4 7BH,
IV4 7BL,
IV4 7BP,
IV4 7BQ,
IV4 7BS,
IV4 7BT,
IV4 7BU,
IV4 7BW,
IV4 7BX,
IV4 7BY,
IV4 7BZ,
IV4 7DA,
IV4 7DB,
IV4 7DD,
IV4 7DE,
IV4 7DF,
IV4 7DG,
IV4 7DH,
IV4 7DJ,
IV4 7DL,
IV4 7DN,
IV4 7DP,
IV4 7DQ,
IV4 7DR,
IV4 7DS,
IV4 7DT,
IV4 7DU,
IV4 7DW,
IV4 7DX,
IV4 7DY,
IV4 7DZ,
IV4 7EA,
IV4 7EB,
IV4 7ED,
IV4 7EE,
IV4 7EF,
IV4 7EG,
IV4 7EH,
IV4 7EJ,
IV4 7EL,
IV4 7EN,
IV4 7EP,
IV4 7EQ,
IV4 7ER,
IV4 7ES,
IV4 7ET,
IV4 7EU,
IV4 7EW,
IV4 7EX,
IV4 7EY,
IV4 7EZ,
IV4 7FR,
IV4 7GA,
IV4 7GB,
IV4 7GD,
IV4 7GE,
IV4 7GF,
IV4 7GG,
IV4 7GH,
IV4 7GL,
IV4 7GN,
IV4 7HA,
IV4 7HD,
IV4 7HF,
IV4 7HG,
IV4 7HH,
IV4 7HJ,
IV4 7HL,
IV4 7HN,
IV4 7HP,
IV4 7HQ,
IV4 7HR,
IV4 7HS,
IV4 7HT,
IV4 7HU,
IV4 7HW,
IV4 7HX,
IV4 7HY,
IV4 7HZ,
IV4 7JG,
IV4 7JH,
IV4 7JJ,
IV4 7JL,
IV4 7JN,
IV4 7JP,
IV4 7JQ,
IV4 7JR,
IV4 7JS,
IV4 7JT,
IV4 7JU,
IV4 7JX,
IV4 7JY,
IV4 7LE,
IV4 7LF,
IV4 7LH,
IV4 7LJ,
IV4 7LN,
IV4 7LP,
IV4 7LR,
IV4 7LS,
IV4 7LT,
IV4 7LU,
IV4 7LW,
IV4 7LX,
IV4 7LY,
IV4 7LZ,
IV4 7NA,
IV4 7NB,
IV4 7ND,
IV4 7NE,
IV4 7NF,
IV4 7NG,
IV4 7NQ,
IV4 7WA,
IV4 7WB,
IV4 7WD,
IV4 7WE,
IV4 7WG,
IV4 7WH,
IV4 7WJ,
IV4 7WL,
IV4 7WY,
IV4 7WZ,
IV4 7YA,
IV4 7YB,
IV4 7YD,
IV4 7YE,
IV4 7YF,
IV4 7YG,
IV4 7YH,
IV4 7YJ,
IV4 7YL,
IV4 7YW,
IV4 7ZB,
IV4 7ZD,
IV4 7ZE,
IV408AA,
IV408AB,
IV408AD,
IV408AE,
IV408AF,
IV408AG,
IV408AH,
IV408AJ,
IV408AL,
IV408AN,
IV408AP,
IV408AQ,
IV408AR,
IV408AS,
IV408AT,
IV408AU,
IV408AW,
IV408AX,
IV408BB,
IV408BD,
IV408BE,
IV408BF,
IV408BG,
IV408BH,
IV408BL,
IV408BN,
IV408BP,
IV408BQ,
IV408BS,
IV408BT,
IV408BU,
IV408BW,
IV408BX,
IV408BY,
IV408BZ,
IV408DA,
IV408DB,
IV408DD,
IV408DE,
IV408DF,
IV408DG,
IV408DH,
IV408DJ,
IV408DL,
IV408DN,
IV408DP,
IV408DQ,
IV408DR,
IV408DS,
IV408DT,
IV408DU,
IV408DW,
IV408DX,
IV408DY,
IV408DZ,
IV408EA,
IV408EB,
IV408ED,
IV408EE,
IV408EF,
IV408EG,
IV408EH,
IV408EJ,
IV408EL,
IV408EN,
IV408EP,
IV408EQ,
IV408ER,
IV408ES,
IV408ET,
IV408EU,
IV408EW,
IV408EX,
IV408EY,
IV408EZ,
IV408FA,
IV408FB,
IV408FD,
IV408FE,
IV408HA,
IV408HB,
IV408HD,
IV408HE,
IV408HF,
IV408HG,
IV408HL,
IV408HN,
IV408HP,
IV408HQ,
IV408HR,
IV408HS,
IV408HT,
IV408HU,
IV408HW,
IV408HX,
IV408JA,
IV408JB,
IV408JD,
IV408JG,
IV408JH,
IV408JJ,
IV408JL,
IV408JN,
IV408JR,
IV408JS,
IV408JT,
IV408JU,
IV408JX,
IV408JY,
IV408JZ,
IV408LA,
IV408LB,
IV408LG,
IV408LH,
IV408LR,
IV408LS,
IV408LT,
IV408LU,
IV408LX,
IV408LY,
IV408LZ,
IV408ND,
IV408NE,
IV408NG,
IV408NH,
IV408NS,
IV408NT,
IV408NU,
IV408NX,
IV408NY,
IV408NZ,
IV408PA,
IV408PB,
IV408PD,
IV408PE,
IV408PF,
IV408PG,
IV408PR,
IV408WA,
IV408WD,
IV408WE,
IV408WZ,
IV408YA,
IV408YD,
IV409AA,
IV418AB,
IV418PF,
IV418PG,
IV418PH,
IV418PJ,
IV418PL,
IV418PN,
IV418PP,
IV418PQ,
IV418PR,
IV418PS,
IV418PT,
IV418PU,
IV418PW,
IV418WA,
IV418WZ,
IV428NH,
IV428PY,
IV428PZ,
IV428QA,
IV428QB,
IV428QD,
IV428QE,
IV428QF,
IV428WZ,
IV428YD,
IV438QH,
IV438QJ,
IV438QL,
IV438QN,
IV438QR,
IV438QS,
IV438QT,
IV438QU,
IV438QW,
IV438QX,
IV438QY,
IV438QZ,
IV438RA,
IV448AB,
IV448QL,
IV448RD,
IV448RE,
IV448RF,
IV448RG,
IV448RH,
IV448RJ,
IV448RL,
IV448RN,
IV448RP,
IV448RQ,
IV448RR,
IV448XA,
IV458RB,
IV458RJ,
IV458RL,
IV458RN,
IV458RP,
IV458RQ,
IV458RS,
IV458RT,
IV458RU,
IV458RW,
IV458RX,
IV458RY,
IV458YA,
IV458YD,
IV468SA,
IV468SB,
IV478SD,
IV478SE,
IV478SF,
IV478SG,
IV478SH,
IV478SJ,
IV478SL,
IV478SN,
IV478SP,
IV478SQ,
IV478SR,
IV478SS,
IV478ST,
IV478SU,
IV478SW,
IV478SX,
IV478SY,
IV478SZ,
IV478TA,
IV478YA,
IV478YW,
IV488TD,
IV499AA,
IV499AB,
IV499AD,
IV499AE,
IV499AF,
IV499AG,
IV499AH,
IV499AJ,
IV499AL,
IV499AN,
IV499AP,
IV499AQ,
IV499AR,
IV499AS,
IV499AT,
IV499AU,
IV499AW,
IV499AX,
IV499AY,
IV499AZ,
IV499BA,
IV499BB,
IV499BD,
IV499BE,
IV499BF,
IV499BG,
IV499BH,
IV499BJ,
IV499BL,
IV499BN,
IV499BP,
IV499BQ,
IV499BS,
IV499BT,
IV499BU,
IV499BW,
IV499BX,
IV499BY,
IV499BZ,
IV499DA,
IV499DB,
IV499DD,
IV499DE,
IV499DF,
IV499DQ,
IV499YA,
IV499YB,
IV5 7NA,
IV5 7NB,
IV5 7ND,
IV5 7NE,
IV5 7NL,
IV5 7NN,
IV5 7NS,
IV5 7NT,
IV5 7NU,
IV5 7NW,
IV5 7NX,
IV5 7NY,
IV5 7NZ,
IV5 7PA,
IV5 7PB,
IV5 7PD,
IV5 7PE,
IV5 7PF,
IV5 7PG,
IV5 7PH,
IV5 7PJ,
IV5 7PL,
IV5 7PN,
IV5 7PP,
IV5 7PQ,
IV5 7PR,
IV5 7PS,
IV5 7PT,
IV5 7PU,
IV5 7PW,
IV5 7PX,
IV5 7PY,
IV5 7PZ,
IV5 7QB,
IV5 7QD,
IV5 7QE,
IV5 7QN,
IV5 7QP,
IV5 7QS,
IV5 7XY,
IV5 7YA,
IV5 7YB,
IV510AA,
IV510AB,
IV510AD,
IV510AE,
IV510AF,
IV510AG,
IV519AA,
IV519AB,
IV519AD,
IV519BD,
IV519BE,
IV519BQ,
IV519BS,
IV519BT,
IV519BU,
IV519BW,
IV519BX,
IV519BY,
IV519BZ,
IV519DA,
IV519DB,
IV519DD,
IV519DE,
IV519DF,
IV519DG,
IV519DH,
IV519DJ,
IV519DL,
IV519DN,
IV519DP,
IV519DQ,
IV519DR,
IV519DS,
IV519DT,
IV519DU,
IV519DW,
IV519DX,
IV519DY,
IV519DZ,
IV519EA,
IV519EB,
IV519ED,
IV519EE,
IV519EF,
IV519EG,
IV519EH,
IV519EJ,
IV519EL,
IV519EN,
IV519EP,
IV519EQ,
IV519ER,
IV519ES,
IV519ET,
IV519EU,
IV519EW,
IV519EX,
IV519EY,
IV519EZ,
IV519FD,
IV519FG,
IV519GF,
IV519GP,
IV519GS,
IV519GU,
IV519GZ,
IV519HA,
IV519HB,
IV519HD,
IV519HE,
IV519HF,
IV519HG,
IV519HH,
IV519HJ,
IV519HL,
IV519HN,
IV519HP,
IV519HQ,
IV519HR,
IV519HS,
IV519HT,
IV519HU,
IV519HW,
IV519HX,
IV519HY,
IV519HZ,
IV519JA,
IV519JB,
IV519JD,
IV519JE,
IV519JF,
IV519JG,
IV519JH,
IV519JJ,
IV519JL,
IV519JN,
IV519JP,
IV519JQ,
IV519JR,
IV519JS,
IV519JT,
IV519JU,
IV519JW,
IV519JX,
IV519JY,
IV519JZ,
IV519LA,
IV519LB,
IV519LD,
IV519LE,
IV519LF,
IV519LG,
IV519LH,
IV519LJ,
IV519LL,
IV519LN,
IV519LP,
IV519LQ,
IV519LR,
IV519LS,
IV519LT,
IV519LU,
IV519LW,
IV519LX,
IV519LY,
IV519LZ,
IV519NA,
IV519NB,
IV519ND,
IV519NE,
IV519NF,
IV519NG,
IV519NH,
IV519NJ,
IV519NL,
IV519NN,
IV519NP,
IV519NQ,
IV519NR,
IV519NS,
IV519NT,
IV519NU,
IV519NW,
IV519NX,
IV519NY,
IV519NZ,
IV519PA,
IV519PB,
IV519PD,
IV519PE,
IV519PF,
IV519PG,
IV519PH,
IV519PJ,
IV519PL,
IV519PN,
IV519PP,
IV519PQ,
IV519PR,
IV519PS,
IV519PT,
IV519PU,
IV519PW,
IV519PX,
IV519PY,
IV519PZ,
IV519QA,
IV519QB,
IV519QD,
IV519QE,
IV519QF,
IV519QG,
IV519QH,
IV519QJ,
IV519QL,
IV519QN,
IV519QP,
IV519QR,
IV519QS,
IV519QU,
IV519QW,
IV519QX,
IV519QY,
IV519QZ,
IV519RA,
IV519RB,
IV519RD,
IV519RE,
IV519RF,
IV519RG,
IV519RJ,
IV519RL,
IV519RN,
IV519RP,
IV519RQ,
IV519RR,
IV519RS,
IV519RT,
IV519RU,
IV519RW,
IV519RX,
IV519RY,
IV519RZ,
IV519SA,
IV519SB,
IV519SD,
IV519SE,
IV519SF,
IV519SL,
IV519SN,
IV519SP,
IV519SR,
IV519SS,
IV519ST,
IV519SU,
IV519SW,
IV519SX,
IV519SY,
IV519SZ,
IV519TA,
IV519TB,
IV519TD,
IV519TE,
IV519TF,
IV519TG,
IV519TH,
IV519TJ,
IV519TL,
IV519TN,
IV519TP,
IV519TQ,
IV519TR,
IV519TS,
IV519TT,
IV519TU,
IV519TW,
IV519TX,
IV519UA,
IV519UB,
IV519UD,
IV519UE,
IV519UF,
IV519UG,
IV519UH,
IV519UJ,
IV519UL,
IV519UN,
IV519UP,
IV519UQ,
IV519UR,
IV519UT,
IV519UU,
IV519UX,
IV519UY,
IV519UZ,
IV519WA,
IV519WB,
IV519WF,
IV519WG,
IV519WH,
IV519WS,
IV519WU,
IV519WY,
IV519WZ,
IV519XA,
IV519XB,
IV519XE,
IV519XF,
IV519XG,
IV519XL,
IV519XN,
IV519XP,
IV519XQ,
IV519XR,
IV519XS,
IV519XT,
IV519XU,
IV519XW,
IV519XX,
IV519XY,
IV519XZ,
IV519YA,
IV519YB,
IV519YD,
IV519YE,
IV519YF,
IV519YG,
IV519YH,
IV519YJ,
IV519YL,
IV519YN,
IV519YQ,
IV519YR,
IV519YS,
IV519YT,
IV519YU,
IV519YW,
IV519YX,
IV519ZB,
IV519ZD,
IV519ZY,
IV528TD,
IV528TE,
IV528TF,
IV528TG,
IV528TH,
IV528TJ,
IV528TL,
IV528TN,
IV528TP,
IV528TQ,
IV528TR,
IV528TS,
IV528TT,
IV528TU,
IV528TW,
IV528TX,
IV528TY,
IV528TZ,
IV528UA,
IV528UB,
IV538UG,
IV538UH,
IV538UJ,
IV538UL,
IV538UN,
IV538UP,
IV538UR,
IV538UT,
IV538UU,
IV538UW,
IV538UX,
IV538UY,
IV548AA,
IV548AB,
IV548AD,
IV548AG,
IV548LN,
IV548LP,
IV548LQ,
IV548LR,
IV548LS,
IV548LT,
IV548LU,
IV548LX,
IV548LY,
IV548LZ,
IV548ND,
IV548NE,
IV548UD,
IV548UE,
IV548UF,
IV548UG,
IV548UH,
IV548UJ,
IV548UQ,
IV548UY,
IV548WA,
IV548WE,
IV548XA,
IV548XB,
IV548XD,
IV548XE,
IV548XF,
IV548XG,
IV548XH,
IV548XJ,
IV548XL,
IV548XN,
IV548XP,
IV548XQ,
IV548XR,
IV548XS,
IV548XT,
IV548XU,
IV548XW,
IV548XX,
IV548XY,
IV548YA,
IV548YB,
IV548YD,
IV548YE,
IV548YF,
IV548YG,
IV548YH,
IV548YJ,
IV548YL,
IV548YN,
IV548YP,
IV548YQ,
IV548YR,
IV548YS,
IV548YT,
IV548YU,
IV548YW,
IV548YX,
IV558GA,
IV558GB,
IV558GD,
IV558GE,
IV558GF,
IV558GH,
IV558GJ,
IV558GL,
IV558GN,
IV558GP,
IV558GQ,
IV558GR,
IV558GS,
IV558GT,
IV558GU,
IV558GW,
IV558GX,
IV558GY,
IV558GZ,
IV558HA,
IV558WA,
IV558WB,
IV558WD,
IV558WE,
IV558WF,
IV558WG,
IV558WH,
IV558WJ,
IV558WL,
IV558WN,
IV558WP,
IV558WQ,
IV558WR,
IV558WS,
IV558WT,
IV558WU,
IV558WW,
IV558WX,
IV558WY,
IV558WZ,
IV558YA,
IV558YD,
IV558YU,
IV558ZA,
IV558ZB,
IV558ZD,
IV558ZE,
IV558ZF,
IV558ZG,
IV558ZH,
IV558ZJ,
IV558ZL,
IV558ZN,
IV558ZQ,
IV558ZR,
IV558ZS,
IV558ZT,
IV558ZU,
IV558ZX,
IV558ZY,
IV558ZZ,
IV568FA,
IV568FB,
IV568FD,
IV568FE,
IV568FF,
IV568FG,
IV568FH,
IV568FJ,
IV568FL,
IV568FN,
IV568FQ,
IV568FW,
IV568FX,
IV568FY,
IV568WZ,
IV6 7AA,
IV6 7AB,
IV6 7AE,
IV6 7AT,
IV6 7PA,
IV6 7PB,
IV6 7PD,
IV6 7PU,
IV6 7PW,
IV6 7PX,
IV6 7PY,
IV6 7PZ,
IV6 7QA,
IV6 7QB,
IV6 7QD,
IV6 7QE,
IV6 7QF,
IV6 7QG,
IV6 7QH,
IV6 7QJ,
IV6 7QL,
IV6 7QN,
IV6 7QP,
IV6 7QQ,
IV6 7QR,
IV6 7QS,
IV6 7QT,
IV6 7QU,
IV6 7QW,
IV6 7QX,
IV6 7QY,
IV6 7QZ,
IV6 7RA,
IV6 7RB,
IV6 7RD,
IV6 7RE,
IV6 7RF,
IV6 7RG,
IV6 7RH,
IV6 7RJ,
IV6 7RL,
IV6 7RN,
IV6 7RP,
IV6 7RQ,
IV6 7RR,
IV6 7RS,
IV6 7RT,
IV6 7RU,
IV6 7RW,
IV6 7RX,
IV6 7RY,
IV6 7RZ,
IV6 7SA,
IV6 7SB,
IV6 7SD,
IV6 7SE,
IV6 7SF,
IV6 7SG,
IV6 7SH,
IV6 7SJ,
IV6 7SL,
IV6 7SN,
IV6 7SP,
IV6 7SQ,
IV6 7SR,
IV6 7SS,
IV6 7ST,
IV6 7SU,
IV6 7SW,
IV6 7SX,
IV6 7SY,
IV6 7SZ,
IV6 7TA,
IV6 7TB,
IV6 7TD,
IV6 7TE,
IV6 7TF,
IV6 7TG,
IV6 7TH,
IV6 7TJ,
IV6 7TL,
IV6 7TN,
IV6 7TP,
IV6 7TQ,
IV6 7TR,
IV6 7TS,
IV6 7TT,
IV6 7TU,
IV6 7TW,
IV6 7TX,
IV6 7TY,
IV6 7TZ,
IV6 7UA,
IV6 7UB,
IV6 7UD,
IV6 7UE,
IV6 7UF,
IV6 7UG,
IV6 7UH,
IV6 7UJ,
IV6 7UL,
IV6 7UN,
IV6 7UP,
IV6 7UQ,
IV6 7UR,
IV6 7UT,
IV6 7UU,
IV6 7UW,
IV6 7UX,
IV6 7UY,
IV6 7UZ,
IV6 7WA,
IV6 7WB,
IV6 7WD,
IV6 7WE,
IV6 7WF,
IV6 7WG,
IV6 7WH,
IV6 7WJ,
IV6 7WN,
IV6 7WX,
IV6 7WY,
IV6 7WZ,
IV6 7XA,
IV6 7XB,
IV6 7XD,
IV6 7XE,
IV6 7XG,
IV6 7XJ,
IV6 7XL,
IV6 7XN,
IV6 7XP,
IV6 7XR,
IV6 7XS,
IV6 7XT,
IV6 7XU,
IV6 7XW,
IV6 7YA,
IV6 7YB,
IV6 7YD,
IV6 7YG,
IV6 7YH,
IV6 7YJ,
IV636AD,
IV636TG,
IV636TH,
IV636TJ,
IV636TL,
IV636TN,
IV636TP,
IV636TQ,
IV636TR,
IV636TS,
IV636TU,
IV636TW,
IV636TX,
IV636TY,
IV636TZ,
IV636UA,
IV636UD,
IV636UE,
IV636UF,
IV636UG,
IV636UH,
IV636UJ,
IV636UL,
IV636UN,
IV636UP,
IV636UQ,
IV636UR,
IV636US,
IV636UT,
IV636UU,
IV636UW,
IV636UX,
IV636UY,
IV636UZ,
IV636WA,
IV636WB,
IV636WD,
IV636WE,
IV636WF,
IV636WG,
IV636WH,
IV636WL,
IV636WN,
IV636WP,
IV636WR,
IV636WU,
IV636WX,
IV636WY,
IV636WZ,
IV636XA,
IV636XD,
IV636XE,
IV636XF,
IV636XG,
IV636XH,
IV636XJ,
IV636XL,
IV636XN,
IV636XP,
IV636XQ,
IV636XR,
IV636XS,
IV636XT,
IV636XW,
IV636YA,
IV636YB,
IV636ZB,
IV637AB,
IV637WA,
IV637WE,
IV637YA,
IV637YD,
IV637YE,
IV637YF,
IV637YG,
IV637YH,
IV637YJ,
IV637YL,
IV637YN,
IV637YQ,
IV637YW,
IV637ZF,
IV7 8AA,
IV7 8AB,
IV7 8AD,
IV7 8AE,
IV7 8AF,
IV7 8AG,
IV7 8AH,
IV7 8AJ,
IV7 8AL,
IV7 8AN,
IV7 8AP,
IV7 8AQ,
IV7 8AR,
IV7 8AS,
IV7 8AT,
IV7 8AU,
IV7 8AW,
IV7 8AX,
IV7 8AY,
IV7 8AZ,
IV7 8BA,
IV7 8BB,
IV7 8BD,
IV7 8BE,
IV7 8BF,
IV7 8BG,
IV7 8BH,
IV7 8BJ,
IV7 8BL,
IV7 8BN,
IV7 8BP,
IV7 8BQ,
IV7 8BS,
IV7 8BT,
IV7 8BU,
IV7 8BW,
IV7 8BX,
IV7 8BY,
IV7 8BZ,
IV7 8DA,
IV7 8DB,
IV7 8DD,
IV7 8DE,
IV7 8DF,
IV7 8DG,
IV7 8DH,
IV7 8DJ,
IV7 8DL,
IV7 8DN,
IV7 8DP,
IV7 8DQ,
IV7 8DR,
IV7 8DS,
IV7 8DT,
IV7 8DU,
IV7 8DW,
IV7 8DX,
IV7 8DY,
IV7 8DZ,
IV7 8EA,
IV7 8EB,
IV7 8ED,
IV7 8EE,
IV7 8EF,
IV7 8EG,
IV7 8EH,
IV7 8EJ,
IV7 8EL,
IV7 8EN,
IV7 8EP,
IV7 8EQ,
IV7 8ER,
IV7 8ES,
IV7 8ET,
IV7 8EU,
IV7 8EW,
IV7 8EX,
IV7 8EY,
IV7 8EZ,
IV7 8FA,
IV7 8FB,
IV7 8FD,
IV7 8FE,
IV7 8FF,
IV7 8FG,
IV7 8FH,
IV7 8FJ,
IV7 8FL,
IV7 8GW,
IV7 8GX,
IV7 8GY,
IV7 8GZ,
IV7 8HA,
IV7 8HB,
IV7 8HD,
IV7 8HE,
IV7 8HF,
IV7 8HG,
IV7 8HH,
IV7 8HJ,
IV7 8HL,
IV7 8HP,
IV7 8HQ,
IV7 8HR,
IV7 8HS,
IV7 8HT,
IV7 8HU,
IV7 8HW,
IV7 8HX,
IV7 8HY,
IV7 8HZ,
IV7 8JA,
IV7 8JB,
IV7 8JD,
IV7 8JE,
IV7 8JF,
IV7 8JH,
IV7 8JJ,
IV7 8JL,
IV7 8JN,
IV7 8JP,
IV7 8JQ,
IV7 8JR,
IV7 8JS,
IV7 8JT,
IV7 8JU,
IV7 8JW,
IV7 8JX,
IV7 8JY,
IV7 8JZ,
IV7 8LA,
IV7 8LB,
IV7 8LD,
IV7 8LE,
IV7 8LF,
IV7 8LG,
IV7 8LH,
IV7 8LJ,
IV7 8LL,
IV7 8LN,
IV7 8LP,
IV7 8LQ,
IV7 8LR,
IV7 8LS,
IV7 8LT,
IV7 8LU,
IV7 8LW,
IV7 8LX,
IV7 8LY,
IV7 8LZ,
IV7 8NA,
IV7 8NB,
IV7 8ND,
IV7 8NE,
IV7 8NF,
IV7 8UN,
IV7 8WA,
IV7 8WB,
IV7 8WF,
IV7 8WS,
IV7 8WT,
IV7 8WU,
IV7 8WW,
IV7 8WX,
IV7 8WY,
IV7 8WZ,
IV7 8YA,
IV7 8YB,
IV7 8YD,
IV7 8YE,
IV7 8YF,
IV7 8YG,
IV7 8YH,
IV7 8YL,
IV8 8AB,
IV8 8AD,
IV8 8NA,
IV8 8ND,
IV8 8NE,
IV8 8NF,
IV8 8NG,
IV8 8NH,
IV8 8NJ,
IV8 8NL,
IV8 8NN,
IV8 8NP,
IV8 8NQ,
IV8 8NR,
IV8 8NS,
IV8 8NT,
IV8 8NU,
IV8 8NW,
IV8 8NY,
IV8 8NZ,
IV8 8PA,
IV8 8PB,
IV8 8PD,
IV8 8PE,
IV8 8PF,
IV8 8PG,
IV8 8PH,
IV8 8PJ,
IV8 8PL,
IV8 8PN,
IV8 8PP,
IV8 8PQ,
IV8 8WZ,
IV8 8YA,
IV9 8AA,
IV9 8PA,
IV9 8PP,
IV9 8PR,
IV9 8PS,
IV9 8PT,
IV9 8PU,
IV9 8PW,
IV9 8PX,
IV9 8PY,
IV9 8PZ,
IV9 8QA,
IV9 8QB,
IV9 8QD,
IV9 8QE,
IV9 8QF,
IV9 8QG,
IV9 8QH,
IV9 8QJ,
IV9 8QL,
IV9 8QN,
IV9 8QP,
IV9 8QQ,
IV9 8QR,
IV9 8QS,
IV9 8QT,
IV9 8QU,
IV9 8QW,
IV9 8QX,
IV9 8QY,
IV9 8QZ,
IV9 8RA,
IV9 8RD,
IV9 8RE,
IV9 8RF,
IV9 8RG,
IV9 8RH,
IV9 8RJ,
IV9 8RL,
IV9 8RN,
IV9 8RP,
IV9 8RQ,
IV9 8RS,
IV9 8RT,
IV9 8RU,
IV9 8RW,
IV9 8RX,
IV9 8RY,
IV9 8WX,
IV9 8WY,
IV9 8WZ,
IV9 8YA,
IV9 8YD,
IV9 8YE,
IV9 8YW,
IV991AA,
IV991AB,
IV991AD,
IV991AE,
IV991AF,
