KW126UW,
KW126UX,
KW126UY,
KW126UZ,
KW126WA,
KW126WB,
KW126WD,
KW126WE,
KW126WU,
KW126WX,
KW126WY,
KW126WZ,
KW126XA,
KW126XB,
KW126XD,
KW126XE,
KW126XF,
KW126XG,
KW126XH,
KW126XJ,
KW126XL,
KW126XN,
KW126XP,
KW126XQ,
KW126XR,
KW126XS,
KW126XT,
KW126XU,
KW126XW,
KW126XX,
KW126XY,
KW126XZ,
KW126YA,
KW126YB,
KW126YD,
KW126YE,
KW126YF,
KW126YG,
KW126YH,
KW126YJ,
KW126YL,
KW126YN,
KW126YP,
KW126YQ,
KW126YT,
KW126YW,
KW126YX,
KW126ZA,
KW136YT,
KW136YU,
KW147AA,
KW147AB,
KW147AD,
KW147AE,
KW147AF,
KW147AG,
KW147AH,
KW147AJ,
KW147AL,
KW147AN,
KW147AP,
KW147AQ,
KW147AR,
KW147AS,
KW147AT,
KW147AU,
KW147AW,
KW147AX,
KW147AY,
KW147BA,
KW147BE,
KW147BG,
KW147BH,
KW147BJ,
KW147BL,
KW147BN,
KW147BP,
KW147BQ,
KW147BY,
KW147BZ,
KW147DA,
KW147DB,
KW147DD,
KW147DE,
KW147DF,
KW147DG,
KW147DH,
KW147DJ,
KW147DL,
KW147DN,
KW147DP,
KW147DQ,
KW147DR,
KW147DS,
KW147DT,
KW147DU,
KW147DW,
KW147DX,
KW147DY,
KW147DZ,
KW147EA,
KW147EB,
KW147ED,
KW147EE,
KW147EF,
KW147EG,
KW147EH,
KW147EJ,
KW147EL,
KW147EN,
KW147EP,
KW147EQ,
KW147ER,
KW147ES,
KW147ET,
KW147EU,
KW147EW,
KW147EX,
KW147EY,
KW147EZ,
KW147GY,
KW147GZ,
KW147HA,
KW147HB,
KW147HD,
KW147HE,
KW147HF,
KW147HG,
KW147HH,
KW147HJ,
KW147HL,
KW147HN,
KW147HP,
KW147HQ,
KW147HR,
KW147HS,
KW147HT,
KW147HU,
KW147HW,
KW147HX,
KW147HY,
KW147HZ,
KW147JA,
KW147JB,
KW147JD,
KW147JE,
KW147JF,
KW147JG,
KW147JH,
KW147JJ,
KW147JL,
KW147JN,
KW147JP,
KW147JQ,
KW147JR,
KW147JS,
KW147JT,
KW147JU,
KW147JW,
KW147JX,
KW147JY,
KW147JZ,
KW147LA,
KW147LB,
KW147LD,
KW147LE,
KW147LF,
KW147LG,
KW147LH,
KW147LJ,
KW147LL,
KW147LN,
KW147LP,
KW147LQ,
KW147LR,
KW147LS,
KW147LT,
KW147LU,
KW147LW,
KW147LX,
KW147LY,
KW147LZ,
KW147NA,
KW147NB,
KW147ND,
KW147NE,
KW147NF,
KW147NG,
KW147NH,
KW147NJ,
KW147NL,
KW147NN,
KW147NP,
KW147NQ,
KW147NR,
KW147NS,
KW147NT,
KW147NW,
KW147NX,
KW147NY,
KW147NZ,
KW147PA,
KW147PB,
KW147PD,
KW147PE,
KW147PF,
KW147PG,
KW147PH,
KW147PJ,
KW147PL,
KW147PN,
KW147PP,
KW147PQ,
KW147PR,
KW147PS,
KW147PT,
KW147PU,
KW147PW,
KW147PX,
KW147PY,
KW147PZ,
KW147QA,
KW147QB,
KW147QD,
KW147QE,
KW147QF,
KW147QG,
KW147QH,
KW147QJ,
KW147QL,
KW147QN,
KW147QP,
KW147QQ,
KW147QR,
KW147QS,
KW147QT,
KW147QU,
KW147QW,
KW147QX,
KW147QY,
KW147QZ,
KW147RA,
KW147RB,
KW147RD,
KW147RE,
KW147RF,
KW147RG,
KW147RH,
KW147RJ,
KW147RL,
KW147RN,
KW147RP,
KW147RQ,
KW147RR,
KW147RS,
KW147RW,
KW147RY,
KW147RZ,
KW147SA,
KW147SB,
KW147SD,
KW147SG,
KW147SH,
KW147SJ,
KW147SL,
KW147SN,
KW147SP,
KW147SQ,
KW147SR,
KW147SS,
KW147ST,
KW147SU,
KW147SW,
KW147SX,
KW147SY,
KW147SZ,
KW147TA,
KW147TB,
KW147TD,
KW147TH,
KW147TJ,
KW147TY,
KW147TZ,
KW147UA,
KW147UB,
KW147UD,
KW147UE,
KW147UF,
KW147UG,
KW147UH,
KW147UJ,
KW147UL,
KW147UN,
KW147UP,
KW147UQ,
KW147UR,
KW147UT,
KW147UU,
KW147UW,
KW147UX,
KW147UY,
KW147UZ,
KW147WA,
KW147WB,
KW147WE,
KW147WG,
KW147WT,
KW147WU,
KW147WW,
KW147WX,
KW147WY,
KW147WZ,
KW147XA,
KW147XB,
KW147XD,
KW147XE,
KW147XF,
KW147XG,
KW147XH,
KW147XJ,
KW147XL,
KW147XN,
KW147XP,
KW147XQ,
KW147XR,
KW147XS,
KW147XT,
KW147XU,
KW147XW,
KW147XX,
KW147XY,
KW147XZ,
KW147YA,
KW147YB,
KW147YD,
KW147YE,
KW147YF,
KW147YG,
KW147YH,
KW147YJ,
KW147YL,
KW147YN,
KW147YP,
KW147YQ,
KW147YR,
KW147YS,
KW147YT,
KW147YU,
KW147YW,
KW147YX,
KW147ZF,
KW147ZG,
KW148AA,
KW148AB,
KW148AD,
KW148AE,
KW148AF,
KW148AG,
KW148AH,
KW148AJ,
KW148AL,
KW148AN,
KW148AP,
KW148AQ,
KW148AR,
KW148AS,
KW148AT,
KW148AU,
KW148AW,
KW148AX,
KW148AY,
KW148AZ,
KW148BA,
KW148BB,
KW148BD,
KW148BE,
KW148BG,
KW148BH,
KW148BJ,
KW148BL,
KW148BN,
KW148BP,
KW148BQ,
KW148BS,
KW148BT,
KW148BU,
KW148BW,
KW148BX,
KW148BY,
KW148BZ,
KW148DA,
KW148DB,
KW148DD,
KW148DE,
KW148DF,
KW148DG,
KW148EG,
KW148EH,
KW148EJ,
KW148EL,
KW148EN,
KW148EP,
KW148EQ,
KW148ER,
KW148EW,
KW148HL,
KW148HN,
KW148HP,
KW148HR,
KW148HS,
KW148HT,
KW148HU,
KW148HW,
KW148HX,
KW148HY,
KW148HZ,
KW148JA,
KW148JB,
KW148JD,
KW148JE,
KW148JF,
KW148JG,
KW148JH,
KW148JJ,
KW148JL,
KW148JN,
KW148JP,
KW148JQ,
KW148JR,
KW148JS,
KW148JT,
KW148JU,
KW148JW,
KW148JX,
KW148JZ,
KW148NE,
KW148NF,
KW148NG,
KW148NH,
KW148NJ,
KW148NL,
KW148NN,
KW148NP,
KW148NQ,
KW148NR,
KW148NS,
KW148NT,
KW148NU,
KW148NW,
KW148NX,
KW148PP,
KW148PR,
KW148PS,
KW148PT,
KW148PU,
KW148PX,
KW148PY,
KW148PZ,
KW148QA,
KW148QB,
KW148QD,
KW148QE,
KW148QF,
KW148QG,
KW148QH,
KW148QJ,
KW148QL,
KW148QN,
KW148QP,
KW148QQ,
KW148QR,
KW148QS,
KW148QT,
KW148QU,
KW148QW,
KW148QX,
KW148QY,
KW148QZ,
KW148RA,
KW148RB,
KW148RD,
KW148RE,
KW148RF,
KW148SL,
KW148SN,
KW148SP,
KW148SR,
KW148SS,
KW148ST,
KW148SU,
KW148SW,
KW148SX,
KW148SY,
KW148SZ,
KW148TA,
KW148TB,
KW148TD,
KW148TE,
KW148TF,
KW148TG,
KW148TH,
KW148TP,
KW148TQ,
KW148TR,
KW148TS,
KW148TT,
KW148TU,
KW148TW,
KW148TX,
KW148TY,
KW148TZ,
KW148UA,
KW148UB,
KW148UD,
KW148UE,
KW148UF,
KW148UG,
KW148UH,
KW148UJ,
KW148UL,
KW148UN,
KW148UP,
KW148UQ,
KW148UR,
KW148US,
KW148UT,
KW148UU,
KW148UW,
KW148UX,
KW148WA,
KW148WZ,
KW148XD,
KW148XE,
KW148XF,
KW148XG,
KW148XH,
KW148XJ,
KW148XL,
KW148XN,
KW148XP,
KW148XQ,
KW148XR,
KW148XS,
KW148XT,
KW148XW,
KW148YA,
KW148YB,
KW148YD,
KW148YE,
KW148YH,
KW148YJ,
KW148YL,
KW148YN,
KW148YP,
KW148YS,
KW148YT,
KW148YZ,
KW149AA,
KW149AB,
KW149AD,
KW149AE,
KW149AF,
KW151AA,
KW151AB,
KW151AD,
KW151AE,
KW151AF,
KW151AG,
KW151AH,
KW151AJ,
KW151AL,
KW151AN,
KW151AP,
KW151AQ,
KW151AR,
KW151AS,
KW151AT,
KW151AU,
KW151AW,
KW151AX,
KW151AY,
KW151AZ,
KW151BA,
KW151BB,
KW151BD,
KW151BE,
KW151BF,
KW151BG,
KW151BH,
KW151BJ,
KW151BL,
KW151BN,
KW151BP,
KW151BQ,
KW151BS,
KW151BT,
KW151BU,
KW151BW,
KW151BX,
KW151BY,
KW151BZ,
KW151DA,
KW151DB,
KW151DD,
KW151DE,
KW151DF,
KW151DG,
KW151DH,
KW151DJ,
KW151DL,
KW151DN,
KW151DP,
KW151DQ,
KW151DR,
KW151DS,
KW151DT,
KW151DU,
KW151DW,
KW151DX,
KW151DY,
KW151DZ,
KW151EA,
KW151EB,
KW151ED,
KW151EE,
KW151EF,
KW151EG,
KW151EH,
KW151EJ,
KW151EL,
KW151EN,
KW151EP,
KW151EQ,
KW151ER,
KW151ES,
KW151ET,
KW151EU,
KW151EW,
KW151EX,
KW151EY,
KW151EZ,
KW151FA,
KW151FB,
KW151FD,
KW151FE,
KW151FF,
KW151FG,
KW151FH,
KW151FJ,
KW151FL,
KW151FN,
KW151FP,
KW151FQ,
KW151FR,
KW151FS,
KW151FT,
KW151FU,
KW151FW,
KW151FX,
KW151FY,
KW151FZ,
KW151GA,
KW151GB,
KW151GD,
KW151GE,
KW151GF,
KW151GG,
KW151GH,
KW151GJ,
KW151GL,
KW151GN,
KW151GP,
KW151GQ,
KW151GR,
KW151GS,
KW151GT,
KW151GU,
KW151GW,
KW151GY,
KW151GZ,
KW151HA,
KW151HB,
KW151HD,
KW151HE,
KW151HF,
KW151HG,
KW151HH,
KW151HJ,
KW151HL,
KW151HN,
KW151HP,
KW151HQ,
KW151HR,
KW151HS,
KW151HT,
KW151HU,
KW151HW,
KW151HX,
KW151HY,
KW151HZ,
KW151JA,
KW151JB,
KW151JD,
KW151JE,
KW151JF,
KW151JG,
KW151JH,
KW151JJ,
KW151JL,
KW151JN,
KW151JP,
KW151JQ,
KW151JR,
KW151JS,
KW151JT,
KW151JU,
KW151JW,
KW151JX,
KW151JY,
KW151JZ,
KW151LA,
KW151LB,
KW151LD,
KW151LE,
KW151LF,
KW151LG,
KW151LH,
KW151LJ,
KW151LL,
KW151LN,
KW151LP,
KW151LQ,
KW151LR,
KW151LS,
KW151LT,
KW151LU,
KW151LW,
KW151LX,
KW151LY,
KW151LZ,
KW151NA,
KW151NB,
KW151ND,
KW151NE,
KW151NF,
KW151NG,
KW151NH,
KW151NJ,
KW151NL,
KW151NN,
KW151NP,
KW151NQ,
KW151NR,
KW151NS,
KW151NT,
KW151NU,
KW151NW,
KW151NX,
KW151NY,
KW151NZ,
KW151PA,
KW151PB,
KW151PD,
KW151PE,
KW151PF,
KW151PG,
KW151PH,
KW151PJ,
KW151PL,
KW151PN,
KW151PP,
KW151PQ,
KW151PR,
KW151PS,
KW151PT,
KW151PU,
KW151PW,
KW151PX,
KW151PY,
KW151PZ,
KW151QA,
KW151QB,
KW151QD,
KW151QE,
KW151QF,
KW151QG,
KW151QH,
KW151QJ,
KW151QL,
KW151QN,
KW151QP,
KW151QQ,
KW151QR,
KW151QS,
KW151QT,
KW151QU,
KW151QW,
KW151QX,
KW151QY,
KW151QZ,
KW151RA,
KW151RB,
KW151RD,
KW151RE,
KW151RF,
KW151RG,
KW151RH,
KW151RJ,
KW151RL,
KW151RN,
KW151RP,
KW151RQ,
KW151RR,
KW151RS,
KW151RT,
KW151RU,
KW151RW,
KW151RX,
KW151RY,
KW151RZ,
KW151SA,
KW151SB,
KW151SD,
KW151SE,
KW151SF,
KW151SG,
KW151SH,
KW151SJ,
KW151SL,
KW151SN,
KW151SP,
KW151SQ,
KW151SR,
KW151SS,
KW151ST,
KW151SU,
KW151SW,
KW151SX,
KW151SY,
KW151SZ,
KW151TA,
KW151TB,
KW151TD,
KW151TE,
KW151TF,
KW151TG,
KW151TH,
KW151TJ,
KW151TL,
KW151TN,
KW151TP,
KW151TQ,
KW151TR,
KW151TS,
KW151TT,
KW151TU,
KW151TW,
KW151TX,
KW151TY,
KW151TZ,
KW151UA,
KW151UB,
KW151UD,
KW151UE,
KW151UF,
KW151UG,
KW151UH,
KW151UJ,
KW151UL,
KW151UN,
KW151UP,
KW151UQ,
KW151UR,
KW151US,
KW151UT,
KW151UU,
KW151UW,
KW151UX,
KW151UY,
KW151UZ,
KW151WA,
KW151WB,
KW151WD,
KW151WE,
KW151WF,
KW151WG,
KW151WJ,
KW151WN,
KW151WP,
KW151WQ,
KW151WR,
KW151WS,
KW151WT,
KW151WU,
KW151WW,
KW151WX,
KW151WY,
KW151WZ,
KW151XA,
KW151XB,
KW151XD,
KW151XE,
KW151XF,
KW151XG,
KW151XH,
KW151XJ,
KW151XL,
KW151XN,
KW151XP,
KW151XQ,
KW151XR,
KW151XS,
KW151XT,
KW151XU,
KW151XW,
KW151XX,
KW151XY,
KW151XZ,
KW151YA,
KW151YB,
KW151YD,
KW151YE,
KW151YF,
KW151YG,
KW151YH,
KW151YJ,
KW151YL,
KW151YN,
KW151YP,
KW151YQ,
KW151YR,
KW151YS,
KW151YT,
KW151YU,
KW151YW,
KW151YX,
KW151YZ,
KW151ZA,
KW151ZD,
KW151ZG,
KW151ZH,
KW151ZJ,
KW151ZL,
KW151ZN,
KW151ZP,
KW151ZQ,
KW151ZR,
KW151ZS,
KW151ZT,
KW151ZU,
KW151ZZ,
KW159AA,
KW159AB,
KW159AD,
KW159BA,
KW159BB,
KW159BD,
KW159BE,
KW159BF,
KW159BG,
KW159BH,
KW159SA,
KW159SB,
KW159SD,
KW159SE,
KW159SF,
KW159SG,
KW159SH,
KW159SJ,
KW159SL,
KW159SN,
KW159SP,
KW159SQ,
KW159SR,
KW159SS,
KW159ST,
KW159SU,
KW159SW,
KW159SX,
KW159SY,
KW159SZ,
KW159TA,
KW159TB,
KW159ZZ,
KW163AA,
KW163AB,
KW163AD,
KW163AE,
KW163AF,
KW163AG,
KW163AH,
KW163AJ,
KW163AL,
KW163AN,
KW163AP,
KW163AQ,
KW163AR,
KW163AS,
KW163AT,
KW163AU,
KW1 4AA,
KW1 4AB,
KW1 4AD,
KW1 4AE,
KW1 4AF,
KW1 4AG,
KW1 4AH,
KW1 4AJ,
KW1 4AL,
KW1 4AN,
KW1 4AP,
KW1 4AQ,
KW1 4AR,
KW1 4AW,
KW1 4BP,
KW1 4BS,
KW1 4BT,
KW1 4BU,
KW1 4BX,
KW1 4BY,
KW1 4BZ,
KW1 4DA,
KW1 4DB,
KW1 4DD,
KW1 4DE,
KW1 4DF,
KW1 4DG,
KW1 4DH,
KW1 4DJ,
KW1 4DL,
KW1 4DN,
KW1 4DP,
KW1 4DQ,
KW1 4DR,
KW1 4DS,
KW1 4DT,
KW1 4DU,
KW1 4DW,
KW1 4DX,
KW1 4DY,
KW1 4DZ,
KW1 4EA,
KW1 4EB,
KW1 4ED,
KW1 4EE,
KW1 4EP,
KW1 4HA,
KW1 4HB,
KW1 4HD,
KW1 4HE,
KW1 4HF,
KW1 4HG,
KW1 4HH,
KW1 4HJ,
KW1 4HL,
KW1 4HN,
KW1 4HP,
KW1 4HQ,
KW1 4HR,
KW1 4HS,
KW1 4HT,
KW1 4HU,
KW1 4HW,
KW1 4HX,
KW1 4HY,
KW1 4HZ,
KW1 4JA,
KW1 4JB,
KW1 4JD,
KW1 4JE,
KW1 4JF,
KW1 4JG,
KW1 4JH,
KW1 4JJ,
KW1 4JL,
KW1 4JN,
KW1 4JP,
KW1 4JQ,
KW1 4JR,
KW1 4JS,
KW1 4JT,
KW1 4JW,
KW1 4JX,
KW1 4LP,
KW1 4LR,
KW1 4LS,
KW1 4LT,
KW1 4LU,
KW1 4LX,
KW1 4LY,
KW1 4LZ,
KW1 4NA,
KW1 4NB,
KW1 4ND,
KW1 4NE,
KW1 4NF,
KW1 4NG,
KW1 4NH,
KW1 4NJ,
KW1 4NL,
KW1 4NN,
KW1 4NP,
KW1 4NQ,
KW1 4NR,
KW1 4NS,
KW1 4NT,
KW1 4NU,
KW1 4NW,
KW1 4NX,
KW1 4NY,
KW1 4NZ,
KW1 4PA,
KW1 4PB,
KW1 4PD,
KW1 4PE,
KW1 4PF,
KW1 4PG,
KW1 4PH,
KW1 4PJ,
KW1 4PL,
KW1 4PN,
KW1 4PP,
KW1 4PQ,
KW1 4PR,
KW1 4PY,
KW1 4QG,
KW1 4QP,
KW1 4QQ,
KW1 4QR,
KW1 4QS,
KW1 4QT,
KW1 4QU,
KW1 4QW,
KW1 4QX,
KW1 4QY,
KW1 4QZ,
KW1 4RA,
KW1 4RB,
KW1 4RD,
KW1 4RE,
KW1 4RF,
KW1 4RG,
KW1 4RH,
KW1 4RJ,
KW1 4RL,
KW1 4RN,
KW1 4RP,
KW1 4RQ,
KW1 4RR,
KW1 4RS,
KW1 4RT,
KW1 4RU,
KW1 4RW,
KW1 4RX,
KW1 4RY,
KW1 4RZ,
KW1 4SA,
KW1 4SB,
KW1 4SD,
KW1 4TA,
KW1 4TB,
KW1 4TD,
KW1 4TE,
KW1 4TL,
KW1 4TN,
KW1 4TP,
KW1 4TR,
KW1 4TS,
KW1 4TT,
KW1 4TW,
KW1 4UD,
KW1 4UE,
KW1 4UF,
KW1 4UG,
KW1 4UQ,
KW1 4UR,
KW1 4UY,
KW1 4UZ,
KW1 4WA,
KW1 4WB,
KW1 4WX,
KW1 4WY,
KW1 4WZ,
KW1 4XA,
KW1 4XB,
KW1 4XD,
KW1 4XE,
KW1 4XF,
KW1 4XG,
KW1 4XH,
KW1 4XP,
KW1 4XR,
KW1 4XX,
KW1 4YA,
KW1 4YB,
KW1 4YD,
KW1 4YE,
KW1 4YH,
KW1 4YJ,
KW1 4YL,
KW1 4YN,
KW1 4YP,
KW1 4YR,
KW1 4YS,
KW1 4YT,
KW1 4YU,
KW1 4YX,
KW1 4ZG,
KW1 5AA,
KW1 5AB,
KW1 5AD,
KW1 5AE,
KW1 5AF,
KW1 5AG,
KW1 5AH,
KW1 5AJ,
KW1 5AL,
KW1 5AN,
KW1 5AP,
KW1 5AQ,
KW1 5AR,
KW1 5AS,
KW1 5AT,
KW1 5AU,
KW1 5AW,
KW1 5AX,
KW1 5AY,
KW1 5AZ,
KW1 5BA,
KW1 5BB,
KW1 5BD,
KW1 5BE,
KW1 5BF,
KW1 5BG,
KW1 5BH,
KW1 5BJ,
KW1 5BL,
KW1 5BN,
KW1 5BP,
KW1 5BQ,
KW1 5BS,
KW1 5BT,
KW1 5BU,
KW1 5BW,
KW1 5BX,
KW1 5EA,
KW1 5EB,
KW1 5ED,
KW1 5EF,
KW1 5EG,
KW1 5EH,
KW1 5EJ,
KW1 5EL,
KW1 5EN,
KW1 5EP,
KW1 5EQ,
KW1 5ER,
KW1 5ES,
KW1 5ET,
KW1 5EU,
KW1 5EW,
KW1 5EX,
KW1 5EY,
KW1 5EZ,
KW1 5HA,
KW1 5HB,
KW1 5HD,
KW1 5HE,
KW1 5HF,
KW1 5HG,
KW1 5HH,
KW1 5HJ,
KW1 5HL,
KW1 5HN,
KW1 5HP,
KW1 5HQ,
KW1 5HR,
KW1 5HS,
KW1 5HT,
KW1 5HU,
KW1 5HW,
KW1 5HX,
KW1 5HY,
KW1 5HZ,
KW1 5JA,
KW1 5JB,
KW1 5JD,
KW1 5JE,
KW1 5JF,
KW1 5JG,
KW1 5LA,
KW1 5LB,
KW1 5LD,
KW1 5LE,
KW1 5LF,
KW1 5LG,
KW1 5LH,
KW1 5LJ,
KW1 5LL,
KW1 5LN,
KW1 5LP,
KW1 5LQ,
KW1 5LR,
KW1 5LS,
KW1 5LT,
KW1 5LU,
KW1 5LW,
KW1 5LX,
KW1 5LY,
KW1 5LZ,
KW1 5NA,
KW1 5NB,
KW1 5ND,
KW1 5NE,
KW1 5NF,
KW1 5NG,
KW1 5NH,
KW1 5NJ,
KW1 5NL,
KW1 5NN,
KW1 5NP,
KW1 5NQ,
KW1 5NR,
KW1 5NS,
KW1 5NT,
KW1 5NU,
KW1 5NW,
KW1 5PY,
KW1 5PZ,
KW1 5QA,
KW1 5QB,
KW1 5QD,
KW1 5QE,
KW1 5QF,
KW1 5QG,
KW1 5QH,
KW1 5QJ,
KW1 5QL,
KW1 5QN,
KW1 5QP,
KW1 5QQ,
KW1 5QR,
KW1 5QS,
KW1 5QW,
KW1 5SA,
KW1 5SB,
KW1 5SD,
KW1 5SE,
KW1 5SF,
KW1 5SG,
KW1 5SP,
KW1 5SR,
KW1 5SS,
KW1 5ST,
KW1 5SU,
KW1 5SX,
KW1 5SY,
KW1 5SZ,
KW1 5TA,
KW1 5TB,
KW1 5TD,
KW1 5TE,
KW1 5TF,
KW1 5TG,
KW1 5TH,
KW1 5TJ,
KW1 5TL,
KW1 5TN,
KW1 5TP,
KW1 5TQ,
KW1 5TR,
KW1 5TS,
KW1 5TT,
KW1 5TU,
KW1 5TW,
KW1 5TX,
KW1 5TY,
KW1 5TZ,
KW1 5UG,
KW1 5UH,
KW1 5UJ,
KW1 5UL,
KW1 5UN,
KW1 5UP,
KW1 5UQ,
KW1 5UR,
KW1 5UT,
KW1 5UU,
KW1 5UW,
KW1 5XG,
KW1 5XH,
KW1 5XJ,
KW1 5XL,
KW1 5XN,
KW1 5XP,
KW1 5XQ,
KW1 5XR,
KW1 5XS,
KW1 5XT,
KW1 5XU,
KW1 5XW,
KW1 5XX,
KW1 5XY,
KW1 5YA,
KW1 5YB,
KW1 5YD,
KW1 5YE,
KW1 5YJ,
KW1 5YL,
KW1 5YN,
KW1 5YP,
KW1 5YQ,
KW1 5YR,
KW1 5YS,
KW1 5YW,
KW1 9AA,
KW1 9AB,
KW1 9AD,
KW1 9AE,
KW106AB,
KW106RA,
KW106RB,
KW106RD,
KW106RE,
KW106RF,
KW106RG,
KW106RH,
KW106RJ,
KW106RL,
KW106RN,
KW106RP,
KW106RQ,
KW106RR,
KW106RS,
KW106RT,
KW106RU,
KW106RW,
KW106RX,
KW106RY,
KW106RZ,
KW106SA,
KW106SB,
KW106SD,
KW106SE,
KW106SF,
KW106SG,
KW106SH,
KW106SJ,
KW106SL,
KW106SN,
KW106SP,
KW106SQ,
KW106SR,
KW106SS,
KW106ST,
KW106SU,
KW106SW,
KW106SX,
KW106SY,
KW106SZ,
KW106TA,
KW106TB,
KW106TD,
KW106TE,
KW106TF,
KW106TG,
KW106TH,
KW106TJ,
KW106TL,
KW106TN,
KW106TP,
KW106TQ,
KW106TR,
KW106TS,
KW106TT,
KW106TU,
KW106TW,
KW106TX,
KW106TY,
KW106TZ,
KW106UA,
KW106UB,
KW106UD,
KW106UE,
KW106UF,
KW106WZ,
KW106YA,
KW106YE,
KW106YF,
KW116UA,
KW116UB,
KW116UD,
KW116UE,
KW116UF,
KW116UG,
KW126UJ,
KW126UL,
KW126UN,
KW126UP,
KW126UR,
KW126UU,
KW163AW,
KW163AX,
KW163AY,
KW163AZ,
KW163BA,
KW163BB,
KW163BD,
KW163BE,
KW163BF,
KW163BG,
KW163BH,
KW163BJ,
KW163BL,
KW163BN,
KW163BP,
KW163BQ,
KW163BS,
KW163BT,
KW163BU,
KW163BW,
KW163BX,
KW163BY,
KW163BZ,
KW163DA,
KW163DB,
KW163DD,
KW163DE,
KW163DF,
KW163DG,
KW163DH,
KW163DJ,
KW163DL,
KW163DN,
KW163DP,
KW163DQ,
KW163DR,
KW163DS,
KW163DT,
KW163DU,
KW163DW,
KW163DX,
KW163DY,
KW163DZ,
KW163EA,
KW163EB,
KW163ED,
KW163EE,
KW163EF,
KW163EH,
KW163EJ,
KW163EL,
KW163EP,
KW163EQ,
KW163EU,
KW163EX,
KW163EY,
KW163EZ,
KW163HA,
KW163HB,
KW163HD,
KW163HE,
KW163HF,
KW163HG,
KW163HH,
KW163HJ,
KW163HQ,
KW163HR,
KW163HS,
KW163HT,
KW163HU,
KW163HX,
KW163HY,
KW163HZ,
KW163JA,
KW163JB,
KW163JD,
KW163JE,
KW163JF,
KW163JG,
KW163JH,
KW163JJ,
KW163JL,
KW163JN,
KW163JP,
KW163JQ,
KW163JR,
KW163JS,
KW163JT,
KW163JU,
KW163JW,
KW163JX,
KW163JY,
KW163JZ,
KW163LA,
KW163LB,
KW163LD,
KW163LE,
KW163LF,
KW163LH,
KW163LJ,
KW163LL,
KW163LN,
KW163LP,
KW163LR,
KW163LS,
KW163LT,
KW163LU,
KW163LW,
KW163LX,
KW163LY,
KW163LZ,
KW163NG,
KW163NJ,
KW163NN,
KW163NP,
KW163NQ,
KW163NR,
KW163NS,
KW163NT,
KW163NU,
KW163NW,
KW163NX,
KW163NY,
KW163NZ,
KW163PA,
KW163PG,
KW163PH,
KW163PQ,
KW163WA,
KW163WY,
KW163WZ,
KW163YA,
KW163YD,
KW163ZB,
KW169AA,
KW169AB,
KW169AD,
KW169AE,
KW172AA,
KW172AB,
KW172AD,
KW172AE,
KW172AF,
KW172AG,
KW172AJ,
KW172AL,
KW172AN,
KW172AP,
KW172AQ,
KW172AR,
KW172AS,
KW172AT,
KW172AU,
KW172AY,
KW172AZ,
KW172BA,
KW172BB,
KW172BE,
KW172BG,
KW172BJ,
KW172BL,
KW172BN,
KW172BP,
KW172BU,
KW172BW,
KW172BZ,
KW172DA,
KW172DB,
KW172DD,
KW172DE,
KW172DF,
KW172DG,
KW172DH,
KW172DJ,
KW172DL,
KW172DN,
KW172DP,
KW172DQ,
KW172DR,
KW172DU,
KW172DW,
KW172DX,
KW172DY,
KW172DZ,
KW172EA,
KW172EB,
KW172ED,
KW172EE,
KW172EG,
KW172EH,
KW172EJ,
KW172EL,
KW172EN,
KW172EP,
KW172EQ,
KW172ER,
KW172ES,
KW172ET,
KW172EU,
KW172EW,
KW172EX,
KW172EY,
KW172EZ,
KW172GY,
KW172GZ,
KW172HA,
KW172HB,
KW172HD,
KW172HE,
KW172HF,
KW172HG,
KW172HH,
KW172HJ,
KW172HN,
KW172HP,
KW172HQ,
KW172HR,
KW172HS,
KW172HT,
KW172HU,
KW172HW,
KW172HX,
KW172HY,
KW172HZ,
KW172JA,
KW172JB,
KW172JD,
KW172JE,
KW172JF,
KW172JG,
KW172JH,
KW172JQ,
KW172JR,
KW172JS,
KW172JT,
KW172JU,
KW172JX,
KW172JY,
KW172JZ,
KW172LA,
KW172LB,
KW172LD,
KW172LE,
KW172LF,
KW172LG,
KW172LH,
KW172LJ,
KW172LL,
KW172LN,
KW172LP,
KW172LQ,
KW172LR,
KW172LS,
KW172LT,
KW172LU,
KW172LW,
KW172LX,
KW172LY,
KW172LZ,
KW172NA,
KW172NB,
KW172ND,
KW172NH,
KW172NJ,
KW172NL,
KW172NN,
KW172NP,
KW172NR,
KW172NS,
KW172NW,
KW172NY,
KW172NZ,
KW172PA,
KW172PB,
KW172PE,
KW172PF,
KW172PG,
KW172PH,
KW172PJ,
KW172PL,
KW172PQ,
KW172PR,
KW172PS,
KW172PT,
KW172PU,
KW172PX,
KW172PY,
KW172PZ,
KW172QA,
KW172QD,
KW172QG,
KW172QH,
KW172QJ,
KW172QL,
KW172QN,
KW172QP,
KW172QQ,
KW172QR,
KW172QS,
KW172QT,
KW172QU,
KW172QW,
KW172QX,
KW172QY,
KW172QZ,
KW172RA,
KW172RB,
KW172RD,
KW172RE,
KW172RF,
KW172RG,
KW172RH,
KW172RJ,
KW172RL,
KW172RN,
KW172RP,
KW172RQ,
KW172RR,
KW172RS,
KW172RT,
KW172RU,
KW172RW,
KW172RX,
KW172RY,
KW172RZ,
KW172SA,
KW172SB,
KW172SD,
KW172SE,
KW172SF,
KW172SG,
KW172SH,
KW172SJ,
KW172SL,
KW172SN,
KW172SP,
KW172SR,
KW172SS,
KW172ST,
KW172SU,
KW172SW,
KW172SX,
KW172SY,
KW172SZ,
KW172TA,
KW172TB,
KW172TD,
KW172TE,
KW172TF,
KW172TG,
KW172TH,
KW172TJ,
KW172TL,
KW172TN,
KW172TP,
KW172TQ,
KW172TR,
KW172TS,
KW172TT,
KW172TU,
KW172TW,
KW172TX,
KW172TY,
KW172UA,
KW172UB,
KW172UD,
KW172UE,
KW172UF,
KW172UQ,
KW172UR,
KW172UT,
KW172WA,
KW172WB,
KW172WD,
KW172WE,
KW172WS,
KW172WT,
KW172WU,
KW172WY,
KW172WZ,
KW172YB,
KW172YD,
KW172YE,
KW172YF,
KW172YG,
KW172YH,
KW172YJ,
KW172YN,
KW172YP,
KW172YQ,
KW172YR,
KW2 6AA,
KW2 6AB,
KW3 6AD,
KW3 6AE,
KW3 6AF,
KW3 6AG,
KW3 6AH,
KW3 6AJ,
KW3 6AL,
KW3 6AN,
KW3 6AP,
KW3 6AQ,
KW3 6AR,
KW3 6AS,
KW3 6AT,
KW3 6AU,
KW3 6AW,
KW3 6AX,
KW3 6AY,
KW3 6AZ,
KW3 6BA,
KW3 6BB,
KW3 6BD,
KW3 6BE,
KW3 6BG,
KW3 6BH,
KW3 6BJ,
KW3 6BL,
KW3 6BN,
KW3 6BP,
KW3 6BQ,
KW3 6BS,
KW3 6BT,
KW3 6BU,
KW3 6BW,
KW3 6BX,
KW3 6BY,
KW3 6BZ,
KW3 6DA,
KW3 6DB,
KW3 6WY,
KW3 6WZ,
KW3 6YB,
KW5 6DG,
KW5 6DJ,
KW5 6DL,
KW5 6DN,
KW5 6DP,
KW5 6DQ,
KW5 6DR,
KW5 6DS,
KW5 6DT,
KW5 6DU,
KW5 6DW,
KW5 6DX,
KW5 6WZ,
KW6 6EA,
KW6 6EB,
KW6 6ED,
KW6 6EE,
KW6 6EF,
KW6 6EG,
KW6 6EH,
KW6 6EJ,
KW6 6EL,
KW6 6EN,
KW6 6EP,
KW6 6EQ,
KW6 6ET,
KW6 6EU,
KW6 6EX,
KW6 6EY,
KW6 6EZ,
KW7 6HA,
KW7 6HB,
KW7 6HD,
KW7 6HE,
KW7 6HF,
KW8 6HH,
KW8 6HJ,
KW8 6HL,
KW8 6HN,
KW8 6HP,
KW8 6HR,
KW8 6HT,
KW8 6HU,
KW8 6HW,
KW8 6HX,
KW8 6HY,
KW8 6JA,
KW8 6JB,
KW8 6JD,
KW8 6JE,
KW8 6JF,
KW8 6JG,
KW8 6JH,
KW8 6JJ,
KW8 6JL,
KW8 6JN,
KW8 6JP,
KW8 6JQ,
KW8 6JR,
KW8 6JS,
KW8 6JT,
KW8 6JU,
KW8 6JW,
KW8 6JX,
KW8 6JY,
KW8 6JZ,
KW8 6LA,
KW8 6LB,
KW8 6LD,
KW8 6LE,
KW8 6LF,
KW8 6LG,
KW8 6LH,
KW8 6LJ,
KW8 6LN,
KW8 6LQ,
KW8 6WX,
KW8 6WZ,
KW9 6AD,
KW9 6LA,
KW9 6LB,
KW9 6LD,
KW9 6LE,
KW9 6LN,
KW9 6LP,
KW9 6LR,
KW9 6LS,
KW9 6LT,
KW9 6LU,
KW9 6LW,
KW9 6LX,
KW9 6LY,
KW9 6LZ,
KW9 6NA,
KW9 6NB,
KW9 6ND,
KW9 6NE,
KW9 6NF,
KW9 6NG,
KW9 6NH,
KW9 6NJ,
KW9 6NL,
KW9 6NN,
KW9 6NP,
KW9 6NQ,
KW9 6NR,
KW9 6NS,
KW9 6NT,
KW9 6NU,
KW9 6NW,
KW9 6NX,
KW9 6NY,
KW9 6NZ,
KW9 6PA,
KW9 6PB,
KW9 6PD,
KW9 6PE,
KW9 6PF,
KW9 6PG,
KW9 6PH,
KW9 6PJ,
KW9 6PL,
KW9 6PN,
KW9 6PP,
KW9 6PQ,
KW9 6PR,
KW9 6PS,
KW9 6PT,
KW9 6PU,
KW9 6PW,
KW9 6PX,
KW9 6PY,
KW9 6PZ,
KW9 6QA,
KW9 6QB,
KW9 6QD,
KW9 6QE,
KW9 6QF,
KW9 6QG,
KW9 6QH,
KW9 6QJ,
KW9 6QL,
KW9 6QN,
KW9 6QP,
KW9 6QQ,
KW9 6QR,
KW9 6QS,
KW9 6QT,
KW9 6QU,
KW9 6QW,
KW9 6QX,
KW9 6QY,
KW9 6QZ,
KW9 6WA,
KW9 6WY,
KW9 6WZ,
KW9 6YA,
KW9 6YB,
KW9 6YE,
KW9 6YF,
