PH1 0AD,
PH1 0AF,
PH1 1AA,
PH1 1AB,
PH1 1AD,
PH1 1BA,
PH1 1BB,
PH1 1BD,
PH1 1BE,
PH1 1BG,
PH1 1BH,
PH1 1BJ,
PH1 1BL,
PH1 1BN,
PH1 1BP,
PH1 1BQ,
PH1 1BS,
PH1 1BT,
PH1 1BU,
PH1 1BW,
PH1 1BX,
PH1 1BY,
PH1 1BZ,
PH1 1DA,
PH1 1DB,
PH1 1DD,
PH1 1DE,
PH1 1DF,
PH1 1DG,
PH1 1DH,
PH1 1DJ,
PH1 1DL,
PH1 1DN,
PH1 1DP,
PH1 1DQ,
PH1 1DR,
PH1 1DS,
PH1 1DT,
PH1 1DU,
PH1 1DW,
PH1 1DX,
PH1 1DY,
PH1 1DZ,
PH1 1EA,
PH1 1EB,
PH1 1ED,
PH1 1EE,
PH1 1EF,
PH1 1EG,
PH1 1EH,
PH1 1EJ,
PH1 1EL,
PH1 1EN,
PH1 1EP,
PH1 1EQ,
PH1 1ER,
PH1 1ES,
PH1 1ET,
PH1 1EU,
PH1 1EW,
PH1 1EX,
PH1 1EY,
PH1 1EZ,
PH1 1FR,
PH1 1GW,
PH1 1GX,
PH1 1GY,
PH1 1GZ,
PH1 1HA,
PH1 1HB,
PH1 1HD,
PH1 1HE,
PH1 1HF,
PH1 1HG,
PH1 1HH,
PH1 1HJ,
PH1 1HL,
PH1 1HN,
PH1 1HP,
PH1 1HQ,
PH1 1HR,
PH1 1HS,
PH1 1HT,
PH1 1HU,
PH1 1HW,
PH1 1HX,
PH1 1HY,
PH1 1HZ,
PH1 1JA,
PH1 1JB,
PH1 1JD,
PH1 1JE,
PH1 1JF,
PH1 1JG,
PH1 1JH,
PH1 1JJ,
PH1 1JL,
PH1 1JN,
PH1 1JP,
PH1 1JQ,
PH1 1JR,
PH1 1JS,
PH1 1JT,
PH1 1JU,
PH1 1JW,
PH1 1JX,
PH1 1JY,
PH1 1JZ,
PH1 1LA,
PH1 1LB,
PH1 1LD,
PH1 1LE,
PH1 1LF,
PH1 1LG,
PH1 1LH,
PH1 1LJ,
PH1 1LL,
PH1 1LN,
PH1 1LP,
PH1 1LQ,
PH1 1LR,
PH1 1LS,
PH1 1LT,
PH1 1LU,
PH1 1LW,
PH1 1LX,
PH1 1LY,
PH1 1LZ,
PH1 1NA,
PH1 1NB,
PH1 1ND,
PH1 1NE,
PH1 1NF,
PH1 1NG,
PH1 1NH,
PH1 1NJ,
PH1 1NL,
PH1 1NN,
PH1 1NP,
PH1 1NQ,
PH1 1NR,
PH1 1NS,
PH1 1NT,
PH1 1NU,
PH1 1NW,
PH1 1NX,
PH1 1NY,
PH1 1NZ,
PH1 1PA,
PH1 1PB,
PH1 1PD,
PH1 1PE,
PH1 1PF,
PH1 1PG,
PH1 1PH,
PH1 1PJ,
PH1 1PL,
PH1 1PN,
PH1 1PP,
PH1 1PQ,
PH1 1PR,
PH1 1PS,
PH1 1PT,
PH1 1PU,
PH1 1PW,
PH1 1PX,
PH1 1PY,
PH1 1PZ,
PH1 1QA,
PH1 1QB,
PH1 1QD,
PH1 1QE,
PH1 1QF,
PH1 1QG,
PH1 1QH,
PH1 1QJ,
PH1 1QL,
PH1 1QN,
PH1 1QP,
PH1 1QQ,
PH1 1QR,
PH1 1QS,
PH1 1QT,
PH1 1QU,
PH1 1QW,
PH1 1QX,
PH1 1QY,
PH1 1QZ,
PH1 1RA,
PH1 1RB,
PH1 1RD,
PH1 1RE,
PH1 1RF,
PH1 1RG,
PH1 1RH,
PH1 1RJ,
PH1 1RL,
PH1 1RN,
PH1 1RP,
PH1 1RQ,
PH1 1RR,
PH1 1RS,
PH1 1RT,
PH1 1RU,
PH1 1RW,
PH1 1RX,
PH1 1RY,
PH1 1RZ,
PH1 1SA,
PH1 1SB,
PH1 1SD,
PH1 1SE,
PH1 1SF,
PH1 1SG,
PH1 1SH,
PH1 1SJ,
PH1 1SL,
PH1 1SN,
PH1 1SP,
PH1 1SQ,
PH1 1SR,
PH1 1SS,
PH1 1ST,
PH1 1SU,
PH1 1SW,
PH1 1SX,
PH1 1SY,
PH1 1SZ,
PH1 1TA,
PH1 1TB,
PH1 1TD,
PH1 1TE,
PH1 1TG,
PH1 1TH,
PH1 1TJ,
PH1 1TL,
PH1 1WA,
PH1 1WB,
PH1 1WD,
PH1 1WE,
PH1 1WF,
PH1 1WH,
PH1 1WL,
PH1 1WN,
PH1 1WP,
PH1 1WQ,
PH1 1WR,
PH1 1WS,
PH1 1WT,
PH1 1WU,
PH1 1WW,
PH1 1WX,
PH1 1YA,
PH1 1YB,
PH1 1YD,
PH1 1YE,
PH1 1YF,
PH1 1YG,
PH1 1YH,
PH1 1YJ,
PH1 1YL,
PH1 1YN,
PH1 1YP,
PH1 1YQ,
PH1 1YR,
PH1 1YS,
PH1 1YT,
PH1 1YU,
PH1 1YW,
PH1 1YX,
PH1 1YZ,
PH1 1ZA,
PH1 2AA,
PH1 2AB,
PH1 2AD,
PH1 2AE,
PH1 2AF,
PH1 2AG,
PH1 2AH,
PH1 2AJ,
PH1 2AL,
PH1 2AN,
PH1 2AP,
PH1 2AQ,
PH1 2AS,
PH1 2AT,
PH1 2AU,
PH1 2AW,
PH1 2AX,
PH1 2AY,
PH1 2AZ,
PH1 2BA,
PH1 2BB,
PH1 2BD,
PH1 2BE,
PH1 2BG,
PH1 2BH,
PH1 2BJ,
PH1 2BL,
PH1 2BN,
PH1 2BQ,
PH1 2BU,
PH1 2BW,
PH1 2BX,
PH1 2BY,
PH1 2BZ,
PH1 2DA,
PH1 2DB,
PH1 2DD,
PH1 2DE,
PH1 2DF,
PH1 2DG,
PH1 2DH,
PH1 2DJ,
PH1 2DL,
PH1 2DN,
PH1 2DP,
PH1 2DQ,
PH1 2DR,
PH1 2DS,
PH1 2DT,
PH1 2DU,
PH1 2DW,
PH1 2DX,
PH1 2DY,
PH1 2DZ,
PH1 2EA,
PH1 2EB,
PH1 2ED,
PH1 2EE,
PH1 2EF,
PH1 2EG,
PH1 2EH,
PH1 2EJ,
PH1 2EL,
PH1 2EN,
PH1 2EP,
PH1 2EQ,
PH1 2ER,
PH1 2EW,
PH1 2EX,
PH1 2EY,
PH1 2EZ,
PH1 2GA,
PH1 2HA,
PH1 2HB,
PH1 2HD,
PH1 2HE,
PH1 2HF,
PH1 2HG,
PH1 2HH,
PH1 2HJ,
PH1 2HL,
PH1 2HN,
PH1 2HP,
PH1 2HQ,
PH1 2HR,
PH1 2HS,
PH1 2HT,
PH1 2HU,
PH1 2HW,
PH1 2HX,
PH1 2HZ,
PH1 2JA,
PH1 2JB,
PH1 2JD,
PH1 2JE,
PH1 2JF,
PH1 2JG,
PH1 2JH,
PH1 2JJ,
PH1 2JL,
PH1 2JN,
PH1 2JP,
PH1 2JQ,
PH1 2JR,
PH1 2JS,
PH1 2JT,
PH1 2JU,
PH1 2JW,
PH1 2JX,
PH1 2JY,
PH1 2JZ,
PH1 2LA,
PH1 2LB,
PH1 2LD,
PH1 2LE,
PH1 2LF,
PH1 2LG,
PH1 2LH,
PH1 2LL,
PH1 2LN,
PH1 2LP,
PH1 2LQ,
PH1 2LR,
PH1 2LS,
PH1 2LT,
PH1 2LU,
PH1 2LW,
PH1 2LX,
PH1 2LY,
PH1 2LZ,
PH1 2NA,
PH1 2NB,
PH1 2ND,
PH1 2NE,
PH1 2NF,
PH1 2NG,
PH1 2NH,
PH1 2NJ,
PH1 2NL,
PH1 2NN,
PH1 2NP,
PH1 2NQ,
PH1 2NR,
PH1 2NS,
PH1 2NT,
PH1 2NU,
PH1 2NW,
PH1 2NX,
PH1 2NY,
PH1 2NZ,
PH1 2PA,
PH1 2PB,
PH1 2PD,
PH1 2PE,
PH1 2PF,
PH1 2PG,
PH1 2PH,
PH1 2PJ,
PH1 2PL,
PH1 2PN,
PH1 2PP,
PH1 2PQ,
PH1 2PR,
PH1 2PS,
PH1 2PT,
PH1 2PU,
PH1 2PW,
PH1 2PX,
PH1 2PY,
PH1 2PZ,
PH1 2QA,
PH1 2QB,
PH1 2QD,
PH1 2QE,
PH1 2QF,
PH1 2QG,
PH1 2QH,
PH1 2QJ,
PH1 2QL,
PH1 2QN,
PH1 2QP,
PH1 2QQ,
PH1 2QR,
PH1 2QS,
PH1 2QT,
PH1 2QU,
PH1 2QW,
PH1 2QX,
PH1 2QY,
PH1 2QZ,
PH1 2RA,
PH1 2RB,
PH1 2RD,
PH1 2RE,
PH1 2RF,
PH1 2RG,
PH1 2RH,
PH1 2RJ,
PH1 2RL,
PH1 2RN,
PH1 2RP,
PH1 2RQ,
PH1 2RR,
PH1 2RS,
PH1 2RT,
PH1 2RU,
PH1 2RW,
PH1 2RX,
PH1 2RY,
PH1 2RZ,
PH1 2SA,
PH1 2SB,
PH1 2SD,
PH1 2SE,
PH1 2SF,
PH1 2SG,
PH1 2SH,
PH1 2SJ,
PH1 2SL,
PH1 2SN,
PH1 2SP,
PH1 2SQ,
PH1 2SR,
PH1 2SS,
PH1 2ST,
PH1 2SU,
PH1 2SW,
PH1 2SX,
PH1 2SY,
PH1 2SZ,
PH1 2TA,
PH1 2TB,
PH1 2TD,
PH1 2TE,
PH1 2TF,
PH1 2TG,
PH1 2TH,
PH1 2TJ,
PH1 2TL,
PH1 2TN,
PH1 2TP,
PH1 2TQ,
PH1 2TR,
PH1 2TU,
PH1 2TW,
PH1 2UA,
PH1 2UB,
PH1 2UD,
PH1 2UE,
PH1 2UF,
PH1 2UG,
PH1 2UH,
PH1 2UJ,
PH1 2UL,
PH1 2UN,
PH1 2UP,
PH1 2UQ,
PH1 2UR,
PH1 2US,
PH1 2WA,
PH1 2WB,
PH1 2WD,
PH1 2WE,
PH1 2WF,
PH1 2WG,
PH1 2WH,
PH1 2WJ,
PH1 2WL,
PH1 2XA,
PH1 2XB,
PH1 2YA,
PH1 2YB,
PH1 2YD,
PH1 2YE,
PH1 2YF,
PH1 2YH,
PH1 2YJ,
PH1 2YL,
PH1 2YN,
PH1 2YP,
PH1 2YQ,
PH1 2YR,
PH1 2ZY,
PH1 3AA,
PH1 3AB,
PH1 3AD,
PH1 3AE,
PH1 3AF,
PH1 3AG,
PH1 3AH,
PH1 3AJ,
PH1 3AL,
PH1 3AN,
PH1 3AP,
PH1 3AQ,
PH1 3AR,
PH1 3AS,
PH1 3AT,
PH1 3AU,
PH1 3AW,
PH1 3AX,
PH1 3AY,
PH1 3AZ,
PH1 3BA,
PH1 3BB,
PH1 3BD,
PH1 3BE,
PH1 3BF,
PH1 3BG,
PH1 3BH,
PH1 3BJ,
PH1 3BL,
PH1 3BN,
PH1 3BP,
PH1 3BQ,
PH1 3BS,
PH1 3BT,
PH1 3BU,
PH1 3BW,
PH1 3BX,
PH1 3BY,
PH1 3BZ,
PH1 3DA,
PH1 3DB,
PH1 3DD,
PH1 3DE,
PH1 3DF,
PH1 3DG,
PH1 3DH,
PH1 3DJ,
PH1 3DL,
PH1 3DN,
PH1 3DP,
PH1 3DQ,
PH1 3DR,
PH1 3DS,
PH1 3DT,
PH1 3DU,
PH1 3DW,
PH1 3DX,
PH1 3DY,
PH1 3DZ,
PH1 3EA,
PH1 3EB,
PH1 3ED,
PH1 3EE,
PH1 3EF,
PH1 3EG,
PH1 3EH,
PH1 3EJ,
PH1 3EL,
PH1 3EN,
PH1 3EP,
PH1 3EQ,
PH1 3ER,
PH1 3ES,
PH1 3ET,
PH1 3EU,
PH1 3EW,
PH1 3EX,
PH1 3EY,
PH1 3EZ,
PH1 3FA,
PH1 3FB,
PH1 3FD,
PH1 3FE,
PH1 3FF,
PH1 3FG,
PH1 3FH,
PH1 3FJ,
PH1 3FL,
PH1 3FN,
PH1 3FP,
PH1 3FQ,
PH1 3FR,
PH1 3FS,
PH1 3FT,
PH1 3FW,
PH1 3FX,
PH1 3FY,
PH1 3FZ,
PH1 3GA,
PH1 3GB,
PH1 3GD,
PH1 3GE,
PH1 3GG,
PH1 3GH,
PH1 3GJ,
PH1 3GL,
PH1 3GN,
PH1 3GP,
PH1 3GQ,
PH1 3GR,
PH1 3GS,
PH1 3GT,
PH1 3GU,
PH1 3GW,
PH1 3GX,
PH1 3GY,
PH1 3GZ,
PH1 3HA,
PH1 3HB,
PH1 3HD,
PH1 3HE,
PH1 3HF,
PH1 3HG,
PH1 3HH,
PH1 3HJ,
PH1 3HL,
PH1 3HN,
PH1 3HP,
PH1 3HQ,
PH1 3HR,
PH1 3HS,
PH1 3HT,
PH1 3HU,
PH1 3HW,
PH1 3HX,
PH1 3HY,
PH1 3HZ,
PH1 3JA,
PH1 3JB,
PH1 3JD,
PH1 3JE,
PH1 3JF,
PH1 3JG,
PH1 3JH,
PH1 3JJ,
PH1 3JL,
PH1 3JN,
PH1 3JP,
PH1 3JQ,
PH1 3JR,
PH1 3JS,
PH1 3JT,
PH1 3JU,
PH1 3JW,
PH1 3JX,
PH1 3JY,
PH1 3JZ,
PH1 3LA,
PH1 3LB,
PH1 3LD,
PH1 3LE,
PH1 3LF,
PH1 3LG,
PH1 3LH,
PH1 3LJ,
PH1 3LL,
PH1 3LN,
PH1 3LP,
PH1 3LQ,
PH1 3LR,
PH1 3LS,
PH1 3LT,
PH1 3LU,
PH1 3LW,
PH1 3LX,
PH1 3LY,
PH1 3LZ,
PH1 3NA,
PH1 3NB,
PH1 3ND,
PH1 3NE,
PH1 3NF,
PH1 3NG,
PH1 3NH,
PH1 3NJ,
PH1 3NL,
PH1 3NN,
PH1 3NP,
PH1 3NQ,
PH1 3NR,
PH1 3NS,
PH1 3NT,
PH1 3NU,
PH1 3NW,
PH1 3NX,
PH1 3NY,
PH1 3NZ,
PH1 3PA,
PH1 3PB,
PH1 3PD,
PH1 3PE,
PH1 3PF,
PH1 3PG,
PH1 3PH,
PH1 3PJ,
PH1 3PL,
PH1 3PN,
PH1 3PP,
PH1 3PQ,
PH1 3PR,
PH1 3PS,
PH1 3PT,
PH1 3PU,
PH1 3PW,
PH1 3PX,
PH1 3PY,
PH1 3PZ,
PH1 3QA,
PH1 3QB,
PH1 3QD,
PH1 3QE,
PH1 3QF,
PH1 3QG,
PH1 3QH,
PH1 3QJ,
PH1 3QL,
PH1 3QN,
PH1 3QP,
PH1 3QQ,
PH1 3QR,
PH1 3QS,
PH1 3QT,
PH1 3QU,
PH1 3QW,
PH1 3QX,
PH1 3QY,
PH1 3QZ,
PH1 3RA,
PH1 3RB,
PH1 3RD,
PH1 3RE,
PH1 3RF,
PH1 3RG,
PH1 3RH,
PH1 3RJ,
PH1 3RL,
PH1 3RN,
PH1 3RP,
PH1 3RQ,
PH1 3RR,
PH1 3RS,
PH1 3RT,
PH1 3RU,
PH1 3RW,
PH1 3RX,
PH1 3RY,
PH1 3RZ,
PH1 3SA,
PH1 3SB,
PH1 3SD,
PH1 3SE,
PH1 3SF,
PH1 3SG,
PH1 3SH,
PH1 3SJ,
PH1 3SL,
PH1 3SN,
PH1 3SP,
PH1 3SQ,
PH1 3SS,
PH1 3ST,
PH1 3SU,
PH1 3SW,
PH1 3SX,
PH1 3SY,
PH1 3SZ,
PH1 3TA,
PH1 3TB,
PH1 3TD,
PH1 3TE,
PH1 3TF,
PH1 3TG,
PH1 3TH,
PH1 3TJ,
PH1 3TL,
PH1 3TN,
PH1 3TP,
PH1 3TQ,
PH1 3TR,
PH1 3TS,
PH1 3TT,
PH1 3TU,
PH1 3TW,
PH1 3TX,
PH1 3TY,
PH1 3TZ,
PH1 3UA,
PH1 3UB,
PH1 3UD,
PH1 3UE,
PH1 3UF,
PH1 3UG,
PH1 3UH,
PH1 3UJ,
PH1 3UL,
PH1 3UN,
PH1 3UP,
PH1 3UQ,
PH1 3UR,
PH1 3US,
PH1 3UT,
PH1 3UU,
PH1 3UW,
PH1 3UX,
PH1 3UY,
PH1 3UZ,
PH1 3WA,
PH1 3WB,
PH1 3WD,
PH1 3WE,
PH1 3WF,
PH1 3WG,
PH1 3WH,
PH1 3WJ,
PH1 3WL,
PH1 3WP,
PH1 3WQ,
PH1 3WR,
PH1 3WS,
PH1 3WU,
PH1 3XA,
PH1 3XB,
PH1 3XE,
PH1 3XF,
PH1 3XG,
PH1 3XH,
PH1 3XJ,
PH1 3XL,
PH1 3XN,
PH1 3XP,
PH1 3XQ,
PH1 3XR,
PH1 3XS,
PH1 3XT,
PH1 3XU,
PH1 3XW,
PH1 3XX,
PH1 3XY,
PH1 3XZ,
PH1 3YA,
PH1 3YB,
PH1 3YD,
PH1 3YE,
PH1 3YF,
PH1 3YG,
PH1 3YH,
PH1 3YJ,
PH1 3YL,
PH1 3YN,
PH1 3YP,
PH1 3YQ,
PH1 3YR,
PH1 3YS,
PH1 3YT,
PH1 3YU,
PH1 3YW,
PH1 3YX,
PH1 3YY,
PH1 3YZ,
PH1 3ZB,
PH1 3ZD,
PH1 3ZE,
PH1 3ZF,
PH1 3ZG,
PH1 3ZH,
PH1 3ZJ,
PH1 3ZL,
PH1 3ZN,
PH1 3ZP,
PH1 3ZQ,
PH1 3ZR,
PH1 3ZS,
PH1 3ZT,
PH1 3ZU,
PH1 3ZW,
PH1 3ZX,
PH1 3ZY,
PH1 3ZZ,
PH1 4AA,
PH1 4AB,
PH1 4AD,
PH1 4AE,
PH1 4AF,
PH1 4AG,
PH1 4AH,
PH1 4AJ,
PH1 4AL,
PH1 4AN,
PH1 4AP,
PH1 4AQ,
PH1 4AR,
PH1 4AS,
PH1 4AT,
PH1 4AU,
PH1 4AW,
PH1 4AX,
PH1 4AY,
PH1 4AZ,
PH1 4BA,
PH1 4BB,
PH1 4BD,
PH1 4BE,
PH1 4BF,
PH1 4BG,
PH1 4BH,
PH1 4BJ,
PH1 4BL,
PH1 4BN,
PH1 4BP,
PH1 4BQ,
PH1 4BS,
PH1 4BT,
PH1 4BU,
PH1 4BW,
PH1 4BX,
PH1 4BY,
PH1 4BZ,
PH1 4DA,
PH1 4DB,
PH1 4DD,
PH1 4DE,
PH1 4DF,
PH1 4DG,
PH1 4DH,
PH1 4DJ,
PH1 4DL,
PH1 4DN,
PH1 4DP,
PH1 4DQ,
PH1 4DR,
PH1 4DS,
PH1 4DT,
PH1 4DU,
PH1 4DW,
PH1 4DX,
PH1 4DY,
PH1 4DZ,
PH1 4EA,
PH1 4EB,
PH1 4ED,
PH1 4EE,
PH1 4EF,
PH1 4EG,
PH1 4EH,
PH1 4EJ,
PH1 4EL,
PH1 4EN,
PH1 4EP,
PH1 4EQ,
PH1 4ER,
PH1 4ES,
PH1 4ET,
PH1 4EU,
PH1 4EW,
PH1 4EX,
PH1 4EY,
PH1 4EZ,
PH1 4FB,
PH1 4FD,
PH1 4FE,
PH1 4FF,
PH1 4FG,
PH1 4HA,
PH1 4HB,
PH1 4HD,
PH1 4HE,
PH1 4HF,
PH1 4HG,
PH1 4HH,
PH1 4HJ,
PH1 4HL,
PH1 4HN,
PH1 4HP,
PH1 4HQ,
PH1 4HR,
PH1 4HS,
PH1 4HT,
PH1 4HU,
PH1 4HW,
PH1 4HX,
PH1 4JB,
PH1 4JD,
PH1 4JE,
PH1 4JG,
PH1 4JH,
PH1 4JJ,
PH1 4JL,
PH1 4JN,
PH1 4JP,
PH1 4JQ,
PH1 4JR,
PH1 4JS,
PH1 4JT,
PH1 4JU,
PH1 4JW,
PH1 4JX,
PH1 4JY,
PH1 4JZ,
PH1 4LA,
PH1 4LB,
PH1 4LD,
PH1 4LE,
PH1 4LF,
PH1 4LG,
PH1 4LH,
PH1 4LJ,
PH1 4LL,
PH1 4LN,
PH1 4LQ,
PH1 4LT,
PH1 4LU,
PH1 4LX,
PH1 4LY,
PH1 4LZ,
PH1 4NA,
PH1 4NB,
PH1 4ND,
PH1 4NE,
PH1 4NF,
PH1 4NG,
PH1 4NH,
PH1 4NJ,
PH1 4NL,
PH1 4NN,
PH1 4NP,
PH1 4NQ,
PH1 4NR,
PH1 4NS,
PH1 4NT,
PH1 4NU,
PH1 4NW,
PH1 4NX,
PH1 4NY,
PH1 4NZ,
PH1 4PA,
PH1 4PB,
PH1 4PD,
PH1 4PE,
PH1 4PG,
PH1 4PH,
PH1 4PJ,
PH1 4PL,
PH1 4PN,
PH1 4PP,
PH1 4PQ,
PH1 4PR,
PH1 4PS,
PH1 4PT,
PH1 4PU,
PH1 4PW,
PH1 4PX,
PH1 4QA,
PH1 4QB,
PH1 4QD,
PH1 4QE,
PH1 4QF,
PH1 4QG,
PH1 4QH,
PH1 4QJ,
PH1 4QL,
PH1 4QN,
PH1 4QP,
PH1 4QQ,
PH1 4QR,
PH1 4QS,
PH1 4QT,
PH1 4QU,
PH1 4QW,
PH1 4QX,
PH1 4QY,
PH1 4RA,
PH1 4RB,
PH1 4RE,
PH1 4WA,
PH1 4WB,
PH1 4WD,
PH1 4YA,
PH1 4YB,
PH1 4YD,
PH1 4YE,
PH1 4YF,
PH1 4YG,
PH1 4YH,
PH1 4YJ,
PH1 4YL,
PH1 4YN,
PH1 4YP,
PH1 4YQ,
PH1 4YR,
PH1 5AA,
PH1 5AB,
PH1 5AD,
PH1 5AE,
PH1 5AF,
PH1 5AG,
PH1 5AH,
PH1 5AJ,
PH1 5AL,
PH1 5AN,
PH1 5AP,
PH1 5AQ,
PH1 5AR,
PH1 5AS,
PH1 5AT,
PH1 5AU,
PH1 5AW,
PH1 5AX,
PH1 5AY,
PH1 5AZ,
PH1 5BA,
PH1 5BB,
PH1 5BD,
PH1 5BE,
PH1 5BF,
PH1 5BG,
PH1 5BH,
PH1 5BJ,
PH1 5BL,
PH1 5BN,
PH1 5BP,
PH1 5BQ,
PH1 5BS,
PH1 5BT,
PH1 5BU,
PH1 5BW,
PH1 5BX,
PH1 5BY,
PH1 5BZ,
PH1 5DA,
PH1 5DB,
PH1 5DD,
PH1 5DE,
PH1 5DF,
PH1 5DG,
PH1 5DH,
PH1 5DJ,
PH1 5DL,
PH1 5DN,
PH1 5DP,
PH1 5DQ,
PH1 5DR,
PH1 5DS,
PH1 5DT,
PH1 5DU,
PH1 5DW,
PH1 5DX,
PH1 5DY,
PH1 5DZ,
PH1 5EA,
PH1 5EB,
PH1 5ED,
PH1 5EE,
PH1 5EF,
PH1 5EG,
PH1 5EH,
PH1 5EJ,
PH1 5EL,
PH1 5EN,
PH1 5EP,
PH1 5EQ,
PH1 5ER,
PH1 5ES,
PH1 5ET,
PH1 5EU,
PH1 5EW,
PH1 5EX,
PH1 5EY,
PH1 5EZ,
PH1 5FA,
PH1 5FB,
PH1 5FD,
PH1 5FE,
PH1 5FF,
PH1 5FG,
PH1 5FH,
PH1 5FJ,
PH1 5FL,
PH1 5FN,
PH1 5FP,
PH1 5FQ,
PH1 5FR,
PH1 5FS,
PH1 5FT,
PH1 5FU,
PH1 5FW,
PH1 5FX,
PH1 5FY,
PH1 5FZ,
PH1 5GA,
PH1 5GB,
PH1 5GD,
PH1 5GE,
PH1 5GZ,
PH1 5HA,
PH1 5HB,
PH1 5HF,
PH1 5HG,
PH1 5HH,
PH1 5HJ,
PH1 5HL,
PH1 5HN,
PH1 5HP,
PH1 5HQ,
PH1 5HR,
PH1 5HS,
PH1 5HT,
PH1 5HU,
PH1 5HW,
PH1 5HX,
PH1 5HY,
PH1 5HZ,
PH1 5JA,
PH1 5JB,
PH1 5JE,
PH1 5JF,
PH1 5JG,
PH1 5JH,
PH1 5JJ,
PH1 5JL,
PH1 5JN,
PH1 5JP,
PH1 5JQ,
PH1 5JR,
PH1 5JS,
PH1 5JU,
PH1 5JW,
PH1 5JX,
PH1 5JY,
PH1 5JZ,
PH1 5LA,
PH1 5LB,
PH1 5LD,
PH1 5LE,
PH1 5LF,
PH1 5LG,
PH1 5LH,
PH1 5LJ,
PH1 5LL,
PH1 5LN,
PH1 5LP,
PH1 5LQ,
PH1 5LR,
PH1 5LS,
PH1 5LT,
PH1 5LU,
PH1 5LW,
PH1 5LX,
PH1 5LY,
PH1 5LZ,
PH1 5NA,
PH1 5NB,
PH1 5ND,
PH1 5NE,
PH1 5NF,
PH1 5NG,
PH1 5NH,
PH1 5NJ,
PH1 5NL,
PH1 5NN,
PH1 5NP,
PH1 5NQ,
PH1 5NR,
PH1 5NS,
PH1 5NT,
PH1 5NU,
PH1 5NW,
PH1 5NX,
PH1 5NY,
PH1 5NZ,
PH1 5PA,
PH1 5PB,
PH1 5PD,
PH1 5PE,
PH1 5PF,
PH1 5PG,
PH1 5PH,
PH1 5PJ,
PH1 5PL,
PH1 5PN,
PH1 5PP,
PH1 5PQ,
PH1 5PR,
PH1 5PS,
PH1 5PT,
PH1 5PU,
PH1 5PW,
PH1 5PX,
PH1 5PY,
PH1 5PZ,
PH1 5QA,
PH1 5QB,
PH1 5QD,
PH1 5QE,
PH1 5QF,
PH1 5QG,
PH1 5QH,
PH1 5QJ,
PH1 5QL,
PH1 5QN,
PH1 5QP,
PH1 5QQ,
PH1 5QR,
PH1 5QS,
PH1 5QT,
PH1 5QU,
PH1 5QW,
PH1 5QX,
PH1 5QY,
PH1 5QZ,
PH1 5RA,
PH1 5RB,
PH1 5RD,
PH1 5RE,
PH1 5RF,
PH1 5RG,
PH1 5RH,
PH1 5RJ,
PH1 5RL,
PH1 5RN,
PH1 5RP,
PH1 5RQ,
PH1 5RR,
PH1 5RS,
PH1 5RT,
PH1 5RU,
PH1 5RW,
PH1 5RX,
PH1 5RY,
PH1 5RZ,
PH1 5SA,
PH1 5SB,
PH1 5SD,
PH1 5SE,
PH1 5SF,
PH1 5SG,
PH1 5SH,
PH1 5SJ,
PH1 5SL,
PH1 5SN,
PH1 5SP,
PH1 5SQ,
PH1 5SR,
PH1 5SS,
PH1 5ST,
PH1 5SU,
PH1 5SW,
PH1 5SX,
PH1 5SY,
PH1 5SZ,
PH1 5TA,
PH1 5TB,
PH1 5TD,
PH1 5TE,
PH1 5TF,
PH1 5TG,
PH1 5TH,
PH1 5TJ,
PH1 5TL,
PH1 5TN,
PH1 5TP,
PH1 5TQ,
PH1 5TR,
PH1 5TS,
PH1 5TT,
PH1 5TU,
PH1 5TW,
PH1 5TX,
PH1 5TY,
PH1 5TZ,
PH1 5UA,
PH1 5UB,
PH1 5UD,
PH1 5UE,
PH1 5UF,
PH1 5UG,
PH1 5UH,
PH1 5UJ,
PH1 5UL,
PH1 5UN,
PH1 5UP,
PH1 5UQ,
PH1 5UR,
PH1 5US,
PH1 5UT,
PH1 5UU,
PH1 5UW,
PH1 5UX,
PH1 5UY,
PH1 5WA,
PH1 5WB,
PH1 5WD,
PH1 5WE,
PH1 5WG,
PH1 5WH,
PH1 5WJ,
PH1 5WL,
PH1 5WN,
PH1 5WP,
PH1 5WQ,
PH1 5WR,
PH1 5WS,
PH1 5WT,
PH1 5WU,
PH1 5WW,
PH1 5WX,
PH1 5XA,
PH1 5XB,
PH1 5XD,
PH1 5XE,
PH1 5XF,
PH1 5XG,
PH1 5XJ,
PH1 5XL,
PH1 5XQ,
PH1 5XS,
PH1 5XT,
PH1 5XX,
PH1 5XZ,
PH1 5YA,
PH1 5YB,
PH1 5YD,
PH1 5YE,
PH1 5YF,
PH1 5YG,
PH1 5YH,
PH1 5YJ,
PH1 5YL,
PH1 5YN,
PH1 5YP,
PH1 5YQ,
PH1 5YR,
PH1 5YS,
PH1 5YT,
PH1 5YU,
PH1 5YW,
PH1 5YX,
PH1 5YY,
PH1 5YZ,
PH1 5ZA,
PH1 5ZB,
PH1 5ZD,
PH1 5ZE,
PH1 5ZY,
PH1 5ZZ,
PH106AA,
PH106AB,
PH106AD,
PH106AE,
PH106AF,
PH106AG,
PH106AH,
PH106AJ,
PH106AL,
PH106AN,
PH106AP,
PH106AQ,
PH106AR,
PH106AS,
PH106AT,
PH106AU,
PH106AW,
PH106AX,
PH106AY,
PH106AZ,
PH106BA,
PH106BB,
PH106BD,
PH106BE,
PH106BF,
PH106BG,
PH106BH,
PH106BJ,
PH106BL,
PH106BN,
PH106BP,
PH106BQ,
PH106BS,
PH106BT,
PH106BU,
PH106BW,
PH106BX,
PH106BY,
PH106BZ,
PH106DA,
PH106DB,
PH106DD,
PH106DE,
PH106DF,
PH106DG,
PH106DH,
PH106DJ,
PH106DL,
PH106DN,
PH106DP,
PH106DQ,
PH106DR,
PH106DS,
PH106DT,
PH106DU,
PH106DW,
PH106DX,
PH106DY,
PH106DZ,
PH106EA,
PH106EB,
PH106ED,
PH106EE,
PH106EF,
PH106EG,
PH106EH,
PH106EJ,
PH106EL,
PH106EN,
PH106EP,
PH106EQ,
PH106ER,
PH106ES,
PH106ET,
PH106EU,
PH106EW,
PH106EX,
PH106EY,
PH106EZ,
PH106FB,
PH106FD,
PH106FE,
PH106FF,
PH106FH,
PH106GA,
PH106GB,
PH106GD,
PH106GT,
PH106GU,
PH106GW,
PH106GX,
PH106GY,
PH106GZ,
PH106HA,
PH106HB,
PH106HD,
PH106HE,
PH106HF,
PH106HG,
PH106HH,
PH106HJ,
PH106HL,
PH106HN,
PH106HP,
PH106HQ,
PH106HR,
PH106HS,
PH106HT,
PH106HU,
PH106HW,
PH106HX,
PH106HY,
PH106HZ,
PH106JA,
PH106JB,
PH106JD,
PH106JE,
PH106JF,
PH106JG,
PH106JH,
PH106JJ,
PH106JL,
PH106JN,
PH106JP,
PH106JQ,
PH106JR,
PH106JS,
PH106JT,
PH106JU,
PH106JW,
PH106JX,
PH106JY,
PH106JZ,
PH106LA,
PH106LB,
PH106LD,
PH106LE,
PH106LF,
PH106LG,
PH106LH,
PH106LJ,
PH106LL,
PH106LN,
PH106LP,
PH106LQ,
PH106LR,
PH106LS,
PH106LT,
PH106LU,
PH106LW,
PH106LX,
PH106LY,
PH106LZ,
PH106NA,
PH106NB,
PH106ND,
PH106NE,
PH106NF,
PH106NG,
PH106NH,
PH106NJ,
PH106NL,
PH106NN,
PH106NP,
PH106NQ,
PH106NR,
PH106NS,
PH106NT,
PH106NU,
PH106NW,
PH106NX,
PH106NY,
PH106NZ,
PH106PA,
PH106PB,
PH106PD,
PH106PE,
PH106PF,
PH106PG,
PH106PH,
PH106PJ,
PH106PL,
PH106PN,
PH106PP,
PH106PQ,
PH106PR,
PH106PS,
PH106PT,
PH106PU,
PH106PW,
PH106PX,
PH106PY,
PH106PZ,
PH106QA,
PH106QB,
PH106QD,
PH106QE,
PH106QF,
PH106QG,
PH106QH,
PH106QJ,
PH106QL,
PH106QN,
PH106QP,
PH106QQ,
PH106QR,
PH106QS,
PH106QT,
PH106QU,
PH106QW,
PH106QX,
PH106QY,
PH106QZ,
PH106RA,
PH106RB,
PH106RD,
PH106RE,
PH106RF,
PH106RG,
PH106RH,
PH106RJ,
PH106RL,
PH106RN,
PH106RP,
PH106RQ,
PH106RR,
PH106RS,
PH106RT,
PH106RU,
PH106RW,
PH106RX,
PH106RY,
PH106RZ,
PH106SA,
PH106SB,
PH106SD,
PH106SE,
PH106SF,
PH106SG,
PH106SH,
PH106SJ,
PH106SL,
PH106SN,
PH106SP,
PH106SQ,
PH106SR,
PH106SS,
PH106SU,
PH106SW,
PH106SX,
PH106SY,
PH106SZ,
PH106TA,
PH106TB,
PH106TD,
PH106TE,
PH106TF,
PH106TG,
PH106TH,
PH106TJ,
PH106TL,
PH106TN,
PH106TP,
PH106TQ,
PH106TR,
PH106TS,
PH106TT,
PH106TU,
PH106TW,
PH106TX,
PH106TY,
PH106TZ,
PH106UA,
PH106UB,
PH106UD,
PH106UE,
PH106UF,
PH106UG,
PH106UH,
PH106UJ,
PH106UL,
PH106UN,
PH106UP,
PH106UQ,
PH106UR,
PH106US,
PH106UT,
PH106UU,
PH106UW,
PH106UX,
PH106UY,
PH106UZ,
PH106WA,
PH106WB,
PH106WE,
PH106WJ,
PH106WT,
PH106WU,
PH106WX,
PH106XA,
PH106XB,
PH106XD,
PH106XE,
PH106XY,
PH106XZ,
PH106YA,
PH106YB,
PH106YD,
PH106YE,
PH106YF,
PH106YH,
PH106YJ,
PH106YL,
PH107AA,
PH107AB,
PH107AD,
PH107AE,
PH107AF,
PH107AG,
PH107AH,
PH107AJ,
PH107AL,
PH107AN,
PH107AP,
PH107AQ,
PH107AR,
PH107AS,
PH107AT,
PH107AU,
PH107AW,
PH107AX,
PH107AY,
PH107AZ,
PH107BA,
PH107BB,
PH107BD,
PH107BE,
PH107BG,
PH107BH,
PH107BJ,
PH107BL,
PH107BN,
PH107BP,
PH107BQ,
PH107BS,
PH107BT,
PH107BU,
PH107BW,
PH107BX,
PH107BY,
PH107BZ,
PH107DA,
PH107DB,
PH107DD,
PH107DE,
PH107DF,
PH107DG,
PH107DH,
PH107DJ,
PH107DL,
PH107DN,
PH107DP,
PH107DQ,
PH107DR,
PH107DS,
PH107DT,
PH107DU,
PH107DW,
PH107DX,
PH107DY,
PH107DZ,
PH107EA,
PH107EB,
PH107ED,
PH107EE,
PH107EF,
PH107EG,
PH107EH,
PH107EJ,
PH107EL,
PH107EN,
PH107EP,
PH107EQ,
PH107ER,
PH107ES,
PH107ET,
PH107EU,
PH107EW,
PH107EX,
PH107EY,
PH107EZ,
PH107FB,
PH107FD,
PH107FE,
PH107GA,
PH107HA,
PH107HB,
PH107HD,
PH107HE,
PH107HF,
PH107HG,
PH107HH,
PH107HJ,
PH107HL,
PH107HQ,
PH107HR,
PH107HS,
PH107HT,
PH107HU,
PH107HW,
PH107HX,
PH107HY,
PH107HZ,
PH107JA,
PH107JB,
PH107JD,
PH107JE,
PH107JG,
PH107JH,
PH107JJ,
PH107JL,
PH107JN,
PH107JP,
PH107JQ,
PH107JR,
PH107JS,
PH107JT,
PH107JU,
PH107JW,
PH107JX,
PH107JY,
PH107JZ,
PH107LA,
PH107LG,
PH107LH,
PH107LJ,
PH107LL,
PH107LN,
PH107LP,
PH107LQ,
PH107LR,
PH107LS,
PH107LT,
PH107LU,
PH107LW,
PH107LX,
PH107LY,
PH107LZ,
PH107NA,
PH107NB,
PH107ND,
PH107NG,
PH107NH,
PH107NJ,
PH107NL,
PH107NN,
PH107NP,
PH107NQ,
PH107NR,
PH107NS,
PH107NT,
PH107NU,
PH107NW,
PH107NX,
PH107NY,
PH107NZ,
PH107PA,
PH107PB,
PH107PD,
PH107PE,
PH107PF,
PH107PG,
PH107PH,
PH107PJ,
PH107PL,
PH107PN,
PH107PQ,
PH107PU,
PH107PW,
PH107PX,
PH107PY,
PH107PZ,
PH107QB,
PH107QD,
PH107QE,
PH107QF,
PH107QG,
PH107QH,
PH107QQ,
PH107RA,
PH107RB,
PH107RD,
PH107RE,
PH107WA,
PH107WU,
PH107WW,
PH107WX,
PH107YA,
PH107YB,
PH107YD,
PH107YE,
PH107YG,
PH107YH,
PH109AA,
PH109AB,
PH109AD,
PH109AE,
PH109AF,
PH109AG,
PH109AH,
PH109AJ,
PH109AL,
PH109AN,
PH109AP,
PH109AQ,
PH109AR,
PH109AS,
PH109AT,
PH109AU,
PH118AA,
PH118AB,
PH118AD,
PH118AE,
PH118AF,
PH118AG,
PH118AH,
PH118AJ,
PH118AL,
PH118AN,
PH118AP,
PH118AQ,
PH118AR,
PH118AS,
PH118AT,
PH118AU,
PH118AW,
PH118AX,
PH118AY,
PH118AZ,
PH118BA,
PH118BB,
PH118BD,
PH118BE,
PH118BF,
PH118BG,
PH118BH,
PH118BJ,
PH118BL,
PH118BN,
PH118BP,
PH118BQ,
PH118BS,
PH118BT,
PH118BU,
PH118BW,
PH118BX,
PH118BY,
PH118BZ,
PH118DA,
PH118DB,
PH118DD,
PH118DE,
PH118DF,
PH118DG,
PH118DH,
PH118DJ,
PH118DL,
PH118DN,
PH118DP,
PH118DQ,
PH118DR,
PH118DS,
PH118DT,
PH118DU,
PH118DW,
PH118DX,
PH118DY,
PH118DZ,
PH118EA,
PH118EB,
PH118ED,
PH118EE,
PH118EF,
PH118EG,
PH118EH,
PH118EJ,
PH118EL,
PH118EN,
PH118EP,
PH118EQ,
PH118ER,
PH118ES,
PH118ET,
PH118EU,
PH118EW,
PH118EX,
PH118EY,
PH118EZ,
PH118FB,
PH118FD,
PH118GA,
PH118GB,
PH118HA,
PH118HB,
PH118HD,
PH118HE,
PH118HF,
PH118HG,
PH118HH,
PH118HJ,
PH118HL,
PH118HN,
PH118HP,
PH118HQ,
PH118HR,
PH118HS,
PH118HT,
PH118HU,
PH118HW,
PH118HX,
PH118HY,
PH118HZ,
PH118JA,
PH118JB,
PH118JD,
PH118JE,
PH118JF,
PH118JG,
PH118JH,
PH118JJ,
PH118JL,
PH118JN,
PH118JP,
PH118JQ,
PH118JR,
PH118JS,
PH118JT,
PH118JU,
PH118JW,
PH118JX,
PH118JY,
PH118JZ,
PH118LA,
PH118LB,
PH118LD,
PH118LE,
PH118LF,
PH118LG,
PH118LH,
PH118LJ,
PH118LL,
PH118LN,
PH118LP,
PH118LQ,
PH118LR,
PH118LS,
PH118LT,
PH118LU,
PH118LW,
PH118LX,
PH118LY,
PH118LZ,
PH118NA,
PH118NB,
PH118ND,
PH118NE,
PH118NF,
PH118NG,
PH118NH,
PH118NJ,
PH118NL,
PH118NN,
PH118NP,
PH118NQ,
PH118NR,
PH118NS,
PH118NT,
PH118NU,
PH118NW,
PH118NX,
PH118NY,
PH118NZ,
PH118PA,
PH118PB,
PH118PE,
PH118PF,
PH118PG,
PH118PH,
PH118PJ,
PH118PL,
PH118PN,
PH118PP,
PH118PQ,
PH118PR,
PH118PS,
PH118PT,
PH118PU,
PH118PX,
PH118PY,
PH118PZ,
PH118QA,
PH118QB,
PH118QD,
PH118QE,
PH118QG,
PH118QH,
PH118QJ,
PH118QL,
PH118QN,
PH118QQ,
PH118QW,
PH118RA,
PH118RB,
PH118WA,
PH118WW,
PH118WX,
PH118YB,
PH118YD,
PH128QN,
PH128QP,
PH128QQ,
PH128QR,
PH128QS,
PH128QT,
PH128QU,
PH128QW,
PH128QX,
PH128QY,
PH128QZ,
PH128RA,
PH128RB,
PH128RD,
PH128RE,
PH128RF,
PH128RG,
PH128RH,
PH128RJ,
PH128RL,
PH128RN,
PH128RP,
PH128RQ,
PH128RR,
PH128RS,
PH128RT,
PH128RU,
PH128RW,
PH128RX,
PH128RY,
PH128RZ,
PH128SA,
PH128SB,
PH128SD,
PH128SE,
PH128SF,
PH128SG,
PH128SH,
PH128SJ,
PH128SL,
PH128SN,
PH128SP,
PH128SQ,
PH128SR,
PH128SS,
PH128ST,
PH128SU,
PH128SW,
PH128SX,
PH128SY,
PH128SZ,
PH128TA,
PH128TB,
PH128TD,
PH128TE,
PH128TF,
PH128TG,
PH128TH,
PH128TJ,
PH128TL,
PH128TN,
PH128TP,
PH128TQ,
PH128TR,
PH128TS,
PH128TT,
PH128TU,
PH128TW,
PH128TX,
PH128TY,
PH128TZ,
PH128UA,
PH128UB,
PH128UD,
PH128UE,
PH128UF,
PH128UG,
PH128UH,
PH128UJ,
PH128UL,
PH128UN,
PH128UP,
PH128UQ,
PH128UR,
PH128US,
PH128UT,
PH128UU,
PH128UW,
PH128UX,
PH128UY,
PH128UZ,
PH128YA,
PH128YB,
PH128YF,
PH128YG,
PH139AA,
PH139AB,
PH139AD,
PH139AE,
PH139AF,
PH139AG,
PH139AH,
PH139AJ,
PH139AL,
PH139AN,
PH139AP,
PH139AQ,
PH139AR,
PH139AS,
PH139AT,
PH139AU,
PH139AW,
PH139AX,
PH139AY,
PH139AZ,
PH139BA,
PH139BB,
PH139BD,
PH139BE,
PH139BF,
PH139BG,
PH139BH,
PH139BJ,
PH139BL,
PH139BN,
PH139BP,
PH139BQ,
PH139BS,
PH139BT,
PH139BU,
PH139BW,
PH139BX,
PH139BY,
PH139BZ,
PH139DA,
PH139DB,
PH139DD,
PH139DE,
PH139DF,
PH139DG,
PH139DH,
PH139DJ,
PH139DL,
PH139DN,
PH139DP,
PH139DQ,
PH139DR,
PH139DS,
PH139DT,
PH139DU,
PH139DW,
PH139DX,
PH139DY,
PH139DZ,
PH139EA,
PH139EB,
PH139ED,
PH139EE,
PH139EF,
PH139EG,
PH139EH,
PH139EJ,
PH139EL,
PH139EN,
PH139EP,
PH139EQ,
PH139ER,
PH139ES,
PH139ET,
PH139EU,
PH139EW,
PH139EX,
PH139EY,
PH139EZ,
PH139FB,
PH139FD,
PH139FE,
PH139FG,
PH139FH,
PH139FJ,
PH139FL,
PH139FT,
PH139GA,
PH139GB,
PH139GH,
PH139HA,
PH139HB,
PH139HD,
PH139HE,
PH139HF,
PH139HG,
PH139HH,
PH139HJ,
PH139HL,
PH139HN,
PH139HP,
PH139HQ,
PH139HR,
PH139HS,
PH139HT,
PH139HU,
PH139HW,
PH139HX,
PH139JA,
PH139JB,
PH139JD,
PH139JE,
PH139JF,
PH139JG,
PH139JH,
PH139JJ,
PH139JL,
PH139JN,
PH139JP,
PH139JQ,
PH139JR,
PH139JS,
PH139JT,
PH139JU,
PH139JW,
PH139JX,
PH139JY,
PH139JZ,
PH139LA,
PH139LB,
PH139LD,
PH139LE,
PH139LG,
PH139LH,
PH139LJ,
PH139LL,
PH139LN,
PH139LP,
PH139LQ,
PH139LR,
PH139LS,
PH139LT,
PH139LU,
PH139LW,
PH139LX,
PH139LY,
PH139LZ,
PH139NA,
PH139NB,
PH139ND,
PH139NE,
PH139NF,
PH139NG,
PH139NH,
PH139NJ,
PH139NL,
PH139NN,
PH139NP,
PH139NQ,
PH139NR,
PH139NS,
PH139NT,
PH139NU,
PH139NW,
PH139NX,
PH139NY,
PH139NZ,
PH139PA,
PH139PB,
PH139PD,
PH139PE,
PH139PF,
PH139PG,
PH139PH,
PH139PJ,
PH139PL,
PH139PN,
PH139PP,
PH139PQ,
PH139PR,
PH139PS,
PH139PT,
PH139PU,
PH139PW,
PH139PX,
PH139PY,
PH139PZ,
PH139QA,
PH139QB,
PH139QD,
PH139RA,
PH139WA,
PH139WB,
PH139WU,
PH139WX,
PH139YA,
PH139YB,
PH139YF,
PH139YY,
PH139YZ,
PH149AB,
PH149AD,
PH149PA,
PH149PB,
PH149PD,
PH149PZ,
PH149QA,
PH149QB,
PH149QD,
PH149QE,
PH149QF,
PH149QG,
PH149QH,
PH149QJ,
PH149QL,
PH149QN,
PH149QP,
PH149QQ,
PH149QR,
PH149QS,
PH149QT,
PH149QU,
PH149QW,
PH149QX,
PH149QY,
PH149QZ,
PH149RA,
PH149RB,
PH149RD,
PH149RE,
PH149RF,
PH149RG,
PH149RH,
PH149RJ,
PH149RL,
PH149RN,
PH149RP,
PH149RQ,
PH149RR,
PH149RS,
PH149RT,
PH149RU,
PH149RW,
PH149RX,
PH149RY,
PH149RZ,
PH149SA,
PH149SB,
PH149SD,
PH149SE,
PH149SF,
PH149SG,
PH149SH,
PH149SJ,
PH149SL,
PH149SN,
PH149SP,
PH149SQ,
PH149SR,
PH149SS,
PH149ST,
PH149SU,
PH149SW,
PH149SX,
PH149SY,
PH149SZ,
PH149TA,
PH149TB,
PH149TD,
PH149TE,
PH149TG,
PH149TQ,
PH149WA,
PH149YA,
PH149YB,
PH149YD,
PH149YE,
PH152AA,
PH152AB,
PH152AD,
PH152AE,
PH152AF,
PH152AG,
PH152AH,
PH152AJ,
PH152AL,
PH152AN,
PH152AP,
PH152AQ,
PH152AR,
PH152AS,
PH152AT,
PH152AU,
PH152AW,
PH152AX,
PH152AY,
PH152AZ,
PH152BA,
PH152BB,
PH152BD,
PH152BE,
PH152BF,
PH152BG,
PH152BH,
PH152BJ,
PH152BL,
PH152BN,
PH152BP,
PH152BQ,
PH152BS,
PH152BT,
PH152BU,
PH152BW,
PH152BX,
PH152BY,
PH152BZ,
PH152DA,
PH152DB,
PH152DD,
PH152DE,
PH152DF,
PH152DG,
PH152DH,
PH152DJ,
PH152DL,
PH152DN,
PH152DP,
PH152DQ,
PH152DR,
PH152DS,
PH152DT,
PH152DU,
PH152DW,
PH152DX,
PH152DY,
PH152DZ,
PH152EA,
PH152EB,
PH152ED,
PH152EE,
PH152EF,
PH152EG,
PH152EH,
PH152EJ,
PH152EL,
PH152EN,
PH152EP,
PH152EQ,
PH152ER,
PH152ES,
PH152ET,
PH152EU,
PH152EW,
PH152EX,
PH152EY,
PH152EZ,
PH152FA,
PH152FB,
PH152FE,
PH152FG,
PH152FH,
PH152FJ,
PH152HA,
PH152HB,
PH152HD,
PH152HE,
PH152HF,
PH152HG,
PH152HH,
PH152HJ,
PH152HL,
PH152HN,
PH152HP,
PH152HQ,
PH152HR,
PH152HS,
PH152HT,
PH152HU,
PH152HW,
PH152HX,
PH152HY,
PH152HZ,
PH152JA,
PH152JD,
PH152JE,
PH152JF,
PH152JG,
PH152JH,
PH152JJ,
PH152JL,
PH152JN,
PH152JP,
PH152JQ,
PH152JR,
PH152JS,
PH152JT,
PH152JU,
PH152JW,
PH152JX,
PH152LA,
PH152LB,
PH152LD,
PH152LE,
PH152LF,
PH152LG,
PH152LH,
PH152LJ,
PH152LL,
PH152LN,
PH152LP,
PH152LQ,
PH152LR,
PH152LS,
PH152LT,
PH152LU,
PH152LW,
PH152LY,
PH152LZ,
PH152NA,
PH152NB,
PH152ND,
PH152NE,
PH152NF,
PH152NG,
PH152NH,
PH152NJ,
PH152NL,
PH152NN,
PH152NQ,
PH152NT,
PH152NU,
PH152NX,
PH152NY,
PH152NZ,
PH152PA,
PH152PB,
PH152PF,
PH152PG,
PH152PH,
PH152PJ,
PH152PL,
PH152PN,
PH152PP,
PH152PQ,
PH152PR,
PH152PS,
PH152PT,
PH152PU,
PH152PW,
PH152PX,
PH152PY,
PH152QR,
PH152QS,
PH152QT,
PH152QU,
PH152QW,
PH152QX,
PH152QY,
PH152QZ,
PH152RA,
PH152RB,
PH152RD,
PH152RE,
PH152WA,
PH152WB,
PH152WD,
PH152WE,
PH152WF,
PH152WG,
PH152WH,
PH152WJ,
PH152WN,
PH152WP,
PH152WQ,
PH152WR,
PH152WS,
PH152WT,
PH152WU,
PH152WW,
PH152WX,
PH152YA,
PH152YB,
PH152YD,
PH152YE,
PH152YF,
PH152YG,
PH152YH,
PH152YJ,
PH152YL,
PH152YP,
PH152YQ,
PH152YR,
PH152ZD,
PH152ZX,
PH165AA,
PH165AB,
PH165AD,
PH165AE,
PH165AF,
PH165AG,
PH165AH,
PH165AJ,
PH165AL,
PH165AN,
PH165AP,
PH165AQ,
PH165AR,
PH165AS,
PH165AT,
PH165AU,
PH165AW,
PH165AX,
PH165AY,
PH165AZ,
PH165BA,
PH165BB,
PH165BD,
PH165BE,
PH165BF,
PH165BG,
PH165BH,
PH165BJ,
PH165BL,
PH165BN,
PH165BP,
PH165BQ,
PH165BS,
PH165BT,
PH165BU,
PH165BW,
PH165BX,
PH165BY,
PH165BZ,
PH165DA,
PH165DB,
PH165DD,
PH165DE,
PH165DF,
PH165DG,
PH165DH,
PH165DJ,
PH165DL,
PH165DN,
PH165DP,
PH165DQ,
PH165DR,
PH165DS,
PH165DT,
PH165DU,
PH165DW,
PH165DX,
PH165DY,
PH165DZ,
PH165EA,
PH165EB,
PH165ED,
PH165EE,
PH165EF,
PH165EG,
PH165EH,
PH165EJ,
PH165EL,
PH165EN,
PH165EP,
PH165EQ,
PH165ER,
PH165ES,
PH165ET,
PH165EU,
PH165EW,
PH165EX,
PH165EY,
PH165EZ,
PH165FA,
PH165FB,
PH165FD,
PH165FE,
PH165FF,
PH165FG,
PH165FH,
PH165FJ,
PH165FL,
PH165FN,
PH165GA,
PH165GY,
PH165GZ,
PH165HA,
PH165HB,
PH165HD,
PH165HE,
PH165HF,
PH165HG,
PH165HH,
PH165HJ,
PH165HL,
PH165HN,
PH165HP,
PH165HQ,
PH165HR,
PH165HS,
PH165HT,
PH165HU,
PH165HW,
PH165HX,
PH165HY,
PH165HZ,
PH165JA,
PH165JB,
PH165JD,
PH165JE,
PH165JF,
PH165JG,
PH165JH,
PH165JJ,
PH165JL,
PH165JN,
PH165JP,
PH165JQ,
PH165JR,
PH165JS,
PH165JT,
PH165JU,
PH165JW,
PH165JX,
PH165JY,
PH165JZ,
PH165LA,
PH165LB,
PH165LD,
PH165LE,
PH165LF,
PH165LG,
PH165LH,
PH165LJ,
PH165LL,
PH165LN,
PH165LP,
PH165LQ,
PH165LR,
PH165LS,
PH165LT,
PH165LU,
PH165LW,
PH165LX,
PH165LY,
PH165LZ,
PH165NA,
PH165NB,
PH165ND,
PH165NE,
PH165NF,
PH165NG,
PH165NH,
PH165NJ,
PH165NL,
PH165NN,
PH165NP,
PH165NQ,
PH165NR,
PH165NS,
PH165NT,
PH165NU,
PH165NW,
PH165NX,
PH165NY,
PH165NZ,
PH165PA,
PH165PB,
PH165PD,
PH165PE,
PH165PF,
PH165PG,
PH165PH,
PH165PJ,
PH165PL,
PH165PN,
PH165PP,
PH165PQ,
PH165PR,
PH165PS,
PH165PT,
PH165PU,
PH165PW,
PH165PX,
PH165PY,
PH165PZ,
PH165QA,
PH165QB,
PH165QD,
PH165QE,
PH165QF,
PH165QG,
PH165QH,
PH165QJ,
PH165QL,
PH165QN,
PH165QP,
PH165QQ,
PH165QR,
PH165QS,
PH165QT,
PH165QU,
PH165QW,
PH165QX,
PH165QY,
PH165QZ,
PH165RA,
PH165RB,
PH165RD,
PH165RH,
PH165RJ,
PH165RL,
PH165RN,
PH165RP,
PH165RR,
PH165RS,
PH165RT,
PH165RU,
PH165RX,
PH165SA,
PH165SB,
PH165SD,
PH165SE,
PH165SF,
PH165SQ,
PH165SR,
PH165TA,
PH165TB,
PH165TD,
PH165TE,
PH165TF,
PH165TG,
PH165TH,
PH165WA,
PH165WB,
PH165WT,
PH165WU,
PH165WW,
PH165WX,
PH165YA,
PH165YB,
PH165YD,
PH165YE,
PH165YF,
PH165YG,
PH165YH,
PH165YL,
PH165YN,
PH165YQ,
PH169AA,
PH169AB,
PH169AD,
PH169AE,
PH169AF,
PH169AG,
PH169AH,
PH169AL,
PH172QA,
PH172QB,
PH172QD,
PH172QE,
PH172QF,
PH172QG,
PH172QH,
PH172QJ,
PH172QL,
PH172QN,
PH172QP,
PH172QQ,
PH172QR,
PH172QW,
PH172YA,
PH185BA,
PH185SA,
PH185SG,
PH185SH,
PH185SJ,
PH185SL,
PH185SN,
PH185SP,
PH185SQ,
PH185SR,
PH185ST,
PH185SU,
PH185SW,
PH185SX,
PH185SY,
PH185SZ,
PH185TA,
PH185TB,
PH185TD,
PH185TE,
PH185TF,
PH185TG,
PH185TH,
PH185TJ,
PH185TL,
PH185TN,
PH185TP,
PH185TQ,
PH185TR,
PH185TS,
PH185TT,
PH185TU,
PH185TW,
PH185TX,
PH185TY,
PH185TZ,
PH185UA,
PH185UB,
PH185UD,
PH185UE,
PH185UF,
PH185UG,
PH185UH,
PH185UJ,
PH185UL,
PH185UN,
PH185UP,
PH185UQ,
PH185UW,
PH191AA,
PH191AB,
PH191AD,
PH191AE,
PH191AF,
PH191AG,
PH191AH,
PH191AQ,
PH2 0AA,
PH2 0AB,
PH2 0AD,
PH2 0AE,
PH2 0AG,
PH2 0AH,
PH2 0AJ,
PH2 0AL,
PH2 0AN,
PH2 0AP,
PH2 0AQ,
PH2 0AR,
PH2 0AS,
PH2 0AT,
PH2 0AU,
PH2 0AW,
PH2 0AX,
PH2 0BA,
PH2 0BB,
PH2 0BD,
PH2 0BE,
PH2 0BG,
PH2 0BH,
PH2 0BJ,
PH2 0BL,
PH2 0BN,
PH2 0BP,
PH2 0BQ,
PH2 0BR,
PH2 0BS,
PH2 0BT,
PH2 0BU,
PH2 0BW,
PH2 0BX,
PH2 0BY,
PH2 0BZ,
PH2 0DA,
PH2 0DB,
PH2 0DD,
PH2 0DE,
PH2 0DF,
PH2 0DG,
PH2 0DH,
PH2 0DJ,
PH2 0DL,
PH2 0DN,
PH2 0DP,
PH2 0DQ,
PH2 0DR,
PH2 0DS,
PH2 0DT,
PH2 0DU,
PH2 0DW,
PH2 0DX,
PH2 0DY,
PH2 0DZ,
PH2 0EA,
PH2 0EB,
PH2 0ED,
PH2 0EE,
PH2 0EF,
PH2 0EG,
PH2 0EH,
PH2 0EJ,
PH2 0EL,
PH2 0EN,
PH2 0EP,
PH2 0EQ,
PH2 0ER,
PH2 0ES,
PH2 0ET,
PH2 0EU,
PH2 0EW,
PH2 0EX,
PH2 0EY,
PH2 0EZ,
PH2 0FD,
PH2 0GA,
PH2 0GB,
PH2 0GD,
PH2 0GE,
PH2 0GF,
PH2 0GG,
PH2 0GH,
PH2 0GU,
PH2 0GW,
PH2 0GX,
PH2 0GY,
PH2 0GZ,
PH2 0HA,
PH2 0HB,
PH2 0HD,
PH2 0HE,
PH2 0HF,
PH2 0HG,
PH2 0HH,
PH2 0HJ,
PH2 0HL,
PH2 0HN,
PH2 0HP,
PH2 0HQ,
PH2 0HR,
PH2 0HS,
PH2 0HT,
PH2 0HU,
PH2 0HW,
PH2 0HX,
PH2 0HY,
PH2 0HZ,
PH2 0JA,
PH2 0JB,
PH2 0JD,
PH2 0JE,
PH2 0JF,
PH2 0JG,
PH2 0JH,
PH2 0JJ,
PH2 0JL,
PH2 0JN,
PH2 0JP,
PH2 0JQ,
PH2 0JR,
PH2 0JS,
PH2 0JT,
PH2 0JU,
PH2 0JW,
PH2 0JX,
PH2 0JY,
PH2 0JZ,
PH2 0LA,
PH2 0LB,
PH2 0LD,
PH2 0LE,
PH2 0LF,
PH2 0LG,
PH2 0LH,
PH2 0LJ,
PH2 0LL,
PH2 0LN,
PH2 0LP,
PH2 0LQ,
PH2 0LR,
PH2 0LS,
PH2 0LT,
PH2 0LU,
PH2 0LW,
PH2 0LX,
PH2 0LY,
PH2 0LZ,
PH2 0NA,
PH2 0NB,
PH2 0ND,
PH2 0NE,
PH2 0NF,
PH2 0NG,
PH2 0NH,
PH2 0NJ,
PH2 0NL,
PH2 0NN,
PH2 0NP,
PH2 0NQ,
PH2 0NR,
PH2 0NS,
PH2 0NT,
PH2 0NU,
PH2 0NW,
PH2 0NX,
PH2 0NY,
PH2 0NZ,
PH2 0PA,
PH2 0PB,
PH2 0PD,
PH2 0PE,
PH2 0PF,
PH2 0PG,
PH2 0PH,
PH2 0PJ,
PH2 0PL,
PH2 0PN,
PH2 0PP,
PH2 0PQ,
PH2 0PR,
PH2 0PS,
PH2 0PT,
PH2 0PU,
PH2 0PW,
PH2 0PX,
PH2 0PY,
PH2 0PZ,
PH2 0QA,
PH2 0QB,
PH2 0QD,
PH2 0QE,
PH2 0QF,
PH2 0QG,
PH2 0QH,
PH2 0QJ,
PH2 0QL,
PH2 0QN,
PH2 0QP,
PH2 0QQ,
PH2 0QR,
PH2 0QS,
PH2 0QT,
PH2 0QU,
PH2 0QW,
PH2 0QX,
PH2 0QY,
PH2 0QZ,
PH2 0RA,
PH2 0RB,
PH2 0RD,
PH2 0RE,
PH2 0RF,
PH2 0RG,
PH2 0RH,
PH2 0RJ,
PH2 0RL,
PH2 0RN,
PH2 0RP,
PH2 0RQ,
PH2 0RR,
PH2 0RS,
PH2 0RT,
PH2 0RU,
PH2 0RW,
PH2 0RX,
PH2 0RY,
PH2 0RZ,
PH2 0SA,
PH2 0SB,
PH2 0SD,
PH2 0SE,
PH2 0SF,
PH2 0SG,
PH2 0SH,
PH2 0SJ,
PH2 0SL,
PH2 0SN,
PH2 0SP,
PH2 0SQ,
PH2 0SR,
PH2 0SS,
PH2 0ST,
PH2 0SU,
PH2 0SW,
PH2 0SX,
PH2 0SY,
PH2 0SZ,
PH2 0TA,
PH2 0TB,
PH2 0TD,
PH2 0TE,
PH2 0TF,
PH2 0TG,
PH2 0TH,
PH2 0TJ,
PH2 0TL,
PH2 0TQ,
PH2 0UA,
PH2 0WA,
PH2 0WB,
PH2 0WD,
PH2 0WE,
PH2 0WF,
PH2 0WG,
PH2 0WH,
PH2 0WJ,
PH2 0WL,
PH2 0WP,
PH2 0WW,
PH2 0WX,
PH2 0XA,
PH2 0XB,
PH2 0XD,
PH2 0XE,
PH2 0XF,
PH2 0XZ,
PH2 0YA,
PH2 0YB,
PH2 0YD,
PH2 0YE,
PH2 0YF,
PH2 0YG,
PH2 0YH,
PH2 0YJ,
PH2 0YL,
PH2 0YN,
PH2 0YP,
PH2 0YQ,
PH2 0YR,
PH2 0YS,
PH2 0YT,
PH2 0YU,
PH2 0YW,
PH2 0YX,
PH2 0YY,
PH2 0YZ,
PH2 0ZA,
PH2 0ZB,
PH2 0ZD,
PH2 1AA,
PH2 1AB,
PH2 1AD,
PH2 1AE,
PH2 1AF,
PH2 1AG,
PH2 1AH,
PH2 1AJ,
PH2 1AL,
PH2 1AN,
PH2 1AP,
PH2 1AQ,
PH2 1AR,
PH2 1AS,
PH2 1AT,
PH2 1AU,
PH2 1AW,
PH2 1AX,
PH2 1AY,
PH2 1AZ,
PH2 1BA,
PH2 1BB,
PH2 1BD,
PH2 1BE,
PH2 1BF,
PH2 1BG,
PH2 1BH,
PH2 1BJ,
PH2 1BL,
PH2 1BN,
PH2 1BP,
PH2 1BQ,
PH2 1BR,
PH2 1BS,
PH2 1BT,
PH2 1BU,
PH2 1BW,
PH2 1BX,
PH2 1BY,
PH2 1BZ,
PH2 1DA,
PH2 1DB,
PH2 1DD,
PH2 1DE,
PH2 1DF,
PH2 1DG,
PH2 1DH,
PH2 1DJ,
PH2 1DL,
PH2 1DN,
PH2 1DP,
PH2 1DQ,
PH2 1DR,
PH2 1DS,
PH2 1DT,
PH2 1DU,
PH2 1DW,
PH2 1DX,
PH2 1DY,
PH2 1DZ,
PH2 1EA,
PH2 1EB,
PH2 1ED,
PH2 1EE,
PH2 1EF,
PH2 1EG,
PH2 1EH,
PH2 1EJ,
PH2 1EL,
PH2 1EN,
PH2 1EP,
PH2 1EQ,
PH2 1ER,
PH2 1ES,
PH2 1ET,
PH2 1EU,
PH2 1EW,
PH2 1EX,
PH2 1EY,
PH2 1EZ,
PH2 1FA,
PH2 1FB,
PH2 1FD,
PH2 1FE,
PH2 1FF,
PH2 1FG,
PH2 1FH,
PH2 1FJ,
PH2 1FL,
PH2 1FN,
PH2 1FP,
PH2 1FQ,
PH2 1FS,
PH2 1FT,
PH2 1FU,
PH2 1FW,
PH2 1FX,
PH2 1FY,
PH2 1FZ,
PH2 1GA,
PH2 1GB,
PH2 1GD,
PH2 1GE,
PH2 1GF,
PH2 1GG,
PH2 1GH,
PH2 1GJ,
PH2 1GL,
PH2 1GN,
PH2 1GP,
PH2 1GQ,
PH2 1GR,
PH2 1GS,
PH2 1GT,
PH2 1GU,
PH2 1GW,
PH2 1GX,
PH2 1GY,
PH2 1GZ,
PH2 1HB,
PH2 1HD,
PH2 1HE,
PH2 1HF,
PH2 1HG,
PH2 1HH,
PH2 1HJ,
PH2 1HL,
PH2 1HN,
PH2 1HP,
PH2 1HQ,
PH2 1HS,
PH2 1HT,
PH2 1HU,
PH2 1HW,
PH2 1HX,
PH2 1HY,
PH2 1HZ,
PH2 1JA,
PH2 1JB,
PH2 1JD,
PH2 1JE,
PH2 1SA,
PH2 1SB,
PH2 1SD,
PH2 1SE,
PH2 1SF,
PH2 1SG,
PH2 1SH,
PH2 1SJ,
PH2 1SL,
PH2 1SN,
PH2 1SP,
PH2 1SQ,
PH2 1SR,
PH2 1SS,
PH2 1ST,
PH2 1SU,
PH2 1SW,
PH2 1SX,
PH2 1SY,
PH2 1SZ,
PH2 1TA,
PH2 1TB,
PH2 1TD,
PH2 1TE,
PH2 1TF,
PH2 1TG,
PH2 1TH,
PH2 1TJ,
PH2 1TL,
PH2 1TN,
PH2 1TP,
PH2 1TQ,
PH2 1TR,
PH2 1TS,
PH2 1TT,
PH2 1TU,
PH2 1TW,
PH2 1TX,
PH2 1TY,
PH2 1TZ,
PH2 1UA,
PH2 1UB,
PH2 1UD,
PH2 1UE,
PH2 1UF,
PH2 1UG,
PH2 1UH,
PH2 1UJ,
PH2 1UL,
PH2 1UP,
PH2 1UQ,
PH2 1UR,
PH2 1US,
PH2 1UT,
PH2 1UU,
PH2 1WA,
PH2 1ZY,
PH2 6AA,
PH2 6AB,
PH2 6AD,
PH2 6AE,
PH2 6AF,
PH2 6AG,
PH2 6AH,
PH2 6AJ,
PH2 6AL,
PH2 6AN,
PH2 6AP,
PH2 6AQ,
PH2 6AR,
PH2 6AS,
PH2 6AT,
PH2 6AU,
PH2 6AW,
PH2 6AX,
PH2 6AY,
PH2 6AZ,
PH2 6BA,
PH2 6BB,
PH2 6BD,
PH2 6BE,
PH2 6BF,
PH2 6BG,
PH2 6BH,
PH2 6BJ,
PH2 6BL,
PH2 6BN,
PH2 6BP,
PH2 6BQ,
PH2 6BS,
PH2 6BT,
PH2 6BU,
PH2 6BW,
PH2 6BX,
PH2 6BY,
PH2 6BZ,
PH2 6DA,
PH2 6DB,
PH2 6DD,
PH2 6DE,
PH2 6DF,
PH2 6DG,
PH2 6DH,
PH2 6DJ,
PH2 6DL,
PH2 6DN,
PH2 6DP,
PH2 6DQ,
PH2 6DR,
PH2 6DS,
PH2 6DT,
PH2 6DU,
PH2 6DW,
PH2 6DX,
PH2 6DY,
PH2 6DZ,
PH2 6EA,
PH2 6EB,
PH2 6ED,
PH2 6EE,
PH2 6EF,
PH2 6EG,
PH2 6EH,
PH2 6EJ,
PH2 6EL,
PH2 6EN,
PH2 6EP,
PH2 6EQ,
PH2 6ER,
PH2 6ES,
PH2 6ET,
PH2 6EU,
PH2 6EW,
PH2 6EX,
PH2 6EY,
PH2 6EZ,
PH2 6FB,
PH2 6GA,
PH2 6GB,
PH2 6GD,
PH2 6GE,
PH2 6GF,
PH2 6GG,
PH2 6GH,
PH2 6GJ,
PH2 6GZ,
PH2 6HA,
PH2 6HB,
PH2 6HD,
PH2 6HE,
PH2 6HF,
PH2 6HG,
PH2 6HH,
PH2 6HJ,
PH2 6HL,
PH2 6HN,
PH2 6HP,
PH2 6HQ,
PH2 6HR,
PH2 6HS,
PH2 6HT,
PH2 6HU,
PH2 6HW,
PH2 6HX,
PH2 6HY,
PH2 6HZ,
PH2 6JA,
PH2 6JB,
PH2 6JD,
PH2 6JE,
PH2 6JF,
PH2 6JG,
PH2 6JH,
PH2 6JJ,
PH2 6JL,
PH2 6JN,
PH2 6JP,
PH2 6JQ,
PH2 6JR,
PH2 6JS,
PH2 6JT,
PH2 6JU,
PH2 6JW,
PH2 6JX,
PH2 6JY,
PH2 6JZ,
PH2 6LA,
PH2 6LB,
PH2 6LD,
PH2 6LE,
PH2 6LF,
PH2 6LG,
PH2 6LH,
PH2 6LJ,
PH2 6LL,
PH2 6LN,
PH2 6LP,
PH2 6LQ,
PH2 6LR,
PH2 6LS,
PH2 6LT,
PH2 6LU,
PH2 6LW,
PH2 6LX,
PH2 6LY,
PH2 6LZ,
PH2 6NA,
PH2 6NB,
PH2 6ND,
PH2 6NE,
PH2 6NF,
PH2 6NG,
PH2 6NH,
PH2 6NJ,
PH2 6NL,
PH2 6NN,
PH2 6NP,
PH2 6NQ,
PH2 6NR,
PH2 6NS,
PH2 6NT,
PH2 6NU,
PH2 6NW,
PH2 6NX,
PH2 6NY,
PH2 6NZ,
PH2 6PA,
PH2 6PB,
PH2 6PD,
PH2 6PE,
PH2 6PF,
PH2 6PG,
PH2 6PH,
PH2 6PJ,
PH2 6PL,
PH2 6PN,
PH2 6PP,
PH2 6PQ,
PH2 6PR,
PH2 6PS,
PH2 6PT,
PH2 6PU,
PH2 6PW,
PH2 6PX,
PH2 6PY,
PH2 6PZ,
PH2 6QA,
PH2 6QB,
PH2 6QD,
PH2 6QE,
PH2 6QF,
PH2 6QG,
PH2 6QH,
PH2 6QJ,
PH2 6QL,
PH2 6QN,
PH2 6QP,
PH2 6QQ,
PH2 6QR,
PH2 6QS,
PH2 6QT,
PH2 6QU,
PH2 6QW,
PH2 6QX,
PH2 6QY,
PH2 6QZ,
PH2 6RA,
PH2 6RB,
PH2 6RD,
PH2 6RE,
PH2 6RF,
PH2 6RG,
PH2 6RH,
PH2 6RJ,
PH2 6RL,
PH2 6RN,
PH2 6RP,
PH2 6RQ,
PH2 6RR,
PH2 6RS,
PH2 6RT,
PH2 6RU,
PH2 6RW,
PH2 6RX,
PH2 6RY,
PH2 6RZ,
PH2 6SA,
PH2 6SB,
PH2 6SD,
PH2 6SE,
PH2 6SF,
PH2 6SG,
PH2 6SH,
PH2 6SJ,
PH2 6SL,
PH2 6SN,
PH2 6SP,
PH2 6SQ,
PH2 6SR,
PH2 6SS,
PH2 6ST,
PH2 6SU,
PH2 6SW,
PH2 6SX,
PH2 6SY,
PH2 6SZ,
PH2 6TA,
PH2 6TB,
PH2 6TD,
PH2 6TE,
PH2 6TF,
PH2 6TG,
PH2 6TH,
PH2 6TJ,
PH2 6TL,
PH2 6TN,
PH2 6TP,
PH2 6TQ,
PH2 6TR,
PH2 6TS,
PH2 6TU,
PH2 6TW,
PH2 6UA,
PH2 6UB,
PH2 6UD,
PH2 6UE,
PH2 6WA,
PH2 6WB,
PH2 6WD,
PH2 6WF,
PH2 6WG,
PH2 6WH,
PH2 6WJ,
PH2 6WL,
PH2 6WX,
PH2 6XA,
PH2 6YA,
PH2 6YB,
PH2 6YD,
PH2 6YE,
PH2 6YF,
PH2 6YG,
PH2 6YH,
PH2 6YJ,
PH2 6YL,
PH2 6YN,
PH2 6YP,
PH2 6YQ,
PH2 6YR,
PH2 6YS,
PH2 6YT,
PH2 6YU,
PH2 6YW,
PH2 6YX,
PH2 6YY,
PH2 6YZ,
PH2 7AA,
PH2 7AB,
PH2 7AD,
PH2 7AE,
PH2 7AF,
PH2 7AG,
PH2 7AH,
PH2 7AJ,
PH2 7AL,
PH2 7AN,
PH2 7AP,
PH2 7AQ,
PH2 7AR,
PH2 7AS,
PH2 7AT,
PH2 7AU,
PH2 7AW,
PH2 7AX,
PH2 7AY,
PH2 7AZ,
PH2 7BA,
PH2 7BB,
PH2 7BD,
PH2 7BE,
PH2 7BF,
PH2 7BG,
PH2 7BH,
PH2 7BJ,
PH2 7BL,
PH2 7BN,
PH2 7BP,
PH2 7BQ,
PH2 7BS,
PH2 7BT,
PH2 7BU,
PH2 7BW,
PH2 7BX,
PH2 7BY,
PH2 7BZ,
PH2 7DA,
PH2 7DB,
PH2 7DD,
PH2 7DE,
PH2 7DF,
PH2 7DG,
PH2 7DH,
PH2 7DJ,
PH2 7DL,
PH2 7DN,
PH2 7DP,
PH2 7DQ,
PH2 7DR,
PH2 7DS,
PH2 7DT,
PH2 7DU,
PH2 7DW,
PH2 7DX,
PH2 7DY,
PH2 7DZ,
PH2 7EA,
PH2 7EB,
PH2 7ED,
PH2 7EE,
PH2 7EF,
PH2 7EG,
PH2 7EH,
PH2 7EJ,
PH2 7EL,
PH2 7EN,
PH2 7EP,
PH2 7EQ,
PH2 7ER,
PH2 7ES,
PH2 7ET,
PH2 7EU,
PH2 7EW,
PH2 7EX,
PH2 7EY,
PH2 7EZ,
PH2 7FA,
PH2 7FB,
PH2 7FD,
PH2 7FE,
PH2 7FF,
PH2 7FG,
PH2 7GA,
PH2 7GB,
PH2 7GD,
PH2 7GZ,
PH2 7HA,
PH2 7HB,
PH2 7HD,
PH2 7HE,
PH2 7HF,
PH2 7HG,
PH2 7HH,
PH2 7HJ,
PH2 7HL,
PH2 7HN,
PH2 7HP,
PH2 7HQ,
PH2 7HR,
PH2 7HS,
PH2 7HT,
PH2 7HU,
PH2 7HW,
PH2 7HX,
PH2 7HY,
PH2 7HZ,
PH2 7JA,
PH2 7JB,
PH2 7JD,
PH2 7JE,
PH2 7JF,
PH2 7JG,
PH2 7JH,
PH2 7JJ,
PH2 7JL,
PH2 7JN,
PH2 7JP,
PH2 7JQ,
PH2 7JR,
PH2 7JS,
PH2 7JT,
PH2 7JU,
PH2 7JW,
PH2 7JX,
PH2 7JY,
PH2 7JZ,
PH2 7LA,
PH2 7LB,
PH2 7LD,
PH2 7LE,
PH2 7LF,
PH2 7LG,
PH2 7LH,
PH2 7LJ,
PH2 7LL,
PH2 7LN,
PH2 7LP,
PH2 7LQ,
PH2 7LR,
PH2 7LS,
PH2 7LT,
PH2 7LU,
PH2 7LW,
PH2 7LX,
PH2 7LY,
PH2 7LZ,
PH2 7NA,
PH2 7NB,
PH2 7ND,
PH2 7NE,
PH2 7NF,
PH2 7NG,
PH2 7NH,
PH2 7NJ,
PH2 7NL,
PH2 7NN,
PH2 7NP,
PH2 7NQ,
PH2 7NR,
PH2 7NS,
PH2 7NT,
PH2 7NU,
PH2 7NW,
PH2 7NX,
PH2 7NY,
PH2 7NZ,
PH2 7PA,
PH2 7PB,
PH2 7PD,
PH2 7PE,
PH2 7PF,
PH2 7PG,
PH2 7PH,
PH2 7PJ,
PH2 7PL,
PH2 7PN,
PH2 7PP,
PH2 7PQ,
PH2 7PR,
PH2 7PS,
PH2 7PT,
PH2 7PU,
PH2 7PW,
PH2 7PX,
PH2 7PY,
PH2 7PZ,
PH2 7QA,
PH2 7QB,
PH2 7QD,
PH2 7QE,
PH2 7QF,
PH2 7QG,
PH2 7QH,
PH2 7QJ,
PH2 7QL,
PH2 7QN,
PH2 7QP,
PH2 7QQ,
PH2 7QR,
PH2 7QS,
PH2 7QT,
PH2 7QU,
PH2 7QW,
PH2 7QX,
PH2 7QY,
PH2 7QZ,
PH2 7RA,
PH2 7RB,
PH2 7RD,
PH2 7RE,
PH2 7RF,
PH2 7RG,
PH2 7RH,
PH2 7RJ,
PH2 7RL,
PH2 7RN,
PH2 7RP,
PH2 7RQ,
PH2 7RR,
PH2 7RS,
PH2 7RT,
PH2 7RU,
PH2 7RW,
PH2 7RX,
PH2 7RY,
PH2 7RZ,
PH2 7SA,
PH2 7SB,
PH2 7SD,
PH2 7SE,
PH2 7SF,
PH2 7SG,
PH2 7SH,
PH2 7SJ,
PH2 7SL,
PH2 7SN,
PH2 7SP,
PH2 7SQ,
PH2 7SR,
PH2 7SS,
PH2 7ST,
PH2 7SU,
PH2 7SW,
PH2 7SX,
PH2 7SY,
PH2 7SZ,
PH2 7TA,
PH2 7TB,
PH2 7TD,
PH2 7TE,
PH2 7TF,
PH2 7TG,
PH2 7TH,
PH2 7TJ,
PH2 7TL,
PH2 7TN,
PH2 7TP,
PH2 7TQ,
PH2 7TR,
PH2 7TS,
PH2 7TT,
PH2 7TU,
PH2 7TW,
PH2 7TX,
PH2 7TY,
PH2 7TZ,
PH2 7UA,
PH2 7UB,
PH2 7UD,
PH2 7UE,
PH2 7UG,
PH2 7UH,
PH2 7UJ,
PH2 7UL,
PH2 7UN,
PH2 7UP,
PH2 7UQ,
PH2 7UR,
PH2 7US,
PH2 7UT,
PH2 7UU,
PH2 7UW,
PH2 7UX,
PH2 7UY,
PH2 7UZ,
PH2 7WA,
PH2 7WD,
PH2 7WE,
PH2 7WF,
PH2 7WW,
PH2 7WX,
PH2 7XA,
PH2 7XB,
PH2 7XD,
PH2 7XE,
PH2 7XZ,
PH2 7YA,
PH2 7YB,
PH2 7YD,
PH2 7YE,
PH2 7YF,
PH2 7YG,
PH2 7YH,
PH2 7YJ,
PH2 7YL,
PH2 7YN,
PH2 7YP,
PH2 7YQ,
PH2 7YR,
PH2 7YS,
PH2 7YT,
PH2 7YU,
PH2 7YW,
PH2 7YX,
PH2 7YY,
PH2 7YZ,
PH2 7ZA,
PH2 7ZZ,
PH2 8AA,
PH2 8AB,
PH2 8AD,
PH2 8AE,
PH2 8AF,
PH2 8AG,
PH2 8AH,
PH2 8AJ,
PH2 8AL,
PH2 8AN,
PH2 8AP,
PH2 8AQ,
PH2 8AR,
PH2 8AS,
PH2 8AT,
PH2 8AU,
PH2 8AW,
PH2 8AX,
PH2 8AY,
PH2 8AZ,
PH2 8BA,
PH2 8BB,
PH2 8BD,
PH2 8BE,
PH2 8BF,
PH2 8BG,
PH2 8BH,
PH2 8BJ,
PH2 8BL,
PH2 8BN,
PH2 8BP,
PH2 8BQ,
PH2 8BS,
PH2 8BT,
PH2 8BU,
PH2 8BW,
PH2 8BX,
PH2 8BY,
PH2 8BZ,
PH2 8DA,
PH2 8DB,
PH2 8DD,
PH2 8DE,
PH2 8DF,
PH2 8DG,
PH2 8DH,
PH2 8DJ,
PH2 8DL,
PH2 8DN,
PH2 8DP,
PH2 8DQ,
PH2 8DR,
PH2 8DS,
PH2 8DT,
PH2 8DU,
PH2 8DW,
PH2 8DX,
PH2 8DY,
PH2 8DZ,
PH2 8EA,
PH2 8EB,
PH2 8ED,
PH2 8EE,
PH2 8EF,
PH2 8EG,
PH2 8EH,
PH2 8EJ,
PH2 8EL,
PH2 8EN,
PH2 8EP,
PH2 8EQ,
PH2 8ER,
PH2 8ES,
PH2 8ET,
PH2 8EU,
PH2 8EW,
PH2 8EX,
PH2 8EY,
PH2 8EZ,
PH2 8FA,
PH2 8FB,
PH2 8HA,
PH2 8HB,
PH2 8HD,
PH2 8HE,
PH2 8HF,
PH2 8HG,
PH2 8HH,
PH2 8HJ,
PH2 8HL,
PH2 8HN,
PH2 8HP,
PH2 8HQ,
PH2 8HR,
PH2 8HS,
PH2 8HT,
PH2 8HU,
PH2 8HW,
PH2 8HX,
PH2 8HY,
PH2 8HZ,
PH2 8JA,
PH2 8JB,
PH2 8JD,
PH2 8JE,
PH2 8JF,
PH2 8JG,
PH2 8JH,
PH2 8JJ,
PH2 8JN,
PH2 8JP,
PH2 8JQ,
PH2 8JR,
PH2 8JS,
PH2 8JT,
PH2 8JU,
PH2 8JW,
PH2 8JX,
PH2 8JY,
PH2 8JZ,
PH2 8LA,
PH2 8LB,
PH2 8LD,
PH2 8LE,
PH2 8LF,
PH2 8LG,
PH2 8LH,
PH2 8LJ,
PH2 8LL,
PH2 8LN,
PH2 8LP,
PH2 8LQ,
PH2 8LR,
PH2 8LS,
PH2 8LT,
PH2 8LU,
PH2 8LW,
PH2 8LX,
PH2 8LY,
PH2 8LZ,
PH2 8NA,
PH2 8NB,
PH2 8ND,
PH2 8NG,
PH2 8NJ,
PH2 8NL,
PH2 8NN,
PH2 8NP,
PH2 8NQ,
PH2 8NR,
PH2 8NS,
PH2 8NT,
PH2 8NU,
PH2 8NW,
PH2 8NY,
PH2 8NZ,
PH2 8PA,
PH2 8PB,
PH2 8PD,
PH2 8PE,
PH2 8PF,
PH2 8PG,
PH2 8PH,
PH2 8PJ,
PH2 8PL,
PH2 8PN,
PH2 8PP,
PH2 8PQ,
PH2 8PR,
PH2 8PS,
PH2 8PT,
PH2 8PU,
PH2 8PW,
PH2 8PX,
PH2 8PY,
PH2 8PZ,
PH2 8QA,
PH2 8QB,
PH2 8QD,
PH2 8QE,
PH2 8QF,
PH2 8QG,
PH2 8QH,
PH2 8QJ,
PH2 8QL,
PH2 8QP,
PH2 8QQ,
PH2 8QR,
PH2 8QT,
PH2 8RA,
PH2 8RT,
PH2 8SA,
PH2 8ST,
PH2 8WA,
PH2 8WB,
PH2 8WD,
PH2 8XX,
PH2 8YA,
PH2 8YB,
PH2 8YD,
PH2 8YE,
PH2 8YF,
PH2 8YG,
PH2 8YH,
PH2 8YJ,
PH2 8YL,
PH2 8YN,
PH2 8YP,
PH2 8YQ,
PH2 8YR,
PH2 8YS,
PH2 8YT,
PH2 8YU,
PH2 8YW,
PH2 8YX,
PH2 8YY,
PH2 8YZ,
PH2 8ZB,
PH2 8ZD,
PH2 8ZE,
PH2 8ZF,
PH2 9AA,
PH2 9AB,
PH2 9AD,
PH2 9AE,
PH2 9AF,
PH2 9AG,
PH2 9AH,
PH2 9AJ,
PH2 9AL,
PH2 9AN,
PH2 9AP,
PH2 9AQ,
PH2 9AR,
PH2 9AS,
PH2 9AT,
PH2 9AU,
PH2 9AW,
PH2 9AX,
PH2 9AY,
PH2 9AZ,
PH2 9BA,
PH2 9BB,
PH2 9BD,
PH2 9BE,
PH2 9BG,
PH2 9BH,
PH2 9BJ,
PH2 9BL,
PH2 9BN,
PH2 9BP,
PH2 9BQ,
PH2 9BS,
PH2 9BT,
PH2 9BU,
PH2 9BW,
PH2 9BX,
PH2 9BY,
PH2 9BZ,
PH2 9DA,
PH2 9DB,
PH2 9DD,
PH2 9DE,
PH2 9DF,
PH2 9DG,
PH2 9DH,
PH2 9DJ,
PH2 9DL,
PH2 9DN,
PH2 9DP,
PH2 9DQ,
PH2 9DR,
PH2 9DS,
PH2 9DT,
PH2 9DU,
PH2 9DW,
PH2 9DX,
PH2 9DY,
PH2 9DZ,
PH2 9EA,
PH2 9EB,
PH2 9ED,
PH2 9EE,
PH2 9EF,
PH2 9EG,
PH2 9EH,
PH2 9EJ,
PH2 9EL,
PH2 9EN,
PH2 9EP,
PH2 9EQ,
PH2 9ER,
PH2 9ES,
PH2 9ET,
PH2 9EU,
PH2 9EW,
PH2 9EX,
PH2 9EY,
PH2 9EZ,
PH2 9FA,
PH2 9FB,
PH2 9FD,
PH2 9FE,
PH2 9FF,
PH2 9FG,
PH2 9FH,
PH2 9FJ,
PH2 9FL,
PH2 9FN,
PH2 9FR,
PH2 9FT,
PH2 9FW,
PH2 9GA,
PH2 9GB,
PH2 9GD,
PH2 9GE,
PH2 9GF,
PH2 9GY,
PH2 9GZ,
PH2 9HA,
PH2 9HB,
PH2 9HD,
PH2 9HE,
PH2 9HF,
PH2 9HG,
PH2 9HH,
PH2 9HJ,
PH2 9HL,
PH2 9HN,
PH2 9HP,
PH2 9HQ,
PH2 9HR,
PH2 9HS,
PH2 9HT,
PH2 9HU,
PH2 9HW,
PH2 9HX,
PH2 9HY,
PH2 9HZ,
PH2 9JA,
PH2 9JB,
PH2 9JD,
PH2 9JE,
PH2 9JF,
PH2 9JG,
PH2 9JH,
PH2 9JJ,
PH2 9JL,
PH2 9JN,
PH2 9JP,
PH2 9JQ,
PH2 9JR,
PH2 9JS,
PH2 9JT,
PH2 9JU,
PH2 9JW,
PH2 9JX,
PH2 9JY,
PH2 9JZ,
PH2 9LA,
PH2 9LB,
PH2 9LD,
PH2 9LE,
PH2 9LF,
PH2 9LG,
PH2 9LH,
PH2 9LJ,
PH2 9LL,
PH2 9LN,
PH2 9LP,
PH2 9LQ,
PH2 9LR,
PH2 9LS,
PH2 9LT,
PH2 9LU,
PH2 9LW,
PH2 9LX,
PH2 9LY,
PH2 9LZ,
PH2 9NA,
PH2 9NB,
PH2 9ND,
PH2 9NE,
PH2 9NF,
PH2 9NG,
PH2 9NH,
PH2 9NJ,
PH2 9NL,
PH2 9NN,
PH2 9NP,
PH2 9NQ,
PH2 9NR,
PH2 9NS,
PH2 9NT,
PH2 9NU,
PH2 9NW,
PH2 9NX,
PH2 9NY,
PH2 9NZ,
PH2 9PA,
PH2 9PB,
PH2 9PD,
PH2 9PE,
PH2 9PF,
PH2 9PG,
PH2 9PH,
PH2 9PJ,
PH2 9PL,
PH2 9PN,
PH2 9PP,
PH2 9PQ,
PH2 9PR,
PH2 9PS,
PH2 9PT,
PH2 9PU,
PH2 9PW,
PH2 9PX,
PH2 9PY,
PH2 9PZ,
PH2 9QA,
PH2 9QB,
PH2 9QD,
PH2 9QE,
PH2 9QF,
PH2 9QG,
PH2 9QH,
PH2 9QJ,
PH2 9QL,
PH2 9QN,
PH2 9QP,
PH2 9QQ,
PH2 9QR,
PH2 9QS,
PH2 9QT,
PH2 9QU,
PH2 9QW,
PH2 9QX,
PH2 9QY,
PH2 9QZ,
PH2 9RA,
PH2 9RB,
PH2 9RD,
PH2 9RE,
PH2 9RF,
PH2 9RG,
PH2 9RH,
PH2 9RJ,
PH2 9RL,
PH2 9RN,
PH2 9RP,
PH2 9RQ,
PH2 9RR,
PH2 9RS,
PH2 9RT,
PH2 9RU,
PH2 9RW,
PH2 9RX,
PH2 9RY,
PH2 9SA,
PH2 9SU,
PH2 9SX,
PH2 9SY,
PH2 9SZ,
PH2 9TA,
PH2 9WA,
PH2 9WB,
PH2 9WD,
PH2 9WE,
PH2 9WF,
PH2 9WG,
PH2 9WH,
PH2 9WJ,
PH2 9WL,
PH2 9WN,
PH2 9WP,
PH2 9WQ,
PH2 9WR,
PH2 9WS,
PH2 9WX,
PH2 9XA,
PH2 9XB,
PH2 9YA,
PH2 9YB,
PH2 9YD,
PH2 9YE,
PH2 9YF,
PH2 9YG,
PH2 9YH,
PH2 9YL,
PH2 9YN,
PH2 9YP,
PH2 9YQ,
PH2 9YR,
PH2 9YS,
PH2 9YT,
PH2 9YU,
PH2 9YX,
PH2 9YY,
PH2 9ZY,
PH201AA,
PH201AB,
PH201AH,
PH201AJ,
PH201AL,
PH201AN,
PH201AP,
PH201AQ,
PH201AR,
PH201AS,
PH201AT,
PH201AU,
PH201AX,
PH201AY,
PH201AZ,
PH201BA,
PH201BB,
PH201BD,
PH201BE,
PH201BG,
PH201BH,
PH201BJ,
PH201BL,
PH201BN,
PH201BP,
PH201BQ,
PH201BS,
PH201BT,
PH201BU,
PH201BW,
PH201BX,
PH201BY,
PH201BZ,
PH201DA,
PH201DB,
PH201DD,
PH201DE,
PH201DF,
PH201DG,
PH201DH,
PH201DJ,
PH201DL,
PH201DN,
PH201DP,
PH201DQ,
PH201DR,
PH201DS,
PH201DT,
PH201DU,
PH201DW,
PH201DX,
PH201DY,
PH201DZ,
PH201EA,
PH201EB,
PH201ED,
PH201EE,
PH201EF,
PH201EG,
PH201EH,
PH201WX,
PH201YA,
PH201YB,
PH211AB,
PH211AD,
PH211DQ,
PH211DX,
PH211EH,
PH211EJ,
PH211EL,
PH211EN,
PH211EP,
PH211ER,
PH211ES,
PH211ET,
PH211EU,
PH211EW,
PH211EX,
PH211EY,
PH211EZ,
PH211HA,
PH211HB,
PH211HD,
PH211HE,
PH211HF,
PH211HG,
PH211HH,
PH211HJ,
PH211HL,
PH211HN,
PH211HP,
PH211HQ,
PH211HR,
PH211HS,
PH211HT,
PH211HU,
PH211HW,
PH211HX,
PH211HY,
PH211HZ,
PH211JA,
PH211JB,
PH211JD,
PH211JE,
PH211JF,
PH211JG,
PH211JH,
PH211JJ,
PH211JL,
PH211JN,
PH211JP,
PH211JQ,
PH211JR,
PH211JS,
PH211JT,
PH211JU,
PH211JW,
PH211JX,
PH211JY,
PH211JZ,
PH211LA,
PH211LB,
PH211LD,
PH211LE,
PH211LF,
PH211LG,
PH211LH,
PH211LJ,
PH211LL,
PH211LN,
PH211LP,
PH211LQ,
PH211LR,
PH211LS,
PH211LT,
PH211LU,
PH211LW,
PH211LX,
PH211LY,
PH211LZ,
PH211NA,
PH211NB,
PH211ND,
PH211NE,
PH211NF,
PH211NG,
PH211NH,
PH211NJ,
PH211NL,
PH211NN,
PH211NP,
PH211NQ,
PH211NR,
PH211NS,
PH211NT,
PH211NU,
PH211NW,
PH211NX,
PH211NY,
PH211NZ,
PH211PA,
PH211PB,
PH211PD,
PH211PE,
PH211PG,
PH211QA,
PH211QB,
PH211QD,
PH211QE,
PH211QF,
PH211QS,
PH211WA,
PH211WE,
PH211WF,
PH211WX,
PH211XT,
PH211YA,
PH211YB,
PH211YD,
PH211ZX,
PH221AA,
PH221AB,
PH221AD,
PH221AF,
PH221LA,
PH221LB,
PH221LD,
PH221LE,
PH221LF,
PH221LG,
PH221LQ,
PH221NX,
PH221NY,
PH221NZ,
PH221PA,
PH221PB,
PH221PD,
PH221PE,
PH221PF,
PH221PG,
PH221PH,
PH221PJ,
PH221PL,
PH221PN,
PH221PP,
PH221PQ,
PH221PR,
PH221PS,
PH221PT,
PH221PU,
PH221PW,
PH221PX,
PH221PY,
PH221PZ,
PH221QA,
PH221QB,
PH221QD,
PH221QE,
PH221QF,
PH221QG,
PH221QH,
PH221QJ,
PH221QL,
PH221QN,
PH221QP,
PH221QQ,
PH221QR,
PH221QS,
PH221QT,
PH221QU,
PH221QW,
PH221QX,
PH221QY,
PH221QZ,
PH221RB,
PH221RD,
PH221RE,
PH221RF,
PH221RG,
PH221RH,
PH221RJ,
PH221RL,
PH221RN,
PH221RP,
PH221RQ,
PH221RR,
PH221RS,
PH221RT,
PH221RU,
PH221RW,
PH221RX,
PH221RY,
PH221RZ,
PH221SA,
PH221SB,
PH221SD,
PH221SE,
PH221SF,
PH221SG,
PH221SH,
PH221SJ,
PH221SL,
PH221SN,
PH221SP,
PH221SQ,
PH221SR,
PH221SS,
PH221ST,
PH221SU,
PH221SW,
PH221SX,
PH221SY,
PH221SZ,
PH221TA,
PH221TB,
PH221TD,
PH221TE,
PH221TF,
PH221TG,
PH221TH,
PH221TJ,
PH221TL,
PH221TN,
PH221TP,
PH221TQ,
PH221TR,
PH221TS,
PH221TT,
PH221TU,
PH221TW,
PH221TX,
PH221TY,
PH221TZ,
PH221UA,
PH221UB,
PH221UD,
PH221UE,
PH221UF,
PH221UG,
PH221UH,
PH221UJ,
PH221UL,
PH221UN,
PH221UP,
PH221UQ,
PH221UR,
PH221US,
PH221UT,
PH221WA,
PH221WB,
PH221WD,
PH221YA,
PH221YB,
PH221YD,
PH221YE,
PH221YF,
PH221YG,
PH221YH,
PH221YL,
PH233AA,
PH233AB,
PH233AD,
PH233AE,
PH233AF,
PH233AG,
PH233AH,
PH233AJ,
PH233AL,
PH233AN,
PH233AP,
PH233AQ,
PH233AR,
PH233AS,
PH233AT,
PH233AU,
PH233AW,
PH233AX,
PH233AY,
PH233AZ,
PH233BA,
PH233BB,
PH233BD,
PH233BE,
PH233BG,
PH233BH,
PH233BX,
PH233DA,
PH233NA,
PH233NB,
PH233ND,
PH233YA,
PH233YB,
PH233YE,
PH243AY,
PH243AZ,
PH243BA,
PH243BB,
PH243BD,
PH243BE,
PH243BF,
PH243BG,
PH243BH,
PH243BJ,
PH243BL,
PH243BN,
PH243BP,
PH243BQ,
PH243BS,
PH243BT,
PH243BU,
PH243BW,
PH243BX,
PH243BY,
PH243BZ,
PH243JA,
PH243WA,
PH243WW,
PH243WX,
PH243YA,
PH243YB,
PH253AB,
PH253DA,
PH253DB,
PH253DD,
PH253DE,
PH253DF,
PH253DG,
PH253DH,
PH253DJ,
PH253DL,
PH253DN,
PH253DP,
PH253DQ,
PH253DR,
PH253DS,
PH253DT,
PH253DU,
PH253DW,
PH253DX,
PH253DY,
PH253DZ,
PH253EA,
PH253EB,
PH253ED,
PH253EE,
PH253EF,
PH253EG,
PH253EH,
PH253EJ,
PH253EL,
PH253EN,
PH253EP,
PH253EQ,
PH253HA,
PH253RA,
PH253YA,
PH253YB,
PH263AD,
PH263AE,
PH263BS,
PH263DA,
PH263DB,
PH263DE,
PH263EA,
PH263EE,
PH263EF,
PH263EG,
PH263EH,
PH263EJ,
PH263EL,
PH263EN,
PH263EP,
PH263EQ,
PH263ER,
PH263ES,
PH263ET,
PH263EU,
PH263EW,
PH263EX,
PH263EY,
PH263EZ,
PH263FD,
PH263GZ,
PH263HA,
PH263HB,
PH263HD,
PH263HE,
PH263HF,
PH263HG,
PH263HH,
PH263HJ,
PH263HL,
PH263HN,
PH263HP,
PH263HQ,
PH263HR,
PH263HS,
PH263HT,
PH263HU,
PH263HW,
PH263HX,
PH263HY,
PH263HZ,
PH263JA,
PH263JB,
PH263JD,
PH263JE,
PH263JF,
PH263JG,
PH263JH,
PH263JJ,
PH263JL,
PH263JN,
PH263JP,
PH263JQ,
PH263JR,
PH263JS,
PH263JT,
PH263JU,
PH263JW,
PH263JX,
PH263JY,
PH263JZ,
PH263LA,
PH263LB,
PH263LD,
PH263LE,
PH263LF,
PH263LG,
PH263LH,
PH263LJ,
PH263LL,
PH263LN,
PH263LP,
PH263LQ,
PH263LR,
PH263LS,
PH263LT,
PH263LU,
PH263LW,
PH263LX,
PH263LY,
PH263LZ,
PH263NA,
PH263NB,
PH263ND,
PH263NE,
PH263NF,
PH263NG,
PH263NH,
PH263NJ,
PH263NL,
PH263NN,
PH263NP,
PH263NQ,
PH263NR,
PH263NS,
PH263NT,
PH263NU,
PH263NW,
PH263NX,
PH263NY,
PH263NZ,
PH263PA,
PH263PB,
PH263PD,
PH263PE,
PH263PF,
PH263PG,
PH263PH,
PH263PJ,
PH263PL,
PH263PN,
PH263PP,
PH263PQ,
PH263PR,
PH263PS,
PH263PT,
PH263PU,
PH263PW,
PH263PX,
PH263PY,
PH374LU,
PH374LX,
PH374YA,
PH384LZ,
PH384NA,
PH384NB,
PH384ND,
PH384NG,
PH384YA,
PH394NA,
PH394NB,
PH394NG,
PH394NH,
PH394NJ,
PH394NL,
PH394NN,
PH394NP,
PH394NR,
PH394NS,
PH394NT,
PH394NU,
PH394NW,
PH394NX,
PH394WW,
PH4 1AA,
PH4 1AB,
PH4 1AD,
PH4 1PR,
PH4 1PS,
PH4 1PT,
PH4 1PU,
PH4 1PW,
PH4 1PX,
PH4 1PY,
PH4 1PZ,
PH4 1QA,
PH4 1QB,
PH4 1QD,
PH4 1QE,
PH4 1QF,
PH4 1QG,
PH4 1QH,
PH4 1QJ,
PH4 1QL,
PH4 1QN,
PH4 1QP,
PH4 1QQ,
PH4 1QR,
PH4 1QS,
PH4 1QT,
PH4 1QU,
PH4 1QW,
PH4 1QX,
PH4 1QY,
PH4 1QZ,
PH4 1RA,
PH4 1RB,
PH4 1RD,
PH4 1RE,
PH4 1RF,
PH4 1RG,
PH4 1RQ,
PH4 1RT,
PH4 1WW,
PH4 1WX,
PH4 1YA,
PH4 1YB,
PH4 1YD,
PH404PA,
PH404PB,
PH404PD,
PH404PE,
PH404PF,
PH404PG,
PH404PH,
PH404PJ,
PH404PL,
PH404PN,
PH412RP,
PH414PH,
PH414PL,
PH414PP,
PH414PS,
PH414PU,
PH414PX,
PH414PY,
PH414PZ,
PH414QA,
PH414QB,
PH414QD,
PH414QE,
PH414QF,
PH414QG,
PH414QH,
PH414QJ,
PH414QL,
PH414QN,
PH414QP,
PH414QQ,
PH414QR,
PH414QS,
PH414QT,
PH414QU,
PH414QW,
PH414QX,
PH414QY,
PH414QZ,
PH414RA,
PH414RB,
PH414RD,
PH414RE,
PH414RF,
PH414RG,
PH414RH,
PH414RJ,
PH414RL,
PH414RN,
PH414RP,
PH414RQ,
PH424RL,
PH424RP,
PH434RR,
PH444RS,
PH494AB,
PH494HJ,
PH494HL,
PH494HN,
PH494HP,
PH494HQ,
PH494HR,
PH494HS,
PH494HT,
PH494HU,
PH494HW,
PH494HX,
PH494HY,
PH494HZ,
PH494JA,
PH494JB,
PH494JD,
PH494JE,
PH494JF,
PH494JG,
PH494JH,
PH494JJ,
PH494JL,
PH494JN,
PH494JP,
PH494JQ,
PH494JR,
PH494JS,
PH494JT,
PH494JU,
PH494JW,
PH494JX,
PH494JY,
PH494JZ,
PH494LA,
PH494LB,
PH494LD,
PH494LE,
PH494LG,
PH494LH,
PH494LQ,
PH494LR,
PH494WB,
PH494WZ,
PH5 2AA,
PH5 2AB,
PH5 2AD,
PH5 2AE,
PH5 2AF,
PH5 2AG,
PH5 2AH,
PH5 2AJ,
PH5 2AL,
PH5 2AN,
PH5 2AP,
PH5 2AQ,
PH5 2AR,
PH5 2AS,
PH5 2AT,
PH5 2AU,
PH5 2AW,
PH5 2AX,
PH5 2AY,
PH5 2AZ,
PH5 2BA,
PH5 2BB,
PH5 2BD,
PH5 2BE,
PH5 2BG,
PH5 2BH,
PH5 2BJ,
PH5 2BL,
PH5 2BN,
PH5 2BP,
PH5 2BS,
PH5 2BT,
PH5 2BU,
PH5 2BW,
PH5 2BX,
PH5 2BY,
PH5 2BZ,
PH5 2DA,
PH5 2DB,
PH5 2DD,
PH5 2DE,
PH5 2DF,
PH5 2DG,
PH5 2YA,
PH5 2YB,
PH5 2YD,
PH504QE,
PH504QF,
PH504QG,
PH504QH,
PH504QJ,
PH504QL,
PH504QN,
PH504QP,
PH504QQ,
PH504QR,
PH504QS,
PH504QT,
PH504QU,
PH504QW,
PH504QX,
PH504QY,
PH504QZ,
PH504RA,
PH504RB,
PH504RD,
PH504RE,
PH504RF,
PH504RG,
PH504RH,
PH504RJ,
PH504RL,
PH504RN,
PH504RP,
PH504RQ,
PH504RR,
PH504RS,
PH504RT,
PH504RU,
PH504RW,
PH504RX,
PH504RY,
PH504RZ,
PH504SA,
PH504SB,
PH504SD,
PH504SE,
PH504SF,
PH504SG,
PH504SH,
PH504SJ,
PH504SQ,
PH6 2AB,
PH6 2BA,
PH6 2BB,
PH6 2DA,
PH6 2DB,
PH6 2DD,
PH6 2DE,
PH6 2DF,
PH6 2DG,
PH6 2DH,
PH6 2DJ,
PH6 2DL,
PH6 2DN,
PH6 2DP,
PH6 2DR,
PH6 2DS,
PH6 2DT,
PH6 2DU,
PH6 2DW,
PH6 2DX,
PH6 2DY,
PH6 2DZ,
PH6 2EA,
PH6 2EB,
PH6 2ED,
PH6 2EE,
PH6 2EF,
PH6 2EG,
PH6 2EH,
PH6 2EJ,
PH6 2EL,
PH6 2EN,
PH6 2EP,
PH6 2EQ,
PH6 2ER,
PH6 2ES,
PH6 2ET,
PH6 2EU,
PH6 2EW,
PH6 2EX,
PH6 2EY,
PH6 2EZ,
PH6 2FB,
PH6 2GA,
PH6 2GB,
PH6 2HA,
PH6 2HB,
PH6 2HD,
PH6 2HE,
PH6 2HF,
PH6 2HG,
PH6 2HH,
PH6 2HJ,
PH6 2HL,
PH6 2HN,
PH6 2HP,
PH6 2HQ,
PH6 2HR,
PH6 2HS,
PH6 2HT,
PH6 2HU,
PH6 2HW,
PH6 2HX,
PH6 2HY,
PH6 2HZ,
PH6 2JA,
PH6 2JB,
PH6 2JD,
PH6 2JE,
PH6 2JF,
PH6 2JG,
PH6 2JH,
PH6 2JJ,
PH6 2JP,
PH6 2JQ,
PH6 2JR,
PH6 2JS,
PH6 2JT,
PH6 2JU,
PH6 2JX,
PH6 2JY,
PH6 2JZ,
PH6 2LA,
PH6 2LB,
PH6 2LD,
PH6 2LE,
PH6 2LF,
PH6 2LJ,
PH6 2LL,
PH6 2LN,
PH6 2LP,
PH6 2LR,
PH6 2LS,
PH6 2LT,
PH6 2LW,
PH6 2LX,
PH6 2LY,
PH6 2LZ,
PH6 2NA,
PH6 2NB,
PH6 2ND,
PH6 2NE,
PH6 2NF,
PH6 2NG,
PH6 2NH,
PH6 2NJ,
PH6 2NL,
PH6 2NN,
PH6 2NQ,
PH6 2NW,
PH6 2PA,
PH6 2PB,
PH6 2PD,
PH6 2PE,
PH6 2PF,
PH6 2PG,
PH6 2PQ,
PH6 2WA,
PH6 2WW,
PH6 2WX,
PH6 2YA,
PH6 2YB,
PH6 2YD,
PH6 2YE,
PH6 2YF,
PH6 2YG,
PH6 2YJ,
PH6 2YL,
PH6 2YN,
PH7 3AA,
PH7 3AB,
PH7 3AD,
PH7 3AE,
PH7 3AF,
PH7 3AG,
PH7 3AH,
PH7 3AJ,
PH7 3AL,
PH7 3AN,
PH7 3AP,
PH7 3AQ,
PH7 3AR,
PH7 3AS,
PH7 3AT,
PH7 3AU,
PH7 3AW,
PH7 3AX,
PH7 3AY,
PH7 3AZ,
PH7 3BA,
PH7 3BB,
PH7 3BD,
PH7 3BE,
PH7 3BF,
PH7 3BG,
PH7 3BH,
PH7 3BJ,
PH7 3BL,
PH7 3BN,
PH7 3BP,
PH7 3BQ,
PH7 3BS,
PH7 3BT,
PH7 3BU,
PH7 3BW,
PH7 3BX,
PH7 3BY,
PH7 3BZ,
PH7 3DA,
PH7 3DB,
PH7 3DD,
PH7 3DE,
PH7 3DF,
PH7 3DG,
PH7 3DH,
PH7 3DJ,
PH7 3DL,
PH7 3DN,
PH7 3DP,
PH7 3DQ,
PH7 3DR,
PH7 3DS,
PH7 3DT,
PH7 3DU,
PH7 3DW,
PH7 3DX,
PH7 3DY,
PH7 3DZ,
PH7 3EA,
PH7 3EB,
PH7 3ED,
PH7 3EE,
PH7 3EF,
PH7 3EG,
PH7 3EH,
PH7 3EJ,
PH7 3EL,
PH7 3EN,
PH7 3EP,
PH7 3EQ,
PH7 3ER,
PH7 3ES,
PH7 3ET,
PH7 3EU,
PH7 3EW,
PH7 3EX,
PH7 3EY,
PH7 3EZ,
PH7 3FB,
PH7 3FD,
PH7 3FF,
PH7 3GZ,
PH7 3HA,
PH7 3HB,
PH7 3HD,
PH7 3HE,
PH7 3HF,
PH7 3HG,
PH7 3HH,
PH7 3HJ,
PH7 3HL,
PH7 3HN,
PH7 3HP,
PH7 3HQ,
PH7 3HR,
PH7 3HS,
PH7 3HT,
PH7 3HU,
PH7 3HW,
PH7 3HX,
PH7 3HY,
PH7 3HZ,
PH7 3JA,
PH7 3JB,
PH7 3JD,
PH7 3JE,
PH7 3JF,
PH7 3JG,
PH7 3JH,
PH7 3JJ,
PH7 3JL,
PH7 3JN,
PH7 3JP,
PH7 3JQ,
PH7 3JR,
PH7 3JS,
PH7 3JT,
PH7 3JU,
PH7 3JW,
PH7 3JX,
PH7 3JY,
PH7 3JZ,
PH7 3LA,
PH7 3LB,
PH7 3LD,
PH7 3LE,
PH7 3LF,
PH7 3LG,
PH7 3LH,
PH7 3LJ,
PH7 3LL,
PH7 3LN,
PH7 3LP,
PH7 3LQ,
PH7 3LR,
PH7 3LS,
PH7 3LT,
PH7 3LU,
PH7 3LW,
PH7 3LX,
PH7 3LY,
PH7 3LZ,
PH7 3NA,
PH7 3NB,
PH7 3ND,
PH7 3NE,
PH7 3NF,
PH7 3NG,
PH7 3NH,
PH7 3NJ,
PH7 3NL,
PH7 3NN,
PH7 3NP,
PH7 3NQ,
PH7 3NR,
PH7 3NS,
PH7 3NT,
PH7 3NU,
PH7 3NW,
PH7 3NX,
PH7 3NY,
PH7 3NZ,
PH7 3PA,
PH7 3PB,
PH7 3PD,
PH7 3PE,
PH7 3PF,
PH7 3PG,
PH7 3PH,
PH7 3PJ,
PH7 3PL,
PH7 3PN,
PH7 3PP,
PH7 3PQ,
PH7 3PR,
PH7 3PS,
PH7 3PT,
PH7 3PW,
PH7 3PZ,
PH7 3QA,
PH7 3QB,
PH7 3QD,
PH7 3QE,
PH7 3QF,
PH7 3QH,
PH7 3QJ,
PH7 3QL,
PH7 3QN,
PH7 3QP,
PH7 3QQ,
PH7 3QR,
PH7 3QS,
PH7 3QT,
PH7 3QU,
PH7 3QW,
PH7 3QX,
PH7 3QY,
PH7 3QZ,
PH7 3RA,
PH7 3RB,
PH7 3RD,
PH7 3RE,
PH7 3RF,
PH7 3RG,
PH7 3RH,
PH7 3RJ,
PH7 3RL,
PH7 3RN,
PH7 3RP,
PH7 3RR,
PH7 3RS,
PH7 3RT,
PH7 3RU,
PH7 3RX,
PH7 3SA,
PH7 3SB,
PH7 3SD,
PH7 3SE,
PH7 3SF,
PH7 3SG,
PH7 3SH,
PH7 3SJ,
PH7 3SL,
PH7 3SN,
PH7 3SP,
PH7 3SQ,
PH7 3SR,
PH7 3SS,
PH7 3ST,
PH7 3SU,
PH7 3SW,
PH7 3SX,
PH7 3TA,
PH7 3WA,
PH7 3WB,
PH7 3WD,
PH7 3WE,
PH7 3WR,
PH7 3WS,
PH7 3WT,
PH7 3WU,
PH7 3WW,
PH7 3WX,
PH7 3YA,
PH7 3YB,
PH7 3YD,
PH7 3YE,
PH7 3YF,
PH7 3YG,
PH7 3YH,
PH7 3YJ,
PH7 3YL,
PH7 3YN,
PH7 3YP,
PH7 3YQ,
PH7 3YS,
PH7 3YT,
PH7 3YU,
PH7 3YW,
PH7 3YX,
PH7 3YZ,
PH7 4AA,
PH7 4AB,
PH7 4AD,
PH7 4AE,
PH7 4AF,
PH7 4AG,
PH7 4AH,
PH7 4AJ,
PH7 4AL,
PH7 4AN,
PH7 4AP,
PH7 4AQ,
PH7 4AR,
PH7 4AS,
PH7 4AT,
PH7 4AU,
PH7 4AW,
PH7 4AX,
PH7 4AY,
PH7 4AZ,
PH7 4BA,
PH7 4BB,
PH7 4BD,
PH7 4BE,
PH7 4BF,
PH7 4BG,
PH7 4BH,
PH7 4BJ,
PH7 4BL,
PH7 4BN,
PH7 4BP,
PH7 4BQ,
PH7 4BS,
PH7 4BT,
PH7 4BU,
PH7 4BW,
PH7 4BX,
PH7 4BY,
PH7 4BZ,
PH7 4DA,
PH7 4DB,
PH7 4DD,
PH7 4DE,
PH7 4DF,
PH7 4DG,
PH7 4DH,
PH7 4DJ,
PH7 4DL,
PH7 4DN,
PH7 4DP,
PH7 4DQ,
PH7 4DR,
PH7 4DS,
PH7 4DT,
PH7 4DU,
PH7 4DW,
PH7 4DX,
PH7 4DY,
PH7 4DZ,
PH7 4EA,
PH7 4EB,
PH7 4ED,
PH7 4EE,
PH7 4EF,
PH7 4EG,
PH7 4EH,
PH7 4EJ,
PH7 4EL,
PH7 4EN,
PH7 4EP,
PH7 4EQ,
PH7 4ER,
PH7 4ES,
PH7 4ET,
PH7 4EU,
PH7 4EW,
PH7 4EX,
PH7 4EY,
PH7 4EZ,
PH7 4FB,
PH7 4FD,
PH7 4FG,
PH7 4HA,
PH7 4HB,
PH7 4HD,
PH7 4HE,
PH7 4HG,
PH7 4HH,
PH7 4HJ,
PH7 4HL,
PH7 4HN,
PH7 4HP,
PH7 4HQ,
PH7 4HR,
PH7 4HS,
PH7 4HT,
PH7 4HU,
PH7 4HW,
PH7 4HX,
PH7 4HY,
PH7 4HZ,
PH7 4JA,
PH7 4JB,
PH7 4JD,
PH7 4JE,
PH7 4JF,
PH7 4JG,
PH7 4JH,
PH7 4JJ,
PH7 4JL,
PH7 4JN,
PH7 4JP,
PH7 4JQ,
PH7 4JR,
PH7 4JS,
PH7 4JT,
PH7 4JU,
PH7 4JW,
PH7 4JX,
PH7 4JY,
PH7 4JZ,
PH7 4LA,
PH7 4LB,
PH7 4LD,
PH7 4LE,
PH7 4LF,
PH7 4LG,
PH7 4LH,
PH7 4LJ,
PH7 4LL,
PH7 4LN,
PH7 4LP,
PH7 4LQ,
PH7 4LR,
PH7 4LS,
PH7 4LT,
PH7 4LU,
PH7 4LW,
PH7 4WA,
PH7 4WW,
PH7 4WX,
PH7 4YA,
PH7 4YB,
PH7 4YD,
PH7 4YE,
PH7 4YF,
PH7 4YL,
PH7 4YN,
PH7 4YP,
PH7 4YQ,
PH7 4YR,
PH7 4YS,
PH7 9AA,
PH7 9AB,
PH7 9AD,
PH7 9AE,
PH7 9AF,
PH7 9AG,
PH7 9AH,
PH7 9AJ,
PH7 9AL,
PH7 9AN,
PH7 9AP,
PH7 9AQ,
PH7 9AR,
PH7 9AS,
PH7 9AT,
PH7 9AU,
PH7 9AW,
PH7 9AX,
PH7 9AY,
PH8 0AA,
PH8 0AB,
PH8 0AD,
PH8 0AE,
PH8 0AF,
PH8 0AG,
PH8 0AH,
PH8 0AJ,
PH8 0AL,
PH8 0AN,
PH8 0AP,
PH8 0AQ,
PH8 0AR,
PH8 0AS,
PH8 0AT,
PH8 0AU,
PH8 0AW,
PH8 0AX,
PH8 0AY,
PH8 0AZ,
PH8 0BA,
PH8 0BB,
PH8 0BD,
PH8 0BE,
PH8 0BF,
PH8 0BG,
PH8 0BH,
PH8 0BJ,
PH8 0BL,
PH8 0BN,
PH8 0BP,
PH8 0BQ,
PH8 0BS,
PH8 0BT,
PH8 0BU,
PH8 0BW,
PH8 0BX,
PH8 0BY,
PH8 0BZ,
PH8 0DA,
PH8 0DB,
PH8 0DD,
PH8 0DE,
PH8 0DF,
PH8 0DH,
PH8 0DJ,
PH8 0DL,
PH8 0DN,
PH8 0DP,
PH8 0DR,
PH8 0DS,
PH8 0DT,
PH8 0DU,
PH8 0DW,
PH8 0DX,
PH8 0DY,
PH8 0DZ,
PH8 0EA,
PH8 0EB,
PH8 0ED,
PH8 0EE,
PH8 0EF,
PH8 0EG,
PH8 0EH,
PH8 0EP,
PH8 0EQ,
PH8 0ER,
PH8 0ES,
PH8 0ET,
PH8 0EU,
PH8 0EX,
PH8 0EY,
PH8 0EZ,
PH8 0HA,
PH8 0HB,
PH8 0HD,
PH8 0HE,
PH8 0HF,
PH8 0HG,
PH8 0HH,
PH8 0HJ,
PH8 0HL,
PH8 0HN,
PH8 0HP,
PH8 0HQ,
PH8 0HU,
PH8 0HW,
PH8 0HX,
PH8 0HY,
PH8 0HZ,
PH8 0JA,
PH8 0JB,
PH8 0JD,
PH8 0JE,
PH8 0JF,
PH8 0JG,
PH8 0JH,
PH8 0JJ,
PH8 0JN,
PH8 0JQ,
PH8 0JR,
PH8 0JS,
PH8 0JT,
PH8 0JU,
PH8 0JW,
PH8 0JX,
PH8 0JY,
PH8 0JZ,
PH8 0LA,
PH8 0LB,
PH8 0QA,
PH8 0QB,
PH8 0QD,
PH8 0RB,
PH8 0RD,
PH8 0RE,
PH8 0RF,
PH8 0RG,
PH8 0RQ,
PH8 0WA,
PH8 0WB,
PH8 0WD,
PH8 0WT,
PH8 0WU,
PH8 0WX,
PH8 0YA,
PH8 0YB,
PH8 0YD,
PH8 0YE,
PH8 0YF,
PH8 0YG,
PH8 0YH,
PH8 0YN,
PH8 0YP,
PH8 0YQ,
PH8 0YR,
PH8 0YZ,
PH9 0LA,
PH9 0LB,
PH9 0LD,
PH9 0LG,
PH9 0LH,
PH9 0LJ,
PH9 0LL,
PH9 0LN,
PH9 0LP,
PH9 0LQ,
PH9 0LR,
PH9 0LU,
PH9 0LW,
PH9 0LX,
PH9 0NA,
PH9 0NB,
PH9 0ND,
PH9 0NE,
PH9 0NF,
PH9 0NG,
PH9 0NH,
PH9 0NJ,
PH9 0NL,
PH9 0NN,
PH9 0NP,
PH9 0NQ,
PH9 0NR,
PH9 0NS,
PH9 0NT,
PH9 0NU,
PH9 0NW,
PH9 0NX,
PH9 0NY,
PH9 0NZ,
PH9 0PA,
PH9 0PB,
PH9 0PG,
PH9 0PH,
PH9 0PJ,
PH9 0PL,
PH9 0PN,
PH9 0PP,
PH263PZ,
PH263QA,
PH263QB,
PH263QD,
PH263QE,
PH263QF,
PH263QG,
PH263QH,
PH263QJ,
PH263QL,
PH263QN,
PH263QQ,
PH263QW,
PH263QZ,
PH263RA,
PH263TA,
PH263WA,
PH263WX,
PH263YB,
PH263YD,
PH263YE,
PH263YF,
PH263YG,
PH263YH,
PH263YJ,
PH263YL,
PH263YN,
PH269AA,
PH269AB,
PH269AD,
PH269AE,
PH269AF,
PH3 1AA,
PH3 1AB,
PH3 1AD,
PH3 1AE,
PH3 1AF,
PH3 1AG,
PH3 1AH,
PH3 1AJ,
PH3 1AL,
PH3 1AN,
PH3 1AP,
PH3 1AQ,
PH3 1AR,
PH3 1AS,
PH3 1AT,
PH3 1AU,
PH3 1AW,
PH3 1AX,
PH3 1AY,
PH3 1AZ,
PH3 1BA,
PH3 1BB,
PH3 1BD,
PH3 1BE,
PH3 1BF,
PH3 1BG,
PH3 1BH,
PH3 1BJ,
PH3 1BL,
PH3 1BN,
PH3 1BP,
PH3 1BQ,
PH3 1BS,
PH3 1BT,
PH3 1BU,
PH3 1BW,
PH3 1BX,
PH3 1BY,
PH3 1BZ,
PH3 1DA,
PH3 1DB,
PH3 1DD,
PH3 1DE,
PH3 1DF,
PH3 1DG,
PH3 1DH,
PH3 1DJ,
PH3 1DL,
PH3 1DN,
PH3 1DP,
PH3 1DQ,
PH3 1DR,
PH3 1DS,
PH3 1DT,
PH3 1DU,
PH3 1DW,
PH3 1DX,
PH3 1DY,
PH3 1DZ,
PH3 1EA,
PH3 1EB,
PH3 1ED,
PH3 1EE,
PH3 1EF,
PH3 1EG,
PH3 1EH,
PH3 1EJ,
PH3 1EL,
PH3 1EN,
PH3 1EP,
PH3 1EQ,
PH3 1ER,
PH3 1ES,
PH3 1ET,
PH3 1EU,
PH3 1EW,
PH3 1EX,
PH3 1EY,
PH3 1EZ,
PH3 1FA,
PH3 1FB,
PH3 1FD,
PH3 1FE,
PH3 1FF,
PH3 1FG,
PH3 1FH,
PH3 1FL,
PH3 1FN,
PH3 1FP,
PH3 1FQ,
PH3 1FR,
PH3 1FS,
PH3 1FT,
PH3 1FU,
PH3 1FW,
PH3 1FX,
PH3 1FY,
PH3 1FZ,
PH3 1GA,
PH3 1GB,
PH3 1GD,
PH3 1GE,
PH3 1GF,
PH3 1GG,
PH3 1GJ,
PH3 1GL,
PH3 1GN,
PH3 1GP,
PH3 1GQ,
PH3 1GR,
PH3 1GS,
PH3 1GT,
PH3 1GX,
PH3 1HA,
PH3 1HB,
PH3 1HD,
PH3 1HE,
PH3 1HF,
PH3 1HG,
PH3 1HH,
PH3 1HJ,
PH3 1HL,
PH3 1HN,
PH3 1HP,
PH3 1HQ,
PH3 1HR,
PH3 1HS,
PH3 1HT,
PH3 1HU,
PH3 1HW,
PH3 1HX,
PH3 1HY,
PH3 1HZ,
PH3 1JA,
PH3 1JB,
PH3 1JD,
PH3 1JE,
PH3 1JF,
PH3 1JG,
PH3 1JH,
PH3 1JJ,
PH3 1JL,
PH3 1JN,
PH3 1JP,
PH3 1JQ,
PH3 1JR,
PH3 1JS,
PH3 1JT,
PH3 1JU,
PH3 1JW,
PH3 1JX,
PH3 1JY,
PH3 1JZ,
PH3 1LA,
PH3 1LB,
PH3 1LD,
PH3 1LE,
PH3 1LG,
PH3 1LH,
PH3 1LJ,
PH3 1LL,
PH3 1LN,
PH3 1LP,
PH3 1LQ,
PH3 1LR,
PH3 1LS,
PH3 1LT,
PH3 1LU,
PH3 1LW,
PH3 1LX,
PH3 1LY,
PH3 1LZ,
PH3 1NA,
PH3 1NB,
PH3 1ND,
PH3 1NE,
PH3 1NF,
PH3 1NG,
PH3 1NH,
PH3 1NJ,
PH3 1NL,
PH3 1NN,
PH3 1NP,
PH3 1NQ,
PH3 1NR,
PH3 1NS,
PH3 1NT,
PH3 1NU,
PH3 1NW,
PH3 1NX,
PH3 1NY,
PH3 1NZ,
PH3 1PA,
PH3 1PB,
PH3 1PD,
PH3 1PE,
PH3 1PF,
PH3 1PG,
PH3 1PH,
PH3 1PJ,
PH3 1PL,
PH3 1PN,
PH3 1PP,
PH3 1PQ,
PH3 1PR,
PH3 1PS,
PH3 1PT,
PH3 1PU,
PH3 1PW,
PH3 1PX,
PH3 1PY,
PH3 1PZ,
PH3 1QA,
PH3 1QB,
PH3 1QD,
PH3 1QE,
PH3 1QF,
PH3 1QG,
PH3 1QH,
PH3 1QJ,
PH3 1QL,
PH3 1QN,
PH3 1QP,
PH3 1QQ,
PH3 1QR,
PH3 1QS,
PH3 1QT,
PH3 1QU,
PH3 1RA,
PH3 1RB,
PH3 1RD,
PH3 1RE,
PH3 1RP,
PH3 1RR,
PH3 1RY,
PH3 1SA,
PH3 1SD,
PH3 1SE,
PH3 1SF,
PH3 1SH,
PH3 1SQ,
PH3 1UZ,
PH3 1WA,
PH3 1WB,
PH3 1WG,
PH3 1WH,
PH3 1WJ,
PH3 1WL,
PH3 1WN,
PH3 1WP,
PH3 1WQ,
PH3 1WR,
PH3 1WS,
PH3 1WT,
PH3 1WU,
PH3 1WX,
PH3 1XA,
PH3 1XY,
PH3 1XZ,
PH3 1YA,
PH3 1YB,
PH3 1YD,
PH3 1YF,
PH3 1YG,
PH3 1YH,
PH3 1YJ,
PH3 1YL,
PH3 1YN,
PH3 1YP,
PH3 1YQ,
PH3 1YR,
PH3 1YS,
PH3 1YT,
PH3 1YU,
PH3 1YW,
PH3 1YX,
PH304AA,
PH314AD,
PH314AE,
PH314AF,
PH314AG,
PH314AH,
PH314AJ,
PH314AN,
PH314AP,
PH314AQ,
PH314AR,
PH314AS,
PH314AW,
PH314WA,
PH314WU,
PH314WW,
PH314WX,
PH314YA,
PH314YB,
PH324AU,
PH324AX,
PH324AY,
PH324AZ,
PH324BA,
PH324BB,
PH324BD,
PH324BE,
PH324BG,
PH324BH,
PH324BJ,
PH324BL,
PH324BN,
PH324BP,
PH324BQ,
PH324BS,
PH324BT,
PH324BU,
PH324BW,
PH324BX,
PH324BY,
PH324BZ,
PH324DA,
PH324DB,
PH324DD,
PH324DE,
PH324DF,
PH324DG,
PH324DH,
PH324DJ,
PH324DL,
PH324DN,
PH324DP,
PH324DQ,
PH324DR,
PH324DS,
PH324DT,
PH324DU,
PH324DW,
PH324DX,
PH324PB,
PH324WA,
PH324YD,
PH336AA,
PH336AB,
PH336AD,
PH336AE,
PH336AF,
PH336AG,
PH336AH,
PH336AJ,
PH336AL,
PH336AN,
PH336AP,
PH336AQ,
PH336AR,
PH336AS,
PH336AT,
PH336AU,
PH336AW,
PH336AX,
PH336AY,
PH336AZ,
PH336BA,
PH336BB,
PH336BD,
PH336BE,
PH336BF,
PH336BG,
PH336BH,
PH336BJ,
PH336BL,
PH336BN,
PH336BP,
PH336BQ,
PH336BS,
PH336BT,
PH336BU,
PH336BW,
PH336BX,
PH336BY,
PH336BZ,
PH336DA,
PH336DB,
PH336DD,
PH336DE,
PH336DF,
PH336DG,
PH336DH,
PH336DJ,
PH336DL,
PH336DN,
PH336DP,
PH336DQ,
PH336DR,
PH336DS,
PH336DT,
PH336DU,
PH336DW,
PH336DX,
PH336DY,
PH336DZ,
PH336EA,
PH336EB,
PH336ED,
PH336EE,
PH336EF,
PH336EG,
PH336EH,
PH336EJ,
PH336EL,
PH336EN,
PH336EP,
PH336EQ,
PH336ER,
PH336ES,
PH336ET,
PH336EU,
PH336EW,
PH336EX,
PH336EY,
PH336EZ,
PH336FB,
PH336FD,
PH336FE,
PH336FF,
PH336FG,
PH336GA,
PH336GB,
PH336GD,
PH336GE,
PH336GX,
PH336GY,
PH336GZ,
PH336HA,
PH336HB,
PH336HD,
PH336HE,
PH336HF,
PH336HG,
PH336HH,
PH336HJ,
PH336HL,
PH336HN,
PH336HP,
PH336HQ,
PH336HR,
PH336HS,
PH336HT,
PH336HU,
PH336HW,
PH336HX,
PH336HY,
PH336HZ,
PH336JA,
PH336JB,
PH336JD,
PH336JE,
PH336JF,
PH336JG,
PH336JH,
PH336JJ,
PH336JL,
PH336JN,
PH336JP,
PH336JQ,
PH336JR,
PH336JS,
PH336JT,
PH336JU,
PH336JW,
PH336JX,
PH336JY,
PH336JZ,
PH336LA,
PH336LB,
PH336LD,
PH336LE,
PH336LF,
PH336LG,
PH336LH,
PH336LJ,
PH336LL,
PH336LN,
PH336LP,
PH336LQ,
PH336LR,
PH336LS,
PH336LT,
PH336LU,
PH336LW,
PH336LX,
PH336LY,
PH336LZ,
PH336NA,
PH336NB,
PH336ND,
PH336NE,
PH336NF,
PH336NG,
PH336NH,
PH336NJ,
PH336NL,
PH336NN,
PH336NP,
PH336NQ,
PH336NR,
PH336NS,
PH336NT,
PH336NU,
PH336NW,
PH336NX,
PH336NY,
PH336NZ,
PH336PD,
PH336PE,
PH336PF,
PH336PG,
PH336PH,
PH336PJ,
PH336PL,
PH336PN,
PH336PP,
PH336PQ,
PH336PR,
PH336PS,
PH336PT,
PH336PU,
PH336PW,
PH336PX,
PH336PY,
PH336PZ,
PH336QA,
PH336QB,
PH336QD,
PH336QE,
PH336QF,
PH336QG,
PH336QH,
PH336QJ,
PH336QL,
PH336QN,
PH336QP,
PH336QQ,
PH336QR,
PH336QS,
PH336QU,
PH336QW,
PH336QX,
PH336QY,
PH336QZ,
PH336RA,
PH336RB,
PH336RD,
PH336RE,
PH336RF,
PH336RG,
PH336RH,
PH336RJ,
PH336RL,
PH336RN,
PH336RP,
PH336RQ,
PH336RR,
PH336RS,
PH336RT,
PH336RU,
PH336RW,
PH336RX,
PH336RY,
PH336RZ,
PH336SA,
PH336SB,
PH336SD,
PH336SE,
PH336SF,
PH336SG,
PH336SH,
PH336SJ,
PH336SL,
PH336SN,
PH336SP,
PH336SQ,
PH336SR,
PH336SS,
PH336ST,
PH336SU,
PH336SW,
PH336SX,
PH336SY,
PH336SZ,
PH336TA,
PH336TB,
PH336TD,
PH336TE,
PH336TF,
PH336TG,
PH336TH,
PH336TJ,
PH336TL,
PH336TN,
PH336TP,
PH336TQ,
PH336TR,
PH336TS,
PH336TT,
PH336TU,
PH336TW,
PH336TX,
PH336TY,
PH336TZ,
PH336UA,
PH336UB,
PH336UD,
PH336UE,
PH336UF,
PH336UG,
PH336UH,
PH336UJ,
PH336UL,
PH336UN,
PH336UP,
PH336UQ,
PH336UR,
PH336UT,
PH336UU,
PH336UW,
PH336UX,
PH336UY,
PH336UZ,
PH336WA,
PH336WB,
PH336WD,
PH336WH,
PH336WJ,
PH336WL,
PH336WN,
PH336WP,
PH336WQ,
PH336WR,
PH336WS,
PH336WT,
PH336WU,
PH336WW,
PH336WX,
PH336XA,
PH336XB,
PH336XD,
PH336XE,
PH336XG,
PH336XL,
PH336XQ,
PH336XS,
PH336XT,
PH336XX,
PH336XY,
PH336XZ,
PH336YA,
PH336YB,
PH336YD,
PH336YE,
PH336YF,
PH336YG,
PH336YH,
PH336YJ,
PH336YL,
PH336YN,
PH336YP,
PH336YQ,
PH336YR,
PH336YS,
PH336YT,
PH336YU,
PH336YW,
PH336YX,
PH336YZ,
PH336ZY,
PH337AA,
PH337AB,
PH337AD,
PH337AE,
PH337AF,
PH337AG,
PH337AH,
PH337AJ,
PH337AL,
PH337AN,
PH337AP,
PH337AQ,
PH337AR,
PH337AS,
PH337AT,
PH337AU,
PH337AW,
PH337AX,
PH337AY,
PH337AZ,
PH337BA,
PH337BB,
PH337BD,
PH337BE,
PH337BF,
PH337BG,
PH337BH,
PH337BJ,
PH337BL,
PH337BN,
PH337BP,
PH337BQ,
PH337BS,
PH337BT,
PH337BU,
PH337BW,
PH337BX,
PH337BY,
PH337BZ,
PH337DA,
PH337DB,
PH337DD,
PH337DE,
PH337DH,
PH337DJ,
PH337DL,
PH337DN,
PH337DP,
PH337DQ,
PH337DR,
PH337DS,
PH337DT,
PH337DU,
PH337DW,
PH337DX,
PH337DY,
PH337DZ,
PH337EA,
PH337EB,
PH337ED,
PH337EE,
PH337EF,
PH337EG,
PH337EL,
PH337EN,
PH337EP,
PH337ER,
PH337ES,
PH337ET,
PH337EU,
PH337EW,
PH337EX,
PH337EY,
PH337EZ,
PH337GA,
PH337HA,
PH337HB,
PH337HD,
PH337HE,
PH337HF,
PH337HG,
PH337HH,
PH337HJ,
PH337HL,
PH337HN,
PH337HP,
PH337HQ,
PH337HR,
PH337HS,
PH337HT,
PH337HU,
PH337HW,
PH337HX,
PH337HY,
PH337HZ,
PH337JA,
PH337JB,
PH337JD,
PH337JE,
PH337JF,
PH337JG,
PH337JH,
PH337JJ,
PH337JL,
PH337JN,
PH337JP,
PH337JQ,
PH337JR,
PH337JS,
PH337JT,
PH337JU,
PH337JW,
PH337JX,
PH337JY,
PH337JZ,
PH337LA,
PH337LB,
PH337LD,
PH337LE,
PH337LF,
PH337LG,
PH337LH,
PH337LJ,
PH337LL,
PH337LN,
PH337LP,
PH337LQ,
PH337LR,
PH337LS,
PH337LT,
PH337LU,
PH337LW,
PH337LX,
PH337LY,
PH337LZ,
PH337NA,
PH337NB,
PH337ND,
PH337NE,
PH337NF,
PH337NG,
PH337NH,
PH337NJ,
PH337NL,
PH337NN,
PH337NP,
PH337NQ,
PH337NR,
PH337NS,
PH337NT,
PH337NU,
PH337NW,
PH337NX,
PH337NY,
PH337NZ,
PH337PA,
PH337PB,
PH337PD,
PH337PE,
PH337PF,
PH337PG,
PH337PH,
PH337PJ,
PH337PL,
PH337PP,
PH337PQ,
PH337PR,
PH337PS,
PH337PT,
PH337PU,
PH337PW,
PH337PX,
PH337PZ,
PH337QA,
PH337QB,
PH337QD,
PH337QE,
PH337QF,
PH337RA,
PH337RB,
PH337RD,
PH337WA,
PH337WT,
PH337WU,
PH337WW,
PH337WX,
PH337YA,
PH337YB,
PH337YD,
PH337YE,
PH337YF,
PH337YG,
PH339AA,
PH339AB,
PH339AD,
PH339AE,
PH339AF,
PH339AG,
PH339AH,
PH339AJ,
PH339AL,
PH339AN,
PH339AP,
PH339AR,
PH339AS,
PH339HQ,
PH344DW,
PH344DX,
PH344DY,
PH344DZ,
PH344EA,
PH344EB,
PH344ED,
PH344EE,
PH344EF,
PH344EG,
PH344EH,
PH344EJ,
PH344EL,
PH344EN,
PH344EP,
PH344EQ,
PH344ER,
PH344ES,
PH344ET,
PH344EU,
PH344EW,
PH344EX,
PH344EY,
PH344EZ,
PH344HA,
PH344WA,
PH344YA,
PH344YB,
PH344YD,
PH344YF,
PH354AA,
PH354HA,
PH354HB,
PH354HD,
PH354HG,
PH354HH,
PH354HJ,
PH354HL,
PH354HN,
PH354HP,
PH354HQ,
PH354HR,
PH354HS,
PH354HT,
PH354HW,
PH354JN,
PH354WU,
PH354WW,
PH354WX,
PH364AA,
PH364AB,
PH364BB,
PH364HX,
PH364HY,
PH364HZ,
PH364JA,
PH364JB,
PH364JD,
PH364JG,
PH364JH,
PH364JJ,
PH364JL,
PH364JN,
PH364JP,
PH364JQ,
PH364JR,
PH364JS,
PH364JU,
PH364JW,
PH364JX,
PH364JY,
PH364JZ,
PH364LA,
PH364LB,
PH364LD,
PH364LE,
PH364LG,
PH364LH,
PH364LJ,
PH364LL,
PH364LN,
PH364LP,
PH364LQ,
PH364LR,
PH364LW,
PH364YB,
PH364YE,
PH364YF,
PH374LS,
PH374LT,
PH9 0PQ,
PH9 0PU,
PH9 0PX,
PH9 0PY,
PH9 0PZ,
PH9 0WX,
PH9 0YA,
PH9 0YB,
PH9 0YD,
PH9 0YE,
PH9 0YF,
PH9 0YH,
