SM1 2WZ,4
SM1 2XA,9
SM1 2XB,9
SM1 2XD,9
SM1 2XE,4
SM1 2XF,8
SM1 2XG,8
SM1 2XH,8
SM1 2XJ,4
SM1 2XN,4
SM1 2XQ,4
SM1 2XS,9
SM1 2XW,4
SM1 2XX,4
SM1 2XY,4
SM1 2XZ,4
SM1 2YA,4
SM1 2YB,4
SM1 2YF,4
SM1 2ZD,4
SM1 2ZE,4
SM1 2ZF,4
SM1 2ZG,9
SM1 2ZH,8
SM1 2ZJ,4
SM1 2ZL,8
SM1 2ZN,4
SM1 2ZP,4
SM1 2ZQ,8
SM1 2ZR,8
SM1 2ZS,4
SM1 2ZT,8
SM1 2ZU,9
SM1 2ZW,8
SM1 2ZY,9
SM1 3AA,7
SM1 3AB,6
SM1 3AD,7
SM1 3AE,7
SM1 3AF,7
SM1 3AG,7
SM1 3AH,7
SM1 3AJ,7
SM1 3AL,7
SM1 3AN,7
SM1 3AP,4
SM1 3AQ,7
SM1 3AR,4
SM1 3AS,8
SM1 3AT,8
SM1 3AU,8
SM1 3AW,8
SM1 3AX,8
SM1 3AY,8
SM1 3AZ,8
SM1 3BA,8
SM1 3BB,9
SM1 3BD,4
SM1 3BE,8
SM1 3BF,7
SM1 3BG,8
SM1 3BH,8
SM1 3BJ,8
SM1 3BL,8
SM1 3BN,5
SM1 3BP,7
SM1 3BQ,8
SM1 3BS,7
SM1 3BT,7
SM1 3BU,7
SM1 3BW,5
SM1 3BX,8
SM1 3BY,7
SM1 3BZ,8
SM1 3DA,7
SM1 3DB,7
SM1 3DD,7
SM1 3DE,7
SM1 3DF,9
SM1 3DG,9
SM1 3DH,7
SM1 3DJ,9
SM1 3DL,9
SM1 3DN,9
SM1 3DP,9
SM1 3DQ,9
SM1 3DR,9
SM1 3DS,9
SM1 3DT,9
SM1 3DU,9
SM1 3DW,9
SM1 3DX,9
SM1 3DY,9
SM1 3DZ,9
SM1 3EA,9
SM1 3EE,6
SM1 3EF,6
SM1 3EG,6
SM1 3EH,8
SM1 3EJ,8
SM1 3EL,8
SM1 3EN,8
SM1 3EP,8
SM1 3EQ,6
SM1 3ER,9
SM1 3ET,8
SM1 3EU,8
SM1 3EW,8
SM1 3EX,8
SM1 3EY,8
SM1 3EZ,8
SM1 3HA,3
SM1 3HB,3
SM1 3HD,3
SM1 3HE,3
SM1 3HF,3
SM1 3HG,3
SM1 3HH,6
SM1 3HJ,6
SM1 3HL,8
SM1 3HN,6
SM1 3HP,6
SM1 3HQ,3
SM1 3HR,6
SM1 3HS,6
SM1 3HT,6
SM1 3HU,6
SM1 3HW,6
SM1 3HX,4
SM1 3HY,6
SM1 3HZ,6
SM1 3JA,6
SM1 3JB,6
SM1 3JD,6
SM1 3JE,6
SM1 3JF,6
SM1 3JG,6
SM1 3JH,6
SM1 3JJ,4
SM1 3JL,3
SM1 3JQ,6
SM1 3JR,6
SM1 3JS,6
SM1 3JT,6
SM1 3JX,8
SM1 3JY,8
SM1 3JZ,8
SM1 3LA,8
SM1 3LB,8
SM1 3LD,8
SM1 3LE,8
SM1 3LF,9
SM1 3LG,8
SM1 3LH,9
SM1 3LJ,9
SM1 3LL,8
SM1 3LP,8
SM1 3LQ,9
SM1 3LR,9
SM1 3LS,8
SM1 3LT,8
SM1 3LU,9
SM1 3LW,9
SM1 3LX,9
SM1 3LY,4
SM1 3LZ,4
SM1 3NA,4
SM1 3NB,4
SM1 3ND,4
SM1 3NE,4
SM1 3NF,4
SM1 3NG,4
SM1 3NH,4
SM1 3NJ,4
SM1 3NL,4
SM1 3NN,4
SM1 3NQ,4
SM1 3NS,9
SM1 3NT,9
SM1 3NU,3
SM1 3NW,4
SM1 3NX,3
SM1 3NY,3
SM1 3NZ,3
SM1 3PA,3
SM1 3PB,3
SM1 3PD,3
SM1 3PE,3
SM1 3PF,8
SM1 3PG,8
SM1 3PH,3
SM1 3PJ,8
SM1 3PL,3
SM1 3PN,8
SM1 3PP,4
SM1 3PQ,3
SM1 3PS,8
SM1 3PT,8
SM1 3PW,8
SM1 3PX,8
SM1 3PY,8
SM1 3PZ,8
SM1 3QB,10
SM1 3QD,10
SM1 3QE,10
SM1 3QF,10
SM1 3QG,10
SM1 3QH,10
SM1 3QJ,10
SM1 3QL,10
SM1 3QN,10
SM1 3QP,5
SM1 3QQ,10
SM1 3QR,10
SM1 3QS,10
SM1 3QT,9
SM1 3QU,9
SM1 3QW,10
SM1 3RA,8
SM1 3RB,8
SM1 3RD,8
SM1 3RE,10
SM1 3RF,10
SM1 3RG,9
SM1 3RJ,7
SM1 3RL,7
SM1 3RN,7
SM1 3RP,7
SM1 3RQ,9
SM1 3RR,7
SM1 3RS,7
SM1 3RT,7
SM1 3RU,7
SM1 3RW,7
SM1 3RX,7
SM1 3RY,7
SM1 3RZ,7
SM1 3SA,9
SM1 3SB,9
SM1 3SD,7
SM1 3SE,7
SM1 3SH,7
SM1 3SJ,7
SM1 3SL,7
SM1 3SN,7
SM1 3SP,7
SM1 3SQ,7
SM1 3SR,7
SM1 3SS,7
SM1 3ST,7
SM1 3SU,7
SM1 3SW,7
SM1 3SX,7
SM1 3SY,4
SM1 3SZ,7
SM1 3TA,9
SM1 3TD,4
SM1 3TE,9
SM1 3TF,9
SM1 3TG,4
SM1 3TH,7
SM1 3TJ,4
SM1 3TL,9
SM1 3TN,4
SM1 3TP,4
SM1 3TQ,8
SM1 3TR,4
SM1 3TS,6
SM1 3TT,6
SM1 3TU,3
SM1 3TW,6
SM1 3TX,3
SM1 3TY,3
SM1 3TZ,3
SM1 3WA,4
SM1 3WB,4
SM1 3WD,4
SM1 3WE,4
SM1 3WF,4
SM1 3WG,4
SM1 3WH,4
SM1 3WL,4
SM1 3WQ,4
SM1 3WT,4
SM1 3WU,4
SM1 3WX,4
SM1 3WY,4
SM1 3WZ,4
SM1 3XQ,4
SM1 3YA,4
SM1 3ZB,4
SM1 3ZF,4
SM1 3ZG,4
SM1 3ZH,9
SM1 3ZJ,9
SM1 3ZL,9
SM1 3ZN,9
SM1 3ZP,9
SM1 3ZQ,4
SM1 3ZR,4
SM1 3ZS,9
SM1 3ZT,4
SM1 3ZU,9
SM1 3ZW,4
SM1 4AA,5
SM1 4AB,5
SM1 4AD,7
SM1 4AE,4
SM1 4AF,4
SM1 4AG,5
SM1 4AH,5
SM1 4AJ,5
SM1 4AL,4
SM1 4AN,5
SM1 4AP,5
SM1 4AQ,5
SM1 4AR,5
SM1 4AS,5
SM1 4AT,5
SM1 4AU,4
SM1 4AW,5
SM1 4AX,5
SM1 4AY,5
SM1 4AZ,4
SM1 4BA,5
SM1 4BB,5
SM1 4BD,4
SM1 4BE,5
SM1 4BF,2
SM1 4BG,5
SM1 4BH,2
SM1 4BJ,5
SM1 4BL,5
SM1 4BN,5
SM1 4BP,5
SM1 4BQ,5
SM1 4BR,2
SM1 4BS,7
SM1 4BT,5
SM1 4BU,7
SM1 4BW,2
SM1 4BX,5
SM1 4BY,5
SM1 4BZ,2
SM1 4DA,5
SM1 4DB,5
SM1 4DD,4
SM1 4DE,2
SM1 4DF,2
SM1 4DG,2
SM1 4DH,7
SM1 4DJ,4
SM1 4DL,7
SM1 4DN,5
SM1 4DP,5
SM1 4DQ,2
SM1 4DR,2
SM1 4DS,4
SM1 4DT,4
SM1 4DU,2
SM1 4DW,5
SM1 4DX,2
SM1 4DY,2
SM1 4DZ,2
SM1 4EA,2
SM1 4EB,5
SM1 4ED,2
SM1 4EE,2
SM1 4EF,2
SM1 4EG,2
SM1 4EH,2
SM1 4EJ,2
SM1 4EL,2
SM1 4EN,4
SM1 4EP,4
SM1 4EQ,2
SM1 4ER,4
SM1 4ES,4
SM1 4ET,5
SM1 4EU,2
SM1 4EW,4
SM1 4EX,2
SM1 4EY,7
SM1 4EZ,2
SM1 4FD,4
SM1 4FE,4
SM1 4FF,5
SM1 4FG,4
SM1 4FL,4
SM1 4FP,7
SM1 4FQ,4
SM1 4FT,4
SM1 4FU,4
SM1 4GA,4
SM1 4GB,4
SM1 4GD,4
SM1 4GE,4
SM1 4GF,4
SM1 4GQ,4
SM1 4HA,7
SM1 4HB,5
SM1 4HD,4
SM1 4HE,4
SM1 4HF,4
SM1 4HG,4
SM1 4HH,4
SM1 4HJ,2
SM1 4HL,2
SM1 4HN,4
SM1 4HP,4
SM1 4HQ,4
SM1 4HR,4
SM1 4HS,4
SM1 4HT,4
SM1 4HU,7
SM1 4HW,4
SM1 4HX,8
SM1 4HY,8
SM1 4HZ,8
SM1 4JA,5
SM1 4JB,7
SM1 4JD,8
SM1 4JE,8
SM1 4JF,8
SM1 4JG,8
SM1 4JH,8
SM1 4JJ,5
SM1 4JL,10
SM1 4JN,10
SM1 4JP,10
SM1 4JQ,4
SM1 4JR,9
SM1 4JS,7
SM1 4JT,9
SM1 4JU,9
SM1 4JW,10
SM1 4JX,9
SM1 4JY,8
SM1 4JZ,8
SM1 4LA,9
SM1 4LB,4
SM1 4LD,4
SM1 4LE,4
SM1 4LF,5
SM1 4LG,7
SM1 4LH,7
SM1 4LJ,7
SM1 4LL,7
SM1 4LN,8
SM1 4LP,8
SM1 4LQ,5
SM1 4LR,8
SM1 4LS,8
SM1 4LT,8
SM1 4LU,8
SM1 4LW,7
SM1 4LX,8
SM1 4LY,8
SM1 4LZ,8
SM1 4NA,7
SM1 4NB,8
SM1 4ND,8
SM1 4NE,8
SM1 4NF,10
SM1 4NG,8
SM1 4NH,7
SM1 4NJ,7
SM1 4NL,7
SM1 4NN,7
SM1 4NP,7
SM1 4NQ,8
SM1 4NR,7
SM1 4NS,7
SM1 4NT,10
SM1 4NU,5
SM1 4NW,7
SM1 4NX,7
SM1 4NY,9
SM1 4NZ,2
SM1 4PA,9
SM1 4PB,9
SM1 4PD,9
SM1 4PE,7
SM1 4PF,9
SM1 4PG,8
SM1 4PH,7
SM1 4PJ,5
SM1 4PL,7
SM1 4PN,7
SM1 4PP,5
SM1 4PQ,9
SM1 4PR,7
SM1 4PS,7
SM1 4PT,7
SM1 4PU,5
SM1 4PW,4
SM1 4PX,4
SM1 4PY,4
SM1 4PZ,4
SM1 4QA,4
SM1 4QB,4
SM1 4QD,4
SM1 4QE,7
SM1 4QF,7
SM1 4QG,7
SM1 4QH,7
SM1 4QJ,7
SM1 4QL,7
SM1 4QN,4
SM1 4QP,7
SM1 4QQ,7
SM1 4QR,7
SM1 4QS,5
SM1 4QT,7
SM1 4QU,5
SM1 4QW,7
SM1 4QX,7
SM1 4QY,4
SM1 4QZ,4
SM1 4RA,4
SM1 4RB,4
SM1 4RD,4
SM1 4RE,4
SM1 4RF,4
SM1 4RG,4
SM1 4RH,5
SM1 4RJ,7
SM1 4RL,5
SM1 4RN,4
SM1 4RP,5
SM1 4RQ,5
SM1 4RR,7
SM1 4RS,7
SM1 4RT,7
SM1 4RU,4
SM1 4RW,7
SM1 4RX,7
SM1 4RY,7
SM1 4RZ,9
SM1 4SA,7
SM1 4SB,8
SM1 4SD,8
SM1 4SE,8
SM1 4SF,8
SM1 4SG,8
SM1 4SH,8
SM1 4SJ,10
SM1 4SL,5
SM1 4SN,4
SM1 4SP,4
SM1 4SQ,8
SM1 4SR,4
SM1 4SS,4
SM1 4ST,5
SM1 4SU,5
SM1 4SW,4
SM1 4SX,4
SM1 4SY,4
SM1 4SZ,4
SM1 4TA,8
SM1 4TB,5
SM1 4TD,5
SM1 4TE,5
SM1 4TF,4
SM1 4TG,8
SM1 4TH,8
SM1 4TJ,8
SM1 4TL,5
SM1 4TN,4
SM1 4TP,7
SM1 4TQ,8
SM1 4TR,4
SM1 4TS,4
SM1 4TT,4
SM1 4TU,4
SM1 4TW,7
SM1 4TX,7
SM1 4TY,4
SM1 4TZ,5
SM1 4UD,7
SM1 4UF,4
SM1 4UH,4
SM1 4UJ,4
SM1 4WA,4
SM1 4WB,4
SM1 4WD,4
SM1 4WE,4
SM1 4WF,4
SM1 4WG,4
SM1 4WH,4
SM1 4WJ,4
SM1 4WL,4
SM1 4WN,4
SM1 4WP,4
SM1 4WQ,4
SM1 4WR,4
SM1 4WS,4
SM1 4WT,4
SM1 4WU,4
SM1 4WW,4
SM1 4WX,4
SM1 4WY,4
SM1 4WZ,4
SM1 4XA,4
SM1 4XB,4
SM1 4XD,4
SM1 4XE,4
SM1 4XF,4
SM1 4XG,7
SM1 4XH,4
SM1 4XJ,4
SM1 4XL,7
SM1 4XN,4
SM1 4XP,7
SM1 4XQ,4
SM1 4XR,4
SM1 4XS,4
SM1 4XT,4
SM1 4XU,4
SM1 4XW,4
SM1 4XX,4
SM1 4XY,4
SM1 4XZ,4
SM1 4YB,4
SM1 4YE,4
SM1 4YF,4
SM1 4YG,7
SM1 4YH,4
SM1 4YJ,7
SM1 4YL,4
SM1 4YN,4
SM1 4YP,7
SM1 4YQ,4
SM1 4YR,7
SM1 4YS,4
SM1 4YT,4
SM1 4YU,7
SM1 4YW,4
SM1 4YZ,4
SM1 4ZA,4
SM1 4ZB,4
SM1 4ZD,4
SM1 4ZE,4
SM1 4ZF,4
SM1 4ZG,4
SM1 4ZH,4
SM1 4ZJ,4
SM1 4ZL,4
SM1 4ZN,4
SM1 4ZP,4
SM1 4ZQ,4
SM1 4ZR,4
SM1 4ZS,4
SM1 4ZT,4
SM1 4ZU,4
SM1 4ZW,4
SM1 4ZX,4
SM1 4ZY,4
SM1 4ZZ,4
SM1 9AA,4
SM1 9AB,4
SM1 9AD,4
SM1 9AE,4
SM1 9AF,4
SM1 9AG,4
SM1 9AH,4
SM1 9AJ,4
SM1 9AL,4
SM1 9AN,4
SM1 9AP,4
SM1 9AQ,4
SM1 9AR,4
SM1 9AS,4
SM1 9AT,4
SM1 9AU,4
SM1 9AW,4
SM1 9AX,4
SM1 9AY,4
SM1 9AZ,4
SM1 9BA,4
SM1 9BB,4
SM1 9BD,4
SM1 9BE,4
SM1 9BF,4
SM1 9BG,4
SM1 9BH,4
SM1 9BJ,4
SM1 9BL,4
SM1 9BN,4
SM1 9BP,4
SM1 9BQ,4
SM1 9BR,4
SM1 9BS,4
SM1 9BT,4
SM1 9BU,4
SM1 9BW,4
SM1 9BX,4
SM1 9BY,4
SM1 9BZ,4
SM1 9DA,4
SM1 9DB,4
SM1 9DE,4
SM1 9DF,4
SM1 9DG,4
SM1 9DH,4
SM1 9DJ,4
SM1 9DL,4
SM1 9DN,4
SM1 9DP,4
SM1 9DQ,4
SM1 9DR,4
SM1 9DS,4
SM1 9DT,4
SM1 9DU,4
SM1 9DW,4
SM1 9DX,4
SM1 9DY,4
SM1 9DZ,4
SM1 9EA,4
SM1 9EB,4
SM1 9ED,4
SM1 9EE,4
SM1 9EF,4
SM1 9EG,4
SM1 9EH,4
SM1 9EJ,4
SM1 9EL,4
SM1 9EN,4
SM1 9EP,4
SM1 9EQ,4
SM1 9ER,4
SM1 9ES,4
SM1 9ET,4
SM1 9EU,4
SM1 9EW,4
SM1 9EX,4
SM1 9EY,4
SM1 9EZ,4
SM1 9FA,4
SM1 9FB,4
SM1 9FD,4
SM1 9FE,4
SM1 9FF,4
SM1 9FG,4
SM1 9FH,4
SM1 9FJ,4
SM1 9FL,4
SM1 9FN,4
SM1 9FP,4
SM1 9FQ,4
SM1 9FR,4
SM1 9FS,4
SM1 9FT,4
SM1 9FU,4
SM1 9FW,4
SM1 9FX,4
SM1 9FY,4
SM1 9FZ,4
SM1 9GA,4
SM1 9GB,4
SM1 9GD,4
SM1 9GE,4
SM1 9GF,4
SM1 9GG,4
SM1 9GH,4
SM1 9GJ,4
SM1 9GL,4
SM1 9GN,4
SM1 9GP,4
SM1 9GQ,4
SM1 9GR,4
SM1 9GS,4
SM1 9GT,4
SM1 9GU,4
SM1 9GW,4
SM1 9GX,4
SM1 9GY,4
SM1 9GZ,4
SM1 9HA,4
SM1 9HB,4
SM1 9HD,4
SM1 9HE,4
SM1 9HF,4
SM1 9HG,4
SM1 9HH,4
SM1 9HJ,4
SM1 9HL,4
SM1 9HN,4
SM1 9HP,4
SM1 9HQ,4
SM1 9HR,4
SM1 9HS,4
SM1 9HT,4
SM1 9HU,4
SM1 9HW,4
SM1 9HX,4
SM1 9HY,4
SM1 9HZ,4
SM1 9JA,4
SM1 9JB,4
SM1 9JD,4
SM1 9JE,4
SM1 9JF,4
SM1 9JH,4
SM1 9JJ,4
SM1 9JL,4
SM1 9JN,4
SM1 9JP,4
SM1 9JQ,4
SM1 9JR,4
SM1 9JS,4
SM1 9JT,4
SM1 9JU,4
SM1 9JW,4
SM1 9JX,4
SM1 9JY,4
SM1 9JZ,4
SM1 9LA,4
SM1 9LB,4
SM1 9LD,4
SM1 9LE,4
SM1 9LF,4
SM1 9LG,4
SM1 9LH,4
SM1 9LJ,4
SM1 9LL,4
SM1 9LN,4
SM1 9LP,4
SM1 9LQ,4
SM1 9LR,4
SM1 9LS,4
SM1 9LT,4
SM1 9LU,4
SM1 9LW,4
SM1 9LX,4
SM1 9LY,4
SM1 9LZ,4
SM1 9NA,4
SM1 9NB,4
SM1 9ND,4
SM1 9NE,4
SM1 9NF,4
SM1 9NG,4
SM1 9NH,4
SM1 9NJ,4
SM1 9NL,4
SM1 9NN,4
SM1 9NP,4
SM1 9NQ,4
SM1 9NR,4
SM1 9NS,4
SM1 9NT,4
SM1 9NU,4
SM1 9NW,4
SM1 9NX,4
SM1 9NY,4
SM1 9NZ,4
SM1 9PA,4
SM1 9PB,4
SM1 9PD,4
SM1 9PE,4
SM1 9PF,4
SM1 9PG,4
SM1 9PH,4
SM1 9PJ,4
SM1 9PL,4
SM1 9PN,4
SM1 9PQ,4
SM1 9PR,4
SM1 9PS,4
SM1 9PT,4
SM1 9PW,4
SM1 9PX,4
SM1 9PY,4
SM1 9PZ,4
SM1 9QA,4
SM1 9QB,4
SM1 9QD,4
SM1 9QE,4
SM1 9QF,4
SM1 9QG,4
SM1 9QH,4
SM1 9QJ,4
SM1 9QL,4
SM1 9QN,4
SM1 9QP,4
SM1 9QQ,4
SM1 9QR,4
SM1 9QS,4
SM1 9QT,4
SM1 9QU,4
SM1 9SA,4
SM1 9SB,4
SM1 9SD,4
SM1 9SE,4
SM1 9SF,4
SM1 9SG,4
SM1 9SH,4
SM1 9SJ,4
SM1 9SL,4
SM1 9SN,4
SM1 9SP,4
SM1 9SQ,4
SM1 9SR,4
SM1 9SS,4
SM1 9ST,4
SM1 9SU,4
SM1 9SW,4
SM1 9SX,4
SM1 9SY,4
SM1 9SZ,4
SM1 9WY,4
SM1 9WZ,4
SM1 9ZZ,4
SM2 5AA,5
SM2 5AB,7
SM2 5AD,5
SM2 5AE,5
SM2 5AF,4
SM2 5AG,4
SM2 5AH,6
SM2 5AJ,4
SM2 5AL,4
SM2 5AN,4
SM2 5AP,5
SM2 5AQ,6
SM2 5AR,4
SM2 5AS,4
SM2 5AT,10
SM2 5AU,10
SM2 5AW,4
SM2 5AX,4
SM2 5AY,4
SM2 5AZ,4
SM2 5BA,10
SM2 5BB,10
SM2 5BD,10
SM2 5BE,10
SM2 5BF,10
SM2 5BG,10
SM2 5BH,10
SM2 5BJ,10
SM2 5BL,5
SM2 5BN,5
SM2 5BP,5
SM2 5BQ,5
SM2 5BS,4
SM2 5BT,5
SM2 5BU,5
SM2 5BW,4
SM2 5BX,5
SM2 5BY,5
SM2 5BZ,10
SM2 5DA,4
SM2 5DB,4
SM2 5DD,4
SM2 5DE,4
SM2 5DF,9
SM2 5DG,4
SM2 5DH,4
SM2 5DJ,6
SM2 5DL,6
SM2 5DN,6
SM2 5DP,6
SM2 5DQ,4
SM2 5DR,6
SM2 5DS,6
SM2 5DT,6
SM2 5DU,6
SM2 5DW,6
SM2 5DX,6
SM2 5DY,6
SM2 5DZ,6
SM2 5EA,6
SM2 5EB,6
SM2 5ED,6
SM2 5EE,6
SM2 5EF,6
SM2 5EG,6
SM2 5EH,4
SM2 5EJ,7
SM2 5EL,6
SM2 5EN,4
SM2 5EP,4
SM2 5EQ,4
SM2 5ER,4
SM2 5ES,4
SM2 5ET,5
SM2 5EU,6
SM2 5EW,6
SM2 5EX,5
SM2 5EY,4
SM2 5EZ,4
SM2 5FA,2
SM2 5FE,4
SM2 5FF,4
SM2 5FG,5
SM2 5FH,6
SM2 5FJ,4
SM2 5FL,4
SM1 1AA,4
SM1 1AB,4
SM1 1AD,4
SM1 1AE,4
SM1 1AF,4
SM1 1AG,4
SM1 1AH,4
SM1 1AJ,4
SM1 1AL,4
SM1 1AN,4
SM1 1AP,6
SM1 1AT,4
SM1 1AW,4
SM1 1AX,4
SM1 1AY,4
SM1 1AZ,4
SM1 1BA,4
SM1 1BB,4
SM1 1BD,7
SM1 1BG,4
SM1 1BH,4
SM1 1BL,4
SM1 1BN,4
SM1 1BQ,4
SM1 1BS,4
SM1 1BT,4
SM1 1BU,7
SM1 1BW,4
SM1 1BX,4
SM1 1BY,4
SM1 1BZ,4
SM1 1DA,4
SM1 1DD,4
SM1 1DE,7
SM1 1DF,4
SM1 1DG,4
SM1 1DH,4
SM1 1DJ,4
SM1 1DL,4
SM1 1DN,4
SM1 1DP,4
SM1 1DQ,4
SM1 1DR,4
SM1 1DS,4
SM1 1DT,4
SM1 1DU,4
SM1 1DW,4
SM1 1DX,4
SM1 1DY,4
SM1 1DZ,4
SM1 1EA,4
SM1 1EB,4
SM1 1ED,4
SM1 1EE,7
SM1 1EF,4
SM1 1EG,4
SM1 1EH,4
SM1 1EL,4
SM1 1EN,4
SM1 1EP,4
SM1 1EQ,4
SM1 1ER,4
SM1 1ES,4
SM1 1ET,4
SM1 1EU,4
SM1 1EW,4
SM1 1EX,4
SM1 1EY,4
SM1 1EZ,4
SM1 1GJ,2
SM1 1HA,7
SM1 1HD,4
SM1 1HE,4
SM1 1HF,4
SM1 1HH,4
SM1 1HJ,4
SM1 1HL,4
SM1 1HN,4
SM1 1HP,4
SM1 1HQ,4
SM1 1HR,4
SM1 1HS,4
SM1 1HT,4
SM1 1HU,7
SM1 1HW,4
SM1 1HX,4
SM1 1HY,4
SM1 1HZ,4
SM1 1JA,7
SM1 1JB,4
SM1 1JD,4
SM1 1JE,4
SM1 1JF,4
SM1 1JG,4
SM1 1JH,4
SM1 1JJ,4
SM1 1JN,4
SM1 1JP,4
SM1 1JQ,4
SM1 1JR,4
SM1 1JS,4
SM1 1JT,4
SM1 1JU,4
SM1 1JX,4
SM1 1JY,4
SM1 1JZ,4
SM1 1LA,4
SM1 1LB,4
SM1 1LD,4
SM1 1LE,4
SM1 1LF,4
SM1 1LG,4
SM1 1LH,4
SM1 1LJ,4
SM1 1LL,4
SM1 1LN,4
SM1 1LP,4
SM1 1LQ,4
SM1 1LT,4
SM1 1LU,4
SM1 1LW,6
SM1 1LX,4
SM1 1LY,4
SM1 1LZ,4
SM1 1NA,4
SM1 1NB,4
SM1 1ND,4
SM1 1NF,4
SM1 1NG,4
SM1 1NH,4
SM1 1NJ,4
SM1 1NL,5
SM1 1NN,5
SM1 1NP,5
SM1 1NQ,4
SM1 1NR,4
SM1 1NS,4
SM1 1NT,4
SM1 1NU,4
SM1 1NW,4
SM1 1NX,4
SM1 1NY,4
SM1 1NZ,4
SM1 1PA,4
SM1 1PB,4
SM1 1PD,4
SM1 1PG,2
SM1 1PH,4
SM1 1PJ,2
SM1 1PL,2
SM1 1PN,4
SM1 1PQ,2
SM1 1PR,2
SM1 1PS,4
SM1 1PT,4
SM1 1PU,6
SM1 1PW,4
SM1 1PX,6
SM1 1PY,6
SM1 1PZ,6
SM1 1QA,6
SM1 1QB,6
SM1 1QD,6
SM1 1QE,6
SM1 1QF,6
SM1 1QH,4
SM1 1QJ,4
SM1 1QL,6
SM1 1QN,6
SM1 1QP,6
SM1 1QR,6
SM1 1QS,6
SM1 1QT,6
SM1 1QU,6
SM1 1QW,6
SM1 1QX,6
SM1 1QY,6
SM1 1QZ,6
SM1 1RB,6
SM1 1RD,6
SM1 1RE,6
SM1 1RF,4
SM1 1RG,4
SM1 1RH,4
SM1 1RJ,4
SM1 1RL,4
SM1 1RN,4
SM1 1RP,4
SM1 1RQ,4
SM1 1RR,4
SM1 1RS,4
SM1 1RT,8
SM1 1RU,4
SM1 1RW,8
SM1 1RX,4
SM1 1RY,4
SM1 1RZ,4
SM1 1SA,4
SM1 1SB,4
SM1 1SD,4
SM1 1SE,4
SM1 1SF,7
SM1 1SG,4
SM1 1SH,4
SM1 1SJ,7
SM1 1SL,4
SM1 1SN,4
SM1 1SP,4
SM1 1SQ,7
SM1 1SR,4
SM1 1SS,4
SM1 1ST,4
SM1 1SW,7
SM1 1TA,4
SM1 1TB,4
SM1 1TD,4
SM1 1TE,4
SM1 1TF,9
SM1 1TG,9
SM1 1TH,4
SM1 1TJ,8
SM1 1TL,8
SM1 1TN,4
SM1 1TP,9
SM1 1TQ,7
SM1 1TR,10
SM1 1TS,7
SM1 1TT,8
SM1 1TU,8
SM1 1TZ,8
SM1 1UA,4
SM1 1UB,4
SM1 1UE,4
SM1 1UH,4
SM1 1UL,4
SM1 1UN,4
SM1 1WA,4
SM1 1WB,4
SM1 1WD,4
SM1 1WE,4
SM1 1WF,4
SM1 1WG,4
SM1 1WH,4
SM1 1WJ,4
SM1 1WL,4
SM1 1WN,4
SM1 1WP,4
SM1 1WQ,4
SM1 1WR,4
SM1 1WS,4
SM1 1WT,4
SM1 1WU,4
SM1 1WW,4
SM1 1WX,4
SM1 1WY,8
SM1 1WZ,4
SM1 1XA,4
SM1 1XB,4
SM1 1XD,4
SM1 1XE,4
SM1 1XF,4
SM1 1XG,4
SM1 1YA,4
SM1 1YH,4
SM1 1ZB,4
SM1 1ZD,4
SM1 1ZE,8
SM1 1ZF,4
SM1 1ZG,4
SM1 1ZH,4
SM1 1ZN,4
SM1 1ZW,4
SM1 1ZX,4
SM1 2AA,4
SM1 2AB,7
SM1 2AD,7
SM1 2AE,4
SM1 2AF,7
SM1 2AG,7
SM1 2AH,7
SM1 2AJ,7
SM1 2AL,7
SM1 2AN,7
SM1 2AP,8
SM1 2AQ,7
SM1 2AR,9
SM1 2AS,4
SM1 2AT,7
SM1 2AU,7
SM1 2AW,7
SM1 2AX,7
SM1 2AY,7
SM1 2AZ,7
SM1 2BA,7
SM1 2BB,7
SM1 2BD,7
SM1 2BE,8
SM1 2BF,4
SM1 2BG,8
SM1 2BH,8
SM1 2BJ,8
SM1 2BL,8
SM1 2BN,8
SM1 2BP,10
SM1 2BQ,8
SM1 2BS,10
SM1 2BT,10
SM1 2BU,10
SM1 2BW,10
SM1 2BX,10
SM1 2BY,9
SM1 2BZ,4
SM1 2DA,7
SM1 2DB,8
SM1 2DD,8
SM1 2DE,8
SM1 2DF,8
SM1 2DG,8
SM1 2DH,10
SM1 2DJ,10
SM1 2DL,10
SM1 2DN,10
SM1 2DP,8
SM1 2DQ,10
SM1 2DR,10
SM1 2DS,9
SM1 2DT,7
SM1 2DW,10
SM1 2DX,8
SM1 2DY,7
SM1 2DZ,7
SM1 2EA,7
SM1 2EB,10
SM1 2ED,10
SM1 2EE,10
SM1 2EF,10
SM1 2EG,8
SM1 2EH,8
SM1 2EJ,9
SM1 2EL,8
SM1 2EN,9
SM1 2EP,9
SM1 2EQ,7
SM1 2ER,10
SM1 2ES,8
SM1 2EU,8
SM1 2EW,9
SM1 2EY,7
SM1 2EZ,7
SM1 2FE,4
SM1 2GA,4
SM1 2GB,4
SM1 2GD,4
SM1 2GT,8
SM1 2HB,7
SM1 2HD,7
SM1 2HE,7
SM1 2HG,7
SM1 2HH,7
SM1 2HJ,7
SM1 2HL,7
SM1 2HP,8
SM1 2HR,7
SM1 2HS,8
SM1 2HT,9
SM1 2HU,9
SM1 2HX,9
SM1 2HY,9
SM1 2HZ,9
SM1 2JA,9
SM1 2JB,9
SM1 2JD,7
SM1 2JE,7
SM1 2JF,7
SM1 2JG,7
SM1 2JH,7
SM1 2JJ,7
SM1 2JL,7
SM1 2JN,7
SM1 2JP,9
SM1 2JQ,7
SM1 2JR,7
SM1 2JS,7
SM1 2JT,4
SM1 2JU,7
SM1 2JW,7
SM1 2JX,7
SM1 2JY,7
SM1 2JZ,7
SM1 2LA,7
SM1 2LB,7
SM1 2LD,7
SM1 2LE,9
SM1 2LF,9
SM1 2LG,9
SM1 2LH,9
SM1 2LJ,9
SM1 2LL,9
SM1 2LN,9
SM1 2LP,9
SM1 2LQ,9
SM1 2LR,9
SM1 2LS,7
SM1 2LT,7
SM1 2LU,4
SM1 2LW,9
SM1 2LX,4
SM1 2LY,4
SM1 2LZ,7
SM1 2NA,7
SM1 2NB,7
SM1 2ND,6
SM1 2NE,6
SM1 2NF,9
SM1 2NG,6
SM1 2NH,6
SM1 2NJ,6
SM1 2NL,6
SM1 2NN,6
SM1 2NP,4
SM1 2NR,4
SM1 2NS,4
SM1 2NT,4
SM1 2NU,4
SM1 2NW,4
SM1 2NX,4
SM1 2NZ,4
SM1 2PA,4
SM1 2PF,6
SM1 2PG,6
SM1 2PH,6
SM1 2PJ,6
SM1 2PL,6
SM1 2PN,6
SM1 2PP,6
SM1 2PQ,6
SM1 2PR,4
SM1 2PS,4
SM1 2PT,4
SM1 2PU,6
SM1 2PW,6
SM1 2PX,6
SM1 2PY,8
SM1 2PZ,8
SM1 2QA,8
SM1 2QB,4
SM1 2QD,8
SM1 2QE,4
SM1 2QF,8
SM1 2QG,8
SM1 2QH,4
SM1 2QJ,8
SM1 2QL,8
SM1 2QN,4
SM1 2QP,4
SM1 2QQ,8
SM1 2QR,4
SM1 2QS,4
SM1 2QT,4
SM1 2QU,4
SM1 2QW,4
SM1 2QX,4
SM1 2QY,4
SM1 2QZ,4
SM1 2RA,4
SM1 2RB,4
SM1 2RD,8
SM1 2RE,7
SM1 2RF,7
SM1 2RG,7
SM1 2RH,4
SM1 2RJ,7
SM1 2RL,7
SM1 2RN,7
SM1 2RP,8
SM1 2RQ,7
SM1 2RR,8
SM1 2RS,8
SM1 2RT,8
SM1 2RU,8
SM1 2RW,8
SM1 2RX,8
SM1 2RY,8
SM1 2RZ,4
SM1 2SA,4
SM1 2SB,7
SM1 2SD,8
SM1 2SE,8
SM1 2SF,7
SM1 2SG,7
SM1 2SH,7
SM1 2SJ,7
SM1 2SL,7
SM1 2SN,7
SM1 2SP,7
SM1 2SQ,7
SM1 2SR,7
SM1 2SS,7
SM1 2ST,8
SM1 2SU,7
SM1 2SW,7
SM1 2SX,7
SM1 2SY,8
SM1 2SZ,8
SM1 2TA,8
SM1 2TB,8
SM1 2TD,8
SM1 2TE,8
SM1 2TF,7
SM1 2TG,8
SM1 2TH,8
SM1 2TJ,8
SM1 2TL,7
SM1 2TN,8
SM1 2TP,7
SM1 2TQ,8
SM1 2TR,8
SM1 2TS,8
SM1 2TT,8
SM1 2TU,8
SM1 2TW,8
SM1 2TX,9
SM1 2TY,8
SM1 2TZ,8
SM1 2UA,7
SM1 2UB,8
SM1 2UD,9
SM1 2UE,9
SM1 2UF,9
SM1 2UG,4
SM1 2UH,4
SM1 2UJ,9
SM1 2UL,8
SM1 2UN,7
SM1 2UP,8
SM1 2UQ,4
SM1 2UR,8
SM1 2US,8
SM1 2UT,4
SM1 2UU,9
SM1 2UW,4
SM1 2UX,4
SM1 2UY,8
SM1 2UZ,8
SM1 2WA,4
SM1 2WB,4
SM1 2WD,4
SM1 2WE,4
SM1 2WF,4
SM1 2WG,4
SM1 2WH,4
SM1 2WJ,4
SM1 2WL,4
SM1 2WN,4
SM1 2WP,4
SM1 2WQ,4
SM1 2WR,4
SM1 2WS,4
SM1 2WT,4
SM1 2WU,4
SM1 2WW,4
SM1 2WX,4
SM1 2WY,4
SM3 9AL,8
SM3 9AN,8
SM3 9AP,9
SM3 9AQ,8
SM3 9AR,9
SM3 9AS,8
SM3 9AT,8
SM3 9AU,7
SM3 9AW,9
SM3 9AX,8
SM3 9AY,8
SM3 9AZ,8
SM3 9BA,8
SM3 9BB,8
SM3 9BD,8
SM3 9BE,9
SM3 9BF,8
SM3 9BG,9
SM3 9BH,8
SM3 9BJ,8
SM3 9BL,9
SM3 9BN,8
SM3 9BQ,9
SM3 9BS,8
SM3 9BT,8
SM3 9BU,8
SM3 9BW,9
SM3 9BX,8
SM3 9BY,8
SM3 9BZ,8
SM3 9DA,7
SM3 9DB,8
SM3 9DD,9
SM3 9DE,9
SM3 9DF,9
SM3 9DG,9
SM3 9DL,10
SM3 9DP,9
SM3 9DQ,4
SM3 9DR,8
SM3 9DS,8
SM3 9DT,9
SM3 9DW,8
SM3 9DX,10
SM3 9EA,9
SM3 9EB,9
SM3 9ED,8
SM3 9EF,7
SM3 9EG,7
SM3 9EL,7
SM3 9EN,7
SM3 9EQ,7
SM3 9ES,7
SM3 9EU,7
SM3 9EX,7
SM3 9EY,7
SM3 9HA,7
SM3 9HB,7
SM3 9HD,7
SM3 9HE,7
SM3 9HF,7
SM3 9HG,8
SM3 9HH,7
SM3 9HJ,7
SM3 9HL,7
SM3 9HN,7
SM3 9HP,7
SM3 9HQ,8
SM3 9HR,7
SM3 9HS,7
SM3 9HT,7
SM3 9HU,8
SM3 9HW,7
SM3 9HX,8
SM3 9HY,8
SM3 9HZ,8
SM3 9JA,8
SM3 9JB,7
SM3 9JD,7
SM3 9JE,7
SM3 9JF,7
SM3 9JH,7
SM3 9JJ,7
SM3 9JL,7
SM3 9JN,7
SM3 9JP,8
SM3 9JR,9
SM3 9JS,9
SM3 9JT,7
SM3 9JU,8
SM3 9JW,8
SM3 9JX,9
SM3 9JY,9
SM3 9JZ,9
SM3 9LA,9
SM3 9LB,9
SM3 9LD,9
SM3 9LE,7
SM3 9LF,8
SM3 9LJ,8
SM3 9LL,7
SM3 9LN,9
SM3 9LS,9
SM3 9LT,8
SM3 9LW,7
SM3 9LY,7
SM3 9LZ,9
SM3 9NA,9
SM3 9NB,7
SM3 9ND,7
SM3 9NE,9
SM3 9NG,7
SM3 9NH,8
SM3 9NJ,8
SM3 9NL,7
SM3 9NN,7
SM3 9NQ,8
SM3 9NS,8
SM3 9NT,8
SM3 9NU,8
SM3 9NX,8
SM3 9PA,8
SM3 9PB,8
SM3 9PD,9
SM3 9PE,7
SM3 9PF,7
SM3 9PG,8
SM3 9PH,8
SM3 9PJ,8
SM3 9PL,8
SM3 9PN,4
SM3 9PP,7
SM3 9PQ,8
SM3 9PR,7
SM3 9PS,7
SM3 9PT,7
SM3 9PU,7
SM3 9PW,7
SM3 9PX,7
SM3 9PY,7
SM3 9PZ,7
SM3 9QA,7
SM3 9QB,7
SM3 9QD,7
SM3 9QE,9
SM3 9QF,7
SM3 9QG,7
SM3 9QH,7
SM3 9QJ,7
SM3 9QL,7
SM3 9QN,7
SM3 9QP,7
SM3 9QQ,7
SM3 9QR,7
SM3 9QS,7
SM3 9QT,7
SM3 9QU,7
SM3 9QW,7
SM3 9QX,9
SM3 9QY,8
SM3 9QZ,8
SM3 9RA,8
SM3 9RB,7
SM3 9RD,7
SM3 9RE,8
SM3 9RF,8
SM3 9RG,8
SM3 9RH,9
SM3 9RJ,7
SM3 9RL,7
SM3 9RN,7
SM3 9RP,7
SM3 9RQ,8
SM3 9RR,9
SM3 9RS,7
SM3 9RT,9
SM3 9RU,9
SM3 9RW,7
SM3 9RX,9
SM3 9RY,9
SM3 9RZ,9
SM3 9SA,9
SM3 9SB,9
SM3 9SD,9
SM3 9SE,9
SM3 9SF,9
SM3 9SG,8
SM3 9SH,9
SM3 9SJ,9
SM3 9SL,9
SM3 9SN,9
SM3 9SP,9
SM3 9SQ,8
SM3 9SR,9
SM3 9SS,9
SM3 9ST,9
SM3 9SU,9
SM3 9SW,9
SM3 9SX,9
SM3 9SY,9
SM3 9SZ,9
SM3 9TA,9
SM3 9TB,9
SM3 9TD,9
SM3 9TE,7
SM3 9TF,8
SM3 9TG,9
SM3 9TH,8
SM3 9TJ,8
SM3 9TL,8
SM3 9TN,9
SM3 9TP,8
SM3 9TQ,9
SM3 9TR,8
SM3 9TS,8
SM3 9TT,9
SM3 9TU,9
SM3 9TW,7
SM3 9TX,9
SM3 9TZ,8
SM3 9UA,9
SM3 9UB,9
SM3 9UD,8
SM3 9UE,9
SM3 9UF,9
SM3 9UG,8
SM3 9UH,9
SM3 9UJ,8
SM3 9UL,8
SM3 9UN,9
SM3 9UP,9
SM3 9UR,9
SM3 9UT,9
SM3 9UU,9
SM3 9UW,9
SM3 9UX,9
SM3 9UY,4
SM3 9UZ,9
SM3 9WA,4
SM3 9WB,4
SM3 9WD,4
SM3 9WE,4
SM3 9WF,4
SM3 9WG,9
SM3 9WH,9
SM3 9WJ,8
SM3 9WL,4
SM3 9WN,4
SM3 9WP,9
SM3 9WQ,9
SM3 9WR,4
SM3 9WS,7
SM3 9WT,4
SM3 9WU,9
SM3 9WW,4
SM3 9WX,8
SM3 9WY,7
SM3 9WZ,9
SM3 9XA,4
SM3 9XB,4
SM3 9XD,4
SM3 9XE,4
SM3 9XY,4
SM3 9XZ,4
SM3 9YA,4
SM3 9YQ,4
SM3 9YT,4
SM3 9ZN,9
SM3 9ZP,4
SM3 9ZQ,4
SM3 9ZR,9
SM3 9ZS,4
SM3 9ZT,4
SM3 9ZU,9
SM3 9ZW,4
SM3 9ZX,4
SM4 4AB,7
SM4 4AD,10
SM4 4AE,9
SM4 4AF,9
SM4 4AG,8
SM4 4AH,8
SM4 4AJ,8
SM4 4AL,6
SM4 4AN,8
SM4 4AP,7
SM4 4AQ,6
SM4 4AR,8
SM4 4AS,7
SM4 4AT,9
SM4 4AU,7
SM4 4AW,8
SM4 4AX,7
SM4 4AY,9
SM4 4AZ,9
SM4 4BA,8
SM4 4BB,9
SM4 4BE,9
SM4 4BH,10
SM4 4BN,10
SM4 4BP,9
SM4 4BQ,10
SM4 4BS,9
SM4 4BT,9
SM4 4BU,9
SM4 4BW,9
SM4 4BX,10
SM4 4BY,10
SM4 4BZ,8
SM4 4DA,8
SM4 4DB,9
SM4 4DD,9
SM4 4DE,6
SM4 4DF,9
SM4 4DG,9
SM4 4DH,9
SM4 4DJ,10
SM4 4DL,10
SM4 4DN,9
SM4 4DP,9
SM4 4DQ,9
SM4 4DR,9
SM4 4DS,9
SM4 4DT,6
SM4 4DW,9
SM4 4DX,9
SM4 4EA,9
SM4 4EB,9
SM4 4ED,9
SM4 4EE,9
SM4 4EF,9
SM4 4EG,9
SM4 4EL,10
SM4 4EN,10
SM4 4EP,10
SM4 4EQ,9
SM4 4ER,9
SM4 4ES,9
SM4 4ET,9
SM4 4EU,10
SM4 4EW,10
SM4 4EX,8
SM4 4EY,6
SM4 4FZ,6
SM4 4GA,6
SM4 4HA,9
SM4 4HB,9
SM4 4HD,9
SM4 4HE,10
SM4 4HF,10
SM4 4HG,10
SM4 4HH,10
SM4 4HJ,10
SM4 4HL,10
SM4 4HQ,9
SM4 4HR,10
SM4 4HS,9
SM4 4HU,9
SM4 4HW,10
SM4 4HX,9
SM4 4HZ,9
SM4 4JA,6
SM4 4JB,10
SM4 4JD,10
SM4 4JE,10
SM4 4JF,10
SM4 4JG,10
SM4 4JJ,8
SM4 4JL,8
SM4 4JN,8
SM4 4JP,8
SM4 4JQ,10
SM4 4JR,8
SM4 4JS,8
SM4 4JW,8
SM4 4JX,8
SM4 4JY,8
SM4 4JZ,8
SM4 4LA,8
SM4 4LB,8
SM4 4LD,8
SM4 4LE,8
SM4 4LF,8
SM4 4LG,8
SM4 4LH,8
SM4 4LJ,10
SM4 4LL,7
SM4 4LN,7
SM4 4LP,7
SM4 4LQ,7
SM4 4LR,8
SM4 4LS,8
SM4 4LT,8
SM4 4LU,7
SM4 4LW,10
SM4 4LX,8
SM4 4LY,10
SM4 4LZ,7
SM4 4NA,7
SM4 4NB,7
SM4 4ND,6
SM4 4NE,7
SM4 4NF,7
SM4 4NG,6
SM4 4NH,7
SM4 4NJ,7
SM4 4NL,7
SM4 4NN,7
SM4 4NP,7
SM4 4NQ,7
SM4 4NR,7
SM4 4NS,7
SM4 4NT,7
SM4 4NU,7
SM4 4NW,7
SM4 4NX,7
SM4 4NY,7
SM4 4PA,7
SM4 4PD,8
SM4 4PE,8
SM4 4PF,8
SM4 4PG,8
SM4 4PH,8
SM4 4PJ,9
SM4 4PL,8
SM4 4PN,8
SM4 4PQ,8
SM4 4PS,8
SM4 4PT,8
SM4 4PU,9
SM4 4PX,7
SM4 4PY,7
SM4 4PZ,7
SM4 4QA,9
SM4 4QB,9
SM4 4QD,8
SM4 4QF,8
SM4 4QG,8
SM4 4QL,6
SM4 4QN,8
SM4 4QP,9
SM4 4QQ,8
SM4 4QU,9
SM4 4QW,9
SM4 4QX,9
SM4 4QY,9
SM4 4QZ,9
SM4 4RA,9
SM4 4RB,7
SM4 4RD,9
SM4 4RF,9
SM4 4RH,8
SM4 4RJ,8
SM4 4RN,9
SM4 4RP,8
SM4 4RQ,8
SM4 4RR,8
SM4 4RS,8
SM4 4RT,7
SM4 4RU,7
SM4 4RW,9
SM4 4RX,8
SM4 4RY,7
SM4 4RZ,7
SM4 4SA,9
SM4 4SE,8
SM4 4SF,8
SM4 4SG,8
SM4 4SJ,8
SM4 4SP,8
SM4 4SQ,10
SM4 4SR,8
SM4 4SS,8
SM4 4ST,8
SM4 4SU,8
SM4 4SW,8
SM4 4SX,8
SM4 4SY,8
SM4 4SZ,8
SM4 4TA,8
SM4 4TB,8
SM4 4TD,8
SM4 4TH,6
SM4 4TN,6
SM4 4TP,6
SM4 4TQ,8
SM4 4TR,6
SM4 4TS,8
SM4 4TT,8
SM4 4TU,8
SM4 4TW,8
SM4 4TX,8
SM4 4TY,8
SM4 4TZ,8
SM4 4WA,6
SM4 4WB,6
SM4 4WD,6
SM4 4WE,6
SM4 4WF,8
SM4 4WG,6
SM4 4WH,6
SM4 4WJ,6
SM4 4WL,6
SM4 4WN,8
SM4 4WP,8
SM4 4WQ,6
SM4 4WR,6
SM4 4WS,8
SM4 4WT,6
SM4 4WU,6
SM4 4WW,6
SM4 4WX,6
SM4 4WY,6
SM4 4WZ,6
SM4 4XE,8
SM4 4XW,6
SM4 4XY,6
SM4 4XZ,8
SM4 4YA,8
SM4 4YB,8
SM4 4YH,6
SM4 4YR,6
SM4 4YT,8
SM4 4YZ,6
SM4 4ZB,6
SM4 4ZR,6
SM4 4ZS,6
SM4 4ZT,8
SM4 4ZU,10
SM4 4ZW,10
SM4 4ZX,6
SM4 5AA,6
SM4 5AB,6
SM4 5AD,6
SM4 5AE,6
SM4 5AF,6
SM4 5AG,6
SM4 5AH,6
SM4 5AJ,6
SM4 5AL,6
SM4 5AN,6
SM4 5AP,6
SM4 5AQ,6
SM4 5AR,6
SM4 5AS,6
SM4 5AT,6
SM4 5AU,6
SM4 5AW,6
SM4 5AX,6
SM4 5AY,6
SM4 5AZ,6
SM4 5BA,6
SM4 5BB,6
SM4 5BD,4
SM4 5BE,6
SM4 5BF,4
SM4 5BG,4
SM4 5BH,6
SM4 5BJ,4
SM4 5BL,6
SM4 5BN,6
SM4 5BP,6
SM4 5BQ,6
SM4 5BR,6
SM4 5BS,6
SM4 5BT,6
SM4 5BU,8
SM4 5BW,4
SM4 5BX,6
SM4 5BY,8
SM4 5BZ,6
SM4 5DA,6
SM4 5DB,4
SM4 5DD,6
SM4 5DE,8
SM4 5DF,6
SM4 5DG,6
SM4 5DH,4
SM4 5DJ,4
SM4 5DL,6
SM4 5DN,6
SM4 5DP,4
SM4 5DQ,8
SM4 5DR,6
SM4 5DS,6
SM4 5DT,6
SM4 5DU,6
SM4 5DW,6
SM4 5DX,6
SM4 5DY,9
SM4 5DZ,9
SM4 5EA,9
SM4 5EB,4
SM4 5ED,9
SM4 5EF,9
SM4 5EG,9
SM4 5EH,6
SM4 5EJ,9
SM4 5EL,6
SM4 5EN,6
SM4 5ER,9
SM4 5ES,4
SM4 5ET,9
SM4 5EU,9
SM4 5EW,9
SM4 5EX,9
SM4 5EY,9
SM4 5FZ,4
SM4 5GG,6
SM4 5HA,2
SM4 5HB,6
SM4 5HD,8
SM4 5HE,7
SM4 5HF,4
SM4 5HG,6
SM4 5HH,6
SM4 5HJ,6
SM4 5HL,6
SM4 5HN,6
SM4 5HP,6
SM4 5HQ,6
SM4 5HR,6
SM4 5HS,4
SM4 5HT,3
SM4 5HU,4
SM4 5HW,6
SM4 5HX,3
SM4 5HY,4
SM4 5HZ,6
SM4 5JA,3
SM4 5JD,3
SM4 5JE,3
SM4 5JF,3
SM4 5JG,3
SM4 5JH,3
SM4 5JJ,3
SM4 5JL,3
SM4 5JN,3
SM4 5JP,3
SM4 5JQ,3
SM4 5JS,4
SM4 5JW,3
SM4 5JX,4
SM4 5JY,4
SM4 5LA,4
SM4 5LB,3
SM4 5LD,4
SM4 5LE,4
SM4 5LF,3
SM4 5LG,4
SM4 5LH,3
SM4 5LJ,3
SM4 5LL,3
SM4 5LN,3
SM4 5LP,4
SM4 5LQ,3
SM4 5LR,4
SM4 5LS,4
SM4 5LT,4
SM4 5LU,6
SM4 5LW,4
SM4 5LX,4
SM4 5LY,4
SM4 5LZ,3
SM4 5NA,4
SM4 5NB,4
SM4 5ND,6
SM4 5NE,6
SM4 5NF,6
SM4 5NG,6
SM4 5NH,4
SM4 5NJ,4
SM4 5NL,4
SM4 5NN,4
SM4 5NP,4
SM4 5NQ,4
SM4 5NR,7
SM4 5NS,4
SM4 5NT,4
SM4 5NW,4
SM4 5NX,4
SM4 5NY,7
SM4 5NZ,7
SM4 5PA,7
SM4 5PB,7
SM4 5PE,4
SM4 5PF,4
SM4 5PG,6
SM4 5PH,7
SM4 5PJ,7
SM4 5PN,7
SM4 5PP,6
SM4 5PQ,4
SM4 5PR,7
SM4 5PS,7
SM4 5PT,6
SM4 5PU,6
SM4 5PW,7
SM4 5PX,4
SM4 5PY,7
SM4 5PZ,7
SM4 5QA,7
SM4 5QB,7
SM4 5QD,7
SM4 5QE,7
SM4 5QF,7
SM4 5QG,4
SM4 5QH,7
SM4 5QJ,6
SM4 5QL,7
SM4 5QN,7
SM4 5QP,7
SM4 5QQ,7
SM4 5QR,7
SM4 5QS,7
SM4 5QT,7
SM4 5QU,4
SM4 5QW,7
SM4 5QX,4
SM4 5RA,6
SM4 5RB,6
SM4 5RD,6
SM4 5RE,6
SM4 5RF,6
SM4 5RG,6
SM4 5RH,6
SM4 5RJ,6
SM4 5RL,4
SM4 5RN,6
SM4 5RP,4
SM4 5RQ,6
SM4 5RR,4
SM4 5RS,4
SM4 5RT,4
SM4 5RU,4
SM4 5RW,6
SM4 5RX,4
SM4 5RY,4
SM4 5RZ,4
SM4 5SA,4
SM4 5SB,4
SM4 5SD,4
SM4 5SE,4
SM4 5SF,6
SM4 5SG,6
SM4 5SH,6
SM4 5SJ,6
SM4 5SL,6
SM4 5SP,6
SM4 5SQ,6
SM4 5SR,7
SM4 5SS,9
SM4 5ST,6
SM4 5SU,4
SM4 5SW,6
SM4 5SX,4
SM4 5SY,6
SM4 5SZ,6
SM4 5WA,6
SM4 5WB,6
SM4 5WE,6
SM4 5WF,6
SM4 5WG,6
SM4 5WH,6
SM4 5WN,6
SM4 5WT,6
SM4 5WU,6
SM4 5WW,6
SM4 5WX,6
SM4 5WY,6
SM4 5WZ,6
SM4 5XA,6
SM4 5XB,6
SM4 5XR,6
SM4 5ZJ,6
SM4 5ZL,6
SM4 5ZN,6
SM4 5ZP,6
SM4 5ZQ,4
SM4 5ZR,4
SM4 5ZS,4
SM4 5ZT,6
SM4 5ZU,6
SM4 5ZX,6
SM4 5ZY,6
SM4 6AA,4
SM4 6AB,4
SM4 6AD,4
SM4 6AE,4
SM4 6AF,6
SM4 6AG,6
SM4 6AH,6
SM4 6AJ,6
SM4 6AL,6
SM4 6AN,6
SM4 6AP,3
SM4 6AQ,6
SM4 6AR,4
SM4 6AS,3
SM4 6AT,6
SM4 6AU,4
SM4 6AW,6
SM4 6AX,6
SM4 6AY,6
SM4 6AZ,3
SM4 6BA,3
SM4 6BB,6
SM4 6BD,6
SM4 6BE,6
SM4 6BF,6
SM4 6BG,3
SM4 6BH,3
SM4 6BJ,3
SM4 6BL,2
SM4 6BN,2
SM4 6BP,3
SM4 6BQ,3
SM4 6BS,3
SM4 6BT,3
SM4 6BU,3
SM4 6BW,2
SM4 6BX,3
SM4 6BY,3
SM4 6BZ,3
SM4 6DA,6
SM4 6DB,3
SM4 6DD,6
SM4 6DE,6
SM4 6DF,6
SM4 6DG,6
SM4 6DH,6
SM4 6DJ,6
SM4 6DL,6
SM4 6DN,6
SM4 6DP,6
SM4 6DQ,3
SM4 6DR,4
SM4 6DS,3
SM4 6DT,6
SM4 6DU,6
SM4 6DW,6
SM4 6DX,6
SM4 6DY,6
SM4 6DZ,4
SM4 6EA,6
SM4 6EB,6
SM4 6ED,6
SM4 6EE,6
SM4 6EF,6
SM4 6EG,6
SM4 6EH,6
SM4 6EJ,6
SM4 6EL,6
SM4 6EN,6
SM4 6EP,6
SM4 6EQ,6
SM4 6ER,6
SM4 6ET,4
SM4 6EU,4
SM4 6EW,6
SM4 6EX,4
SM4 6EY,4
SM4 6EZ,4
SM4 6FA,4
SM4 6FB,4
SM4 6FD,4
SM4 6FE,4
SM4 6FF,3
SM4 6GA,2
SM4 6GB,2
SM4 6GD,2
SM4 6GE,2
SM4 6GF,2
SM4 6GZ,6
SM4 6HA,4
SM4 6HB,4
SM4 6HD,4
SM4 6HE,3
SM4 6HF,3
SM4 6HG,3
SM4 6HH,3
SM4 6HJ,3
SM4 6HL,4
SM4 6HN,4
SM4 6HP,4
SM4 6HQ,6
SM4 6HR,4
SM4 6HT,4
SM4 6HU,4
SM4 6HW,4
SM4 6HX,6
SM4 6HY,3
SM4 6HZ,4
SM4 6JA,4
SM4 6JB,4
SM4 6JD,6
SM4 6JE,4
SM4 6JF,4
SM4 6JG,4
SM4 6JH,4
SM4 6JJ,3
SM4 6JL,3
SM4 6JN,3
SM4 6JP,3
SM4 6JQ,4
SM4 6JR,3
SM4 6JS,2
SM4 6JT,2
SM4 6JU,4
SM4 6JW,3
SM4 6JX,4
SM4 6JY,4
SM4 6JZ,4
SM4 6LA,4
SM4 6LB,4
SM4 6LD,4
SM4 6LE,4
SM4 6LF,4
SM4 6LG,6
SM4 6LH,4
SM4 6LJ,4
SM4 6LL,4
SM4 6LN,4
SM4 6LP,4
SM4 6LQ,2
SM4 6LR,4
SM4 6LS,4
SM4 6LT,4
SM4 6LU,4
SM4 6LW,4
SM4 6LX,4
SM4 6LY,4
SM4 6LZ,4
SM4 6NA,4
SM4 6NE,4
SM4 6NF,4
SM4 6NG,4
SM4 6NH,4
SM4 6NJ,4
SM4 6NL,4
SM4 6NN,4
SM4 6NP,4
SM4 6NQ,4
SM4 6NR,4
SM4 6NS,4
SM4 6NU,4
SM4 6NW,4
SM4 6NX,4
SM4 6NY,4
SM4 6NZ,4
SM4 6PD,4
SM4 6PE,4
SM4 6PF,4
SM4 6PG,4
SM4 6PH,4
SM4 6PJ,4
SM4 6PN,4
SM4 6PP,4
SM4 6PQ,4
SM4 6PR,4
SM4 6PS,4
SM4 6PT,4
SM4 6PU,4
SM4 6PW,4
SM4 6PX,4
SM4 6QA,4
SM4 6QB,4
SM4 6QD,4
SM4 6QE,4
SM4 6QF,4
SM4 6QG,4
SM4 6QH,4
SM4 6QJ,4
SM4 6QL,4
SM4 6QN,4
SM4 6QP,4
SM4 6QQ,4
SM4 6QR,2
SM4 6QS,6
SM4 6QT,4
SM4 6QU,4
SM4 6QW,4
SM4 6QX,6
SM4 6QZ,6
SM4 6RA,6
SM4 6RB,6
SM4 6RD,4
SM4 6RE,4
SM4 6RF,4
SM4 6RG,3
SM4 6RH,3
SM4 6RJ,3
SM4 6RL,3
SM4 6RN,3
SM4 6RP,3
SM4 6RQ,6
SM4 6RR,3
SM4 6RS,4
SM4 6RT,4
SM4 6RU,4
SM2 5FP,6
SM2 5FQ,10
SM2 5FR,4
SM2 5FS,4
SM2 5FT,4
SM2 5FU,2
SM2 5FW,6
SM2 5FX,7
SM2 5GA,4
SM2 5GN,5
SM2 5GX,4
SM2 5GY,7
SM2 5GZ,4
SM2 5HA,4
SM2 5HB,4
SM2 5HD,4
SM2 5HE,4
SM2 5HF,7
SM2 5HG,9
SM2 5HH,9
SM2 5HJ,7
SM2 5HL,4
SM2 5HN,6
SM2 5HP,10
SM2 5HQ,7
SM2 5HR,10
SM2 5HS,10
SM2 5HT,10
SM2 5HU,10
SM2 5HW,10
SM2 5HX,10
SM2 5HY,10
SM2 5HZ,10
SM2 5JA,10
SM2 5JB,10
SM2 5JD,10
SM2 5JE,10
SM2 5JF,4
SM2 5JG,4
SM2 5JH,5
SM2 5JJ,7
SM2 5JL,7
SM2 5JN,5
SM2 5JP,4
SM2 5JQ,5
SM2 5JR,5
SM2 5JS,9
SM2 5JT,10
SM2 5JU,10
SM2 5JW,5
SM2 5JX,10
SM2 5JY,10
SM2 5JZ,9
SM2 5LA,7
SM2 5LB,9
SM2 5LD,9
SM2 5LE,9
SM2 5LF,9
SM2 5LG,9
SM2 5LH,9
SM2 5LJ,9
SM2 5LL,9
SM2 5LN,4
SM2 5LP,4
SM2 5LQ,9
SM2 5LR,4
SM2 5LS,10
SM2 5LT,10
SM2 5LU,2
SM2 5LW,9
SM2 5LX,4
SM2 5LY,10
SM2 5LZ,4
SM2 5NA,2
SM2 5NB,5
SM2 5ND,10
SM2 5NE,10
SM2 5NF,9
SM2 5NG,2
SM2 5NH,4
SM2 5NJ,2
SM2 5NL,2
SM2 5NN,9
SM2 5NP,4
SM2 5NQ,9
SM2 5NR,9
SM2 5NS,4
SM2 5NT,5
SM2 5NW,9
SM2 5PA,6
SM2 5PD,6
SM2 5PG,5
SM2 5PH,7
SM2 5PJ,6
SM2 5PP,6
SM2 5PQ,6
SM2 5PR,9
SM2 5PS,9
SM2 5PT,9
SM2 5PU,4
SM2 5PX,5
SM2 5PY,9
SM2 5QD,9
SM2 5QE,9
SM2 5QF,9
SM2 5QG,4
SM2 5QH,9
SM2 5QJ,9
SM2 5QL,9
SM2 5QN,9
SM2 5QP,9
SM2 5QR,9
SM2 5QS,9
SM2 5QT,9
SM2 5QU,9
SM2 5QY,9
SM2 5QZ,9
SM2 5RA,9
SM2 5RB,9
SM2 5RD,9
SM2 5RE,5
SM2 5RF,5
SM2 5RH,2
SM2 5RJ,2
SM2 5RL,5
SM2 5RN,9
SM2 5RP,9
SM2 5RQ,5
SM2 5RS,9
SM2 5RU,9
SM2 5RY,9
SM2 5SA,9
SM2 5SB,9
SM2 5SE,9
SM2 5SF,5
SM2 5SJ,5
SM2 5SL,5
SM2 5SN,5
SM2 5SP,9
SM2 5SR,7
SM2 5ST,9
SM2 5SU,9
SM2 5SW,2
SM2 5SX,9
SM2 5TA,6
SM2 5TB,6
SM2 5TD,10
SM2 5TE,10
SM2 5TF,6
SM2 5TG,6
SM2 5TH,10
SM2 5TJ,7
SM2 5TL,7
SM2 5TN,5
SM2 5TP,7
SM2 5TQ,7
SM2 5TR,5
SM2 5TS,5
SM2 5TT,5
SM2 5TU,5
SM2 5TX,7
SM2 5TY,7
SM2 5TZ,7
SM2 5UA,7
SM2 5UB,7
SM2 5UD,7
SM2 5UE,7
SM2 5UF,4
SM2 5UL,5
SM2 5UN,4
SM2 5UP,4
SM2 5UR,4
SM2 5UW,4
SM2 5UZ,4
SM2 5WA,5
SM2 5WB,4
SM2 5WD,4
SM2 5WE,5
SM2 5WF,4
SM2 5WG,4
SM2 5WH,5
SM2 5WJ,4
SM2 5WL,4
SM2 5WN,4
SM2 5WP,4
SM2 5WQ,5
SM2 5WR,4
SM2 5WS,4
SM2 5WT,4
SM2 5WU,4
SM2 5WW,5
SM2 5WX,6
SM2 5WY,4
SM2 5WZ,4
SM2 5XA,4
SM2 5XB,4
SM2 5XD,4
SM2 5XE,4
SM2 5XF,4
SM2 5XG,4
SM2 5XH,4
SM2 5XT,4
SM2 5XW,4
SM2 5XX,4
SM2 5XY,4
SM2 5XZ,4
SM2 5YB,4
SM2 5YF,4
SM2 5YQ,4
SM2 5YT,4
SM2 5YX,7
SM2 5YY,4
SM2 5YZ,4
SM2 5ZA,5
SM2 5ZB,4
SM2 5ZD,5
SM2 5ZE,5
SM2 5ZF,5
SM2 5ZG,5
SM2 5ZH,5
SM2 5ZJ,5
SM2 5ZL,4
SM2 5ZN,4
SM2 5ZP,5
SM2 5ZQ,5
SM2 5ZR,4
SM2 5ZS,5
SM2 5ZT,4
SM2 5ZU,7
SM2 5ZW,4
SM2 5ZY,5
SM2 6AA,7
SM2 6AB,7
SM2 6AD,9
SM2 6AE,5
SM2 6AF,9
SM2 6AG,7
SM2 6AH,5
SM2 6AJ,7
SM2 6AL,9
SM2 6AN,7
SM2 6AP,5
SM2 6AQ,7
SM2 6AR,5
SM2 6AS,5
SM2 6AT,5
SM2 6AU,5
SM2 6AW,5
SM2 6AX,7
SM2 6AY,7
SM2 6AZ,7
SM2 6BA,5
SM2 6BB,5
SM2 6BD,7
SM2 6BE,5
SM2 6BF,5
SM2 6BG,9
SM2 6BH,9
SM2 6BJ,9
SM2 6BL,9
SM2 6BN,9
SM2 6BP,9
SM2 6BQ,9
SM2 6BS,9
SM2 6BT,7
SM2 6BU,9
SM2 6BW,9
SM2 6BX,9
SM2 6BY,4
SM2 6BZ,9
SM2 6DA,4
SM2 6DB,9
SM2 6DD,9
SM2 6DE,9
SM2 6DF,9
SM2 6DG,9
SM2 6DH,9
SM2 6DJ,10
SM2 6DL,4
SM2 6DN,9
SM2 6DP,10
SM2 6DQ,9
SM2 6DR,9
SM2 6DS,9
SM2 6DT,9
SM2 6DU,10
SM2 6DW,9
SM2 6DX,10
SM2 6DY,10
SM2 6DZ,4
SM2 6EA,9
SM2 6EB,10
SM2 6ED,9
SM2 6EE,10
SM2 6EF,9
SM2 6EG,9
SM2 6EH,9
SM2 6EJ,9
SM2 6EL,9
SM2 6EN,9
SM2 6EP,9
SM2 6EQ,10
SM2 6ER,9
SM2 6ES,9
SM2 6ET,9
SM2 6EU,9
SM2 6EW,9
SM2 6EX,7
SM2 6EY,8
SM2 6EZ,8
SM2 6FA,9
SM2 6FD,9
SM2 6FE,2
SM2 6FY,4
SM2 6GE,5
SM2 6GP,9
SM2 6GS,9
SM2 6HA,8
SM2 6HB,8
SM2 6HD,8
SM2 6HE,8
SM2 6HF,9
SM2 6HG,9
SM2 6HH,9
SM2 6HJ,10
SM2 6HL,9
SM2 6HN,10
SM2 6HP,8
SM2 6HQ,9
SM2 6HR,9
SM2 6HS,9
SM2 6HT,10
SM2 6HU,10
SM2 6HW,10
SM2 6HX,10
SM2 6HY,9
SM2 6HZ,8
SM2 6JA,10
SM2 6JB,10
SM2 6JD,9
SM2 6JE,10
SM2 6JF,9
SM2 6JG,8
SM2 6JH,10
SM2 6JJ,10
SM2 6JL,8
SM2 6JN,8
SM2 6JP,8
SM2 6JQ,8
SM2 6JR,8
SM2 6JS,8
SM2 6JT,10
SM2 6JU,10
SM2 6JW,8
SM2 6JX,10
SM2 6JY,8
SM2 6JZ,8
SM2 6LA,7
SM2 6LB,7
SM2 6LD,7
SM2 6LE,7
SM2 6LF,7
SM2 6LG,7
SM2 6LH,5
SM2 6LJ,7
SM2 6LL,7
SM2 6LN,7
SM2 6LP,7
SM2 6LQ,7
SM2 6LR,7
SM2 6LS,4
SM2 6LT,7
SM2 6LU,7
SM2 6LW,4
SM2 6LX,7
SM2 6LY,7
SM2 6LZ,7
SM2 6NA,7
SM2 6NB,5
SM2 6ND,8
SM2 6NE,7
SM2 6NF,7
SM2 6NG,10
SM2 6NH,9
SM2 6NJ,8
SM2 6NL,9
SM2 6NN,4
SM2 6NP,4
SM2 6NQ,9
SM2 6NR,7
SM2 6NS,10
SM2 6NT,7
SM2 6NU,4
SM2 6NW,7
SM2 6NX,4
SM2 6NY,5
SM2 6NZ,5
SM2 6PA,9
SM2 6PB,9
SM2 6PD,10
SM2 6PE,5
SM2 6PF,5
SM2 6PG,5
SM2 6PH,5
SM2 6PJ,5
SM2 6PL,5
SM2 6PN,5
SM2 6PP,9
SM2 6PQ,5
SM2 6PR,5
SM2 6PS,5
SM2 6PT,5
SM2 6PU,5
SM2 6PW,5
SM2 6PX,5
SM2 6PY,5
SM2 6PZ,5
SM2 6QA,9
SM2 6QB,5
SM2 6QD,9
SM2 6QE,8
SM2 6QF,8
SM2 6QG,5
SM2 6QH,8
SM2 6QJ,8
SM2 6QL,8
SM2 6QN,8
SM2 6QP,9
SM2 6QQ,8
SM2 6QR,8
SM2 6QS,9
SM2 6QT,10
SM2 6QU,5
SM2 6QW,8
SM2 6QX,9
SM2 6QY,9
SM2 6QZ,9
SM2 6RA,9
SM2 6RB,9
SM2 6RD,9
SM2 6RE,9
SM2 6RF,9
SM2 6RG,9
SM2 6RH,9
SM2 6RJ,9
SM2 6RL,9
SM2 6RN,9
SM2 6RP,5
SM2 6RQ,9
SM2 6RR,5
SM2 6RS,5
SM2 6RT,9
SM2 6RU,9
SM2 6RW,9
SM2 6RX,5
SM2 6RY,9
SM2 6RZ,9
SM2 6SA,5
SM2 6SB,7
SM2 6SD,5
SM2 6SE,9
SM2 6SF,5
SM2 6SG,9
SM2 6SH,9
SM2 6SJ,9
SM2 6SL,9
SM2 6SN,9
SM2 6SP,9
SM2 6SQ,9
SM2 6SR,9
SM2 6SS,9
SM2 6ST,9
SM2 6SU,9
SM2 6SW,9
SM2 6SX,9
SM2 6SY,9
SM2 6SZ,9
SM2 6TA,9
SM2 6TB,9
SM2 6TD,9
SM2 6TE,4
SM2 6TG,8
SM2 6TH,9
SM2 6TJ,9
SM2 6TP,2
SM2 6TQ,9
SM2 6TR,2
SM2 6TS,2
SM2 6TT,2
SM2 6TU,2
SM2 6TW,9
SM2 6TX,2
SM2 6TY,2
SM2 6TZ,2
SM2 6UA,2
SM2 6UB,2
SM2 6UE,4
SM2 6UF,7
SM2 6UG,9
SM2 6UJ,9
SM2 6UL,2
SM2 6UN,9
SM2 6UP,8
SM2 6UQ,9
SM2 6UR,5
SM2 6US,8
SM2 6UT,4
SM2 6UU,5
SM2 6UW,8
SM2 6UX,4
SM2 6UY,2
SM2 6UZ,4
SM2 6WA,5
SM2 6WB,4
SM2 6WD,5
SM2 6WE,4
SM2 6WF,4
SM2 6WG,5
SM2 6WH,5
SM2 6WJ,4
SM2 6WL,4
SM2 6WN,4
SM2 6WP,4
SM2 6WQ,4
SM2 6WR,9
SM2 6WS,5
SM2 6WT,4
SM2 6WU,9
SM2 6WW,9
SM2 6WX,9
SM2 6WY,4
SM2 6WZ,4
SM2 6XA,4
SM2 6XB,4
SM2 6XD,4
SM2 6XE,4
SM2 6XF,4
SM2 6XG,4
SM2 6XH,4
SM2 6XJ,4
SM2 6XP,4
SM2 6XR,4
SM2 6XT,4
SM2 6XX,4
SM2 6XY,4
SM2 6XZ,4
SM2 6YB,4
SM2 6YF,4
SM2 6YH,4
SM2 6YP,4
SM2 6YQ,4
SM2 6YR,4
SM2 6YZ,4
SM2 6ZE,4
SM2 6ZF,9
SM2 6ZG,9
SM2 6ZH,4
SM2 6ZJ,9
SM2 6ZL,9
SM2 6ZN,2
SM2 6ZP,9
SM2 6ZQ,9
SM2 6ZR,4
SM2 6ZS,4
SM2 6ZT,4
SM2 6ZU,4
SM2 6ZX,9
SM2 6ZY,4
SM2 7AA,10
SM2 7AD,10
SM2 7AE,8
SM2 7AF,8
SM2 7AG,10
SM2 7AJ,8
SM2 7AL,8
SM2 7AP,4
SM2 7AQ,10
SM2 7AR,4
SM2 7AS,4
SM2 7AT,8
SM2 7AU,8
SM2 7AW,10
SM2 7AY,8
SM2 7AZ,8
SM2 7BA,8
SM2 7BB,8
SM2 7BD,8
SM2 7BE,8
SM2 7BG,10
SM2 7BH,10
SM2 7BJ,10
SM2 7BL,10
SM2 7BN,8
SM2 7BP,8
SM2 7BQ,10
SM2 7BS,10
SM2 7BT,10
SM2 7BW,8
SM2 7BX,10
SM2 7BY,10
SM2 7BZ,10
SM2 7DA,10
SM2 7DB,10
SM2 7DD,10
SM2 7DH,10
SM2 7DJ,10
SM2 7DL,4
SM2 7DP,10
SM2 7DQ,10
SM2 7DU,10
SM2 7DX,10
SM2 7DY,10
SM2 7DZ,10
SM2 7EA,10
SM2 7EB,10
SM2 7ED,10
SM2 7EE,4
SM2 7EG,10
SM2 7EH,10
SM2 7EN,10
SM2 7EP,10
SM2 7EQ,10
SM2 7ER,10
SM2 7ES,10
SM2 7ET,10
SM2 7EU,10
SM2 7EW,10
SM2 7EX,10
SM2 7EZ,10
SM2 7HA,10
SM2 7HB,10
SM2 7HE,10
SM2 7HF,10
SM2 7HG,10
SM2 7HH,10
SM2 7HJ,10
SM2 7HQ,10
SM2 7HR,10
SM2 7HS,10
SM2 7HT,10
SM2 7HU,10
SM2 7HX,10
SM2 7HY,10
SM2 7HZ,10
SM2 7JA,10
SM2 7JB,10
SM2 7JD,10
SM2 7JE,10
SM2 7JL,10
SM2 7JP,10
SM2 7JR,10
SM2 7JS,10
SM2 7JT,10
SM2 7JU,10
SM2 7JX,10
SM2 7JY,10
SM2 7JZ,10
SM2 7LA,10
SM2 7LB,10
SM2 7LE,4
SM2 7LF,10
SM2 7LG,10
SM2 7LH,10
SM2 7LJ,10
SM2 7LL,10
SM2 7LN,10
SM2 7LP,10
SM2 7LQ,10
SM2 7LR,10
SM2 7LS,10
SM2 7LT,10
SM2 7LU,10
SM2 7LW,10
SM2 7LX,10
SM2 7NA,10
SM2 7NB,10
SM2 7ND,10
SM2 7NE,10
SM2 7NF,10
SM2 7NG,10
SM2 7NH,10
SM2 7NJ,10
SM2 7NN,10
SM2 7NQ,10
SM2 7NR,10
SM2 7NS,10
SM2 7NT,10
SM2 7NU,10
SM2 7NW,10
SM2 7NZ,10
SM2 7PD,10
SM2 7PE,10
SM2 7PF,10
SM2 7PG,10
SM2 7PH,10
SM2 7PJ,4
SM2 7PN,10
SM2 7PP,10
SM2 7PQ,10
SM2 7PS,10
SM2 7PT,10
SM2 7PU,10
SM2 7PX,10
SM2 7PY,4
SM2 7PZ,10
SM2 7QA,10
SM2 7QB,10
SM2 7QE,10
SM2 7QF,4
SM2 7QL,10
SM2 7QN,10
SM2 7QQ,10
SM2 7QR,10
SM2 7QS,10
SM2 7QT,10
SM2 7QU,4
SM2 7QW,4
SM2 7QY,10
SM2 7QZ,4
SM2 7RA,4
SM2 7RB,4
SM2 7RD,4
SM2 7RE,10
SM2 7RF,10
SM2 7RG,4
SM2 7RH,10
SM2 7RJ,10
SM2 7RL,10
SM2 7RN,10
SM2 7RP,4
SM2 7RQ,4
SM2 7RR,4
SM2 7RS,4
SM2 7RT,4
SM2 7RW,10
SM2 7SJ,10
SM2 7WA,4
SM2 7WB,4
SM2 7WD,4
SM2 7WE,4
SM2 7WF,4
SM2 7WG,4
SM2 7WH,4
SM2 7WJ,4
SM2 7WN,4
SM2 7WP,4
SM2 7WQ,4
SM2 7WZ,4
SM2 7ZU,4
SM2 7ZW,4
SM2 7ZX,4
SM3 2TN,6
SM3 8AA,10
SM3 8AB,10
SM3 8AD,10
SM3 8AE,9
SM3 8AF,9
SM3 8AG,9
SM3 8AH,10
SM3 8AJ,10
SM3 8AL,10
SM3 8AN,10
SM3 8AP,10
SM3 8AR,8
SM3 8AS,10
SM3 8AT,8
SM3 8AW,10
SM3 8AY,8
SM3 8AZ,8
SM3 8BA,4
SM3 8BB,10
SM3 8BD,9
SM3 8BE,8
SM3 8BG,8
SM3 8BH,8
SM3 8BJ,9
SM3 8BL,9
SM3 8BN,9
SM3 8BP,9
SM3 8BQ,8
SM3 8BS,8
SM3 8BT,9
SM3 8BU,8
SM3 8BW,9
SM3 8BZ,8
SM3 8DA,8
SM3 8DB,8
SM3 8DD,8
SM3 8DE,10
SM3 8DF,10
SM3 8DH,10
SM3 8DJ,10
SM3 8DL,10
SM3 8DN,9
SM3 8DP,10
SM3 8DQ,4
SM3 8DR,8
SM3 8DS,4
SM3 8DT,10
SM3 8DU,10
SM3 8DW,9
SM3 8DX,10
SM3 8DY,8
SM3 8DZ,10
SM3 8EA,10
SM3 8EB,10
SM3 8ED,10
SM3 8EE,10
SM3 8EF,10
SM3 8EG,10
SM3 8EH,9
SM3 8EJ,10
SM3 8EL,10
SM3 8EN,9
SM3 8EP,9
SM3 8EQ,9
SM3 8ER,9
SM3 8ES,9
SM3 8ET,9
SM3 8EY,9
SM3 8GD,9
SM3 8HA,9
SM3 8HB,9
SM3 8HD,10
SM3 8HE,10
SM3 8HF,10
SM3 8HG,10
SM3 8HH,9
SM3 8HJ,9
SM3 8HL,9
SM3 8HP,9
SM3 8HQ,10
SM3 8HR,9
SM3 8HS,9
SM3 8HT,9
SM3 8HU,4
SM3 8HW,9
SM3 8HX,10
SM3 8HY,9
SM3 8HZ,9
SM3 8JA,9
SM3 8JB,9
SM3 8JD,9
SM3 8JE,9
SM3 8JF,9
SM3 8JG,9
SM3 8JH,9
SM3 8JJ,9
SM3 8JL,9
SM3 8JN,9
SM3 8JP,9
SM3 8JQ,9
SM3 8JR,9
SM3 8JS,9
SM3 8JT,9
SM3 8JU,9
SM3 8JW,9
SM3 8JX,9
SM3 8JY,9
SM3 8JZ,9
SM3 8LA,8
SM3 8LB,9
SM3 8LE,8
SM3 8LF,9
SM3 8LJ,9
SM3 8LL,9
SM3 8LN,10
SM3 8LP,9
SM3 8LR,9
SM3 8LS,9
SM3 8LT,9
SM3 8LU,9
SM3 8LW,10
SM3 8LX,9
SM3 8LY,10
SM3 8LZ,9
SM3 8NA,9
SM3 8NB,10
SM3 8ND,9
SM3 8NE,9
SM3 8NF,9
SM3 8NG,9
SM3 8NH,9
SM3 8NN,8
SM3 8NP,8
SM3 8NQ,9
SM3 8NR,8
SM3 8NU,8
SM3 8NW,8
SM3 8NX,8
SM3 8NY,9
SM3 8NZ,9
SM3 8PA,9
SM3 8PB,9
SM3 8PD,9
SM3 8PG,9
SM3 8PH,9
SM3 8PJ,9
SM3 8PL,9
SM3 8PN,9
SM3 8PQ,9
SM3 8PR,8
SM3 8PS,8
SM3 8PT,8
SM3 8PU,8
SM3 8PW,9
SM3 8PX,8
SM3 8PY,8
SM3 8PZ,8
SM3 8QA,8
SM3 8QB,8
SM3 8QD,9
SM3 8QE,8
SM3 8QF,9
SM3 8QG,8
SM3 8QH,8
SM3 8QJ,9
SM3 8QL,10
SM3 8QN,9
SM3 8QP,8
SM3 8QQ,9
SM3 8QR,8
SM3 8QS,9
SM3 8QT,9
SM3 8QU,9
SM3 8QW,9
SM3 8QX,8
SM3 8QY,9
SM3 8QZ,9
SM3 8RA,9
SM3 8RB,9
SM3 8RD,8
SM3 8RE,8
SM3 8RF,8
SM3 8RH,8
SM3 8RJ,8
SM3 8RL,8
SM3 8RP,10
SM3 8RQ,8
SM3 8RR,8
SM3 8RS,8
SM3 8RT,8
SM3 8RU,8
SM3 8RW,8
SM3 8RX,8
SM3 8RY,8
SM3 8RZ,10
SM3 8SA,10
SM3 8SB,10
SM3 8SD,10
SM3 8SE,4
SM3 8SG,10
SM3 8SH,10
SM3 8SJ,9
SM3 8SL,10
SM3 8SN,10
SM3 8SP,8
SM3 8SQ,10
SM3 8SR,8
SM3 8SS,9
SM3 8ST,8
SM3 8SU,9
SM3 8SW,8
SM3 8SX,9
SM3 8SY,9
SM3 8SZ,4
SM3 8WA,4
SM3 8WB,4
SM3 8WD,4
SM3 8WE,4
SM3 8WF,4
SM3 8WG,4
SM3 8WH,4
SM3 8WJ,4
SM3 8WQ,4
SM3 8WU,4
SM3 8WW,4
SM3 8WX,4
SM3 8WY,4
SM3 8WZ,4
SM3 8XL,4
SM3 8YJ,4
SM3 8ZL,4
SM3 8ZN,4
SM3 8ZP,9
SM3 8ZQ,4
SM3 8ZR,9
SM3 8ZS,9
SM3 8ZT,9
SM3 8ZU,9
SM3 8ZW,9
SM3 8ZY,4
SM3 9AA,9
SM3 9AB,9
SM3 9AD,9
SM3 9AE,9
SM3 9AF,9
SM3 9AG,9
SM3 9AH,8
SM3 9AJ,8
SM5 4LR,6
SM5 4LS,6
SM5 4LT,6
SM5 4LU,6
SM5 4LW,6
SM5 4LX,6
SM5 4LY,6
SM5 4LZ,10
SM5 4NA,6
SM5 4NB,6
SM5 4ND,8
SM5 4NG,6
SM5 4NH,6
SM5 4NJ,6
SM5 4NL,6
SM5 4NN,10
SM5 4NP,10
SM5 4NQ,6
SM5 4NR,6
SM5 4NS,6
SM5 4NW,10
SM5 4NX,10
SM5 4NY,10
SM5 4NZ,10
SM5 4PA,10
SM5 4PB,10
SM5 4PD,10
SM5 4PE,10
SM5 4PF,10
SM5 4PG,10
SM5 4PH,6
SM5 4PJ,10
SM5 4PL,10
SM5 4PN,10
SM5 4PP,10
SM5 4PQ,10
SM5 4PR,10
SM5 4PS,10
SM5 4PT,10
SM5 4PU,10
SM5 4PW,10
SM5 4PX,10
SM5 4PY,6
SM5 4QB,10
SM5 4QE,10
SM5 4QH,6
SM5 4QJ,6
SM5 4QL,6
SM5 4QN,8
SM5 4QP,8
SM5 4QQ,6
SM5 4QR,8
SM5 4QS,10
SM5 4QT,8
SM5 4QU,8
SM5 4QW,8
SM5 4QX,8
SM5 4QY,10
SM5 4QZ,8
SM5 4SP,6
SM5 4SQ,6
SM5 4WA,8
SM5 4WB,8
SM5 4WD,8
SM5 4WE,8
SM5 4WF,8
SM5 4WG,8
SM5 4WJ,8
SM5 4WL,8
SM5 4WN,8
SM5 4WP,8
SM5 4WQ,8
SM5 4WR,8
SM5 4WS,8
SM5 4WT,8
SM5 4WU,8
SM5 4WW,8
SM5 4WX,8
SM5 4WY,8
SM5 4WZ,8
SM5 4XA,8
SM5 4XT,8
SM5 4ZF,8
SM5 4ZL,8
SM5 4ZN,8
SM5 4ZP,8
SM5 4ZQ,10
SM5 4ZR,10
SM5 4ZS,10
SM5 4ZT,8
SM5 4ZU,8
SM5 4ZW,8
SM5 4ZX,10
SM5 9AA,
SM5 9AB,
SM5 9AD,
SM5 9AE,
SM5 9AF,
SM5 9AG,8
SM5 9AH,8
SM5 9AJ,8
SM5 9AL,
SM5 9AN,8
SM5 9AP,8
SM5 9AQ,
SM5 9AR,8
SM5 9AS,
SM5 9AT,8
SM5 9AU,8
SM5 9AW,8
SM5 9AX,
SM5 9AY,8
SM5 9AZ,
SM5 9BA,8
SM5 9BD,8
SM5 9BE,
SM5 9BF,8
SM5 9BG,8
SM5 9BH,8
SM5 9BJ,8
SM5 9BL,8
SM5 9BN,8
SM5 9BP,8
SM5 9BQ,8
SM5 9BR,8
SM5 9BS,8
SM5 9BT,8
SM5 9BU,8
SM5 9BW,8
SM5 9BX,8
SM5 9BY,8
SM5 9BZ,8
SM5 9DA,8
SM5 9DB,8
SM5 9DD,8
SM5 9DE,8
SM5 9DG,8
SM5 9DH,8
SM5 9DJ,8
SM5 9DL,8
SM5 9DN,8
SM5 9DP,8
SM5 9DQ,8
SM5 9DR,8
SM5 9DT,8
SM6 0AA,4
SM6 0AB,6
SM6 0AD,8
SM6 0AE,8
SM6 0AF,8
SM6 0AG,8
SM6 0AH,8
SM6 0AJ,8
SM6 0AL,8
SM6 0AN,8
SM6 0AP,8
SM6 0AQ,8
SM6 0AR,8
SM6 0AS,8
SM6 0AT,8
SM6 0AU,8
SM6 0AW,8
SM6 0AX,8
SM6 0AY,8
SM6 0AZ,8
SM6 0BA,8
SM6 0BB,8
SM6 0BD,8
SM6 0BE,8
SM6 0BF,8
SM6 0BG,8
SM6 0BH,8
SM6 0BJ,8
SM6 0BL,4
SM6 0BN,4
SM6 0BP,8
SM6 0BQ,8
SM6 0BS,8
SM6 0BT,6
SM6 0BU,4
SM6 0BW,4
SM6 0BX,6
SM6 0BY,4
SM6 0BZ,8
SM6 0DA,8
SM6 0DB,4
SM6 0DD,8
SM6 0DE,6
SM6 0DF,8
SM6 0DG,8
SM6 0DH,8
SM6 0DJ,8
SM6 0DL,8
SM6 0DN,8
SM6 0DP,8
SM6 0DQ,8
SM6 0DR,8
SM6 0DS,8
SM6 0DT,8
SM6 0DU,8
SM6 0DW,8
SM6 0DX,8
SM6 0DY,8
SM6 0DZ,8
SM6 0EA,8
SM6 0EB,8
SM6 0EF,8
SM6 0EG,8
SM6 0EH,4
SM6 0EL,8
SM6 0EN,8
SM6 0EP,8
SM6 0EQ,8
SM6 0ER,8
SM6 0ES,4
SM6 0ET,10
SM6 0EU,4
SM6 0EW,8
SM6 0EX,4
SM6 0EY,4
SM6 0EZ,4
SM6 0HA,4
SM6 0HB,8
SM6 0HD,4
SM6 0HE,4
SM6 0HF,4
SM6 0HG,4
SM6 0HH,4
SM6 0HJ,4
SM6 0HL,10
SM6 0HN,4
SM6 0HP,4
SM6 0HQ,4
SM6 0HR,4
SM6 0HS,4
SM6 0HT,5
SM6 0HU,5
SM6 0HW,4
SM6 0HX,4
SM6 0HY,4
SM6 0HZ,4
SM6 0JA,4
SM6 0JB,4
SM6 0JD,4
SM6 0JE,4
SM6 0JF,4
SM6 0JG,4
SM6 0JJ,8
SM6 0JL,5
SM6 0JN,4
SM6 0JP,5
SM6 0JQ,5
SM6 0JS,5
SM6 0JY,5
SM6 0JZ,5
SM6 0LG,5
SM6 0LH,5
SM6 0LJ,5
SM6 0LN,8
SM6 0LQ,5
SM6 0LR,5
SM6 0LT,5
SM6 0LX,5
SM6 0LY,5
SM6 0NA,4
SM6 0NB,5
SM6 0ND,5
SM6 0NE,5
SM6 0NF,5
SM6 0NG,5
SM6 0NH,5
SM6 0NJ,5
SM6 0NL,4
SM6 0NN,5
SM6 0NP,8
SM6 0NQ,5
SM6 0NR,5
SM6 0NS,5
SM6 0NT,5
SM6 0NW,5
SM6 0NX,8
SM6 0NY,6
SM6 0NZ,6
SM6 0PA,4
SM6 0PB,6
SM6 0PD,6
SM6 0PE,6
SM6 0PF,4
SM6 0PG,6
SM6 0PH,6
SM6 0PJ,6
SM6 0PL,5
SM6 0PN,5
SM6 0PP,6
SM6 0PQ,6
SM6 0PR,4
SM6 0PS,4
SM6 0PT,4
SM6 0PU,6
SM6 0PW,4
SM6 0PX,6
SM6 0PY,4
SM6 0PZ,6
SM6 0QA,6
SM6 0QB,6
SM6 0QD,6
SM6 0QE,10
SM6 0QF,6
SM6 0QG,10
SM6 0QH,10
SM6 0QJ,6
SM6 0QL,6
SM6 0QN,10
SM6 0QP,6
SM6 0QQ,10
SM6 0QR,6
SM6 0QS,6
SM6 0QT,6
SM6 0QU,10
SM6 0QW,10
SM6 0QX,6
SM6 0QY,10
SM6 0QZ,10
SM6 0RA,10
SM6 0RD,10
SM6 0RG,6
SM6 0RJ,6
SM6 0RL,6
SM6 0RN,6
SM6 0RQ,6
SM6 0RT,6
SM6 0RU,6
SM6 0RW,6
SM6 0RX,6
SM6 0RY,8
SM6 0RZ,10
SM6 0SA,4
SM6 0SB,10
SM6 0SD,10
SM6 0SE,4
SM6 0SF,4
SM6 0SH,6
SM6 0SJ,6
SM6 0SL,6
SM6 0SN,4
SM6 0SP,6
SM6 0SR,6
SM6 0SU,10
SM6 0SW,6
SM6 0SX,4
SM6 0SY,10
SM6 0SZ,10
SM6 0TA,10
SM6 0TB,10
SM6 0TD,4
SM6 0TE,10
SM6 0TF,10
SM6 0TG,6
SM6 0TH,4
SM6 0TJ,4
SM6 0TL,8
SM6 0TN,8
SM6 0TP,6
SM6 0TQ,6
SM6 0TR,6
SM6 0TS,7
SM6 0TT,6
SM6 0TU,6
SM6 0TW,4
SM6 0TX,6
SM6 0TY,6
SM6 0TZ,6
SM6 0UA,6
SM6 0UB,6
SM6 0UD,10
SM6 0UE,8
SM6 0UF,10
SM6 0UG,10
SM6 0UJ,4
SM6 0UL,8
SM6 0UN,8
SM6 0UP,8
SM6 0UQ,8
SM6 0UR,8
SM6 0US,8
SM6 0UT,8
SM6 0UU,8
SM6 0UW,8
SM6 0UX,8
SM6 0UY,8
SM6 0UZ,8
SM6 0WA,8
SM6 0WB,8
SM6 0WD,8
SM6 0WE,8
SM6 0WF,8
SM6 0WG,8
SM6 0WH,8
SM6 0WJ,8
SM6 0WL,8
SM6 0WN,8
SM6 0WP,8
SM6 0WQ,8
SM6 0WR,8
SM6 0WS,8
SM6 0WT,8
SM6 0WU,8
SM6 0WW,8
SM6 0WX,8
SM6 0WY,8
SM6 0WZ,8
SM6 0XA,10
SM6 0XB,8
SM6 0XD,8
SM6 0XE,8
SM6 0XF,8
SM6 0XG,8
SM6 0XH,8
SM6 0XJ,8
SM6 0XL,8
SM6 0XN,8
SM6 0XP,8
SM6 0XQ,8
SM6 0XR,8
SM6 0XS,8
SM6 0XT,8
SM6 0XU,8
SM6 0XW,8
SM6 0XX,8
SM6 0XY,8
SM6 0XZ,8
SM6 0YA,8
SM6 0YB,8
SM6 0YH,8
SM6 0YR,8
SM6 0YS,8
SM6 0YT,8
SM6 0YU,8
SM6 0YW,8
SM6 0YY,4
SM6 0YZ,4
SM6 0ZA,8
SM6 0ZB,8
SM6 0ZD,4
SM6 0ZE,4
SM6 0ZF,4
SM6 0ZG,8
SM6 0ZH,4
SM6 0ZJ,8
SM6 0ZL,8
SM6 0ZN,4
SM6 0ZP,8
SM6 0ZQ,4
SM6 0ZR,4
SM6 0ZS,8
SM6 0ZT,4
SM6 0ZU,4
SM6 0ZW,4
SM6 0ZX,4
SM6 6AA,
SM6 6AB,
SM6 6AD,8
SM6 6AE,
SM6 6AF,8
SM6 6AG,
SM6 6AH,8
SM6 6AJ,8
SM6 6AL,
SM6 6AN,8
SM6 6AP,8
SM6 6AQ,
SM6 6AR,8
SM6 6AS,
SM6 6AT,
SM6 6AU,8
SM6 6AW,8
SM6 6AX,
SM6 6AY,
SM6 6AZ,
SM6 6BA,
SM6 6BB,8
SM6 6BD,8
SM6 6BE,8
SM6 6BF,8
SM6 6BG,8
SM6 6BH,8
SM6 6BJ,8
SM6 6BL,8
SM6 6BN,8
SM6 6BP,8
SM6 6BQ,8
SM6 6BR,8
SM6 6BS,8
SM6 6BT,8
SM6 6BU,8
SM6 6BW,8
SM6 6BY,8
SM6 6BZ,8
SM6 6DA,8
SM6 6DB,8
SM6 6DD,8
SM6 6DE,8
SM6 6DF,8
SM6 6DG,8
SM6 6DH,8
SM6 7AA,5
SM6 7AB,5
SM6 7AD,8
SM6 7AE,5
SM6 7AF,5
SM6 7AG,7
SM6 7AH,5
SM6 7AJ,8
SM6 7AL,6
SM6 7AN,5
SM6 7AP,5
SM6 7AQ,6
SM6 7AR,5
SM6 7AS,5
SM6 7AT,5
SM6 7AU,5
SM6 7AW,5
SM6 7AX,5
SM6 7AY,5
SM6 7AZ,5
SM6 7BA,5
SM6 7BB,5
SM6 7BD,5
SM6 7BE,5
SM6 7BF,5
SM6 7BG,5
SM6 7BH,5
SM6 7BJ,5
SM6 7BL,5
SM6 7BN,5
SM6 7BP,7
SM6 7BQ,5
SM6 7BS,7
SM6 7BT,7
SM6 7BU,7
SM6 7BW,7
SM6 7BX,8
SM6 7BY,8
SM6 7BZ,6
SM6 7DA,5
SM6 7DB,8
SM6 7DD,8
SM6 7DE,6
SM6 7DF,6
SM6 7DG,8
SM6 7DH,8
SM6 7DJ,8
SM6 7DL,8
SM6 7DN,8
SM6 7DP,5
SM6 7DQ,7
SM6 7DR,8
SM6 7DS,5
SM6 7DT,7
SM6 7DU,7
SM6 7DW,8
SM6 7DX,5
SM6 7DY,5
SM6 7DZ,7
SM6 7EA,7
SM6 7EB,5
SM6 7ED,8
SM6 7EE,7
SM6 7EF,7
SM6 7EG,7
SM6 7EH,7
SM6 7EJ,7
SM6 7EL,5
SM6 7EN,7
SM6 7EP,7
SM6 7EQ,7
SM6 7ER,7
SM6 7ES,7
SM6 7ET,7
SM6 7EU,8
SM6 7EW,7
SM6 7EX,7
SM6 7EY,5
SM6 7EZ,5
SM6 7FA,5
SM6 7FD,5
SM6 7FE,5
SM6 7FF,5
SM6 7FH,8
SM6 7FJ,6
SM6 7FT,5
SM6 7GB,5
SM6 7GE,5
SM6 7GH,7
SM6 7HA,5
SM6 7HB,5
SM6 7HD,5
SM6 7HE,7
SM6 7HF,5
SM6 7HG,8
SM6 7HH,5
SM6 7HJ,5
SM6 7HL,5
SM6 7HN,5
SM6 7HP,5
SM6 7HQ,5
SM6 7HS,5
SM6 7HT,5
SM6 7HW,5
SM6 7HX,8
SM6 7HY,8
SM6 7HZ,6
SM6 7JA,8
SM6 7JB,6
SM6 7JD,8
SM6 7JE,6
SM6 7JF,8
SM6 7JG,8
SM6 7JH,8
SM6 7JJ,6
SM6 7JL,8
SM6 7JN,8
SM6 7JP,7
SM6 7JQ,8
SM6 7JR,5
SM6 7JS,7
SM6 7JT,7
SM6 7JU,5
SM6 7JW,8
SM6 7JX,7
SM6 7JY,8
SM6 7JZ,8
SM6 7LA,8
SM6 7LB,8
SM6 7LD,8
SM6 7LE,8
SM6 7LF,6
SM6 7LG,6
SM6 7LH,6
SM6 7LJ,8
SM6 7LN,8
SM6 7LP,5
SM6 7LQ,8
SM6 7LR,5
SM6 7LS,5
SM6 7LT,5
SM6 7LU,5
SM6 7LW,5
SM6 7LX,6
SM6 7LY,6
SM6 7LZ,6
SM6 7NA,6
SM6 7NB,6
SM6 7ND,6
SM6 7NE,6
SM6 7NF,6
SM6 7NG,6
SM6 7NH,5
SM6 7NJ,5
SM6 7NL,5
SM6 7NN,5
SM6 7NP,5
SM6 7NQ,6
SM6 7NR,8
SM6 7NS,8
SM6 7NT,8
SM6 7NU,8
SM6 7NW,5
SM6 7NX,4
SM6 7NY,4
SM6 7NZ,4
SM6 7PB,4
SM6 7PD,4
SM6 7PE,4
SM6 7PF,4
SM6 7PH,8
SM6 7PJ,4
SM6 7QA,8
SM6 7QB,5
SM6 7QD,5
SM6 7QE,5
SM6 7QF,5
SM6 7QG,5
SM6 7QH,5
SM6 7QJ,5
SM6 7QL,5
SM6 7QN,7
SM6 7QQ,5
SM6 7QR,5
SM6 7QT,5
SM6 7QU,5
SM6 7QW,7
SM6 7QX,5
SM6 7WA,8
SM6 7WB,8
SM6 7WD,8
SM6 7WE,8
SM6 7WF,8
SM6 7WG,8
SM6 7WH,8
SM6 7WJ,8
SM6 7WL,8
SM6 7WN,8
SM6 7WP,8
SM6 7WQ,8
SM6 7WR,8
SM6 7WS,8
SM6 7WT,8
SM6 7WU,8
SM6 7WW,8
SM6 7WX,8
SM6 7WY,8
SM6 7WZ,8
SM6 7XY,8
SM6 7XZ,8
SM6 7YB,8
SM6 7YP,8
SM6 7YQ,8
SM6 7YT,8
SM6 7YZ,8
SM6 7ZJ,8
SM6 7ZL,8
SM6 7ZN,7
SM6 7ZP,7
SM6 7ZQ,8
SM6 7ZR,7
SM6 7ZS,8
SM6 7ZT,5
SM6 7ZU,7
SM6 7ZW,7
SM6 7ZX,7
SM6 8AA,6
SM6 8AB,6
SM6 8AD,6
SM6 8AE,6
SM6 8AF,6
SM6 8AG,6
SM6 8AH,6
SM6 8AJ,8
SM6 8AL,6
SM6 8AN,6
SM6 8AP,6
SM6 8AQ,6
SM6 8AR,4
SM6 8AS,9
SM6 8AT,4
SM6 8AU,4
SM6 8AW,6
SM6 8AX,4
SM6 8AY,4
SM6 8AZ,4
SM6 8BA,4
SM6 8BB,4
SM6 8BD,4
SM6 8BE,6
SM6 8BF,6
SM6 8BG,4
SM6 8BH,8
SM6 8BJ,4
SM6 8BL,4
SM6 8BN,4
SM6 8BP,6
SM6 8BQ,4
SM6 8BS,6
SM6 8BT,6
SM6 8BU,6
SM6 8BW,6
SM6 8BX,4
SM6 8BY,4
SM6 8BZ,6
SM6 8DA,8
SM6 8DD,8
SM6 8DE,6
SM6 8DF,6
SM6 8DG,6
SM6 8DH,6
SM6 8DJ,5
SM6 8DL,5
SM6 8DN,6
SM6 8DP,6
SM6 8DQ,6
SM6 8DR,6
SM6 8DS,6
SM6 8DT,6
SM6 8DX,5
SM6 8DY,5
SM6 8DZ,5
SM6 8EA,9
SM6 8ED,5
SM6 8EE,3
SM6 8EG,5
SM6 8EH,5
SM6 8EJ,6
SM6 8EL,9
SM6 8EN,9
SM6 8EP,6
SM6 8EQ,5
SM6 8ER,6
SM6 8ES,9
SM6 8ET,9
SM6 8EU,6
SM6 8EW,9
SM6 8EX,6
SM6 8EY,9
SM6 8EZ,9
SM6 8FA,9
SM6 8HB,9
SM6 8HD,9
SM6 8HE,9
SM6 8HF,9
SM6 8HG,9
SM6 8HL,9
SM6 8HN,9
SM6 8HP,9
SM6 8HQ,9
SM6 8HR,9
SM6 8HS,9
SM6 8HW,9
SM6 8HX,9
SM6 8HY,6
SM6 8HZ,6
SM6 8JA,6
SM6 8JB,6
SM6 8JD,6
SM6 8JE,6
SM6 8JF,9
SM6 8JH,8
SM6 8JN,8
SM6 8JP,9
SM6 8JQ,6
SM6 8JR,5
SM6 8JS,8
SM6 8JT,8
SM6 8JU,8
SM6 8JW,8
SM6 8JX,8
SM6 8JY,8
SM6 8JZ,8
SM6 8LA,8
SM6 8LB,8
SM6 8LD,8
SM6 8LE,8
SM6 8LF,8
SM6 8LG,8
SM6 8LH,8
SM6 8LJ,8
SM6 8LL,8
SM6 8LN,8
SM6 8LP,5
SM6 8LQ,8
SM6 8LR,5
SM6 8LS,5
SM6 8LT,5
SM6 8LU,5
SM6 8LW,5
SM6 8LX,8
SM6 8LY,9
SM6 8LZ,8
SM6 8NA,9
SM6 8NB,9
SM6 8ND,5
SM6 8NE,9
SM6 8NF,9
SM6 8NG,9
SM6 8NH,9
SM6 8NP,9
SM6 8NQ,9
SM6 8NR,9
SM6 8NS,9
SM6 8NT,9
SM6 8NU,9
SM6 8NW,9
SM6 8NX,8
SM6 8NY,8
SM6 8NZ,9
SM6 8PB,8
SM6 8PD,8
SM6 8PE,8
SM6 8PF,5
SM6 8PH,9
SM6 8PJ,9
SM6 8PL,9
SM6 8PN,5
SM6 8PP,3
SM6 8PQ,9
SM6 8PR,3
SM6 8PS,3
SM6 8PT,3
SM6 8PU,3
SM6 8PW,3
SM6 8PX,5
SM6 8PY,3
SM6 8PZ,5
SM6 8QA,5
SM6 8QB,5
SM6 8QD,5
SM6 8QE,5
SM6 8QF,5
SM6 8QG,5
SM6 8QH,8
SM6 8QJ,5
SM6 8QL,5
SM6 8QN,5
SM6 8QP,3
SM6 8QQ,3
SM6 8QR,3
SM6 8QS,3
SM6 8QT,3
SM6 8QU,5
SM6 8QW,5
SM6 8QX,5
SM6 8QY,8
SM6 8QZ,5
SM6 8RA,5
SM6 8RB,5
SM6 8RD,8
SM6 8RE,5
SM6 8RF,5
SM6 8RG,5
SM6 8RH,5
SM6 8RJ,9
SM6 8RL,5
SM6 8RN,5
SM6 8RP,5
SM6 8RQ,5
SM6 8RR,8
SM6 8RS,5
SM6 8RT,5
SM6 8RU,5
SM6 8RW,5
SM6 8RX,5
SM6 8RY,5
SM6 8RZ,6
SM6 8SA,8
SM6 8SB,8
SM6 8SD,8
SM6 8SE,8
SM6 8SF,6
SM6 8SG,8
SM6 8SH,6
SM6 8SJ,6
SM6 8SL,6
SM6 8SN,6
SM6 8SP,6
SM6 8SQ,6
SM6 8SR,6
SM6 8SS,6
SM6 8ST,6
SM6 8SU,6
SM6 8SW,6
SM6 8SX,6
SM6 8SY,8
SM6 8TA,8
SM6 8TB,6
SM6 8TD,6
SM6 8TE,6
SM6 8TF,6
SM6 8TG,6
SM6 8TH,3
SM6 8TJ,3
SM6 8TL,6
SM6 8TN,3
SM6 8TP,3
SM6 8TQ,6
SM6 8TR,9
SM6 8TS,3
SM6 8TT,3
SM6 8TU,9
SM6 8TW,3
SM6 8TX,8
SM6 8TY,8
SM6 8UA,9
SM6 8UB,3
SM6 8UD,3
SM6 8UE,8
SM6 8UF,4
SM6 8UG,4
SM6 8UH,4
SM6 8UJ,4
SM6 8UL,8
SM6 8UN,4
SM6 8UP,8
SM6 8UQ,8
SM6 8UR,6
SM6 8US,9
SM6 8UT,9
SM6 8UU,8
SM6 8UW,9
SM6 8UX,8
SM6 8UY,9
SM6 8UZ,8
SM6 8WA,8
SM6 8WB,8
SM6 8WD,8
SM6 8WE,8
SM6 8WF,8
SM6 8WG,8
SM6 8WH,8
SM6 8WJ,8
SM6 8WL,8
SM4 6RW,3
SM4 6RY,4
SM4 6SB,4
SM4 6SD,4
SM4 6SE,4
SM4 6SF,4
SM4 6SG,2
SM4 6SH,2
SM4 6SJ,2
SM4 6SL,2
SM4 6SN,4
SM4 6SP,4
SM4 6SQ,2
SM4 6SR,4
SM4 6SS,4
SM4 6ST,4
SM4 6SU,7
SM4 6SW,6
SM4 6SX,6
SM4 6TP,6
SM4 6TT,6
SM4 6WA,6
SM4 6WB,6
SM4 6WE,6
SM4 6WL,6
SM4 6WR,6
SM4 6WT,6
SM4 6WZ,6
SM4 6XA,6
SM4 6YQ,6
SM4 6ZA,4
SM4 6ZB,6
SM4 6ZD,4
SM4 6ZN,6
SM4 6ZP,6
SM4 6ZQ,6
SM4 6ZR,4
SM4 6ZS,4
SM4 6ZW,6
SM4 6ZX,6
SM4 9AA,6
SM4 9AB,6
SM4 9AD,6
SM4 9AE,6
SM4 9AF,6
SM4 9AG,6
SM4 9AH,6
SM4 9AJ,6
SM4 9AL,6
SM4 9AN,6
SM4 9AP,6
SM4 9AQ,6
SM4 9AR,6
SM4 9AS,6
SM4 9AT,6
SM4 9AU,6
SM4 9AW,6
SM4 9AX,6
SM4 9AY,6
SM4 9AZ,6
SM4 9BA,6
SM4 9BB,6
SM4 9BD,6
SM4 9BE,6
SM4 9BF,6
SM4 9BG,6
SM4 9BH,6
SM4 9BJ,6
SM4 9BL,6
SM4 9BN,6
SM4 9BP,6
SM4 9BQ,6
SM4 9BR,6
SM4 9BS,6
SM4 9BT,6
SM4 9BU,6
SM4 9BW,6
SM4 9BX,6
SM4 9BY,6
SM4 9BZ,6
SM4 9DA,6
SM4 9DB,6
SM4 9DD,6
SM4 9DE,6
SM4 9DF,6
SM4 9DG,6
SM4 9DH,6
SM4 9DJ,6
SM4 9DL,6
SM4 9DN,6
SM4 9DP,6
SM4 9DQ,6
SM4 9DR,6
SM4 9DS,6
SM4 9DT,6
SM4 9DU,6
SM4 9DW,6
SM4 9DX,6
SM4 9DY,6
SM4 9DZ,6
SM4 9EA,6
SM4 9EB,6
SM4 9ED,6
SM4 9EE,6
SM4 9EF,6
SM4 9EG,6
SM4 9EH,6
SM4 9EJ,6
SM4 9EL,6
SM4 9EN,6
SM4 9EP,6
SM4 9SA,6
SM4 9SB,6
SM4 9SD,6
SM4 9SE,6
SM4 9SF,6
SM4 9SG,6
SM4 9SH,6
SM4 9SJ,6
SM4 9SL,6
SM4 9SN,6
SM4 9SP,6
SM4 9SQ,6
SM4 9SR,6
SM4 9SS,6
SM4 9ST,6
SM4 9SU,6
SM4 9SW,6
SM4 9SX,6
SM4 9SY,6
SM4 9SZ,6
SM4 9TA,6
SM4 9TB,6
SM4 9WA,6
SM4 9ZZ,6
SM5 1AA,4
SM5 1AB,4
SM5 1AD,3
SM5 1AF,3
SM5 1AG,3
SM5 1AH,2
SM5 1AJ,2
SM5 1AL,3
SM5 1AP,2
SM5 1AQ,8
SM5 1AR,2
SM5 1AU,3
SM5 1AW,2
SM5 1AX,3
SM5 1AY,2
SM5 1AZ,3
SM5 1BD,3
SM5 1BH,3
SM5 1BJ,3
SM5 1BL,2
SM5 1BP,2
SM5 1BQ,3
SM5 1BS,2
SM5 1BT,2
SM5 1BU,2
SM5 1BX,2
SM5 1BY,2
SM5 1BZ,3
SM5 1DA,3
SM5 1DB,3
SM5 1DD,3
SM5 1DF,3
SM5 1DG,4
SM5 1DH,4
SM5 1DL,8
SM5 1DN,4
SM5 1DP,3
SM5 1DQ,8
SM5 1DR,3
SM5 1DS,3
SM5 1DT,3
SM5 1DW,3
SM5 1DX,8
SM5 1DZ,3
SM5 1EA,3
SM5 1EE,3
SM5 1EH,3
SM5 1EJ,3
SM5 1EL,3
SM5 1EN,3
SM5 1EP,3
SM5 1EQ,3
SM5 1ER,3
SM5 1ES,3
SM5 1ET,3
SM5 1EW,3
SM5 1EX,3
SM5 1EY,3
SM5 1EZ,3
SM5 1HA,3
SM5 1HE,2
SM5 1HH,3
SM5 1HJ,3
SM5 1HL,3
SM5 1HN,3
SM5 1HP,3
SM5 1HR,3
SM5 1HS,3
SM5 1HT,3
SM5 1HU,3
SM5 1HW,3
SM5 1HX,3
SM5 1HZ,3
SM5 1JA,2
SM5 1JB,3
SM5 1JD,3
SM5 1JE,3
SM5 1JF,3
SM5 1JG,3
SM5 1JH,3
SM5 1JJ,3
SM5 1JL,3
SM5 1JN,3
SM5 1JP,3
SM5 1JQ,3
SM5 1JR,3
SM5 1JS,3
SM5 1JU,3
SM5 1JW,3
SM5 1JX,3
SM5 1JY,3
SM5 1JZ,3
SM5 1LA,3
SM5 1LB,3
SM5 1LD,3
SM5 1LE,3
SM5 1LF,3
SM5 1LG,3
SM5 1LH,8
SM5 1LJ,4
SM5 1LN,4
SM5 1LP,4
SM5 1LQ,3
SM5 1LR,4
SM5 1LT,3
SM5 1LU,4
SM5 1LW,4
SM5 1LX,3
SM5 1LY,3
SM5 1LZ,3
SM5 1NA,3
SM5 1NB,3
SM5 1ND,3
SM5 1NE,3
SM5 1NF,4
SM5 1NG,3
SM5 1NH,3
SM5 1NJ,3
SM5 1NL,3
SM5 1NN,3
SM5 1NP,3
SM5 1NQ,3
SM5 1NR,3
SM5 1NT,4
SM5 1NU,4
SM5 1NW,3
SM5 1NX,4
SM5 1NY,4
SM5 1NZ,4
SM5 1PD,4
SM5 1PE,4
SM5 1PF,4
SM5 1PG,4
SM5 1PH,4
SM5 1PL,3
SM5 1PN,3
SM5 1PP,3
SM5 1PQ,4
SM5 1PR,3
SM5 1PS,3
SM5 1PT,3
SM5 1PU,3
SM5 1PW,3
SM5 1PX,3
SM5 1PY,3
SM5 1PZ,3
SM5 1QA,3
SM5 1QB,3
SM5 1QD,3
SM5 1QE,3
SM5 1QF,3
SM5 1QG,3
SM5 1QH,3
SM5 1QJ,3
SM5 1QL,3
SM5 1QN,3
SM5 1QP,3
SM5 1QQ,3
SM5 1QR,3
SM5 1QS,3
SM5 1QT,3
SM5 1QU,3
SM5 1QW,3
SM5 1QX,3
SM5 1RB,5
SM5 1RD,5
SM5 1RE,5
SM5 1RF,5
SM5 1RG,3
SM5 1RH,5
SM5 1RN,5
SM5 1RQ,3
SM5 1RR,3
SM5 1RS,5
SM5 1RT,3
SM5 1RU,3
SM5 1RW,5
SM5 1RZ,3
SM5 1SA,3
SM5 1SB,3
SM5 1SD,3
SM5 1SE,3
SM5 1SF,3
SM5 1SG,3
SM5 1SH,3
SM5 1SL,3
SM5 1SQ,3
SM5 1SR,3
SM5 1SU,3
SM5 1SW,3
SM5 1TA,3
SM5 1TB,3
SM5 1TD,3
SM5 1TE,3
SM5 1TF,3
SM5 1TG,3
SM5 1TH,5
SM5 1TJ,3
SM5 1TP,3
SM5 1TQ,3
SM5 1TR,5
SM5 1TS,5
SM5 1TU,5
SM5 1TW,3
SM5 1TX,4
SM5 1TY,4
SM5 1TZ,5
SM5 1UA,4
SM5 1WB,8
SM5 1WD,8
SM5 1WH,8
SM5 1WP,8
SM5 1WT,8
SM5 1WU,8
SM5 1WW,8
SM5 1WX,8
SM5 1WY,8
SM5 1WZ,8
SM5 1XA,4
SM5 1XB,3
SM5 1XD,4
SM5 1XE,10
SM5 1XF,10
SM5 1XG,10
SM5 1XH,3
SM5 1XJ,3
SM5 1XL,3
SM5 1XN,4
SM5 1XP,4
SM5 1XQ,7
SM5 1YA,8
SM5 1YW,8
SM5 1ZL,3
SM5 1ZT,3
SM5 1ZU,8
SM5 1ZW,8
SM5 1ZX,8
SM5 2AA,6
SM5 2AB,6
SM5 2AD,5
SM5 2AE,6
SM5 2AF,6
SM5 2AG,6
SM5 2AH,6
SM5 2AJ,6
SM5 2AL,6
SM5 2AN,5
SM5 2AP,8
SM5 2AQ,6
SM5 2AR,5
SM5 2AS,5
SM5 2AT,5
SM5 2AU,5
SM5 2AW,3
SM5 2AX,5
SM5 2AY,5
SM5 2AZ,5
SM5 2BA,5
SM5 2BB,6
SM5 2BD,5
SM5 2BE,5
SM5 2BF,8
SM5 2BG,5
SM5 2BH,6
SM5 2BJ,5
SM5 2BL,6
SM5 2BN,6
SM5 2BP,6
SM5 2BQ,5
SM5 2BS,6
SM5 2BT,5
SM5 2BU,5
SM5 2BW,6
SM5 2BX,5
SM5 2BY,5
SM5 2BZ,5
SM5 2DA,5
SM5 2DB,8
SM5 2DD,6
SM5 2DE,6
SM5 2DF,8
SM5 2DG,5
SM5 2DH,6
SM5 2DJ,6
SM5 2DL,6
SM5 2DN,6
SM5 2DP,5
SM5 2DQ,6
SM5 2DR,6
SM5 2DS,5
SM5 2DT,5
SM5 2DU,5
SM5 2DW,5
SM5 2DX,5
SM5 2DY,5
SM5 2DZ,6
SM5 2EA,5
SM5 2EB,5
SM5 2ED,6
SM5 2EE,6
SM5 2EF,5
SM5 2EG,6
SM5 2EH,5
SM5 2EJ,6
SM5 2EL,6
SM5 2EN,6
SM5 2EP,6
SM5 2EQ,5
SM5 2ER,5
SM5 2ES,6
SM5 2ET,5
SM5 2EU,6
SM5 2EW,8
SM5 2EX,6
SM5 2EY,6
SM5 2EZ,6
SM5 2FA,5
SM5 2FB,5
SM5 2FD,5
SM5 2FE,5
SM5 2FF,8
SM5 2FG,5
SM5 2FH,5
SM5 2FJ,5
SM5 2FL,5
SM5 2FN,5
SM5 2FP,5
SM5 2FQ,7
SM5 2FR,5
SM5 2FW,5
SM5 2GB,8
SM5 2GN,5
SM5 2GY,8
SM5 2HA,6
SM5 2HB,6
SM5 2HD,6
SM5 2HE,6
SM5 2HF,8
SM5 2HG,7
SM5 2HH,7
SM5 2HJ,6
SM5 2HN,7
SM5 2HP,7
SM5 2HQ,8
SM5 2HR,6
SM5 2HS,5
SM5 2HT,5
SM5 2HU,5
SM5 2HW,5
SM5 2HX,5
SM5 2HY,5
SM5 2HZ,5
SM5 2JA,7
SM5 2JB,5
SM5 2JD,5
SM5 2JE,7
SM5 2JF,7
SM5 2JG,7
SM5 2JH,7
SM5 2JJ,7
SM5 2JL,7
SM5 2JN,7
SM5 2JP,7
SM5 2JQ,7
SM5 2JR,5
SM5 2JS,5
SM5 2JT,7
SM5 2JU,7
SM5 2JW,7
SM5 2JX,5
SM5 2JY,5
SM5 2JZ,5
SM5 2LA,5
SM5 2LB,5
SM5 2LD,7
SM5 2LE,5
SM5 2LF,6
SM5 2LG,6
SM5 2LH,5
SM5 2LL,6
SM5 2LN,6
SM5 2LP,6
SM5 2LQ,5
SM5 2LR,6
SM5 2LS,6
SM5 2LT,6
SM5 2LU,6
SM5 2LW,5
SM5 2LX,6
SM5 2LY,6
SM5 2LZ,7
SM5 2NB,7
SM5 2NE,7
SM5 2NF,7
SM5 2NG,7
SM5 2NH,7
SM5 2NJ,7
SM5 2NL,6
SM5 2NP,5
SM5 2NQ,7
SM5 2NR,5
SM5 2NS,7
SM5 2NT,7
SM5 2NU,9
SM5 2NW,8
SM5 2NZ,9
SM5 2PA,9
SM5 2PB,9
SM5 2PE,9
SM5 2PF,9
SM5 2PG,9
SM5 2PH,9
SM5 2PN,5
SM5 2PP,9
SM5 2PQ,9
SM5 2PR,5
SM5 2PS,5
SM5 2PT,5
SM5 2PU,8
SM5 2PW,9
SM5 2PX,5
SM5 2PY,5
SM5 2PZ,5
SM5 2QA,5
SM5 2QB,5
SM5 2QD,8
SM5 2QE,5
SM5 2QG,5
SM5 2QJ,5
SM5 2QR,5
SM5 2QS,5
SM5 2QT,5
SM5 2QU,5
SM5 2QX,9
SM5 2QZ,5
SM5 2RA,5
SM5 2RB,5
SM5 2RD,5
SM5 2RE,5
SM5 2RF,5
SM5 2RG,8
SM5 2RH,5
SM5 2RJ,8
SM5 2RL,5
SM5 2RN,5
SM5 2RP,3
SM5 2RQ,5
SM5 2RR,3
SM5 2RS,3
SM5 2RT,3
SM5 2RU,3
SM5 2RW,8
SM5 2RX,3
SM5 2SB,5
SM5 2SD,3
SM5 2SE,3
SM5 2SF,5
SM5 2SG,5
SM5 2SH,3
SM5 2SJ,3
SM5 2SL,3
SM5 2SN,5
SM5 2SP,5
SM5 2SQ,3
SM5 2SR,6
SM5 2SS,5
SM5 2ST,6
SM5 2SU,6
SM5 2SW,5
SM5 2SX,3
SM5 2SY,3
SM5 2SZ,3
SM5 2TA,3
SM5 2TB,3
SM5 2TD,5
SM5 2TF,5
SM5 2TG,6
SM5 2TH,5
SM5 2TJ,6
SM5 2TL,6
SM5 2TN,6
SM5 2TP,6
SM5 2TQ,6
SM5 2TR,6
SM5 2TS,6
SM5 2TT,6
SM5 2TU,6
SM5 2TW,6
SM5 2TX,6
SM5 2TY,6
SM5 2TZ,5
SM5 2UT,8
SM5 2UY,8
SM5 2UZ,8
SM5 2WA,8
SM5 2WB,8
SM5 2WD,8
SM5 2WE,8
SM5 2WF,8
SM5 2WG,8
SM5 2WH,8
SM5 2WJ,8
SM5 2WL,8
SM5 2WN,8
SM5 2WP,8
SM5 2WQ,8
SM5 2WR,8
SM5 2WS,8
SM5 2WT,8
SM5 2WU,8
SM5 2WW,8
SM5 2WX,8
SM5 2WY,8
SM5 2WZ,8
SM5 2XA,8
SM5 2XB,8
SM5 2XD,8
SM5 2XE,8
SM5 2XF,8
SM5 2XG,8
SM5 2XH,8
SM5 2XR,8
SM5 2XS,8
SM5 2XT,8
SM5 2XU,8
SM5 2XW,8
SM5 2XX,8
SM5 2XY,8
SM5 2YB,8
SM5 2YQ,8
SM5 2YZ,8
SM5 2ZN,8
SM5 2ZP,6
SM5 2ZQ,8
SM5 2ZR,6
SM5 2ZS,8
SM5 2ZT,6
SM5 2ZU,6
SM5 2ZW,8
SM5 2ZX,6
SM5 3AA,6
SM5 3AB,6
SM5 3AD,8
SM5 3AE,5
SM5 3AF,5
SM5 3AG,7
SM5 3AH,7
SM5 3AJ,8
SM5 3AL,5
SM5 3AN,8
SM5 3AP,5
SM5 3AQ,7
SM5 3AR,5
SM5 3AT,5
SM5 3AU,9
SM5 3AW,9
SM5 3AX,5
SM5 3AY,7
SM5 3AZ,7
SM5 3BA,5
SM5 3BB,5
SM5 3BD,5
SM5 3BG,5
SM5 3BH,7
SM5 3BJ,7
SM5 3BL,7
SM5 3BN,7
SM5 3BP,7
SM5 3BQ,7
SM5 3BS,7
SM5 3BW,7
SM5 3BX,7
SM5 3BY,7
SM5 3BZ,9
SM5 3DB,7
SM5 3DD,7
SM5 3DE,7
SM5 3DG,7
SM5 3DH,7
SM5 3DJ,5
SM5 3DL,5
SM5 3DN,5
SM5 3DT,6
SM5 3DU,5
SM5 3DW,5
SM5 3DX,6
SM5 3DY,8
SM5 3DZ,7
SM5 3ED,7
SM5 3EE,8
SM5 3EF,6
SM5 3EH,4
SM5 3EJ,10
SM5 3EN,10
SM5 3EP,10
SM5 3ES,7
SM5 3ET,7
SM5 3EU,9
SM5 3EW,10
SM5 3EX,10
SM5 3EZ,9
SM5 3FW,8
SM5 3GQ,8
SM5 3HA,9
SM5 3HB,9
SM5 3HD,9
SM5 3HE,9
SM5 3HF,9
SM5 3HG,10
SM5 3HL,10
SM5 3HN,10
SM5 3HP,10
SM5 3HQ,10
SM5 3HT,10
SM5 3HU,6
SM5 3HW,10
SM5 3HX,6
SM5 3HY,10
SM5 3HZ,10
SM5 3JA,10
SM5 3JB,10
SM5 3JD,10
SM5 3JE,10
SM5 3JF,6
SM5 3JG,10
SM5 3JH,6
SM5 3JJ,6
SM5 3JL,10
SM5 3JN,6
SM5 3JP,10
SM5 3JR,10
SM5 3JU,10
SM5 3JW,10
SM5 3JX,10
SM5 3JZ,10
SM5 3LA,10
SM5 3LB,10
SM5 3LD,10
SM5 3LF,10
SM5 3LG,10
SM5 3LH,10
SM5 3LJ,10
SM5 3LL,10
SM5 3LN,10
SM5 3LQ,10
SM5 3LS,10
SM5 3LT,10
SM5 3LW,10
SM5 3LY,10
SM5 3LZ,10
SM5 3NA,10
SM5 3ND,10
SM5 3NF,10
SM5 3NG,10
SM5 3NH,10
SM5 3NJ,10
SM5 3NL,10
SM5 3NN,10
SM5 3NP,10
SM5 3NQ,10
SM5 3NR,9
SM5 3NS,9
SM5 3NW,10
SM5 3NX,5
SM5 3NY,5
SM5 3PB,5
SM5 3PD,7
SM5 3PE,7
SM5 3PF,7
SM5 3PG,7
SM5 3PL,7
SM5 3PN,7
SM5 3PQ,9
SM5 3PS,9
SM5 3PT,7
SM5 3PU,9
SM5 3PX,9
SM5 3PY,9
SM5 3PZ,9
SM5 3QB,9
SM5 3QD,9
SM5 3QE,9
SM5 3QF,9
SM5 3QG,9
SM5 3QH,9
SM5 3QJ,9
SM5 3QN,9
SM5 3QP,9
SM5 3QQ,9
SM5 3QR,9
SM5 3QS,9
SM5 3QT,9
SM5 3QU,9
SM5 3QW,9
SM5 3QX,9
SM5 3QY,9
SM5 3QZ,9
SM5 3RA,9
SM5 3RB,9
SM5 3RD,7
SM5 3RE,10
SM5 3RF,10
SM5 3RG,10
SM5 3RJ,7
SM5 3RL,7
SM5 3RN,7
SM5 3RP,9
SM5 3RR,9
SM5 3RS,9
SM5 3RT,9
SM5 3RU,9
SM5 3RW,7
SM5 3RZ,9
SM5 3SA,9
SM5 3SB,9
SM5 3SD,9
SM5 3SE,9
SM5 3SF,9
SM5 3SG,9
SM5 3SJ,9
SM5 3SP,7
SM5 3SR,7
SM5 3SS,7
SM5 3ST,7
SM5 3SU,7
SM5 3SW,9
SM5 3SX,7
SM5 3TA,5
SM5 3TB,5
SM5 3TE,5
SM5 3TF,5
SM5 3TG,6
SM5 3TH,9
SM5 3TJ,8
SM5 3TL,5
SM5 3TN,10
SM5 3TP,8
SM5 3TQ,9
SM5 3WA,8
SM5 3WB,8
SM5 3WD,8
SM5 3WE,8
SM5 3WF,8
SM5 3WG,8
SM5 3WH,8
SM5 3WN,8
SM5 3WQ,8
SM5 3WS,8
SM5 3WT,8
SM5 3WU,8
SM5 3WW,8
SM5 3WX,8
SM5 3WY,8
SM5 3WZ,8
SM5 3XA,8
SM5 3XF,8
SM5 3YB,8
SM5 3YQ,8
SM5 3YT,8
SM5 3YZ,8
SM5 3ZA,8
SM5 3ZD,9
SM5 3ZE,9
SM5 3ZF,8
SM5 3ZG,8
SM5 3ZH,9
SM5 3ZJ,9
SM5 3ZL,8
SM5 3ZN,8
SM5 3ZP,8
SM5 3ZQ,9
SM5 3ZR,9
SM5 3ZS,9
SM5 3ZT,8
SM5 3ZU,9
SM5 3ZW,9
SM5 3ZX,10
SM5 4AA,10
SM5 4AB,10
SM5 4AD,10
SM5 4AE,6
SM5 4AF,10
SM5 4AG,10
SM5 4AH,8
SM5 4AJ,6
SM5 4AL,6
SM5 4AN,6
SM5 4AP,6
SM5 4AQ,10
SM5 4AS,10
SM5 4AT,10
SM5 4AU,6
SM5 4AW,10
SM5 4AX,8
SM5 4AY,6
SM5 4AZ,6
SM5 4BA,10
SM5 4BB,6
SM5 4BD,6
SM5 4BE,6
SM5 4BF,6
SM5 4BJ,6
SM5 4BP,6
SM5 4BX,6
SM5 4BY,6
SM5 4DD,6
SM5 4DH,6
SM5 4DN,8
SM5 4DP,10
SM5 4DQ,6
SM5 4DR,8
SM5 4DS,6
SM5 4DT,6
SM5 4DW,10
SM5 4EA,10
SM5 4EF,6
SM5 4EG,10
SM5 4EH,10
SM5 4EJ,10
SM5 4EL,10
SM5 4EN,10
SM5 4EP,10
SM5 4EQ,10
SM5 4ES,10
SM5 4ET,8
SM5 4EU,10
SM5 4EW,10
SM5 4FL,10
SM5 4HA,10
SM5 4HB,10
SM5 4HD,10
SM5 4HE,6
SM5 4HL,10
SM5 4HN,9
SM5 4HP,10
SM5 4HQ,10
SM5 4HR,9
SM5 4HS,9
SM5 4HT,6
SM5 4HW,10
SM5 4HZ,9
SM5 4JA,9
SM5 4JF,9
SM5 4JH,10
SM5 4JJ,10
SM5 4JL,10
SM5 4JN,10
SM5 4JS,10
SM5 4JT,10
SM5 4JU,10
SM5 4JW,10
SM5 4JX,10
SM5 4JZ,8
SM5 4LA,10
SM5 4LB,6
SM5 4LD,6
SM5 4LE,6
SM5 4LF,6
SM5 4LG,6
SM5 4LH,6
SM5 4LJ,6
SM5 4LL,6
SM5 4LN,6
SM5 4LP,6
SM5 4LQ,6
SM6 8WN,8
SM6 8WP,8
SM6 8WQ,8
SM6 8WR,8
SM6 8WS,8
SM6 8WT,8
SM6 8WU,8
SM6 8WW,8
SM6 8WX,8
SM6 8WY,8
SM6 8WZ,8
SM6 8XA,8
SM6 8XB,8
SM6 8XD,8
SM6 8XE,8
SM6 8XX,8
SM6 8XY,8
SM6 8XZ,8
SM6 8YA,8
SM6 8YQ,8
SM6 8ZN,8
SM6 8ZP,9
SM6 8ZQ,8
SM6 8ZR,9
SM6 8ZS,8
SM6 8ZT,9
SM6 8ZU,8
SM6 8ZW,8
SM6 8ZY,8
SM6 9AA,8
SM6 9AB,8
SM6 9AD,2
SM6 9AE,8
SM6 9AF,2
SM6 9AG,5
SM6 9AH,5
SM6 9AJ,5
SM6 9AL,8
SM6 9AN,8
SM6 9AP,5
SM6 9AQ,5
SM6 9AR,5
SM6 9AS,5
SM6 9AT,8
SM6 9AU,5
SM6 9AW,2
SM6 9AX,5
SM6 9AY,5
SM6 9AZ,8
SM6 9BA,5
SM6 9BB,5
SM6 9BD,8
SM6 9BE,5
SM6 9BF,2
SM6 9BG,3
SM6 9BH,8
SM6 9BJ,3
SM6 9BL,5
SM6 9BN,3
SM6 9BP,2
SM6 9BQ,5
SM6 9BS,3
SM6 9BT,5
SM6 9BU,5
SM6 9BW,3
SM6 9BX,5
SM6 9BY,5
SM6 9BZ,5
SM6 9DA,2
SM6 9DB,2
SM6 9DD,8
SM6 9DE,9
SM6 9DF,2
SM6 9DG,9
SM6 9DH,9
SM6 9DJ,2
SM6 9DL,2
SM6 9DN,9
SM6 9DP,5
SM6 9DQ,9
SM6 9DR,2
SM6 9DS,2
SM6 9DT,5
SM6 9DU,9
SM6 9DW,2
SM6 9DX,5
SM6 9DY,5
SM6 9DZ,5
SM6 9EA,5
SM6 9EB,5
SM6 9ED,2
SM6 9EE,2
SM6 9EF,2
SM6 9EG,2
SM6 9EH,2
SM6 9EJ,2
SM6 9EL,5
SM6 9EN,5
SM6 9EP,2
SM6 9EQ,2
SM6 9ER,2
SM6 9ES,2
SM6 9ET,2
SM6 9EU,2
SM6 9EW,2
SM6 9EX,2
SM6 9EY,2
SM6 9EZ,2
SM6 9FB,5
SM6 9FD,5
SM6 9FN,2
SM6 9FP,2
SM6 9FQ,1
SM6 9FR,2
SM6 9FS,1
SM6 9FT,1
SM6 9FW,1
SM6 9FX,1
SM6 9FY,1
SM6 9FZ,1
SM6 9GA,1
SM6 9GB,1
SM6 9GD,1
SM6 9GE,5
SM6 9GF,1
SM6 9GG,1
SM6 9GH,1
SM6 9GL,1
SM6 9GN,2
SM6 9GP,1
SM6 9GQ,1
SM6 9GR,2
SM6 9GS,1
SM6 9GT,1
SM6 9GU,1
SM6 9GW,1
SM6 9GX,2
SM6 9GY,1
SM6 9GZ,1
SM6 9HA,2
SM6 9HB,2
SM6 9HD,2
SM6 9HE,2
SM6 9HF,2
SM6 9HG,2
SM6 9HH,1
SM6 9HJ,2
SM6 9HL,1
SM6 9HN,2
SM6 9HP,2
SM6 9HQ,2
SM6 9HR,1
SM6 9HS,1
SM6 9HT,1
SM6 9HU,1
SM6 9HW,2
SM6 9HX,1
SM6 9HY,1
SM6 9HZ,1
SM6 9JA,1
SM6 9JB,2
SM6 9JD,1
SM6 9JE,1
SM6 9JF,1
SM6 9JG,2
SM6 9JH,2
SM6 9JJ,2
SM6 9JL,2
SM6 9JN,2
SM6 9JP,2
SM6 9JQ,2
SM6 9JR,1
SM6 9JS,1
SM6 9JT,1
SM6 9JU,9
SM6 9JW,5
SM6 9JX,9
SM6 9JY,9
SM6 9JZ,8
SM6 9LA,8
SM6 9LB,8
SM6 9LD,8
SM6 9LE,8
SM6 9LF,8
SM6 9LG,8
SM6 9LH,8
SM6 9LJ,10
SM6 9LL,10
SM6 9LN,8
SM6 9LP,9
SM6 9LQ,2
SM6 9LR,9
SM6 9LS,8
SM6 9LT,9
SM6 9LU,9
SM6 9LW,8
SM6 9LX,10
SM6 9LY,10
SM6 9LZ,10
SM6 9NA,8
SM6 9NB,2
SM6 9ND,10
SM6 9NE,10
SM6 9NF,10
SM6 9NG,9
SM6 9NH,8
SM6 9NJ,8
SM6 9NL,8
SM6 9NN,10
SM6 9NP,10
SM6 9NQ,9
SM6 9NR,10
SM6 9NS,8
SM6 9NT,6
SM6 9NU,6
SM6 9NW,10
SM6 9NX,8
SM6 9NY,8
SM6 9NZ,2
SM6 9PA,10
SM6 9PE,10
SM6 9PF,10
SM6 9PG,4
SM6 9PH,8
SM6 9PJ,8
SM6 9PL,8
SM6 9PN,8
SM6 9PP,8
SM6 9PQ,10
SM6 9PR,8
SM6 9PS,8
SM6 9PT,8
SM6 9PU,8
SM6 9PW,8
SM6 9PX,8
SM6 9PY,6
SM6 9PZ,6
SM6 9QA,6
SM6 9QB,6
SM6 9QD,6
SM6 9QE,6
SM6 9QF,8
SM6 9QG,8
SM6 9QH,8
SM6 9QJ,8
SM6 9QL,8
SM6 9QN,5
SM6 9QQ,8
SM6 9QR,5
SM6 9QS,5
SM6 9QT,3
SM6 9QU,5
SM6 9QW,8
SM6 9QX,5
SM6 9QY,9
SM6 9QZ,9
SM6 9RA,9
SM6 9RB,2
SM6 9RD,2
SM6 9RE,9
SM6 9RF,9
SM6 9RG,9
SM6 9RH,8
SM6 9RJ,8
SM6 9RL,8
SM6 9RN,8
SM6 9RP,5
SM6 9RQ,9
SM6 9RR,9
SM6 9RS,2
SM6 9RT,8
SM6 9RU,5
SM6 9RW,5
SM6 9RY,2
SM6 9RZ,8
SM6 9SB,9
SM6 9SD,8
SM6 9SE,8
SM6 9SF,10
SM6 9SG,9
SM6 9SH,8
SM6 9SJ,8
SM6 9SL,5
SM6 9SN,8
SM6 9SP,2
SM6 9SQ,5
SM6 9SR,8
SM6 9SS,2
SM6 9ST,5
SM6 9SU,2
SM6 9SW,2
SM6 9SX,8
SM6 9SY,2
SM6 9SZ,5
SM6 9TA,8
SM6 9TB,8
SM6 9TE,5
SM6 9UA,8
SM6 9UY,8
SM6 9UZ,8
SM6 9WA,8
SM6 9WB,8
SM6 9WD,1
SM6 9WE,8
SM6 9WF,8
SM6 9WG,8
SM6 9WH,1
SM6 9WJ,8
SM6 9WL,1
SM6 9WN,8
SM6 9WP,1
SM6 9WQ,8
SM6 9WR,8
SM6 9WS,8
SM6 9WT,8
SM6 9WU,8
SM6 9WW,8
SM6 9WX,8
SM6 9WY,1
SM6 9WZ,1
SM6 9XA,8
SM6 9XE,8
SM6 9XF,1
SM6 9XQ,8
SM6 9XS,8
SM6 9XT,8
SM6 9XY,8
SM6 9XZ,8
SM6 9YP,8
SM6 9YQ,8
SM6 9YZ,1
SM6 9ZB,8
SM6 9ZJ,8
SM6 9ZL,8
SM6 9ZN,5
SM6 9ZP,8
SM6 9ZQ,8
SM6 9ZR,5
SM6 9ZS,5
SM6 9ZT,5
SM6 9ZU,5
SM6 9ZW,8
SM6 9ZX,5
SM7 1AA,10
SM7 1AB,9
SM7 1AD,9
SM7 1AE,9
SM7 1AF,8
SM7 1AG,9
SM7 1AH,9
SM7 1AJ,9
SM7 1AL,9
SM7 1AN,9
SM7 1AP,9
SM7 1AQ,8
SM7 1AR,9
SM7 1AS,10
SM7 1AT,8
SM7 1AU,6
SM7 1AW,10
SM7 1AX,10
SM7 1AY,10
SM7 1AZ,8
SM7 1BA,8
SM7 1BB,8
SM7 1BD,8
SM7 1BE,8
SM7 1BF,9
SM7 1BG,9
SM7 1BH,10
SM7 1BJ,10
SM7 1BL,10
SM7 1BN,10
SM7 1BP,10
SM7 1BQ,10
SM7 1BS,10
SM7 1BT,9
SM7 1BU,9
SM7 1BW,9
SM7 1BX,9
SM7 1BY,10
SM7 1BZ,10
SM7 1DA,10
SM7 1DB,10
SM7 1DD,10
SM7 1DE,9
SM7 1DF,9
SM7 1DG,10
SM7 1DH,10
SM7 1DJ,8
SM7 1DL,10
SM7 1DN,10
SM7 1DP,10
SM7 1DQ,9
SM7 1DR,10
SM7 1DS,10
SM7 1DX,10
SM7 1DY,10
SM7 1DZ,10
SM7 1EA,10
SM7 1EB,10
SM7 1ED,10
SM7 1EE,10
SM7 1EF,10
SM7 1EG,10
SM7 1EH,10
SM7 1EJ,10
SM7 1EL,10
SM7 1EP,10
SM7 1EQ,10
SM7 1ER,10
SM7 1ES,10
SM7 1ET,10
SM7 1EW,10
SM7 1EY,10
SM7 1EZ,10
SM7 1FA,9
SM7 1HA,10
SM7 1HB,10
SM7 1HD,10
SM7 1HE,10
SM7 1HF,10
SM7 1HG,10
SM7 1HH,9
SM7 1HL,10
SM7 1HN,10
SM7 1HP,10
SM7 1HQ,10
SM7 1HR,10
SM7 1HS,10
SM7 1HU,10
SM7 1HW,10
SM7 1JB,10
SM7 1JG,10
SM7 1JH,9
SM7 1JJ,9
SM7 1JL,9
SM7 1JN,9
SM7 1JP,10
SM7 1JQ,10
SM7 1JR,9
SM7 1JS,9
SM7 1JT,9
SM7 1JW,10
SM7 1JZ,9
SM7 1LA,10
SM7 1LB,10
SM7 1LD,10
SM7 1LE,10
SM7 1LF,10
SM7 1LG,10
SM7 1LH,10
SM7 1LJ,10
SM7 1LL,10
SM7 1LN,9
SM7 1LP,9
SM7 1LQ,10
SM7 1LR,9
SM7 1LS,10
SM7 1LT,10
SM7 1LU,10
SM7 1LW,9
SM7 1LX,10
SM7 1LY,10
SM7 1LZ,10
SM7 1NA,9
SM7 1NB,10
SM7 1ND,10
SM7 1NE,10
SM7 1NF,10
SM7 1NG,10
SM7 1NH,10
SM7 1NJ,10
SM7 1NL,9
SM7 1NN,10
SM7 1NP,10
SM7 1NQ,10
SM7 1NR,10
SM7 1NS,10
SM7 1NT,10
SM7 1NU,10
SM7 1NW,10
SM7 1NX,10
SM7 1NY,10
SM7 1NZ,10
SM7 1PA,10
SM7 1PB,10
SM7 1PD,10
SM7 1PE,10
SM7 1PF,10
SM7 1PG,10
SM7 1PH,9
SM7 1PJ,10
SM7 1PL,10
SM7 1PN,10
SM7 1PP,10
SM7 1PQ,10
SM7 1PS,10
SM7 1PW,10
SM7 1PZ,10
SM7 1QE,10
SM7 1QF,9
SM7 1QG,10
SM7 1QH,10
SM7 1QL,10
SM7 1QN,10
SM7 1QP,9
SM7 1QQ,9
SM7 1QR,10
SM7 1QT,10
SM7 1QW,10
SM7 1QX,10
SM7 1QY,9
SM7 1QZ,10
SM7 1RA,9
SM7 1RB,10
SM7 1RD,10
SM7 1RE,10
SM7 1RF,10
SM7 1RG,10
SM7 1RH,10
SM7 1RJ,10
SM7 1RL,10
SM7 1RN,10
SM7 1RP,10
SM7 1RQ,10
SM7 1RR,10
SM7 1RS,10
SM7 1RT,9
SM7 1RU,6
SM7 1RW,10
SM7 1RX,9
SM7 1RY,10
SM7 1RZ,10
SM7 1WA,9
SM7 1WB,9
SM7 1WF,9
SM7 1WH,9
SM7 1WL,9
SM7 1WN,9
SM7 1WP,9
SM7 1WQ,9
SM7 1WR,9
SM7 1WS,9
SM7 1WT,9
SM7 1WU,9
SM7 1WW,9
SM7 1WX,9
SM7 1WY,9
SM7 1WZ,9
SM7 1XZ,9
SM7 1ZJ,9
SM7 1ZL,9
SM7 1ZN,10
SM7 1ZP,9
SM7 1ZQ,10
SM7 1ZR,10
SM7 1ZS,10
SM7 1ZT,9
SM7 1ZU,9
SM7 1ZW,10
SM7 1ZX,9
SM7 2AA,9
SM7 2AB,6
SM7 2AD,9
SM7 2AE,9
SM7 2AF,9
SM7 2AG,9
SM7 2AH,9
SM7 2AJ,9
SM7 2AL,9
SM7 2AN,9
SM7 2AP,9
SM7 2AQ,9
SM7 2AR,9
SM7 2AS,9
SM7 2AT,9
SM7 2AU,9
SM7 2AW,9
SM7 2AX,9
SM7 2AY,9
SM7 2AZ,9
SM7 2BA,9
SM7 2BB,9
SM7 2BD,9
SM7 2BE,9
SM7 2BF,9
SM7 2BG,9
SM7 2BH,9
SM7 2BJ,9
SM7 2BL,9
SM7 2BN,9
SM7 2BP,9
SM7 2BQ,9
SM7 2BR,9
SM7 2BS,9
SM7 2BT,9
SM7 2BU,9
SM7 2BW,8
SM7 2BX,9
SM7 2BY,8
SM7 2BZ,9
SM7 2DA,9
SM7 2DB,9
SM7 2DD,9
SM7 2DE,9
SM7 2DF,9
SM7 2DG,9
SM7 2DH,9
SM7 2DJ,9
SM7 2DL,9
SM7 2DN,9
SM7 2DP,10
SM7 2DQ,9
SM7 2DR,10
SM7 2DS,10
SM7 2DT,10
SM7 2DU,9
SM7 2DW,9
SM7 2DX,9
SM7 2DY,9
SM7 2DZ,9
SM7 2EA,9
SM7 2EB,9
SM7 2ED,9
SM7 2EE,9
SM7 2EF,9
SM7 2EG,9
SM7 2EH,9
SM7 2EJ,9
SM7 2EL,9
SM7 2EN,9
SM7 2EP,9
SM7 2EQ,9
SM7 2ER,9
SM7 2ES,9
SM7 2ET,8
SM7 2EU,8
SM7 2EW,9
SM7 2EX,8
SM7 2EY,8
SM7 2EZ,8
SM7 2FA,8
SM7 2FB,8
SM7 2FD,8
SM7 2FE,8
SM7 2FF,8
SM7 2GD,9
SM7 2GJ,9
SM7 2HA,8
SM7 2HB,8
SM7 2HD,8
SM7 2HE,9
SM7 2HF,8
SM7 2HG,8
SM7 2HH,8
SM7 2HJ,8
SM7 2HL,8
SM7 2HN,8
SM7 2HR,8
SM7 2HS,8
SM7 2HT,8
SM7 2HU,8
SM7 2HX,8
SM7 2HY,9
SM7 2HZ,8
SM7 2JA,9
SM7 2JE,9
SM7 2JF,9
SM7 2JG,9
SM7 2JH,9
SM7 2JJ,9
SM7 2JL,9
SM7 2JN,9
SM7 2JP,6
SM7 2JQ,9
SM7 2JR,6
SM7 2JW,6
SM7 2JX,9
SM7 2JY,6
SM7 2JZ,6
SM7 2LA,6
SM7 2LB,6
SM7 2LD,6
SM7 2LE,9
SM7 2LG,9
SM7 2LH,9
SM7 2LJ,9
SM7 2LL,9
SM7 2LN,9
SM7 2LP,9
SM7 2LQ,9
SM7 2LR,9
SM7 2LS,9
SM7 2LT,9
SM7 2LU,9
SM7 2LW,9
SM7 2LX,9
SM7 2LY,9
SM7 2LZ,9
SM7 2NA,9
SM7 2NB,10
SM7 2ND,9
SM7 2NE,9
SM7 2NF,9
SM7 2NG,9
SM7 2NH,9
SM7 2NJ,9
SM7 2NL,9
SM7 2NN,9
SM7 2NP,9
SM7 2NQ,9
SM7 2NR,9
SM7 2NS,9
SM7 2NT,9
SM7 2NU,9
SM7 2NW,9
SM7 2NX,9
SM7 2NY,9
SM7 2NZ,9
SM7 2PA,9
SM7 2PB,10
SM7 2PD,9
SM7 2PE,9
SM7 2PF,9
SM7 2PG,9
SM7 2PH,9
SM7 2PJ,9
SM7 2PL,9
SM7 2PN,9
SM7 2PP,10
SM7 2PQ,9
SM7 2PR,9
SM7 2PS,9
SM7 2PT,8
SM7 2PU,9
SM7 2PW,9
SM7 2PX,9
SM7 2PY,9
SM7 2PZ,9
SM7 2QA,9
SM7 2QB,9
SM7 2QD,9
SM7 2QE,9
SM7 2QF,9
SM7 2QG,9
SM7 2QH,9
SM7 2QJ,6
SM7 2QL,6
SM7 2QR,6
SM7 2QT,6
SM7 2QU,9
SM7 2QW,9
SM7 2QX,9
SM7 2QY,9
SM7 2QZ,9
SM7 2RA,9
SM7 2RB,9
SM7 2RD,9
SM7 2RE,9
SM7 2RF,9
SM7 2RG,9
SM7 2RH,9
SM7 2RJ,9
SM7 2RL,9
SM7 2RN,9
SM7 2WA,9
SM7 2WB,9
SM7 2WG,9
SM7 2WR,9
SM7 2WS,9
SM7 2WT,9
SM7 2WU,9
SM7 2WW,9
SM7 2WX,9
SM7 2WY,9
SM7 2WZ,9
SM7 2XA,9
SM7 2XB,9
SM7 2YE,9
SM7 2YZ,9
SM7 2ZA,9
SM7 2ZB,9
SM7 2ZD,9
SM7 2ZE,9
SM7 2ZF,9
SM7 2ZG,9
SM7 2ZH,9
SM7 2ZJ,9
SM7 2ZL,9
SM7 2ZN,9
SM7 2ZP,9
SM7 2ZQ,9
SM7 2ZR,9
SM7 2ZS,9
SM7 2ZT,9
SM7 2ZU,9
SM7 2ZW,9
SM7 2ZX,9
SM7 3AA,10
SM7 3AB,10
SM7 3AD,10
SM7 3AE,10
SM7 3AF,10
SM7 3AG,10
SM7 3AH,8
SM7 3AJ,10
SM7 3AL,9
SM7 3AN,10
SM7 3AP,10
SM7 3AQ,9
SM7 3AR,10
SM7 3AS,8
SM7 3AT,8
SM7 3AU,6
SM7 3BA,6
SM7 3BE,8
SM7 3BG,8
SM7 3BH,8
SM7 3BJ,8
SM7 3BL,8
SM7 3BN,8
SM7 3BQ,8
SM7 3BS,10
SM7 3BT,10
SM7 3BU,10
SM7 3BW,8
SM7 3BX,10
SM7 3BY,10
SM7 3DB,10
SM7 3DD,10
SM7 3DE,10
SM7 3DG,9
SM7 3DH,10
SM7 3DL,10
SM7 3DN,10
SM7 3DS,8
SM7 3DT,8
SM7 3DX,6
SM7 3DZ,8
SM7 3EA,9
SM7 3EE,8
SM7 3EF,8
SM7 3EH,8
SM7 3EJ,8
SM7 3EL,8
SM7 3ER,8
SM7 3ES,10
SM7 3EU,9
SM7 3EX,10
SM7 3EY,8
SM7 3EZ,8
SM7 3HA,8
SM7 3HB,8
SM7 3HD,8
SM7 3HE,8
SM7 3HF,8
SM7 3HG,8
SM7 3HH,10
SM7 3HJ,8
SM7 3HP,8
SM7 3HQ,8
SM7 3HR,8
SM7 3HS,8
SM7 3HT,8
SM7 3HU,8
SM7 3HX,8
SM7 3HY,8
SM7 3HZ,6
SM7 3JA,6
SM7 3JB,8
SM7 3JD,8
SM7 3JE,8
SM7 3JF,6
SM7 3JG,8
SM7 3JH,10
SM7 3JJ,10
SM7 3JL,10
SM7 3JN,9
SM7 3JP,10
SM7 3JR,10
SM7 3JS,10
SM7 3JT,10
SM7 3JU,10
SM7 3JW,9
SM7 3JX,10
SM7 3JY,8
SM7 3LA,8
SM7 3LB,10
SM7 3LE,9
SM7 3LH,9
SM7 3LJ,8
SM7 3LL,9
SM7 3LQ,8
SM7 3LU,10
SM7 3LY,10
SM7 3NA,10
SM7 3NB,10
SM7 3ND,10
SM7 3NE,10
SM7 3NF,10
SM7 3NG,10
SM7 3NH,10
SM7 3NJ,10
SM7 3NL,8
SM7 3NN,10
SM7 3NP,8
SM7 3NQ,10
SM7 3NR,8
SM7 3NS,10
SM7 3NW,8
SM7 3NX,8
SM7 3NY,8
SM7 3PA,10
SM7 3PB,10
SM7 3PD,10
SM7 3PE,10
SM7 3PF,10
SM7 3PG,10
SM7 3PH,10
SM7 3PJ,10
SM7 3PL,10
SM7 3PN,9
SM7 3PP,10
SM7 3PQ,10
SM7 3PS,9
SM7 3PT,9
SM7 3PU,9
SM7 3PW,9
SM7 3PX,9
SM7 3PY,9
SM7 3PZ,9
SM7 3QA,9
SM7 3QF,8
SM7 3QG,8
SM7 3QL,10
SM7 3QN,10
SM7 3QP,10
SM7 3QR,10
SM7 3QS,10
SM7 3QT,10
SM7 3QU,10
SM7 3QW,10
SM7 3QX,10
SM7 3QY,10
SM7 3QZ,10
SM7 3RA,10
SM7 3RB,10
SM7 3RD,10
SM7 3RE,6
SM7 3RF,6
SM7 3RG,6
SM7 3RH,9
SM7 3RJ,10
SM7 3RN,9
SM7 3RQ,8
SM7 3RR,8
SM7 3RS,10
SM7 3RT,10
SM7 3RU,10
SM7 3RX,10
SM7 3RZ,9
SM7 3SA,6
SM7 3WA,9
SM7 3WL,9
SM7 3WN,9
SM7 3WP,9
SM7 3WQ,9
SM7 3WR,9
SM7 3WT,9
SM7 3WU,9
SM7 3WW,9
SM7 3WX,9
SM7 3WY,9
SM7 3YA,9
SM7 3YB,9
SM7 3YF,9
SM7 3YQ,9
SM7 3ZS,9
SM7 3ZT,9
SM7 3ZU,9
SM7 3ZW,10
SM7 3ZX,10
SM7 9AA,
SM7 9AB,
SM7 9AD,
SM7 9AE,
SM7 9AF,9
SM7 9AG,9
SM7 9AH,
SM7 9AJ,
SM7 9AL,9
SM7 9AN,9
SM7 9AP,
SM7 9AQ,9
SM7 9AR,
SM7 9AS,9
SM7 9AU,
SM7 9AW,9
SM7 9AX,9
SM7 9AY,9
SM7 9AZ,9
SM7 9BA,9
SM7 9BB,9
SM7 9BD,9
SM7 9BE,9
SM7 9BF,9
SM7 9BG,9
SM7 9BH,9
SM7 9BJ,9
SM7 9BL,9
SM7 9BN,9
SM7 9BP,9
SM7 9BQ,9
SM7 9BR,9
SM7 9BS,9
