SR1 1AA,1
SR1 1AB,1
SR1 1AE,1
SR1 1AF,1
SR1 1AG,1
SR1 1BA,1
SR1 1BB,1
SR1 1BD,1
SR1 1BE,1
SR1 1BG,1
SR1 1BH,1
SR1 1BJ,1
SR1 1BL,1
SR1 1BN,1
SR1 1BP,2
SR1 1BQ,1
SR1 1BT,5
SR1 1BU,1
SR1 1BW,1
SR1 1BX,1
SR1 1BY,1
SR1 1BZ,1
SR1 1DA,1
SR1 1DB,1
SR1 1DD,1
SR1 1DE,1
SR1 1DF,1
SR1 1DG,1
SR1 1DH,1
SR1 1DJ,1
SR1 1DL,2
SR1 1DN,1
SR1 1DP,1
SR1 1DQ,1
SR1 1DR,1
SR1 1DS,1
SR1 1DT,1
SR1 1DU,2
SR1 1DW,1
SR1 1DX,1
SR1 1DY,1
SR1 1EA,1
SR1 1EB,2
SR1 1ED,1
SR1 1EE,1
SR1 1EF,1
SR1 1EG,1
SR1 1EH,1
SR1 1EJ,1
SR1 1EL,1
SR1 1EN,1
SR1 1EP,1
SR1 1EQ,1
SR1 1ER,1
SR1 1ES,1
SR1 1ET,2
SR1 1EU,1
SR1 1EW,1
SR1 1EX,1
SR1 1EY,1
SR1 1EZ,1
SR1 1HA,1
SR1 1HB,1
SR1 1HD,1
SR1 1HE,1
SR1 1HF,1
SR1 1HG,1
SR1 1HH,1
SR1 1HJ,1
SR1 1HL,1
SR1 1HN,1
SR1 1HQ,1
SR1 1HS,1
SR1 1HT,1
SR1 1HU,1
SR1 1HW,1
SR1 1HX,1
SR1 1HZ,1
SR1 1JA,1
SR1 1JB,4
SR1 1JD,1
SR1 1JE,1
SR1 1JF,1
SR1 1JG,1
SR1 1JH,1
SR1 1JJ,1
SR1 1JL,1
SR1 1JN,1
SR1 1JQ,1
SR1 1JT,1
SR1 1JU,1
SR1 1JW,1
SR1 1JX,1
SR1 1JY,1
SR1 1JZ,1
SR1 1LA,1
SR1 1LB,1
SR1 1LE,1
SR1 1LF,1
SR1 1LG,1
SR1 1LH,1
SR1 1LJ,1
SR1 1LN,1
SR1 1LP,1
SR1 1LQ,1
SR1 1LR,1
SR1 1LS,1
SR1 1LT,1
SR1 1LU,1
SR1 1LW,1
SR1 1LY,1
SR1 1LZ,1
SR1 1NA,1
SR1 1NB,1
SR1 1ND,1
SR1 1NE,1
SR1 1NF,1
SR1 1NG,1
SR1 1NH,1
SR1 1NJ,1
SR1 1NL,1
SR1 1NN,1
SR1 1NP,1
SR1 1NQ,1
SR1 1NR,5
SR1 1NS,2
SR1 1NT,2
SR1 1NW,1
SR1 1NX,2
SR1 1NY,2
SR1 1PA,1
SR1 1PB,1
SR1 1PD,1
SR1 1PE,1
SR1 1PF,1
SR1 1PG,1
SR1 1PH,1
SR1 1PJ,1
SR1 1PL,1
SR1 1PP,1
SR1 1PQ,1
SR1 1PR,1
SR1 1PS,1
SR1 1PT,1
SR1 1PU,2
SR1 1PW,1
SR1 1PX,3
SR1 1PY,3
SR1 1QA,1
SR1 1QB,1
SR1 1QD,1
SR1 1QE,1
SR1 1QF,1
SR1 1QG,1
SR1 1QH,1
SR1 1QJ,1
SR1 1QL,1
SR1 1QN,1
SR1 1QP,1
SR1 1QQ,1
SR1 1QR,1
SR1 1QS,1
SR1 1QT,1
SR1 1QU,1
SR1 1QW,1
SR1 1QX,1
SR1 1QY,1
SR1 1QZ,1
SR1 1RA,1
SR1 1RB,1
SR1 1RD,1
SR1 1RE,1
SR1 1RF,1
SR1 1RG,1
SR1 1RH,1
SR1 1RJ,1
SR1 1RL,1
SR1 1RN,1
SR1 1RP,1
SR1 1RQ,1
SR1 1RR,1
SR1 1RS,1
SR1 1RT,1
SR1 1RU,1
SR1 1RW,1
SR1 1RY,1
SR1 1RZ,1
SR1 1SA,1
SR1 1SB,1
SR1 1SD,2
SR1 1SE,1
SR1 1SF,2
SR1 1SG,1
SR1 1SH,1
SR1 1SJ,1
SR1 1SL,1
SR1 1SN,1
SR1 1SP,1
SR1 1SQ,1
SR1 1SR,1
SR1 1SS,5
SR1 1ST,1
SR1 1SU,5
SR1 1SW,1
SR1 1SX,5
SR1 1SY,5
SR1 1TA,1
SR1 1TB,2
SR1 1TD,1
SR1 1TE,1
SR1 1TF,1
SR1 1TG,2
SR1 1TH,1
SR1 1TJ,1
SR1 1TL,1
SR1 1TN,1
SR1 1TP,1
SR1 1TQ,1
SR1 1TR,1
SR1 1TS,1
SR1 1TT,1
SR1 1TW,1
SR1 1TX,1
SR1 1TY,1
SR1 1TZ,1
SR1 1UA,1
SR1 1UB,1
SR1 1UD,1
SR1 1UE,1
SR1 1UF,1
SR1 1UG,1
SR1 1UH,1
SR1 1UJ,1
SR1 1UL,1
SR1 1UN,1
SR1 1UP,1
SR1 1UQ,1
SR1 1UR,1
SR1 1UT,1
SR1 1UU,1
SR1 1UW,1
SR1 1UX,1
SR1 1UY,1
SR1 1UZ,1
SR1 1WJ,2
SR1 1WL,2
SR1 1WN,2
SR1 1WP,2
SR1 1WQ,2
SR1 1WR,2
SR1 1WS,2
SR1 1WT,2
SR1 1WU,1
SR1 1WW,2
SR1 1WX,2
SR1 1WY,2
SR1 1WZ,2
SR1 1XA,2
SR1 1XB,1
SR1 1XD,1
SR1 1XE,1
SR1 1XF,2
SR1 1XG,1
SR1 1XH,1
SR1 1XL,1
SR1 1XN,1
SR1 1XR,2
SR1 1XS,1
SR1 1XT,1
SR1 1XU,1
SR1 1XW,1
SR1 1XX,1
SR1 1XY,1
SR1 1XZ,1
SR1 1YA,2
SR1 1YB,2
SR1 1YE,1
SR1 1YF,1
SR1 1YH,1
SR1 1YJ,1
SR1 1YL,2
SR1 1YN,2
SR1 1YP,2
SR1 1YQ,1
SR1 1YR,1
SR1 1YS,2
SR1 1YT,2
SR1 1YU,1
SR1 1YW,2
SR1 1YX,1
SR1 2AA,1
SR1 2AB,1
SR1 2AD,1
SR1 2AE,1
SR1 2AF,1
SR1 2AG,1
SR1 2AH,1
SR1 2AJ,1
SR1 2AL,1
SR1 2AN,1
SR1 2AP,1
SR1 2AQ,1
SR1 2AR,1
SR1 2AS,1
SR1 2AT,1
SR1 2AU,1
SR1 2AW,1
SR1 2AX,1
SR1 2AY,1
SR1 2AZ,1
SR1 2BA,1
SR1 2BB,1
SR1 2BD,1
SR1 2BE,1
SR1 2BF,1
SR1 2BG,1
SR1 2BH,1
SR1 2BJ,1
SR1 2BL,1
SR1 2BN,1
SR1 2BP,1
SR1 2BQ,1
SR1 2BU,1
SR1 2BW,1
SR1 2BX,1
SR1 2BY,1
SR1 2BZ,1
SR1 2DA,1
SR1 2DB,1
SR1 2DD,1
SR1 2DE,1
SR1 2DF,1
SR1 2DG,1
SR1 2DH,1
SR1 2DJ,1
SR1 2DL,1
SR1 2DN,1
SR1 2DP,1
SR1 2DQ,1
SR1 2DR,1
SR1 2DS,1
SR1 2DU,1
SR1 2DW,1
SR1 2DX,1
SR1 2DY,1
SR1 2DZ,1
SR1 2EA,1
SR1 2EB,1
SR1 2ED,1
SR1 2EE,1
SR1 2EF,1
SR1 2EG,1
SR1 2EH,1
SR1 2EJ,1
SR1 2EL,1
SR1 2EN,1
SR1 2EQ,1
SR1 2ER,1
SR1 2ES,1
SR1 2EU,1
SR1 2EW,1
SR1 2EX,1
SR1 2EY,1
SR1 2HA,1
SR1 2HB,1
SR1 2HD,1
SR1 2HE,1
SR1 2HG,1
SR1 2HH,1
SR1 2HJ,1
SR1 2HL,1
SR1 2HN,1
SR1 2HP,1
SR1 2HQ,1
SR1 2HR,1
SR1 2HS,1
SR1 2HT,1
SR1 2HU,1
SR1 2HW,1
SR1 2HX,1
SR1 2HY,1
SR1 2HZ,1
SR1 2JA,1
SR1 2JB,1
SR1 2JD,1
SR1 2JE,1
SR1 2JF,1
SR1 2JG,1
SR1 2JH,1
SR1 2JN,1
SR1 2JP,1
SR1 2JQ,1
SR1 2JR,1
SR1 2JS,1
SR1 2JT,1
SR1 2JU,1
SR1 2JW,1
SR1 2JX,1
SR1 2JY,1
SR1 2JZ,1
SR1 2LA,1
SR1 2LB,1
SR1 2LD,1
SR1 2LE,1
SR1 2LH,1
SR1 2LJ,1
SR1 2LL,1
SR1 2LN,1
SR1 2LP,1
SR1 2LR,1
SR1 2LS,1
SR1 2LT,1
SR1 2LU,1
SR1 2LW,1
SR1 2LX,1
SR1 2LY,1
SR1 2LZ,1
SR1 2NA,1
SR1 2NB,1
SR1 2ND,1
SR1 2NE,1
SR1 2NF,1
SR1 2NG,1
SR1 2NH,1
SR1 2NJ,1
SR1 2NL,1
SR1 2NN,1
SR1 2NP,1
SR1 2NQ,1
SR1 2NR,1
SR1 2NS,1
SR1 2NT,1
SR1 2NU,1
SR1 2NW,1
SR1 2NX,1
SR1 2PA,1
SR1 2PB,1
SR1 2PD,1
SR1 2PE,1
SR1 2PF,1
SR1 2PG,1
SR1 2PH,1
SR1 2PJ,1
SR1 2PL,1
SR1 2PN,1
SR1 2PQ,1
SR1 2PW,1
SR1 2QA,1
SR1 2QB,1
SR1 2QD,1
SR1 2QE,1
SR1 2QF,1
SR1 2QG,1
SR1 2QH,1
SR1 2QJ,1
SR1 2QN,2
SR1 2QP,1
SR1 2QQ,1
SR1 2QR,1
SR1 2QT,1
SR1 2QU,1
SR1 2QW,1
SR1 2QX,1
SR1 2QY,1
SR1 2QZ,1
SR1 2RA,1
SR1 2RB,1
SR1 2RD,1
SR1 2RE,1
SR1 2RH,1
SR1 2RJ,1
SR1 2RL,1
SR1 2RN,1
SR1 2RP,1
SR1 2RQ,1
SR1 2RR,1
SR1 2RS,1
SR1 2RT,1
SR1 2RU,1
SR1 2RW,1
SR1 2RX,1
SR1 2RY,1
SR1 2YG,2
SR1 2YJ,2
SR1 2YL,2
SR1 2YN,2
SR1 2YP,2
SR1 2YQ,2
SR1 2YR,1
SR1 2YS,1
SR1 2YT,2
SR1 2YU,1
SR1 2YW,1
SR1 2YX,2
SR1 2YY,1
SR1 2YZ,1
SR1 3AA,1
SR1 3AB,2
SR1 3AF,2
SR1 3AG,2
SR1 3AH,1
SR1 3AL,2
SR1 3AN,2
SR1 3AP,1
SR1 3AQ,2
SR1 3AR,2
SR1 3AS,2
SR1 3AT,2
SR1 3AW,1
SR1 3AX,1
SR1 3AY,2
SR1 3AZ,2
SR1 3BA,2
SR1 3BD,1
SR1 3BL,1
SR1 3BN,1
SR1 3BT,1
SR1 3BU,1
SR1 3BW,1
SR1 3BX,1
SR1 3BY,1
SR1 3BZ,1
SR1 3DA,1
SR1 3DB,1
SR1 3DD,1
SR1 3DE,1
SR1 3DG,1
SR1 3DH,1
SR1 3DJ,1
SR1 3DL,1
SR1 3DN,1
SR1 3DP,1
SR1 3DR,1
SR1 3DS,1
SR1 3DT,1
SR1 3DU,1
SR1 3DW,1
SR1 3DX,1
SR1 3DY,1
SR1 3DZ,1
SR1 3EA,1
SR1 3EB,1
SR1 3EF,1
SR1 3EG,1
SR1 3EJ,3
SR1 3EL,1
SR1 3EQ,1
SR1 3ES,1
SR1 3ET,1
SR1 3EW,1
SR1 3EX,1
SR1 3EY,1
SR1 3EZ,1
SR1 3HA,1
SR1 3HD,1
SR1 3HE,2
SR1 3HF,1
SR1 3HH,1
SR1 3HJ,1
SR1 3HL,1
SR1 3HN,1
SR1 3HP,1
SR1 3HQ,2
SR1 3HR,1
SR1 3HS,1
SR1 3HT,1
SR1 3HU,1
SR1 3HW,1
SR1 3HX,1
SR1 3HY,1
SR1 3HZ,3
SR1 3JA,1
SR1 3JB,1
SR1 3JD,3
SR1 3JE,1
SR1 3JF,1
SR1 3JG,1
SR1 3JH,1
SR1 3JJ,1
SR1 3JL,1
SR1 3JP,1
SR1 3JQ,1
SR1 3JR,1
SR1 3JS,1
SR1 3JT,1
SR1 3JU,1
SR1 3JW,1
SR1 3JX,1
SR1 3JY,1
SR1 3JZ,1
SR1 3LB,1
SR1 3LD,1
SR1 3LE,1
SR1 3LF,1
SR1 3LG,1
SR1 3LH,1
SR1 3LJ,1
SR1 3LL,1
SR1 3LN,1
SR1 3LP,1
SR1 3LQ,1
SR1 3LR,1
SR1 3LW,1
SR1 3NA,1
SR1 3NB,1
SR1 3ND,3
SR1 3NE,1
SR1 3NF,3
SR1 3NG,3
SR1 3NH,3
SR1 3NL,3
SR1 3NN,3
SR1 3NP,1
SR1 3NQ,3
SR1 3NR,3
SR1 3NS,3
SR1 3NT,1
SR1 3NU,1
SR1 3NW,3
SR1 3NX,1
SR1 3PA,3
SR1 3PD,1
SR1 3PE,3
SR1 3PF,3
SR1 3PG,3
SR1 3PT,1
SR1 3PU,1
SR1 3PY,1
SR1 3PZ,3
SR1 3QA,1
SR1 3QB,1
SR1 3QD,2
SR1 3QE,2
SR1 3QF,2
SR1 3QG,2
SR1 3QH,2
SR1 3QJ,2
SR1 3QN,2
SR1 3QP,2
SR1 3QQ,2
SR1 3QR,2
SR1 3QS,2
SR1 3QU,2
SR1 3QX,2
SR1 3QY,2
SR1 3RG,2
SR1 3RJ,2
SR1 3RL,2
SR1 3RN,5
SR1 3RP,2
SR1 3RQ,2
SR1 3RW,2
SR1 3SB,2
SR1 3SD,2
SR1 3SH,2
SR1 3SJ,2
SR1 3SL,2
SR1 3SN,3
SR1 3SQ,2
SR1 3SW,2
SR1 3UZ,2
SR1 3WX,2
SR1 3WY,2
SR1 3WZ,2
SR1 3YS,2
SR1 3YT,2
SR1 3YU,1
SR1 3YW,2
SR1 3YX,1
SR1 3YY,1
SR1 3YZ,1
SR2 0AA,4
SR2 0AB,4
SR2 0AD,4
SR2 0AE,6
SR2 0AF,7
SR2 0AG,4
SR2 0AH,4
SR2 0AJ,7
SR2 0AL,4
SR2 0AN,3
SR2 0AP,4
SR2 0AQ,4
SR2 0AR,4
SR2 0AS,4
SR2 0AT,4
SR2 0AU,4
SR2 0AW,4
SR2 0AX,4
SR2 0AY,4
SR2 0AZ,4
SR2 0BA,4
SR2 0BB,4
SR2 0BD,4
SR2 0BE,4
SR2 0BF,4
SR2 0BG,4
SR2 0BH,4
SR2 0BJ,4
SR2 0BL,4
SR2 0BN,4
SR2 0BP,4
SR2 0BQ,4
SR2 0BS,4
SR2 0BT,4
SR2 0BU,4
SR2 0BW,4
SR2 0BX,4
SR2 0BY,4
SR2 0BZ,4
SR2 0DA,4
SR2 0DB,4
SR2 0DD,4
SR2 0DE,4
SR2 0DF,4
SR2 0DG,3
SR2 0DH,3
SR2 0DJ,3
SR2 0DL,3
SR2 0DN,3
SR2 0DP,4
SR2 0DQ,3
SR2 0DR,3
SR2 0DS,3
SR2 0DT,3
SR2 0DU,4
SR2 0DW,3
SR2 0DX,4
SR2 0DY,3
SR2 0DZ,3
SR2 0EA,3
SR2 0EB,3
SR2 0ED,3
SR2 0EE,3
SR2 0EF,3
SR2 0EG,4
SR2 0EH,4
SR2 0EJ,4
SR2 0EL,4
SR2 0EN,4
SR2 0EP,3
SR2 0EQ,4
SR2 0ER,4
SR2 0ES,4
SR2 0ET,4
SR2 0EU,4
SR2 0EW,3
SR2 0EX,4
SR2 0EY,4
SR2 0EZ,4
SR2 0FA,4
SR2 0FB,4
SR2 0FD,4
SR2 0FE,4
SR2 0FF,5
SR2 0GW,6
SR2 0HA,4
SR2 0HB,3
SR2 0HD,3
SR2 0HE,3
SR2 0HF,3
SR2 0HG,3
SR2 0HH,3
SR2 0HJ,3
SR2 0HL,3
SR2 0HN,3
SR2 0HP,3
SR2 0HQ,3
SR2 0HR,4
SR2 0HS,3
SR2 0HT,3
SR2 0HU,4
SR2 0HW,3
SR2 0HX,3
SR2 0HY,3
SR2 0HZ,3
SR2 0JA,4
SR2 0JB,4
SR2 0JD,4
SR2 0JE,4
SR2 0JF,4
SR2 0JG,4
SR2 0JH,4
SR2 0JJ,4
SR2 0JL,4
SR2 0JN,4
SR2 0JP,4
SR2 0JQ,4
SR2 0JR,4
SR2 0JS,4
SR2 0JT,4
SR2 0JU,4
SR2 0JW,4
SR2 0JX,4
SR2 0JY,3
SR2 0JZ,3
SR2 0LA,3
SR2 0LB,6
SR2 0LD,6
SR2 0LE,6
SR2 0LF,6
SR2 0LG,6
SR2 0LH,6
SR2 0LJ,6
SR2 0LL,3
SR2 0LN,4
SR2 0LP,3
SR2 0LQ,6
SR2 0LR,3
SR2 0LS,6
SR2 0LT,6
SR2 0LU,6
SR2 0LW,4
SR2 0LX,3
SR2 0LY,6
SR2 0LZ,4
SR2 0NA,4
SR2 0NB,6
SR2 0ND,4
SR2 0NE,6
SR2 0NF,6
SR2 0NG,6
SR2 0NH,6
SR2 0NJ,6
SR2 0NL,3
SR2 0NN,6
SR2 0NP,6
SR2 0NQ,6
SR2 0NR,6
SR2 0NS,3
SR2 0NT,3
SR2 0NU,3
SR2 0NW,3
SR2 0NX,3
SR2 0NY,6
SR2 0NZ,3
SR2 0PA,6
SR2 0PB,3
SR2 0PD,3
SR2 0PE,3
SR2 0PF,6
SR2 0PG,6
SR2 0PH,6
SR2 0PJ,6
SR2 0PL,6
SR2 0PN,6
SR2 0PP,6
SR2 0PQ,6
SR2 0PR,6
SR2 0PS,6
SR2 0PT,6
SR2 0PU,6
SR2 0PW,6
SR2 0PX,6
SR2 0PY,6
SR2 0PZ,6
SR2 0QA,6
SR2 0QB,6
SR2 0QD,6
SR2 0QE,3
SR2 0QF,6
SR2 0QG,6
SR2 0QH,6
SR2 0QJ,6
SR2 0QL,6
SR2 0QN,6
SR2 0QP,6
SR2 0QQ,6
SR2 0QR,3
SR2 0QS,3
SR2 0QT,3
SR2 0QU,6
SR2 0QW,6
SR2 0QX,6
SR2 0QY,6
SR2 0QZ,6
SR2 0RB,6
SR2 0RD,3
SR2 0RE,3
SR2 0RF,3
SR2 0RG,3
SR2 0RH,3
SR2 0RJ,3
SR2 0RL,3
SR2 0RN,3
SR2 0RP,3
SR2 0RQ,3
SR2 0RR,3
SR2 0RS,3
SR2 0RT,4
SR2 0RU,4
SR2 0RW,3
SR2 0RX,4
SR2 0RY,4
SR2 0RZ,4
SR2 0SA,3
SR2 0SB,4
SR2 0SD,4
SR2 0SE,4
SR2 0SF,4
SR2 0SG,4
SR2 0SH,4
SR2 0SJ,4
SR2 0SL,4
SR2 0SN,4
SR2 0SP,5
SR2 0SQ,4
SR2 0SR,4
SR2 0SS,7
SR2 0ST,6
SR2 0SU,6
SR2 0SW,4
SR2 0SX,4
SR2 0SY,3
SR2 0SZ,4
SR2 0TA,3
SR2 0TB,3
SR2 0TD,3
SR2 0TE,3
SR2 0TF,3
SR2 0TG,3
SR2 0TH,3
SR2 0TQ,3
SR2 0WD,3
SR2 0WU,2
SR2 0WW,2
SR2 0WX,2
SR2 0WY,2
SR2 0WZ,3
SR2 0XA,2
SR2 0YJ,4
SR2 0YL,2
SR2 0YN,4
SR2 0YP,4
SR2 0YR,4
SR2 0YS,4
SR2 0YT,4
SR2 0YU,4
SR2 0YW,4
SR2 0YX,4
SR2 0YY,4
SR2 0YZ,4
SR2 7AA,3
SR2 7AB,3
SR2 7AD,3
SR2 7AE,3
SR2 7AF,3
SR2 7AG,3
SR2 7AH,3
SR2 7AJ,6
SR2 7AL,3
SR2 7AN,3
SR2 7AP,3
SR2 7AQ,3
SR2 7AR,3
SR2 7AS,3
SR2 7AT,5
SR2 7AU,6
SR2 7AW,3
SR2 7AX,3
SR2 7AY,3
SR2 7BA,3
SR2 7BD,2
SR2 7BE,1
SR2 7BG,2
SR2 7BH,2
SR2 7BJ,2
SR2 7BL,2
SR2 7BN,2
SR2 7BP,1
SR2 7BQ,2
SR2 7BS,3
SR2 7BT,2
SR2 7BU,2
SR2 7BW,3
SR2 7BX,2
SR2 7BY,2
SR2 7BZ,2
SR2 7DA,2
SR2 7DB,2
SR2 7DD,2
SR2 7DE,2
SR2 7DF,2
SR2 7DG,2
SR2 7DH,3
SR2 7DJ,2
SR2 7DL,2
SR2 7DN,2
SR2 7DP,2
SR2 7DQ,2
SR2 7DR,2
SR2 7DS,2
SR2 7DW,2
SR2 7DX,2
SR2 7DY,2
SR2 7DZ,2
SR2 7EA,2
SR2 7EB,2
SR2 7ED,1
SR2 7EE,1
SR2 7EF,1
SR2 7EG,1
SR2 7EH,1
SR2 7EJ,1
SR2 7EL,1
SR2 7EN,1
SR2 7EQ,1
SR2 7ER,3
SR2 7ES,3
SR2 7ET,2
SR2 7EU,2
SR2 7EX,2
SR2 7EY,2
SR2 7EZ,2
SR2 7GA,6
SR2 7GZ,6
SR2 7HA,2
SR2 7HB,2
SR2 7HD,5
SR2 7HE,2
SR2 7HF,1
SR2 7HG,1
SR2 7HH,1
SR2 7HJ,1
SR2 7HL,1
SR2 7HN,1
SR2 7HP,1
SR2 7HQ,1
SR2 7HR,5
SR2 7HS,2
SR2 7HT,5
SR2 7HU,5
SR2 7HW,1
SR2 7HX,1
SR2 7HY,2
SR2 7HZ,6
SR2 7JA,1
SR2 7JB,6
SR2 7JD,3
SR2 7JE,3
SR2 7JF,3
SR2 7JG,3
SR2 7JH,3
SR2 7JJ,3
SR2 7JL,3
SR2 7JN,5
SR2 7JP,3
SR2 7JQ,3
SR2 7JR,3
SR2 7JS,5
SR2 7JT,5
SR2 7JU,5
SR2 7JW,3
SR2 7JX,5
SR2 7JY,3
SR2 7JZ,2
SR2 7LA,5
SR2 7LB,3
SR2 7LD,2
SR2 7LE,5
SR2 7LF,6
SR2 7LG,3
SR2 7LH,3
SR2 7LJ,3
SR2 7LL,3
SR2 7LN,5
SR2 7LP,5
SR2 7LQ,3
SR2 7LR,5
SR2 7LS,5
SR2 7LT,5
SR2 7LU,5
SR2 7LW,5
SR2 7LX,5
SR2 7LY,5
SR2 7LZ,5
SR2 7NA,5
SR2 7NB,5
SR2 7ND,5
SR2 7NE,5
SR2 7NF,5
SR2 7NG,5
SR2 7NH,5
SR2 7NJ,5
SR2 7NL,1
SR2 7NN,1
SR2 7NP,3
SR2 7NQ,5
SR2 7NR,5
SR2 7NS,5
SR2 7NT,3
SR2 7NU,3
SR2 7NW,5
SR2 7NX,3
SR2 7PA,5
SR2 7PB,5
SR2 7PD,5
SR2 7PE,4
SR2 7PF,4
SR2 7PG,4
SR2 7PH,5
SR2 7PJ,5
SR2 7PL,5
SR2 7PN,5
SR2 7PP,3
SR2 7PQ,4
SR2 7PR,3
SR2 7PS,5
SR2 7PT,3
SR2 7PU,3
SR2 7PW,3
SR2 7PX,3
SR2 7QA,5
SR2 7QB,1
SR2 7QE,5
SR2 7QF,5
SR2 7QG,8
SR2 7QH,8
SR2 7QJ,8
SR2 7QL,8
SR2 7QN,8
SR2 7QP,5
SR2 7QQ,8
SR2 7QR,8
SR2 7QS,8
SR2 7QT,8
SR2 7QU,8
SR2 7QW,8
SR2 7QX,8
SR2 7QY,8
SR2 7QZ,8
SR2 7RA,8
SR2 7RB,8
SR2 7RD,5
SR2 7RE,5
SR2 7RF,6
SR2 7RG,5
SR2 7RH,5
SR2 7RJ,5
SR2 7RL,1
SR2 7RN,5
SR2 7RP,8
SR2 7RQ,1
SR2 7RR,8
SR2 7RS,1
SR2 7RT,8
SR2 7RU,5
SR2 7RW,1
SR2 7RX,1
SR2 7RY,1
SR2 7RZ,1
SR2 7SA,8
SR2 7SB,8
SR2 7SD,1
SR2 7SE,8
SR2 7SF,9
SR2 7SG,8
SR2 7SH,9
SR2 7SJ,9
SR2 7SL,1
SR2 7SN,3
SR2 7SP,1
SR2 7SQ,9
SR2 7SR,1
SR2 7ST,1
SR2 7SU,1
SR2 7SW,6
SR2 7SX,6
SR2 7SY,6
SR2 7SZ,6
SR2 7TA,6
SR2 7TB,6
SR2 7TD,3
SR2 7TE,6
SR2 7TF,6
SR2 7TG,6
SR2 7TH,6
SR2 7TJ,6
SR2 7TL,6
SR2 7TN,1
SR2 7TP,6
SR2 7TQ,6
SR2 7TR,6
SR2 7TS,6
SR2 7TT,6
SR2 7TU,6
SR2 7TW,6
SR2 7TX,6
SR2 7TY,6
SR2 7TZ,6
SR2 7UA,6
SR2 7UB,6
SR2 7UD,6
SR2 7UE,3
SR2 7UF,3
SR2 7UG,3
SR2 7UH,3
SR2 7UJ,3
SR2 7UL,6
SR2 7UP,6
SR2 7UQ,3
SR2 7UR,6
SR2 7UT,3
SR2 7UU,3
SR2 7UW,6
SR2 7UX,6
SR2 7UY,6
SR2 7UZ,6
SR2 7WD,2
SR2 7WS,2
SR2 7WT,2
SR2 7WU,2
SR2 7WW,2
SR2 7WX,2
SR2 7WY,2
SR2 7WZ,6
SR2 7XP,2
SR2 7XR,2
SR2 7XS,2
SR2 7XT,2
SR2 7XU,2
SR2 7XW,2
SR2 7XX,2
SR2 7XY,2
SR2 7XZ,6
SR2 7YA,5
SR2 7YB,5
SR2 7YD,5
SR2 7YE,2
SR2 7YF,5
SR2 7YG,2
SR2 7YH,6
SR2 7YJ,2
SR2 7YL,5
SR2 7YN,5
SR2 7YP,2
SR2 7YQ,2
SR2 7YR,5
SR2 7YS,2
SR2 7YT,2
SR2 7YU,6
SR2 7YW,2
SR2 7YX,6
SR2 7YY,2
SR2 7YZ,6
SR2 7ZS,2
SR2 7ZW,2
SR2 7ZX,2
SR2 8AA,1
SR2 8AB,1
SR2 8AD,1
SR2 8AE,1
SR2 8AF,1
SR2 8AG,1
SR2 8AH,1
SR2 8AJ,1
SR2 8AL,1
SR2 8AN,1
SR2 8AP,1
SR2 8AQ,1
SR2 8AR,1
SR2 8AS,1
SR2 8AT,1
SR2 8AU,1
SR2 8AW,1
SR2 8AX,1
SR2 8AY,1
SR2 8AZ,1
SR2 8BA,1
SR2 8BB,1
SR2 8BD,1
SR2 8BE,1
SR2 8BG,1
SR2 8BH,1
SR2 8BJ,1
SR2 8BL,1
SR2 8BP,1
SR2 8BQ,1
SR2 8BS,1
SR2 8BT,1
SR2 8BU,1
SR2 8BW,1
SR2 8BX,1
SR2 8BY,1
SR2 8BZ,1
SR2 8DA,1
SR2 8DB,1
SR2 8DD,2
SR2 8DE,2
SR2 8DF,2
SR2 8DH,1
SR2 8DP,2
SR2 8DS,1
SR2 8DT,1
SR2 8DU,1
SR2 8DX,1
SR2 8DY,1
SR2 8DZ,1
SR2 8EA,1
SR2 8EB,1
SR2 8ED,2
SR2 8EE,2
SR2 8EF,1
SR2 8EG,1
SR2 8EH,1
SR2 8EJ,1
SR2 8EL,1
SR2 8EN,1
SR2 8EQ,1
SR2 8ER,1
SR2 8ES,1
SR2 8ET,1
SR2 8EU,1
SR2 8EW,1
SR2 8EX,1
SR2 8EY,1
SR2 8EZ,1
SR2 8GW,1
SR2 8HA,1
SR2 8HB,1
SR2 8HD,1
SR2 8HE,1
SR2 8HF,1
SR2 8HR,2
SR2 8HS,2
SR2 8HT,2
SR2 8HU,2
SR2 8HW,1
SR2 8HX,2
SR2 8HY,1
SR2 8HZ,1
SR2 8JA,1
SR2 8JB,1
SR2 8JD,1
SR2 8JE,1
SR2 8JF,1
SR2 8JG,1
SR2 8JH,1
SR2 8JJ,1
SR2 8JL,1
SR2 8JN,1
SR2 8JP,1
SR2 8JQ,1
SR2 8JR,1
SR2 8JS,1
SR2 8JT,1
SR2 8JU,1
SR2 8JW,1
SR2 8JX,1
SR2 8JY,1
SR2 8JZ,1
SR2 8LA,1
SR2 8LB,1
SR2 8LD,1
SR2 8LE,1
SR2 8LF,1
SR2 8LG,1
SR2 8LH,1
SR2 8LQ,1
SR2 8LT,1
SR2 8LU,1
SR2 8LX,1
SR2 8LY,1
SR2 8LZ,1
SR2 8NA,1
SR2 8NB,1
SR2 8ND,1
SR2 8NE,1
SR2 8NF,1
SR2 8NG,1
SR2 8NH,1
SR2 8NJ,1
SR2 8NL,3
SR2 8NN,3
SR2 8NP,1
SR2 8NQ,1
SR2 8NR,1
SR2 8NS,1
SR2 8NT,1
SR2 8NU,1
SR2 8NW,1
SR2 8NX,1
SR2 8PB,1
SR2 8PD,1
SR2 8PE,3
SR2 8PF,1
SR2 8PG,1
SR2 8PH,1
SR2 8PJ,1
SR2 8PL,1
SR2 8PN,1
SR2 8PP,1
SR2 8PQ,1
SR2 8PR,1
SR2 8PS,3
SR2 8PT,5
SR2 8PU,3
SR2 8PW,1
SR2 8PX,3
SR2 8PY,3
SR2 8PZ,3
SR2 8QA,1
SR2 8QB,1
SR2 8QD,1
SR2 8QE,1
SR2 8QF,1
SR2 8QG,1
SR2 8QH,1
SR2 8QJ,1
SR2 8QL,1
SR2 8QN,1
SR2 8QP,5
SR2 8QQ,1
SR2 8QR,5
SR2 8QS,1
SR2 8QT,1
SR2 8QW,3
SR2 8RA,1
SR2 8RB,6
SR2 8RD,1
SR2 8RE,1
SR2 8RF,1
SR2 8RG,1
SR2 8RH,1
SR2 8RJ,1
SR2 8RL,1
SR2 8RN,1
SR2 8RP,1
SR2 8RQ,1
SR2 8RR,1
SR2 8RS,1
SR2 8RT,1
SR2 8RU,6
SR2 8RW,1
SR2 8RX,6
SR2 8RY,3
SR2 8RZ,3
SR2 8SA,3
SR2 8SB,6
SR2 8SD,1
SR2 8SE,1
SR2 8SF,1
SR2 8SG,1
SR2 8SH,3
SR2 8SJ,3
SR2 8SL,1
SR2 8SN,1
SR2 8SP,1
SR2 8SQ,3
SR2 8SR,1
SR2 8SS,1
SR2 8ST,1
SR2 8SW,1
SR2 8SZ,1
SR2 8WD,2
SR2 8WR,2
SR2 8WS,2
SR2 8WT,1
SR2 8WU,2
SR2 8WW,2
SR2 8WX,1
SR2 8WY,1
SR2 8WZ,1
SR2 8YF,2
SR2 8YG,2
SR2 8YH,2
SR2 8YJ,2
SR2 8YL,2
SR2 8YN,1
SR2 8YP,6
SR2 8YQ,2
SR2 8YR,1
SR2 8YS,1
SR2 8YU,1
SR2 8YW,2
SR2 8YX,1
SR2 8YY,2
SR2 8ZD,2
SR2 8ZP,2
SR2 9AA,1
SR2 9AB,9
SR2 9AD,9
SR2 9AH,6
SR2 9AJ,6
SR2 9AR,9
SR2 9AS,9
SR2 9AT,10
SR2 9AU,10
SR2 9AX,10
SR2 9AY,10
SR2 9AZ,10
SR2 9BA,9
SR2 9BB,9
SR2 9BD,9
SR2 9BE,10
SR2 9BG,10
SR2 9BH,9
SR2 9BJ,9
SR2 9BL,9
SR2 9BN,10
SR2 9BP,10
SR2 9BQ,9
SR2 9BS,10
SR2 9BT,9
SR2 9BU,9
SR2 9BW,10
SR2 9BX,9
SR2 9BY,10
SR2 9DE,10
SR2 9DF,10
SR2 9DG,10
SR2 9DH,3
SR2 9DJ,3
SR2 9DL,3
SR2 9DN,8
SR2 9DP,9
SR2 9DQ,3
SR2 9DR,10
SR2 9DS,9
SR2 9DT,9
SR2 9DU,9
SR2 9DW,9
SR2 9DX,10
SR2 9DY,10
SR2 9DZ,10
SR2 9EA,10
SR2 9EB,10
SR2 9ED,10
SR2 9EE,10
SR2 9EG,10
SR2 9EH,10
SR2 9EJ,10
SR2 9EL,10
SR2 9EN,10
SR2 9EQ,10
SR2 9EW,9
SR2 9HA,3
SR2 9HB,6
SR2 9HD,6
SR2 9HE,10
SR2 9HF,10
SR2 9HG,10
SR2 9HH,10
SR2 9HJ,10
SR2 9HL,10
SR2 9HN,10
SR2 9HP,6
SR2 9HQ,10
SR2 9HR,10
SR2 9HS,10
SR2 9HT,10
SR2 9HU,4
SR2 9HW,6
SR2 9HX,6
SR2 9HY,3
SR2 9HZ,3
SR2 9JB,3
SR2 9JD,3
SR2 9JE,3
SR2 9JF,3
SR2 9JG,3
SR2 9JH,10
SR2 9JJ,3
SR2 9JL,3
SR2 9JN,3
SR2 9JP,3
SR2 9JQ,10
SR2 9JR,3
SR2 9JS,10
SR2 9JT,10
SR2 9JU,3
SR2 9JW,3
SR2 9JX,3
SR2 9JY,3
SR2 9JZ,3
SR2 9LA,3
SR2 9LB,3
SR2 9LD,3
SR2 9LE,3
SR2 9LF,3
SR2 9LG,3
SR2 9LH,3
SR2 9LJ,4
SR2 9LQ,3
SR2 9NA,4
SR2 9NB,4
SR2 9ND,4
SR2 9NE,4
SR2 9NF,3
SR2 9NG,3
SR2 9NH,4
SR2 9NJ,4
SR2 9NL,4
SR2 9NN,4
SR2 9NP,3
SR2 9NQ,4
SR2 9NR,4
SR2 9NS,3
SR2 9NT,4
SR2 9NU,4
SR2 9NW,4
SR2 9NX,4
SR2 9PA,4
SR2 9PB,6
SR2 9PD,3
SR2 9PE,3
SR2 9PF,4
SR2 9PG,4
SR2 9PH,4
SR2 9PJ,4
SR2 9PL,6
SR2 9PN,4
SR2 9PQ,4
SR2 9PW,4
SR2 9PY,3
SR2 9PZ,6
SR2 9QA,3
SR2 9QB,3
SR2 9QD,3
SR2 9QE,3
SR2 9QF,5
SR2 9QG,3
SR2 9QH,3
SR2 9QJ,3
SR2 9QL,5
SR2 9QN,3
SR2 9QP,5
SR2 9QQ,3
SR2 9QR,5
SR2 9QS,5
SR2 9QT,5
SR2 9QU,5
SR2 9QW,5
SR2 9QX,5
SR2 9QY,5
SR2 9QZ,3
SR2 9RA,5
SR2 9RG,5
SR2 9RH,4
SR2 9RJ,4
SR2 9RL,4
SR2 9RN,4
SR2 9RP,4
SR2 9RQ,4
SR2 9RR,4
SR2 9RS,5
SR2 9RT,5
SR2 9RU,5
SR2 9RW,4
SR2 9RX,5
SR2 9RY,5
SR2 9RZ,5
SR2 9SA,5
SR2 9SB,5
SR2 9SD,5
SR2 9SE,5
SR2 9SF,5
SR2 9SG,5
SR2 9SH,5
SR2 9SJ,5
SR2 9SL,5
SR2 9SN,5
SR2 9SP,5
SR2 9SQ,5
SR2 9SR,5
SR2 9SS,5
SR2 9ST,4
SR2 9SU,4
SR2 9SW,5
SR2 9SX,5
SR2 9SY,4
SR2 9SZ,4
SR2 9TA,4
SR2 9TB,5
SR2 9TE,4
SR2 9TF,4
SR2 9TG,4
SR2 9TH,4
SR2 9TJ,4
SR2 9TL,4
SR2 9TN,4
SR2 9TP,3
SR2 9TQ,3
SR2 9TR,3
SR2 9TS,4
SR2 9TT,3
SR2 9TU,3
SR2 9TW,3
SR2 9TX,4
SR2 9UA,3
SR2 9WA,3
SR2 9WB,3
SR2 9WD,2
SR2 9WT,2
SR2 9WU,2
SR2 9WW,2
SR2 9WX,2
SR2 9WY,3
SR2 9WZ,3
SR2 9YL,2
SR2 9YN,2
SR2 9YP,2
SR2 9YQ,2
SR2 9YR,4
SR2 9YS,4
SR2 9YT,4
SR2 9YU,4
SR2 9YX,4
SR2 9YY,2
SR2 9YZ,3
SR3 1AA,4
SR3 1AB,8
SR3 1AD,4
SR3 1AE,4
SR3 1AF,4
SR3 1AG,2
SR3 1AH,8
SR3 1AJ,8
SR3 1AL,8
SR3 1AN,8
SR3 1AP,8
SR3 1AQ,4
SR3 1AR,8
SR3 1AS,3
SR3 1AT,3
SR3 1AU,3
SR3 1AW,8
SR3 1AX,3
SR3 1AY,3
SR3 1AZ,4
SR3 1BA,4
SR3 1BB,4
SR3 1BD,4
SR3 1BE,3
SR3 1BF,3
SR3 1BG,3
SR3 1BH,4
SR3 1BJ,4
SR3 1BL,4
SR3 1BN,4
SR3 1BP,3
SR3 1BQ,4
SR3 1BS,3
SR3 1BT,3
SR3 1BU,3
SR3 1BW,4
SR3 1BX,3
SR3 1BY,3
SR3 1BZ,4
SR3 1DA,3
SR3 1DB,4
SR3 1DD,4
SR3 1DE,4
SR3 1DF,4
SR3 1DG,4
SR3 1DH,3
SR3 1DJ,4
SR3 1DL,8
SR3 1DN,8
SR3 1DP,3
SR3 1DQ,4
SR3 1DR,3
SR3 1DS,3
SR3 1DT,3
SR3 1DU,3
SR3 1DW,3
SR3 1DX,3
SR3 1DY,3
SR3 1DZ,3
SR3 1EA,3
SR3 1EB,4
SR3 1ED,3
SR3 1EE,3
SR3 1EF,3
SR3 1EG,3
SR3 1EJ,3
SR3 1EL,3
SR3 1EN,4
SR3 1EP,3
SR3 1ER,3
SR3 1ES,3
SR3 1ET,3
SR3 1EU,3
SR3 1EW,3
SR3 1EX,3
SR3 1EY,3
SR3 1EZ,3
SR3 1FB,2
SR3 1FD,2
SR3 1FF,4
SR3 1FG,4
SR3 1FH,2
SR3 1FJ,4
SR3 1FL,3
SR3 1FN,4
SR3 1FP,2
SR3 1FQ,2
SR3 1FR,2
SR3 1FS,2
SR3 1FT,4
SR3 1FW,4
SR3 1HA,3
SR3 1HB,3
SR3 1HD,3
SR3 1HE,3
SR3 1HF,3
SR3 1HG,3
SR3 1HH,3
SR3 1HJ,3
SR3 1HL,3
SR3 1HN,3
SR3 1HP,3
SR3 1HQ,3
SR3 1HR,3
SR3 1HS,3
SR3 1HT,4
SR3 1HU,3
SR3 1HW,3
SR3 1HX,3
SR3 1HY,3
SR3 1HZ,3
SR3 1JA,4
SR3 1JB,3
SR3 1JD,4
SR3 1JE,7
SR3 1JF,7
SR3 1JG,7
SR3 1JH,4
SR3 1JJ,4
SR3 1JL,7
SR3 1JN,4
SR3 1JP,7
SR3 1JQ,7
SR3 1JR,7
SR3 1JS,7
SR3 1JT,7
SR3 1JU,4
SR3 1JW,7
SR3 1JX,4
SR3 1JY,4
SR3 1JZ,3
SR3 1LA,4
SR3 1LB,3
SR3 1LD,4
SR3 1LE,4
SR3 1LF,4
SR3 1LG,4
SR3 1LH,8
SR3 1LL,8
SR3 1LN,8
SR3 1LP,8
SR3 1LQ,7
SR3 1LR,8
SR3 1LS,8
SR3 1LT,8
SR3 1LU,9
SR3 1LW,8
SR3 1LX,9
SR3 1LY,9
SR3 1LZ,8
SR3 1NA,8
SR3 1NB,8
SR3 1ND,8
SR3 1NE,8
SR3 1NF,9
SR3 1NG,9
SR3 1NH,9
SR3 1NJ,9
SR3 1NL,9
SR3 1NN,9
SR3 1NP,4
SR3 1NQ,9
SR3 1NR,9
SR3 1NS,8
SR3 1NT,9
SR3 1NU,9
SR3 1NW,4
SR3 1NX,9
SR3 1PA,9
SR3 1PB,9
SR3 1PD,4
SR3 1PE,9
SR3 1PF,9
SR3 1PG,8
SR3 1PH,8
SR3 1PJ,9
SR3 1PL,8
SR3 1PN,8
SR3 1PP,9
SR3 1PQ,8
SR3 1PR,9
SR3 1PS,8
SR3 1PT,9
SR3 1PU,8
SR3 1PW,8
SR3 1PX,8
SR3 1PY,8
SR3 1PZ,8
SR3 1QA,2
SR3 1QE,2
SR3 1QF,2
SR3 1QG,2
SR3 1QH,2
SR3 1QJ,2
SR3 1QL,2
SR3 1QN,1
SR3 1QP,2
SR3 1QQ,2
SR3 1QR,2
SR3 1QS,1
SR3 1QT,2
SR3 1QU,2
SR3 1QW,2
SR3 1QY,1
SR3 1QZ,1
SR3 1RB,2
SR3 1RD,1
SR3 1RE,1
SR3 1RF,2
SR3 1RG,1
SR3 1RH,1
SR3 1RJ,1
SR3 1RL,1
SR3 1RN,1
SR3 1RP,1
SR3 1RQ,2
SR3 1RW,1
SR3 1RZ,9
SR3 1SA,3
SR3 1SB,3
SR3 1SD,3
SR3 1SE,3
SR3 1SF,3
SR3 1SG,3
SR3 1SH,2
SR3 1SJ,2
SR3 1SL,2
SR3 1SN,3
SR3 1SP,2
SR3 1SQ,2
SR3 1SR,2
SR3 1SS,3
SR3 1ST,3
SR3 1SU,3
SR3 1SW,2
SR3 1SX,3
SR3 1SY,3
SR3 1SZ,2
SR3 1TA,2
SR3 1TB,2
SR3 1TD,2
SR3 1TE,2
SR3 1TF,1
SR3 1TG,1
SR3 1TH,1
SR3 1TJ,1
SR3 1TL,1
SR3 1TN,9
SR3 1TQ,1
SR3 1TX,8
SR3 1TY,9
SR3 1TZ,9
SR3 1UA,9
SR3 1UB,8
SR3 1UD,8
SR3 1UE,8
SR3 1UF,9
SR3 1UG,9
SR3 1UH,9
SR3 1UJ,9
SR3 1UL,9
SR3 1UN,9
SR3 1UP,9
SR3 1UQ,9
SR3 1UR,9
SR3 1UT,9
SR3 1UU,9
SR3 1UW,9
SR3 1UX,9
SR3 1UY,9
SR3 1WY,2
SR3 1WZ,2
SR3 1XD,8
SR3 1XF,8
SR3 1XG,8
SR3 1XH,8
SR3 1XJ,8
SR3 1XL,9
SR3 1XN,9
SR3 1XP,9
SR3 1XQ,8
SR3 1XR,8
SR3 1XS,8
SR3 1XT,8
SR3 1XU,8
SR3 1XW,9
SR3 1XX,3
SR3 1XY,2
SR3 1XZ,4
SR3 1YA,8
SR3 1YB,9
SR3 1YD,8
SR3 1YE,8
SR3 1YF,8
SR3 1YG,8
SR3 1YH,8
SR3 1YJ,8
SR3 1YL,8
SR3 1YN,9
SR3 1YP,9
SR3 1YQ,8
SR3 1YR,9
SR3 1YS,9
SR3 1YT,9
SR3 1YU,9
SR3 1YW,9
SR3 1YX,9
SR3 1YY,9
SR3 1YZ,8
SR3 1ZZ,2
SR3 2AA,4
SR3 2AB,7
SR3 2AD,3
SR3 2AE,4
SR3 2AF,4
SR3 2AG,3
SR3 2AH,4
SR3 2AJ,3
SR3 2AL,3
SR3 2AN,4
SR3 2AP,4
SR3 2AQ,3
SR3 2AR,3
SR3 2AS,3
SR3 2AT,3
SR3 2AU,3
SR3 2AW,4
SR3 2AX,3
SR3 2AY,3
SR3 2AZ,3
SR3 2BA,3
SR3 2BB,3
SR3 2BD,3
SR3 2BE,3
SR3 2BF,3
SR3 2BG,3
SR3 2BH,3
SR3 2BJ,3
SR3 2BL,3
SR3 2BN,3
SR3 2BP,3
SR3 2BQ,3
SR3 2BS,3
SR3 2BT,3
SR3 2BU,3
SR3 2BW,3
SR3 2BX,3
SR3 2BY,3
SR3 2BZ,7
SR3 2DA,7
SR3 2DB,7
SR3 2DD,4
SR3 2DE,3
SR3 2DF,3
SR3 2DG,3
SR3 2DH,4
SR3 2DJ,4
SR3 2DL,4
SR3 2DN,3
SR3 2DP,3
SR3 2DQ,4
SR3 2DR,3
SR3 2DS,3
SR3 2DT,3
SR3 2DU,3
SR3 2DW,3
SR3 2DX,3
SR3 2DY,3
SR3 2DZ,3
SR3 2EA,3
SR3 2EB,3
SR3 2ED,3
SR3 2EE,3
SR3 2EF,3
SR3 2EG,3
SR3 2EH,3
SR3 2EJ,3
SR3 2EL,3
SR3 2EN,3
SR3 2EP,4
SR3 2EQ,3
SR3 2ER,4
SR3 2ES,4
SR3 2ET,4
SR3 2EU,7
SR3 2EW,4
SR3 2EX,4
SR3 2EY,4
SR3 2EZ,4
SR3 2FA,4
SR3 2FB,4
SR3 2FD,4
SR3 2FE,4
SR3 2FF,4
SR3 2FG,4
SR3 2FH,4
SR3 2FJ,4
SR3 2FL,4
SR3 2FN,4
SR3 2HA,4
SR3 2HB,4
SR3 2HD,4
SR3 2HE,4
SR3 2HF,4
SR3 2HG,4
SR3 2HH,4
SR3 2HJ,4
SR3 2HL,4
SR3 2HN,4
SR3 2HP,4
SR3 2HQ,4
SR3 2HR,7
SR3 2HS,4
SR3 2HT,4
SR3 2HU,4
SR3 2HW,7
SR3 2HX,4
SR3 2HY,4
SR3 2HZ,4
SR3 2JA,4
SR3 2JB,4
SR3 2JD,4
SR3 2JE,4
SR3 2JF,4
SR3 2JG,4
SR3 2JH,4
SR3 2JJ,4
SR3 2JL,4
SR3 2JN,4
SR3 2JP,4
SR3 2JQ,4
SR3 2JR,4
SR3 2JS,4
SR3 2JT,4
SR3 2JU,4
SR3 2JW,4
SR3 2JX,4
SR3 2JY,4
SR3 2JZ,4
SR3 2LA,4
SR3 2LB,4
SR3 2LD,4
SR3 2LE,4
SR3 2LF,4
SR3 2LG,4
SR3 2LH,4
SR3 2LJ,4
SR3 2LL,4
SR3 2LN,4
SR3 2LP,4
SR3 2LQ,4
SR3 2LR,4
SR3 2LS,4
SR3 2LT,4
SR3 2LU,4
SR3 2LW,4
SR3 2LX,4
SR3 2LY,4
SR3 2LZ,4
SR3 2NA,7
SR3 2NB,7
SR3 2ND,7
SR3 2NE,7
SR3 2NF,6
SR3 2NH,4
SR3 2NJ,4
SR3 2NL,4
SR3 2NN,7
SR3 2NP,3
SR3 2NQ,6
SR3 2NR,3
SR3 2NS,6
SR3 2NT,6
SR3 2NU,6
SR3 2NW,3
SR3 2NX,6
SR3 2NY,6
SR3 2NZ,6
SR3 2PA,7
SR3 2PB,4
SR3 2PD,7
SR3 2PE,8
SR3 2PF,7
SR3 2PG,7
SR3 2PH,4
SR3 2PJ,4
SR3 2PL,4
SR3 2PN,7
SR3 2PQ,7
SR3 2PR,2
SR3 2PS,7
SR3 2PT,7
SR3 2PU,7
SR3 2PW,7
SR3 2PX,7
SR3 2PY,7
SR3 2PZ,7
SR3 2QA,7
SR3 2QB,7
SR3 2QD,8
SR3 2QE,8
SR3 2QF,8
SR3 2QG,8
SR3 2QH,8
SR3 2QJ,8
SR3 2QL,8
SR3 2QN,8
SR3 2QP,8
SR3 2QQ,8
SR3 2QR,7
SR3 2QS,8
SR3 2QT,8
SR3 2QU,8
SR3 2QW,8
SR3 2QX,7
SR3 2QY,8
SR3 2QZ,8
SR3 2RA,8
SR3 2RB,8
SR3 2RD,8
SR3 2RE,8
SR3 2RF,8
SR3 2RG,8
SR3 2RH,8
SR3 2RJ,8
SR3 2RL,8
SR3 2RN,8
SR3 2RP,8
SR3 2RQ,8
SR3 2RR,8
SR3 2RS,8
SR3 2RT,6
SR3 2RU,6
SR3 2RW,8
SR3 2RX,6
SR3 2RY,6
SR3 2RZ,6
SR3 2SA,6
SR3 2SB,6
SR3 2SD,6
SR3 2SE,6
SR3 2SF,6
SR3 2SG,6
SR3 2SH,6
SR3 2SJ,6
SR3 2SL,6
SR3 2SP,7
SR3 2SQ,6
SR3 2SR,7
SR3 2SS,7
SR3 2ST,8
SR3 2SU,8
SR3 2SW,7
SR3 2SX,8
SR3 2SY,7
SR3 2SZ,8
SR3 2TA,4
SR3 2TB,4
SR3 2TD,4
SR3 2TE,4
SR3 2TF,4
SR3 2TG,4
SR3 2TH,4
SR3 2TJ,7
SR3 2TL,7
SR3 2TN,7
SR3 2TP,4
SR3 2TQ,4
SR3 2TR,4
SR3 2TS,4
SR3 2TT,4
SR3 2TU,4
SR3 2TW,7
SR3 2TX,4
SR3 2TY,4
SR3 2UA,4
SR3 2UB,4
SR3 2UD,6
SR3 2UE,6
SR3 2UF,4
SR3 2UG,4
SR3 2UH,4
SR3 2UJ,4
SR3 2UL,4
SR3 2UN,4
SR3 2UP,7
SR3 2UQ,4
SR3 2UR,7
SR3 2UT,4
SR3 2UU,4
SR3 2UW,7
SR3 2UX,7
SR3 2UY,4
SR3 2UZ,7
SR3 2WD,4
SR3 2WF,4
SR3 2WG,4
SR3 2WH,4
SR3 2WJ,4
SR3 2WL,4
SR3 2WN,4
SR3 2WT,2
SR3 2WU,7
SR3 2WW,7
SR3 2WX,7
SR3 2WY,2
SR3 2WZ,7
SR3 2XA,4
SR3 2XB,4
SR3 2XD,4
SR3 2XE,4
SR3 2XF,4
SR3 2XG,4
SR3 2XH,4
SR3 2XJ,7
SR3 2XL,7
SR3 2XQ,6
SR3 2XS,2
SR3 2XT,7
SR3 2XU,7
SR3 2XW,2
SR3 2XX,7
SR3 2XY,7
SR3 2XZ,7
SR3 2YA,4
SR3 2YB,4
SR3 2YD,4
SR3 2YE,7
SR3 2YF,7
SR3 2YG,7
SR3 2YH,7
SR3 2YJ,4
SR3 2YL,4
SR3 2YN,4
SR3 2YP,4
SR3 2YQ,2
SR3 2YR,4
SR3 2YS,4
SR3 2YT,4
SR3 2YU,4
SR3 2YW,4
SR3 2YX,7
SR3 2YY,7
SR3 2YZ,7
SR3 2ZA,7
SR3 2ZB,2
SR3 3AA,1
SR3 3AB,2
SR3 3AD,2
SR3 3AE,1
SR3 3AF,1
SR3 3AG,1
SR3 3AH,1
SR3 3AJ,1
SR3 3AL,1
SR3 3AN,1
SR3 3AP,1
SR3 3AQ,1
SR3 3AR,1
SR3 3AS,1
SR3 3AT,1
SR3 3AU,1
SR3 3AW,1
SR3 3AX,1
SR3 3AY,1
SR3 3AZ,1
SR3 3BA,1
SR3 3BB,1
SR3 3BD,4
SR3 3BE,9
SR3 3BF,9
SR3 3BG,2
SR3 3BN,2
SR3 3BP,2
SR3 3BS,2
SR3 3BT,2
SR3 3BU,2
SR3 3BW,2
SR3 3BX,2
SR3 3BY,2
SR3 3BZ,1
SR3 3DA,2
SR3 3DB,1
SR3 3DD,1
SR3 3DE,2
SR3 3DF,2
SR3 3DG,2
SR3 3DH,4
SR3 3DJ,2
SR3 3DL,2
SR3 3DN,2
SR3 3DP,1
SR3 3DQ,2
SR3 3DR,2
SR3 3DS,1
SR3 3DT,1
SR3 3DW,1
SR3 3DX,2
SR3 3DY,2
SR3 3DZ,2
SR3 3EA,2
SR3 3EB,2
SR3 3ED,2
SR3 3EE,2
SR3 3EF,2
SR3 3EG,1
SR3 3EH,2
SR3 3EJ,2
SR3 3EL,2
SR3 3EN,2
SR3 3EP,2
SR3 3EQ,2
SR3 3ER,2
SR3 3ES,2
SR3 3ET,5
SR3 3EU,2
SR3 3EW,2
SR3 3EX,2
SR3 3EY,2
SR3 3EZ,2
SR3 3HA,2
SR3 3HB,2
SR3 3HD,2
SR3 3HE,2
SR3 3HF,2
SR3 3HG,1
SR3 3HH,2
SR3 3HJ,2
SR3 3HL,2
SR3 3HN,1
SR3 3HP,1
SR3 3HQ,2
SR3 3HR,2
SR3 3HS,2
SR3 3HT,4
SR3 3HU,4
SR3 3HX,4
SR3 3HY,4
SR3 3HZ,2
SR3 3JA,5
SR3 3JB,2
SR3 3JD,5
SR3 3JE,5
SR3 3JF,4
SR3 3JG,4
SR3 3JH,5
SR3 3JJ,5
SR3 3JL,5
SR3 3JN,4
SR3 3JP,4
SR3 3JQ,4
SR3 3JR,4
SR3 3JS,4
SR3 3JT,1
SR3 3JU,4
SR3 3JW,4
SR3 3JX,4
SR3 3JY,4
SR3 3JZ,4
SR3 3LA,2
SR3 3LB,4
SR3 3LD,4
SR3 3LE,2
SR3 3LF,2
SR3 3LG,2
SR3 3LQ,2
SR3 3LS,9
SR3 3LT,9
SR3 3LU,4
SR3 3LX,4
SR3 3LZ,4
SR3 3NA,4
SR3 3NB,4
SR3 3ND,4
SR3 3NE,4
SR3 3NF,4
SR3 3NG,1
SR3 3NH,9
SR3 3NJ,9
SR3 3NL,9
SR3 3NN,9
SR3 3NP,9
SR3 3NQ,9
SR3 3NR,9
SR3 3NS,9
SR3 3NW,9
SR3 3PE,9
SR3 3PF,4
SR3 3PG,9
SR3 3PH,5
SR3 3PJ,5
SR3 3PL,9
SR3 3PN,9
SR3 3PP,9
SR3 3PQ,9
SR3 3PR,5
SR3 3PS,9
SR3 3PT,9
SR3 3PU,5
SR3 3PW,9
SR3 3PX,9
SR3 3PY,5
SR3 3PZ,5
SR3 3QA,5
SR3 3QB,5
SR3 3QD,5
SR3 3QE,5
SR3 3QF,5
SR3 3QG,5
SR3 3QH,5
SR3 3QJ,5
SR3 3QL,5
SR3 3QN,5
SR3 3QP,5
SR3 3QQ,5
SR3 3QW,5
SR3 3RA,9
SR3 3RB,9
SR3 3RD,9
SR3 3RE,9
SR3 3RF,9
SR3 3RG,9
SR3 3RH,9
SR3 3RJ,9
SR3 3RL,9
SR3 3RQ,9
SR3 3RR,9
SR3 3RS,9
SR3 3RT,9
SR3 3RU,9
SR3 3RX,9
SR3 3RY,9
SR3 3RZ,9
SR3 3SA,9
SR3 3SB,9
SR3 3SD,9
SR3 3SE,9
SR3 3SF,9
SR3 3SG,5
SR3 3SH,9
SR3 3SJ,5
SR3 3SL,5
SR3 3SN,5
SR3 3SQ,9
SR3 3SW,9
SR3 3SY,9
SR3 3SZ,9
SR3 3TA,9
SR3 3TB,9
SR3 3TD,9
SR3 3TE,9
SR3 3TF,9
SR3 3TG,9
SR3 3TH,9
SR3 3TL,9
SR3 3TN,9
SR3 3TP,9
SR3 3TQ,9
SR3 3TR,9
SR3 3TS,9
SR3 3TW,9
SR3 3US,2
SR3 3UY,8
SR3 3UZ,9
SR3 3WJ,2
SR3 3WL,2
SR3 3WN,9
SR3 3WP,9
SR3 3WQ,2
SR3 3WR,2
SR3 3WS,2
SR3 3WT,2
SR3 3WU,2
SR3 3WW,2
SR3 3WX,2
SR3 3WY,2
SR3 3WZ,2
SR3 3XA,9
SR3 3XB,2
SR3 3XD,9
SR3 3XE,9
SR3 3XF,9
SR3 3XG,9
SR3 3XH,2
SR3 3XJ,9
SR3 3XL,9
SR3 3XN,9
SR3 3XP,9
SR3 3XQ,2
SR3 3XR,9
SR3 3XS,2
SR3 3XT,2
SR3 3XU,9
SR3 3XW,9
SR3 3XX,2
SR3 3XY,9
SR3 3XZ,2
SR3 3YA,2
SR3 3YB,2
SR3 3YD,2
SR3 3YE,2
SR3 3YF,2
SR3 3YG,9
SR3 3YH,2
SR3 3YJ,2
SR3 3YL,2
SR3 3YN,2
SR3 3YP,2
SR3 3YQ,2
SR3 3YR,2
SR3 3YS,2
SR3 3YT,2
SR3 3YU,2
SR3 3YW,2
SR3 3YX,9
SR3 3YY,2
SR3 3YZ,2
SR3 3ZX,2
SR3 3ZZ,2
SR3 4AA,9
SR3 4AD,7
SR3 4AE,7
SR3 4AF,7
SR3 4AG,7
SR3 4AH,7
SR3 4AJ,3
SR3 4AL,3
SR3 4AN,3
SR3 4AP,3
SR3 4AQ,7
SR3 4AR,3
SR3 4AS,3
SR3 4AT,3
SR3 4AU,2
SR3 4AW,3
SR3 4AX,2
SR3 4AY,2
SR3 4AZ,1
SR3 4BA,1
SR3 4BB,1
SR3 4BD,1
SR3 4BE,1
SR3 4BG,1
SR3 4BH,1
SR3 4BJ,1
SR3 4BQ,1
SR3 4BX,2
SR3 4BY,1
SR3 4DE,1
SR3 4DF,2
SR3 4DG,2
SR3 4DH,2
SR3 4DJ,2
SR3 4DL,2
SR3 4DN,2
SR3 4DP,2
SR3 4DQ,2
SR3 4DR,2
SR3 4DS,2
SR3 4DT,2
SR3 4DU,2
SR3 4DW,2
SR3 4DX,2
SR3 4DY,2
SR3 4DZ,2
SR3 4EA,2
SR3 4EB,2
SR3 4ED,2
SR3 4EE,2
SR3 4EF,2
SR3 4EG,2
SR3 4EH,2
SR3 4EJ,2
SR3 4EL,2
SR3 4EN,1
SR3 4EP,2
SR3 4EQ,2
SR3 4ER,2
SR3 4ES,1
SR3 4ET,1
SR3 4EU,1
SR3 4EW,2
SR3 4EX,1
SR3 4EY,1
SR3 4EZ,1
SR3 4HA,2
SR3 4HB,1
SR3 4HD,1
SR3 4HE,2
SR3 4HF,2
SR3 4HG,2
SR3 4HP,1
SR3 4HQ,2
SR3 4HR,1
SR3 4HS,1
SR3 4HT,1
SR3 4HU,1
SR3 4HW,1
SR3 4HX,1
SR3 4HY,1
SR3 4HZ,1
SR3 4JA,1
SR3 4JB,1
SR3 4JD,1
SR3 4JE,1
SR3 4JF,1
SR3 4JG,1
SR3 4JH,1
SR3 4JJ,1
SR3 4JL,1
SR3 4JN,1
SR3 4JP,1
SR3 4JQ,1
SR3 4JR,1
SR3 4JS,1
SR3 4JT,1
SR3 4JU,1
SR3 4JW,1
SR3 4JX,1
SR3 4JY,1
SR3 4JZ,1
SR3 4LA,1
SR3 4LB,1
SR3 4LD,1
SR3 4LE,1
SR3 4LJ,1
SR3 4LL,1
SR3 4LN,1
SR3 4LP,1
SR3 4LR,1
SR3 4LS,1
SR3 4LT,1
SR3 4LU,1
SR3 4LW,1
SR3 4LX,1
SR3 4LY,1
SR3 4LZ,1
SR3 4NA,1
SR3 4NB,1
SR3 4ND,1
SR3 4NE,1
SR3 4NF,1
SR3 4NG,1
SR3 4NH,1
SR3 4NJ,1
SR3 4NL,1
SR3 4NN,1
SR3 4NP,1
SR3 4NQ,1
SR3 4NR,1
SR3 4NS,1
SR3 4NT,1
SR3 4NU,1
SR3 4NW,1
SR3 4NX,1
SR3 4PA,1
SR3 4PB,1
SR3 4PD,1
SR3 4PE,1
SR3 4PF,1
SR3 4PG,1
SR3 4PH,1
SR3 4PJ,1
SR3 4PL,1
SR3 4PN,1
SR3 4PP,1
SR3 4PQ,1
SR3 4PR,1
SR3 4PS,1
SR3 4PW,1
SR3 4WX,2
SR3 4WY,2
SR3 4WZ,2
SR3 4YR,2
SR3 4YS,2
SR3 4YT,1
SR3 4YU,1
SR3 4YW,9
SR3 4YX,9
SR3 4YY,1
SR3 4YZ,9
SR4 0AA,1
SR4 0AB,1
SR4 0AD,1
SR4 0AE,1
SR4 0AF,1
SR4 0AG,1
SR4 0AH,4
SR4 0AJ,1
SR4 0AL,1
SR4 0AN,1
SR4 0AP,4
SR4 0AQ,1
SR4 0AR,4
SR4 0AS,4
SR4 0AT,1
SR4 0AU,1
SR4 0AW,1
SR4 0AX,1
SR4 0AY,1
SR4 0AZ,1
SR4 0BA,1
SR4 0BB,1
SR4 0BD,1
SR4 0BE,1
SR4 0BF,1
SR4 0BG,1
SR4 0BH,1
SR4 0BJ,2
SR4 0BL,2
SR4 0BN,2
SR4 0BP,1
SR4 0BQ,1
SR4 0BS,1
SR4 0BT,1
SR4 0BU,2
SR4 0BW,2
SR4 0BX,2
SR4 0BY,2
SR4 0BZ,2
SR4 0DA,1
SR4 0DB,1
SR4 0DD,1
SR4 0DE,1
SR4 0DF,1
SR4 0DG,1
SR4 0DH,1
SR4 0DJ,1
SR4 0DL,1
SR4 0DN,1
SR4 0DP,1
SR4 0DQ,1
SR4 0DR,1
SR4 0DS,1
SR4 0DT,1
SR4 0DU,1
SR4 0DW,1
SR4 0DX,1
SR4 0DY,1
SR4 0DZ,1
SR4 0EA,1
SR4 0EB,1
SR4 0ED,1
SR4 0EE,1
SR4 0EF,1
SR4 0EG,1
SR4 0EH,1
SR4 0EJ,1
SR4 0EL,1
SR4 0EN,1
SR4 0EP,1
SR4 0EQ,1
SR4 0ER,1
SR4 0ES,1
SR4 0ET,1
SR4 0EU,1
SR4 0EW,1
SR4 0EX,1
SR4 0EY,1
SR4 0EZ,1
SR4 0FA,1
SR4 0FB,1
SR4 0FD,1
SR4 0FE,1
SR4 0HA,1
SR4 0HB,2
SR4 0HD,1
SR4 0HE,1
SR4 0HF,1
SR4 0HG,1
SR4 0HH,1
SR4 0HJ,2
SR4 0HL,1
SR4 0HN,1
SR4 0HP,1
SR4 0HQ,2
SR4 0HR,1
SR4 0HS,1
SR4 0HT,1
SR4 0HU,1
SR4 0HW,1
SR4 0HX,1
SR4 0HY,1
SR4 0HZ,1
SR4 0JA,1
SR4 0JB,4
SR4 0JJ,4
SR4 0JL,2
SR4 0JN,2
SR4 0JP,2
SR4 0JR,2
SR4 0JS,5
SR4 0JT,5
SR4 0JU,5
SR4 0JW,2
SR4 0JX,5
SR4 0JY,5
SR4 0JZ,2
SR4 0LA,5
SR4 0LB,5
SR4 0LD,5
SR4 0LE,1
SR4 0LF,2
SR4 0LG,2
SR4 0LH,1
SR4 0LJ,5
SR4 0LL,5
SR4 0LN,5
SR4 0LP,2
SR4 0LQ,2
SR4 0LR,5
SR4 0LS,4
SR4 0LT,4
SR4 0LU,5
SR4 0LW,5
SR4 0LX,5
SR4 0LY,5
SR4 0LZ,5
SR4 0NA,5
SR4 0NB,5
SR4 0ND,5
SR4 0NE,4
SR4 0NF,4
SR4 0NG,4
SR4 0NH,4
SR4 0NJ,4
SR4 0NL,5
SR4 0NN,5
SR4 0NP,5
SR4 0NQ,4
SR4 0NW,5
SR4 0PA,4
SR4 0PB,5
SR4 0PD,4
SR4 0PE,4
SR4 0PF,5
SR4 0PG,4
SR4 0PH,5
SR4 0PJ,4
SR4 0PL,5
SR4 0PN,4
SR4 0PP,4
SR4 0PQ,5
SR4 0PR,4
SR4 0PS,4
SR4 0PT,4
SR4 0PU,4
SR4 0PW,4
SR4 0PX,4
SR4 0PY,4
SR4 0PZ,4
SR4 0QA,4
SR4 0QB,4
SR4 0QD,4
SR4 0QE,4
SR4 0QF,4
SR4 0QG,4
SR4 0QH,4
SR4 0QJ,4
SR4 0QL,4
SR4 0QP,4
SR4 0QQ,4
SR4 0QR,4
SR4 0QT,4
SR4 0QU,4
SR4 0QW,4
SR4 0QX,4
SR4 0QY,4
SR4 0QZ,4
SR4 0RA,4
SR4 0RB,4
SR4 0RD,4
SR4 0RE,4
SR4 0RF,4
SR4 0RG,4
SR4 0RJ,5
SR4 0RL,4
SR4 0RN,4
SR4 0RP,2
SR4 0RQ,4
SR4 0RR,4
SR4 0RS,4
SR4 0RT,4
SR4 0RU,4
SR4 0RW,2
SR4 0RX,1
SR4 0WY,2
SR4 0WZ,1
SR4 0YT,2
SR4 0YU,1
SR4 0YW,2
SR4 0YX,1
SR4 0YY,1
SR4 0YZ,1
SR4 0ZW,2
SR4 6AA,2
SR4 6AB,2
SR4 6AD,1
SR4 6AE,2
SR4 6AF,2
SR4 6AG,2
SR4 6AH,2
SR4 6AJ,2
SR4 6AL,2
SR4 6AN,2
SR4 6AQ,2
SR4 6AR,2
SR4 6AU,2
SR4 6AX,2
SR4 6AY,2
SR4 6AZ,2
SR4 6BA,2
SR4 6BD,2
SR4 6BE,2
SR4 6BG,2
SR4 6BH,2
SR4 6BJ,2
SR4 6BL,2
SR4 6BN,2
SR4 6BP,2
SR4 6BQ,2
SR4 6BS,2
SR4 6BT,2
SR4 6BU,2
SR4 6BW,2
SR4 6BX,2
SR4 6BY,2
SR4 6DA,2
SR4 6DB,2
SR4 6DD,2
SR4 6DE,2
SR4 6DF,2
SR4 6DG,2
SR4 6DH,2
SR4 6DJ,2
SR4 6DN,2
SR4 6DP,2
SR4 6DQ,2
SR4 6DR,2
SR4 6DS,2
SR4 6DT,2
SR4 6DU,2
SR4 6DW,2
SR4 6DX,2
SR4 6DY,2
SR4 6EA,2
SR4 6EB,2
SR4 6ED,2
SR4 6EE,2
SR4 6EF,2
SR4 6EG,2
SR4 6EH,2
SR4 6EJ,2
SR4 6EL,3
SR4 6EN,3
SR4 6EP,3
SR4 6EQ,2
SR4 6ER,3
SR4 6ES,3
SR4 6ET,2
SR4 6EU,3
SR4 6EW,3
SR4 6EX,3
SR4 6EY,3
SR4 6EZ,3
SR4 6FB,2
SR4 6HA,2
SR4 6HB,3
SR4 6HD,3
SR4 6HE,3
SR4 6HH,3
SR4 6HJ,3
SR4 6HL,3
SR4 6HN,3
SR4 6HP,3
SR4 6HR,3
SR4 6HS,3
SR4 6HT,3
SR4 6HU,3
SR4 6HW,3
SR4 6HX,3
SR4 6HY,2
SR4 6JA,2
SR4 6JB,2
SR4 6JD,2
SR4 6JE,2
SR4 6JF,2
SR4 6JG,3
SR4 6JH,3
SR4 6JJ,3
SR4 6JL,2
SR4 6JQ,3
SR4 6JR,3
SR4 6LA,4
SR4 6LB,2
SR4 6LD,2
SR4 6LE,2
SR4 6LF,2
SR4 6LG,4
SR4 6LH,4
SR4 6LJ,2
SR4 6LL,2
SR4 6LN,3
SR4 6LP,4
SR4 6LQ,3
SR4 6LR,2
SR4 6LS,3
SR4 6LT,2
SR4 6LU,2
SR4 6LW,3
SR4 6LX,2
SR4 6LY,2
SR4 6LZ,2
SR4 6NA,2
SR4 6NB,2
SR4 6ND,2
SR4 6NE,2
SR4 6NF,2
SR4 6NG,2
SR4 6NH,2
SR4 6NJ,2
SR4 6NL,2
SR4 6NN,2
SR4 6NP,2
SR4 6NQ,2
SR4 6NR,2
SR4 6NS,1
SR4 6NT,1
SR4 6NU,1
SR4 6NW,2
SR4 6NX,2
SR4 6NY,2
SR4 6PA,1
SR4 6PB,1
SR4 6PD,1
SR4 6PE,1
SR4 6PF,1
SR4 6PG,1
SR4 6PH,1
SR4 6PL,2
SR4 6PQ,1
SR4 6PR,3
SR4 6PS,2
SR4 6PT,2
SR4 6PU,3
SR4 6PX,3
SR4 6PY,2
SR4 6PZ,2
SR4 6QA,2
SR4 6QB,2
SR4 6QD,2
SR4 6QE,2
SR4 6QF,2
SR4 6QG,2
SR4 6QH,2
SR4 6QJ,2
SR4 6QL,2
SR4 6QN,2
SR4 6QP,2
SR4 6QQ,2
SR4 6QR,2
SR4 6QS,2
SR4 6QT,2
SR4 6QU,2
SR4 6QW,2
SR4 6QX,2
SR4 6QY,2
SR4 6QZ,2
SR4 6RA,2
SR4 6RB,2
SR4 6RD,2
SR4 6RE,1
SR4 6RF,1
SR4 6RG,1
SR4 6RH,1
SR4 6RJ,1
SR4 6RL,1
SR4 6RN,1
SR4 6RP,2
SR4 6RQ,1
SR4 6RR,2
SR4 6RS,2
SR4 6RT,1
SR4 6RU,2
SR4 6RW,1
SR4 6RX,2
SR4 6SD,2
SR4 6SE,2
SR4 6SF,2
SR4 6SG,1
SR4 6SH,1
SR4 6SJ,4
SR4 6SL,1
SR4 6SN,1
SR4 6SP,1
SR4 6SQ,1
SR4 6SR,1
SR4 6SS,1
SR4 6ST,1
SR4 6SU,1
SR4 6SW,1
SR4 6SX,1
SR4 6SY,1
SR4 6SZ,1
SR4 6TA,1
SR4 6TB,1
SR4 6TD,2
SR4 6TE,2
SR4 6TF,2
SR4 6TG,2
SR4 6TH,2
SR4 6TJ,2
SR4 6TL,2
SR4 6TN,2
SR4 6TP,2
SR4 6TQ,2
SR4 6TR,1
SR4 6TS,1
SR4 6TT,1
SR4 6TU,2
SR4 6TW,2
SR4 6TX,2
SR4 6TY,1
SR4 6TZ,1
SR4 6UA,2
SR4 6UB,4
SR4 6UD,4
SR4 6UE,1
SR4 6UF,1
SR4 6UG,1
SR4 6UH,3
SR4 6UJ,2
SR4 6UL,2
SR4 6UN,2
SR4 6UP,2
SR4 6UQ,1
SR4 6UR,2
SR4 6US,2
SR4 6UT,2
SR4 6UU,2
SR4 6UW,2
SR4 6UX,1
SR4 6UY,1
SR4 6UZ,2
SR4 6WD,2
SR4 6WE,2
SR4 6WX,2
SR4 6WY,2
SR4 6WZ,2
SR4 6XA,2
SR4 6XB,2
SR4 6XD,1
SR4 6XE,1
SR4 6XF,1
SR4 6XG,1
SR4 6XH,1
SR4 6XJ,1
SR4 6XL,1
SR4 6XN,1
SR4 6XP,1
SR4 6XQ,1
SR4 6XR,2
SR4 6XS,2
SR4 6XT,2
SR4 6XW,1
SR4 6XX,2
SR4 6XY,2
SR4 6XZ,2
SR4 6YA,1
SR4 6YB,2
SR4 6YD,2
SR4 6YE,2
SR4 6YF,2
SR4 6YG,2
SR4 6YH,1
SR4 6YJ,2
SR4 6YL,2
SR4 6YN,2
SR4 6YP,2
SR4 6YQ,2
SR4 6YS,1
SR4 6YT,1
SR4 6YU,2
SR4 6YW,2
SR4 6YY,1
SR4 6YZ,1
SR4 7AA,2
SR4 7AB,2
SR4 7AD,3
SR4 7AF,2
SR4 7AG,2
SR4 7AH,2
SR4 7AL,4
SR4 7AP,3
SR4 7AQ,2
SR4 7AR,2
SR4 7AS,3
SR4 7AX,3
SR4 7AZ,3
SR4 7BA,2
SR4 7BB,2
SR4 7BE,3
SR4 7BG,3
SR4 7BH,3
SR4 7BL,3
SR4 7BN,3
SR4 7BP,3
SR4 7BQ,5
SR4 7BS,3
SR4 7BT,3
SR4 7BU,3
SR4 7BW,3
SR4 7BX,3
SR4 7DA,5
SR4 7DB,3
SR4 7DD,3
SR4 7DE,3
SR4 7DF,5
SR4 7DG,5
SR4 7DH,5
SR4 7DJ,5
SR4 7DL,5
SR4 7DN,5
SR4 7DP,5
SR4 7DQ,5
SR4 7DR,5
SR4 7DS,5
SR4 7DT,5
SR4 7DU,5
SR4 7DW,5
SR4 7DX,5
SR4 7DY,5
SR4 7DZ,5
SR4 7EA,5
SR4 7EB,5
SR4 7ED,5
SR4 7EE,5
SR4 7EF,5
SR4 7EG,3
SR4 7EH,5
SR4 7EJ,3
SR4 7EL,5
SR4 7EN,5
SR4 7EP,5
SR4 7EQ,5
SR4 7EW,3
SR4 7EY,5
SR4 7EZ,5
SR4 7GA,4
SR4 7GB,4
SR4 7GD,4
SR4 7GE,2
SR4 7GF,5
SR4 7GG,2
SR4 7GH,2
SR4 7GQ,2
SR4 7HA,5
SR4 7HB,4
SR4 7HD,5
SR4 7HE,5
SR4 7HF,5
SR4 7HG,4
SR4 7HH,4
SR4 7HL,4
SR4 7HN,4
SR4 7HP,4
SR4 7HQ,4
SR4 7HR,3
SR4 7HS,4
SR4 7HT,4
SR4 7HU,4
SR4 7HW,4
SR4 7HX,5
SR4 7HY,3
SR4 7HZ,3
SR4 7JA,4
SR4 7JB,4
SR4 7JD,4
SR4 7JE,4
SR4 7JF,4
SR4 7JG,4
SR4 7JH,4
SR4 7JJ,4
SR4 7JL,4
SR4 7JN,4
SR4 7JP,4
SR4 7JQ,4
SR4 7JR,4
SR4 7JS,4
SR4 7JT,4
SR4 7JU,4
SR4 7JW,4
SR4 7LB,5
SR4 7LD,5
SR4 7LE,5
SR4 7LF,5
SR4 7LG,8
SR4 7LH,8
SR4 7LJ,8
SR4 7LL,8
SR4 7LN,5
SR4 7LP,5
SR4 7LQ,8
SR4 7LR,5
SR4 7LS,5
SR4 7LT,5
SR4 7LU,4
SR4 7LW,5
SR4 7LX,4
SR4 7LY,4
SR4 7LZ,4
SR4 7NA,4
SR4 7NB,4
SR4 7ND,4
SR4 7NF,4
SR4 7NG,4
SR4 7NH,4
SR4 7NJ,4
SR4 7NL,4
SR4 7NN,4
SR4 7NP,4
SR4 7NQ,4
SR4 7NR,4
SR4 7NS,4
SR4 7NT,4
SR4 7NU,4
SR4 7NW,4
SR4 7PE,8
SR4 7PH,4
SR4 7PJ,4
SR4 7PL,7
SR4 7PN,7
SR4 7PP,7
SR4 7PR,7
SR4 7PS,4
SR4 7PT,7
SR4 7PU,4
SR4 7PW,7
SR4 7PX,7
SR4 7PY,4
SR4 7PZ,7
SR4 7QA,7
SR4 7QB,7
SR4 7QD,7
SR4 7QE,7
SR4 7QF,7
SR4 7QG,4
SR4 7QH,8
SR4 7QJ,7
SR4 7QL,7
SR4 7QN,7
SR4 7QP,4
SR4 7QQ,7
SR4 7QR,4
SR4 7QS,8
SR4 7QT,8
SR4 7QU,8
SR4 7QW,8
SR4 7RA,4
SR4 7RB,4
SR4 7RD,4
SR4 7RE,4
SR4 7RG,4
SR4 7RH,7
SR4 7RJ,7
SR4 7RL,7
SR4 7RN,7
SR4 7RP,4
SR4 7RQ,4
SR4 7RR,8
SR4 7RS,8
SR4 7RT,4
SR4 7RU,7
SR4 7RW,4
SR4 7RX,7
SR4 7RY,7
SR4 7RZ,4
SR4 7SA,4
SR4 7SB,8
SR4 7SD,8
SR4 7SE,8
SR4 7SJ,4
SR4 7SL,2
SR4 7SN,4
SR4 7SP,4
SR4 7SR,4
SR4 7SS,4
SR4 7ST,4
SR4 7SU,4
SR4 7SW,4
SR4 7SX,4
SR4 7SY,4
SR4 7SZ,4
SR4 7TA,4
SR4 7TB,4
SR4 7TD,4
SR4 7TE,4
SR4 7TF,4
SR4 7TG,4
SR4 7TH,4
SR4 7TJ,4
SR4 7TL,4
SR4 7TN,4
SR4 7TP,3
SR4 7TQ,4
SR4 7TR,4
SR4 7TS,4
SR4 7TT,4
SR4 7TU,4
SR4 7TW,4
SR4 7TX,4
SR4 7UE,2
SR4 7UF,3
SR4 7UH,3
SR4 7UJ,3
SR4 7UP,3
SR4 7UR,3
SR4 7UT,3
SR4 7UU,3
SR4 7UX,3
SR4 7UY,3
SR4 7UZ,3
SR4 7WS,2
SR4 7WT,2
SR4 7WU,2
SR4 7WW,2
SR4 7WX,2
SR4 7WY,2
SR4 7WZ,2
SR4 7XA,3
SR4 7XB,3
SR4 7XD,3
SR4 7XF,3
SR4 7XH,3
SR4 7XJ,3
SR4 7XQ,3
SR4 7XR,2
SR4 7XS,2
SR4 7XT,3
SR4 7XU,3
SR4 7XW,3
SR4 7XX,2
SR4 7XY,2
SR4 7XZ,2
SR4 7YA,3
SR4 7YB,3
SR4 7YD,3
SR4 7YE,3
SR4 7YF,3
SR4 7YG,3
SR4 7YH,4
SR4 7YJ,4
SR4 7YL,4
SR4 7YN,3
SR4 7YP,4
SR4 7YQ,3
SR4 7YR,4
SR4 7YS,2
SR4 7YT,4
SR4 7YU,4
SR4 7YW,3
SR4 7YX,3
SR4 7YY,3
SR4 7YZ,2
SR4 7ZA,2
SR4 7ZR,2
SR4 7ZT,2
SR4 8AA,2
SR4 8AB,2
SR4 8AD,2
SR4 8AE,2
SR4 8AF,2
SR4 8AG,2
SR4 8AH,2
SR4 8AJ,2
SR4 8AL,2
SR4 8AN,2
SR4 8AP,2
SR4 8AQ,2
SR4 8AR,2
SR4 8AS,2
SR4 8AT,2
SR4 8AU,2
SR4 8AW,2
SR4 8AX,2
SR4 8AY,2
SR4 8AZ,2
SR4 8BA,2
SR4 8BB,2
SR4 8BD,2
SR4 8BE,2
SR4 8BG,2
SR4 8BH,2
SR4 8BJ,6
SR4 8BL,2
SR4 8BN,6
SR4 8BP,6
SR4 8BQ,2
SR4 8BS,6
SR4 8BT,2
SR4 8BU,6
SR4 8BW,6
SR4 8BX,2
SR4 8BY,6
SR4 8BZ,2
SR4 8DA,2
SR4 8DB,2
SR4 8DD,2
SR4 8DE,2
SR4 8DF,2
SR4 8DG,2
SR4 8DH,2
SR4 8DJ,2
SR4 8DL,2
SR4 8DN,2
SR4 8DP,2
SR4 8DQ,2
SR4 8DR,2
SR4 8DS,2
SR4 8DT,2
SR4 8DU,2
SR4 8DW,2
SR4 8DX,2
SR4 8DY,2
SR4 8DZ,2
SR4 8EA,2
SR4 8EB,2
SR4 8ED,2
SR4 8EE,2
SR4 8EF,2
SR4 8EG,2
SR4 8EH,2
SR4 8EJ,2
SR4 8EL,2
SR4 8EN,2
SR4 8EP,2
SR4 8EQ,2
SR4 8ER,2
SR4 8ES,1
SR4 8ET,2
SR4 8EU,2
SR4 8EW,2
SR4 8EX,2
SR4 8HA,4
SR4 8HB,1
SR4 8HD,1
SR4 8HE,1
SR4 8HF,4
SR4 8HG,1
SR4 8HH,4
SR4 8HP,4
SR4 8HQ,1
SR4 8HR,4
SR4 8HS,4
SR4 8HT,4
SR4 8HU,4
SR4 8HW,4
SR4 8HX,4
SR4 8HY,4
SR4 8HZ,1
SR4 8JA,1
SR4 8JB,1
SR4 8JD,1
SR4 8JE,4
SR4 8JF,4
SR4 8JG,4
SR4 8JH,4
SR4 8JJ,1
SR4 8JL,4
SR4 8JN,4
SR4 8JP,4
SR4 8JQ,4
SR4 8JR,1
SR4 8JS,1
SR4 8JT,1
SR4 8JU,1
SR4 8JW,4
SR4 8JX,1
SR4 8JY,4
SR4 8JZ,4
SR4 8LA,1
SR4 8LB,4
SR4 8LD,4
SR4 8LE,4
SR4 8LF,4
SR4 8LG,4
SR4 8LH,4
SR4 8LN,6
SR4 8LP,6
SR4 8LQ,4
SR4 8LR,6
SR4 8LS,6
SR4 8LT,6
SR4 8LU,6
SR4 8LW,6
SR4 8LX,6
SR4 8LY,6
SR4 8LZ,6
SR4 8NA,6
SR4 8NB,6
SR4 8ND,6
SR4 8NE,6
SR4 8NF,6
SR4 8NG,6
SR4 8NH,6
SR4 8NJ,6
SR4 8NL,6
SR4 8NN,6
SR4 8NP,4
SR4 8NQ,6
SR4 8NR,4
SR4 8NS,2
SR4 8NT,2
SR4 8NU,2
SR4 8NW,4
SR4 8NX,2
SR4 8PA,4
SR4 8PB,2
SR4 8PD,2
SR4 8PE,2
SR4 8PF,2
SR4 8PG,2
SR4 8PH,2
SR4 8PJ,2
SR4 8PL,2
SR4 8PQ,2
SR4 8PT,8
SR4 8PU,8
SR4 8PX,8
SR4 8PY,8
SR4 8PZ,8
SR4 8QA,8
SR4 8QB,8
SR4 8QD,8
SR4 8QE,8
SR4 8QF,8
SR4 8QG,8
SR4 8QH,8
SR4 8QJ,8
SR4 8QL,8
SR4 8QN,8
SR4 8QP,6
SR4 8QQ,8
SR4 8QR,8
SR4 8QS,8
SR4 8QT,6
SR4 8QU,6
SR4 8QW,8
SR4 8QX,6
SR4 8QY,8
SR4 8QZ,8
SR4 8RA,8
SR4 8RB,8
SR4 8RD,8
SR4 8RE,8
SR4 8RF,8
SR4 8RG,8
SR4 8RH,8
SR4 8RJ,4
SR4 8RL,4
SR4 8RN,4
SR4 8RP,4
SR4 8RQ,8
SR4 8RR,4
SR4 8RS,4
SR4 8RT,4
SR4 8RU,4
SR4 8RW,4
SR4 8WW,2
SR4 8WX,8
SR4 8WY,8
SR4 8WZ,8
SR4 8YP,2
SR4 8YR,2
SR4 8YS,6
SR4 8YT,2
SR4 8YU,2
SR4 8YW,2
SR4 8YX,2
SR4 8YZ,6
SR4 9AA,2
SR4 9AB,2
SR4 9AD,1
SR4 9AE,1
SR4 9AF,1
SR4 9AG,1
SR4 9AH,1
SR4 9AJ,1
SR4 9AQ,1
SR4 9AR,2
SR4 9AS,2
SR4 9AT,2
SR4 9AU,2
SR4 9AX,2
SR4 9AY,1
SR4 9AZ,1
SR4 9BA,1
SR4 9BB,1
SR4 9BD,1
SR4 9BE,1
SR4 9BF,1
SR4 9BG,1
SR4 9BH,1
SR4 9BJ,1
SR4 9BL,1
SR4 9BN,1
SR4 9BP,1
SR4 9BQ,1
SR4 9BS,1
SR4 9BT,1
SR4 9BU,1
SR4 9BW,1
SR4 9BX,1
SR4 9BY,1
SR4 9BZ,1
SR4 9DA,1
SR4 9DB,1
SR4 9DD,1
SR4 9DE,1
SR4 9DF,1
SR4 9DG,1
SR4 9DH,1
SR4 9DJ,1
SR4 9DL,1
SR4 9DN,1
SR4 9DP,1
SR4 9DQ,1
SR4 9DR,1
SR4 9DS,1
SR4 9DT,1
SR4 9DU,1
SR4 9DW,1
SR4 9DX,1
SR4 9DY,1
SR4 9DZ,1
SR4 9EA,1
SR4 9EB,1
SR4 9ED,1
SR4 9EE,1
SR4 9EF,1
SR4 9EG,1
SR4 9EH,1
SR4 9EJ,1
SR4 9EL,1
SR4 9EN,1
SR4 9EP,1
SR4 9EQ,1
SR4 9ER,1
SR4 9ES,2
SR4 9ET,2
SR4 9EU,2
SR4 9EW,1
SR4 9EX,2
SR4 9HA,4
SR4 9HB,1
SR4 9HD,1
SR4 9HE,1
SR4 9HF,1
SR4 9HG,1
SR4 9HH,1
SR4 9HJ,1
SR4 9HL,1
SR4 9HN,1
SR4 9HP,1
SR4 9HQ,1
SR4 9HR,1
SR4 9HS,1
SR4 9HT,1
SR4 9HU,2
SR4 9HW,1
SR4 9HX,1
SR4 9HY,1
SR4 9HZ,1
SR4 9JA,1
SR4 9JB,1
SR4 9JL,4
SR4 9JN,4
SR4 9JP,4
SR4 9JR,4
SR4 9JS,4
SR4 9JT,4
SR4 9JU,4
SR4 9JW,4
SR4 9JX,4
SR4 9JY,4
SR4 9JZ,4
SR4 9LA,3
SR4 9LB,8
SR4 9LP,8
SR4 9LR,1
SR4 9LS,8
SR4 9LT,1
SR4 9LU,8
SR4 9LX,8
SR4 9LY,8
SR4 9LZ,8
SR4 9NE,8
SR4 9NF,8
SR4 9NG,8
SR4 9NH,8
SR4 9NJ,8
SR4 9NL,8
SR4 9NN,8
SR4 9NP,8
SR4 9NQ,8
SR4 9NR,8
SR4 9NS,8
SR4 9NT,8
SR4 9NU,8
SR4 9NW,8
SR4 9NX,8
SR4 9PA,8
SR4 9PP,1
SR4 9PR,1
SR4 9PS,1
SR4 9PT,1
SR4 9PU,1
SR4 9PW,1
SR4 9PX,1
SR4 9PY,1
SR4 9PZ,1
SR4 9QA,1
SR4 9QB,1
SR4 9QD,1
SR4 9QE,1
SR4 9QF,1
SR4 9QG,1
SR4 9QH,1
SR4 9QJ,1
SR4 9QL,1
SR4 9QN,1
SR4 9QP,1
SR4 9QQ,1
SR4 9QR,1
SR4 9QS,1
SR4 9QT,1
SR4 9QU,1
SR4 9QW,1
SR4 9QX,1
SR4 9QY,1
SR4 9QZ,1
SR4 9RA,1
SR4 9RB,1
SR4 9RD,1
SR4 9RE,8
SR4 9RF,1
SR4 9RG,1
SR4 9RH,1
SR4 9RJ,1
SR4 9RL,1
SR4 9RN,8
SR4 9RP,1
SR4 9RQ,1
SR4 9RR,1
SR4 9RS,1
SR4 9RT,1
SR4 9RU,1
SR4 9RW,1
SR4 9RX,1
SR4 9RY,1
SR4 9RZ,8
SR4 9SA,8
SR4 9SB,8
SR4 9SD,8
SR4 9SE,1
SR4 9SF,1
SR4 9SG,1
SR4 9SQ,1
SR4 9WD,2
SR4 9WY,2
SR4 9WZ,1
SR4 9YS,2
SR4 9YT,1
SR4 9YU,1
SR4 9YX,1
SR4 9YY,2
SR4 9YZ,1
SR431ZZ,1
SR432SB,
SR432SD,
SR432SE,
SR432SF,
SR433AA,
SR433AB,
SR433AD,
SR433SB,
SR5 1AB,2
SR5 1AD,2
SR5 1AE,2
SR5 1AH,2
SR5 1AJ,2
SR5 1AL,2
SR5 1AP,2
SR5 1AQ,2
SR5 1AR,2
SR5 1AS,2
SR5 1AT,4
SR5 1AW,4
SR5 1AX,2
SR5 1AY,2
SR5 1AZ,2
SR5 1BA,2
SR5 1BB,2
SR5 1BD,2
SR5 1BE,2
SR5 1BG,2
SR5 1BH,2
SR5 1BJ,2
SR5 1BL,2
SR5 1BN,2
SR5 1BP,4
SR5 1BQ,2
SR5 1BS,2
SR5 1BT,2
SR5 1BU,2
SR5 1BW,2
SR5 1DD,4
SR5 1DE,4
SR5 1DF,4
SR5 1DG,4
SR5 1DH,4
SR5 1DJ,4
SR5 1DL,4
SR5 1DN,4
SR5 1DP,4
SR5 1DQ,4
SR5 1DR,4
SR5 1DS,4
SR5 1DT,4
SR5 1DU,3
SR5 1DW,4
SR5 1DX,3
SR5 1DY,3
SR5 1DZ,3
SR5 1EA,3
SR5 1EB,3
SR5 1ED,3
SR5 1EE,3
SR5 1EF,1
SR5 1EG,4
SR5 1EJ,1
SR5 1EL,3
SR5 1EP,1
SR5 1EQ,4
SR5 1ER,1
SR5 1ES,1
SR5 1ET,3
SR5 1EW,1
SR5 1EX,9
SR5 1EY,1
SR5 1HA,1
SR5 1HB,3
SR5 1HD,1
SR5 1HE,1
SR5 1HF,4
SR5 1HJ,1
SR5 1HL,1
SR5 1HN,3
SR5 1HQ,1
SR5 1HU,4
SR5 1HW,9
SR5 1HX,5
SR5 1HY,2
SR5 1HZ,4
SR5 1JA,4
SR5 1JB,4
SR5 1JD,3
SR5 1JE,4
SR5 1JF,4
SR5 1JG,4
SR5 1JH,3
SR5 1JJ,4
SR5 1JL,4
SR5 1JN,4
SR5 1JP,3
SR5 1JQ,4
SR5 1JR,3
SR5 1JS,4
SR5 1JT,9
SR5 1JU,4
SR5 1JW,3
SR5 1JY,3
SR5 1JZ,3
SR5 1LA,4
SR5 1LB,3
SR5 1LD,3
SR5 1LE,4
SR5 1LF,3
SR5 1LG,3
SR5 1LH,3
SR5 1LJ,3
SR5 1LL,3
SR5 1LN,4
SR5 1LQ,3
SR5 1LW,3
SR5 1LX,4
SR5 1LY,4
SR5 1LZ,4
SR5 1NA,9
SR5 1NB,4
SR5 1ND,4
SR5 1NE,4
SR5 1NF,4
SR5 1NG,4
SR5 1NH,9
SR5 1NJ,9
SR5 1NL,9
SR5 1NN,4
SR5 1NP,9
SR5 1NQ,9
SR5 1NR,9
SR5 1NS,3
SR5 1NT,1
SR5 1NU,3
SR5 1NW,9
SR5 1NX,3
SR5 1NY,9
SR5 1PA,9
SR5 1PB,9
SR5 1PH,9
SR5 1PJ,9
SR5 1PL,9
SR5 1PN,1
SR5 1PP,1
SR5 1PQ,9
SR5 1PR,1
SR5 1PS,1
SR5 1PT,1
SR5 1PU,1
SR5 1PW,1
SR5 1PX,9
SR5 1PY,9
SR5 1PZ,9
SR5 1QA,1
SR5 1QB,9
SR5 1QD,9
SR5 1QE,9
SR5 1QF,9
SR5 1QG,9
SR5 1QL,9
SR5 1QN,9
SR5 1QP,9
SR5 1QR,9
SR5 1QS,9
SR5 1QW,9
SR5 1RB,9
SR5 1RD,9
SR5 1RE,9
SR5 1RF,9
SR5 1RG,9
SR5 1RH,9
SR5 1RJ,9
SR5 1RL,9
SR5 1RN,1
SR5 1RP,9
SR5 1RQ,9
SR5 1RR,9
SR5 1RS,9
SR5 1RT,1
SR5 1RU,3
SR5 1RW,1
SR5 1RX,1
SR5 1RY,1
SR5 1RZ,1
SR5 1SA,1
SR5 1SB,1
SR5 1SD,1
SR5 1SE,1
SR5 1SF,1
SR5 1SG,9
SR5 1SH,9
SR5 1SJ,9
SR5 1SL,3
SR5 1SN,4
SR5 1SP,1
SR5 1SQ,9
SR5 1SR,1
SR5 1SS,1
SR5 1SU,4
SR5 1WG,2
SR5 1WX,2
SR5 1WY,2
SR5 1WZ,2
SR5 1YD,2
SR5 1YE,1
SR5 1YF,3
SR5 1YG,3
SR5 1YH,2
SR5 1YJ,4
SR5 1YL,4
SR5 1YN,2
SR5 1YP,2
SR5 1YQ,3
SR5 1YR,3
SR5 1YS,2
SR5 1YT,2
SR5 1YU,2
SR5 1YW,3
SR5 1YX,2
SR5 1YY,3
SR5 1YZ,2
SR5 1ZL,2
SR5 2AA,1
SR5 2AB,1
SR5 2AD,4
SR5 2AE,1
SR5 2AF,1
SR5 2AG,1
SR5 2AH,1
SR5 2AJ,1
SR5 2AL,2
SR5 2AN,1
SR5 2AP,1
SR5 2AQ,2
SR5 2AR,2
SR5 2AS,2
SR5 2AT,1
SR5 2AU,1
SR5 2AW,1
SR5 2AX,1
SR5 2AY,1
SR5 2AZ,1
SR5 2BA,2
SR5 2BB,2
SR5 2BD,2
SR5 2BE,2
SR5 2BF,1
SR5 2BG,1
SR5 2BH,2
SR5 2BJ,2
SR5 2BL,2
SR5 2BN,2
SR5 2BP,1
SR5 2BQ,2
SR5 2BS,1
SR5 2BT,2
SR5 2BU,1
SR5 2BW,1
SR5 2BX,2
SR5 2BY,2
SR5 2BZ,2
SR5 2DA,1
SR5 2DB,1
SR5 2DD,1
SR5 2DE,1
SR5 2DF,2
SR5 2DG,2
SR5 2DH,2
SR5 2DJ,1
SR5 2DL,1
SR5 2DN,1
SR5 2DP,1
SR5 2DQ,2
SR5 2DR,1
SR5 2DS,1
SR5 2DT,1
SR5 2DU,1
SR5 2DW,1
SR5 2DX,2
SR5 2DY,1
SR5 2DZ,2
SR5 2EA,2
SR5 2EB,2
SR5 2ED,2
SR5 2EE,2
SR5 2EF,2
SR5 2EG,2
SR5 2EH,2
SR5 2EJ,2
SR5 2EL,1
SR5 2EN,1
SR5 2EP,2
SR5 2EQ,2
SR5 2ER,2
SR5 2ES,2
SR5 2ET,2
SR5 2EU,2
SR5 2EW,2
SR5 2EX,1
SR5 2EY,2
SR5 2HA,2
SR5 2HB,2
SR5 2HD,2
SR5 2HE,2
SR5 2HH,1
SR5 2HJ,1
SR5 2HL,1
SR5 2HN,1
SR5 2HP,1
SR5 2HQ,1
SR5 2HR,1
SR5 2HS,1
SR5 2HT,1
SR5 2HU,1
SR5 2HW,1
SR5 2HX,1
SR5 2HY,1
SR5 2HZ,1
SR5 2JA,1
SR5 2JB,1
SR5 2JD,1
SR5 2JE,1
SR5 2JF,1
SR5 2JG,1
SR5 2JH,1
SR5 2JJ,1
SR5 2JL,1
SR5 2JN,1
SR5 2JP,1
SR5 2JQ,1
SR5 2JR,1
SR5 2JS,1
SR5 2JT,1
SR5 2JU,1
SR5 2JW,1
SR5 2JX,1
SR5 2JY,1
SR5 2JZ,1
SR5 2LA,1
SR5 2LB,1
SR5 2LD,1
SR5 2LE,1
SR5 2LF,1
SR5 2LG,1
SR5 2LH,1
SR5 2LJ,1
SR5 2LL,1
SR5 2LN,1
SR5 2LP,1
SR5 2LQ,1
SR5 2LR,1
SR5 2LS,1
SR5 2LT,1
SR5 2LU,1
SR5 2LW,1
SR5 2LX,1
SR5 2LY,1
SR5 2LZ,1
SR5 2NA,1
SR5 2NB,1
SR5 2ND,1
SR5 2NE,1
SR5 2NF,1
SR5 2NG,1
SR5 2NH,1
SR5 2NJ,1
SR5 2NL,1
SR5 2NN,1
SR5 2NP,1
SR5 2NQ,1
SR5 2NR,1
SR5 2NS,1
SR5 2NT,1
SR5 2NU,1
SR5 2NW,1
SR5 2NX,1
SR5 2PA,1
SR5 2PB,1
SR5 2PD,1
SR5 2PE,1
SR5 2PF,1
SR5 2PG,1
SR5 2PH,1
SR5 2PJ,1
SR5 2PL,1
SR5 2PN,1
SR5 2PP,1
SR5 2PQ,1
SR5 2PW,1
SR5 2PX,1
SR5 2PY,1
SR5 2PZ,1
SR5 2QA,1
SR5 2QB,1
SR5 2QD,1
SR5 2QE,1
SR5 2QF,1
SR5 2QG,1
SR5 2QH,1
SR5 2QJ,1
SR5 2QL,1
SR5 2QN,1
SR5 2QP,1
SR5 2QQ,1
SR5 2QR,1
SR5 2QS,1
SR5 2QT,1
SR5 2QU,1
SR5 2QW,1
SR5 2QX,1
SR5 2QY,1
SR5 2QZ,1
SR5 2RB,1
SR5 2RD,1
SR5 2RE,1
SR5 2RF,1
SR5 2RJ,1
SR5 2RL,1
SR5 2RN,1
SR5 2RP,1
SR5 2RR,1
SR5 2RT,1
SR5 2RU,1
SR5 2RW,1
SR5 2RX,1
SR5 2RY,1
SR5 2RZ,1
SR5 2SA,1
SR5 2SD,1
SR5 2SE,1
SR5 2SF,1
SR5 2SG,1
SR5 2SH,1
SR5 2SJ,1
SR5 2SL,1
SR5 2SQ,1
SR5 2SS,1
SR5 2ST,1
SR5 2SU,2
SR5 2TA,2
SR5 2TB,2
SR5 2TD,2
SR5 2TE,2
SR5 2TF,2
SR5 2TG,2
SR5 2TH,2
SR5 2TJ,2
SR5 2TP,2
SR5 2TQ,2
SR5 2TZ,2
SR5 2YF,2
SR5 2YG,2
SR5 2YH,1
SR5 2YJ,1
SR5 2YL,2
SR5 2YN,2
SR5 2YP,1
SR5 2YQ,2
SR5 2YR,1
SR5 2YS,1
SR5 2YT,2
SR5 2YU,2
SR5 2YW,1
SR5 2YY,1
SR5 2YZ,2
SR5 3AA,2
SR5 3AB,2
SR5 3AD,2
SR5 3AE,2
SR5 3AF,2
SR5 3AG,2
SR5 3AH,2
SR5 3AJ,2
SR5 3AL,2
SR5 3AN,2
SR5 3AP,2
SR5 3AQ,2
SR5 3AR,2
SR5 3AS,2
SR5 3AT,2
SR5 3AU,2
SR5 3AW,2
SR5 3AX,2
SR5 3AY,2
SR5 3AZ,2
SR5 3BA,2
SR5 3BB,2
SR5 3BD,2
SR5 3BE,2
SR5 3BF,2
SR5 3BG,2
SR5 3BH,2
SR5 3BJ,2
SR5 3BL,2
SR5 3BN,2
SR5 3BP,2
SR5 3BQ,2
SR5 3BS,2
SR5 3BT,2
SR5 3BU,2
SR5 3BW,2
SR5 3BX,2
SR5 3BY,2
SR5 3BZ,2
SR5 3DA,2
SR5 3DB,2
SR5 3DD,2
SR5 3DE,2
SR5 3DF,2
SR5 3DG,6
SR5 3DH,6
SR5 3DJ,6
SR5 3DL,6
SR5 3DN,6
SR5 3DP,2
SR5 3DQ,6
SR5 3DR,2
SR5 3DS,2
SR5 3DT,2
SR5 3DU,2
SR5 3DW,2
SR5 3DX,2
SR5 3DY,6
SR5 3DZ,6
SR5 3EA,2
SR5 3EB,2
SR5 3ED,2
SR5 3EE,2
SR5 3EF,2
SR5 3EG,2
SR5 3EH,6
SR5 3EJ,2
SR5 3EL,6
SR5 3EN,2
SR5 3EP,2
SR5 3EQ,2
SR5 3ER,2
SR5 3ES,2
SR5 3ET,2
SR5 3EU,2
SR5 3EW,2
SR5 3EX,2
SR5 3EY,6
SR5 3EZ,2
SR5 3FA,2
SR5 3FB,2
SR5 3FD,2
SR5 3FE,2
SR5 3FF,2
SR5 3FG,2
SR5 3HA,6
SR5 3HB,6
SR5 3HD,2
SR5 3HE,5
SR5 3HH,2
SR5 3HJ,2
SR5 3HL,2
SR5 3HN,7
SR5 3HP,7
SR5 3HQ,2
SR5 3HR,2
SR5 3HS,5
SR5 3HT,2
SR5 3HU,5
SR5 3HW,2
SR5 3HX,5
SR5 3HY,5
SR5 3HZ,5
SR5 3JA,5
SR5 3JB,2
SR5 3JD,2
SR5 3JE,2
SR5 3JF,2
SR5 3JG,2
SR5 3JH,2
SR5 3JJ,2
SR5 3JL,2
SR5 3JN,2
SR5 3JP,2
SR5 3JQ,2
SR5 3JR,2
SR5 3JS,2
SR5 3JT,2
SR5 3JU,2
SR5 3JW,2
SR5 3JX,6
SR5 3JY,6
SR5 3JZ,6
SR5 3LA,2
SR5 3LB,2
SR5 3LD,2
SR5 3LE,2
SR5 3LF,2
SR5 3LG,2
SR5 3LH,2
SR5 3LJ,2
SR5 3LL,2
SR5 3LN,2
SR5 3LP,2
SR5 3LQ,2
SR5 3LR,2
SR5 3LS,2
SR5 3LT,2
SR5 3LU,2
SR5 3LW,2
SR5 3LX,2
SR5 3LY,2
SR5 3LZ,2
SR5 3NA,2
SR5 3NB,2
SR5 3ND,2
SR5 3NE,2
SR5 3NF,2
SR5 3NG,2
SR5 3NH,2
SR5 3NJ,2
SR5 3NL,2
SR5 3NN,2
SR5 3NP,2
SR5 3NQ,2
SR5 3NR,2
SR5 3NS,5
SR5 3NT,5
SR5 3NU,2
SR5 3NW,2
SR5 3NX,2
SR5 3NY,5
SR5 3NZ,5
SR5 3PA,2
SR5 3PB,2
SR5 3PD,2
SR5 3PE,2
SR5 3PF,2
SR5 3PG,2
SR5 3PH,2
SR5 3PJ,2
SR5 3PL,5
SR5 3PN,2
SR5 3PP,2
SR5 3PQ,2
SR5 3PR,2
SR5 3PS,2
SR5 3PT,2
SR5 3PU,2
SR5 3PW,2
SR5 3PX,2
SR5 3PY,2
SR5 3PZ,2
SR5 3QA,2
SR5 3QB,2
SR5 3QD,2
SR5 3QE,2
SR5 3QF,2
SR5 3QG,2
SR5 3QH,2
SR5 3QJ,2
SR5 3QL,2
SR5 3QN,2
SR5 3QQ,2
SR5 3QR,2
SR5 3QW,2
SR5 3QY,5
SR5 3QZ,5
SR5 3RA,2
SR5 3RB,2
SR5 3RD,2
SR5 3RE,2
SR5 3RF,2
SR5 3RG,2
SR5 3RH,2
SR5 3RJ,6
SR5 3RL,6
SR5 3RP,2
SR5 3RQ,2
SR5 3RR,2
SR5 3RS,2
SR5 3RW,2
SR5 3RX,6
SR5 3RY,2
SR5 3RZ,2
SR5 3SA,2
SR5 3SB,2
SR5 3SD,6
SR5 3SE,6
SR5 3SF,6
SR5 3SJ,6
SR5 3SL,6
SR5 3SN,2
SR5 3SP,2
SR5 3SR,2
SR5 3SU,2
SR5 3SW,2
SR5 3SX,2
SR5 3SY,2
SR5 3SZ,2
SR5 3TA,2
SR5 3TB,2
SR5 3TD,2
SR5 3TE,2
SR5 3TF,2
SR5 3TG,2
SR5 3TH,2
SR5 3TJ,2
SR5 3TL,2
SR5 3TN,2
SR5 3TP,2
SR5 3TQ,2
SR5 3TU,1
SR5 3TW,5
SR5 3TX,2
SR5 3WF,2
SR5 3WY,2
SR5 3WZ,2
SR5 3XA,1
SR5 3XB,2
SR5 3XD,2
SR5 3XE,2
SR5 3XF,2
SR5 3XG,2
SR5 3XH,2
SR5 3XJ,2
SR5 3XQ,2
SR5 3YE,2
SR5 3YF,2
SR5 3YG,2
SR5 3YH,2
SR5 3YJ,2
SR5 3YL,2
SR5 3YN,2
SR5 3YP,2
SR5 3YQ,2
SR5 3YR,2
SR5 3YS,2
SR5 3YT,2
SR5 3YU,2
SR5 3YX,2
SR5 3YY,2
SR5 3YZ,2
SR5 4AA,1
SR5 4AB,1
SR5 4AD,1
SR5 4AE,1
SR5 4AF,1
SR5 4AG,1
SR5 4AH,1
SR5 4AJ,1
SR5 4AL,1
SR5 4AN,1
SR5 4AP,1
SR5 4AQ,1
SR5 4AR,1
SR5 4AS,1
SR5 4AT,1
SR5 4AU,1
SR5 4AW,1
SR5 4AX,1
SR5 4AY,1
SR5 4AZ,1
SR5 4BA,1
SR5 4BB,1
SR5 4BD,1
SR5 4BH,1
SR5 4BJ,1
SR5 4BL,1
SR5 4BN,1
SR5 4BQ,1
SR5 4BS,1
SR5 4BT,1
SR5 4BU,1
SR5 4BW,1
SR5 4BX,1
SR5 4BY,1
SR5 4BZ,1
SR5 4DA,1
SR5 4DB,1
SR5 4DD,1
SR5 4DE,1
SR5 4DF,1
SR5 4DG,1
SR5 4DH,1
SR5 4DJ,1
SR5 4DQ,1
SR5 4DR,2
SR5 4DS,1
SR5 4DT,1
SR5 4DU,1
SR5 4DW,2
SR5 4DX,1
SR5 4DY,1
SR5 4EA,2
SR5 4EB,1
SR5 4ED,2
SR5 4EE,1
SR5 4EF,2
SR5 4EG,2
SR5 4EH,2
SR5 4EJ,2
SR5 4EL,2
SR5 4EN,2
SR5 4EP,2
SR5 4EQ,2
SR5 4ER,2
SR5 4ES,2
SR5 4ET,2
SR5 4EU,2
SR5 4EW,2
SR5 4EX,1
SR5 4EY,2
SR5 4EZ,2
SR5 4HA,2
SR5 4HB,2
SR5 4HD,2
SR5 4HE,2
SR5 4HF,2
SR5 4HG,2
SR5 4HH,2
SR5 4HJ,2
SR5 4HL,2
SR5 4HN,2
SR5 4HP,2
SR5 4HQ,2
SR5 4HR,2
SR5 4HS,1
SR5 4HT,2
SR5 4HU,1
SR5 4HW,2
SR5 4HX,1
SR5 4HY,1
SR5 4HZ,1
SR5 4JA,2
SR5 4JF,2
SR5 4JG,2
SR5 4JH,2
SR5 4JJ,2
SR5 4JL,1
SR5 4JN,1
SR5 4JQ,2
SR5 4JT,2
SR5 4JU,2
SR5 4JW,1
SR5 4JX,2
SR5 4JY,2
SR5 4JZ,2
SR5 4LA,2
SR5 4LB,2
SR5 4LD,2
SR5 4LE,2
SR5 4LF,2
SR5 4LG,2
SR5 4LH,2
SR5 4LJ,2
SR5 4LL,2
SR5 4LN,2
SR5 4LP,2
SR5 4LQ,2
SR5 4LR,2
SR5 4LW,2
SR5 4LX,2
SR5 4LY,2
SR5 4LZ,2
SR5 4NA,2
SR5 4NB,2
SR5 4ND,2
SR5 4NE,2
SR5 4NF,2
SR5 4NG,2
SR5 4NH,2
SR5 4NJ,2
SR5 4NL,2
SR5 4NN,2
SR5 4NP,2
SR5 4NQ,2
SR5 4NR,2
SR5 4NS,2
SR5 4NT,2
SR5 4NU,2
SR5 4NW,2
SR5 4NX,2
SR5 4PA,1
SR5 4PB,1
SR5 4PD,1
SR5 4PE,2
SR5 4PF,2
SR5 4PG,2
SR5 4PH,2
SR5 4PJ,2
SR5 4PL,2
SR5 4PN,2
SR5 4PP,2
SR5 4PQ,2
SR5 4PR,2
SR5 4PS,2
SR5 4PT,2
SR5 4PU,2
SR5 4PW,2
SR5 4PX,2
SR5 4PY,2
SR5 4PZ,2
SR5 4QA,2
SR5 4QB,2
SR5 4QD,2
SR5 4QE,2
SR5 4QF,2
SR5 4QG,2
SR5 4QH,2
SR5 4QJ,2
SR5 4QL,2
SR5 4QN,2
SR5 4QP,2
SR5 4QQ,2
SR5 4QR,2
SR5 4QS,2
SR5 4QT,2
SR5 4QU,2
SR5 4QW,2
SR5 4QX,2
SR5 4QY,2
SR5 4QZ,2
SR5 4RA,2
SR5 4RB,2
SR5 4RD,2
SR5 4RE,2
SR5 4RF,2
SR5 4RG,2
SR5 4RH,2
SR5 4RQ,2
SR5 4RR,2
SR5 4WD,2
SR5 4WZ,2
SR5 4YZ,2
SR5 5AA,1
SR5 5AB,1
SR5 5AD,1
SR5 5AE,1
SR5 5AF,1
SR5 5AG,1
SR5 5AH,1
SR5 5AJ,1
SR5 5AL,1
SR5 5AN,1
SR5 5AP,1
SR5 5AQ,1
SR5 5AR,1
SR5 5AS,1
SR5 5AT,1
SR5 5AU,3
SR5 5AW,1
SR5 5AX,1
SR5 5AY,1
SR5 5AZ,1
SR5 5BA,2
SR5 5BG,1
SR5 5BH,1
SR5 5BJ,1
SR5 5BL,1
SR5 5BN,1
SR5 5BQ,1
SR5 5BS,1
SR5 5DA,3
SR5 5DB,1
SR5 5DD,4
SR5 5DE,4
SR5 5DF,1
SR5 5DH,4
SR5 5DJ,4
SR5 5DL,4
SR5 5DN,4
SR5 5DQ,4
SR5 5DS,4
SR5 5DT,1
SR5 5DU,1
SR5 5DW,4
SR5 5DX,1
SR5 5DY,1
SR5 5DZ,1
SR5 5EA,1
SR5 5EB,1
SR5 5ED,1
SR5 5EE,1
SR5 5EF,1
SR5 5EG,1
SR5 5EH,1
SR5 5EJ,1
SR5 5EL,1
SR5 5EN,1
SR5 5EP,1
SR5 5EQ,1
SR5 5ER,1
SR5 5ES,1
SR5 5ET,1
SR5 5EU,1
SR5 5EW,1
SR5 5EX,1
SR5 5EY,1
SR5 5EZ,1
SR5 5FA,1
SR5 5FB,1
SR5 5HA,1
SR5 5HB,1
SR5 5HD,1
SR5 5HE,1
SR5 5HF,1
SR5 5HH,1
SR5 5HN,1
SR5 5HP,1
SR5 5HQ,1
SR5 5HR,1
SR5 5HS,1
SR5 5HT,1
SR5 5HU,1
SR5 5HW,1
SR5 5HX,1
SR5 5HY,1
SR5 5HZ,1
SR5 5JA,1
SR5 5JE,1
SR5 5JF,1
SR5 5JG,1
SR5 5JH,1
SR5 5JJ,1
SR5 5JL,1
SR5 5JN,1
SR5 5JP,1
SR5 5JQ,1
SR5 5JR,1
SR5 5JW,1
SR5 5LA,1
SR5 5LB,2
SR5 5LD,1
SR5 5LE,2
SR5 5LF,2
SR5 5LG,2
SR5 5LH,2
SR5 5LJ,2
SR5 5LL,1
SR5 5LN,1
SR5 5LP,2
SR5 5LQ,2
SR5 5LR,2
SR5 5LS,2
SR5 5LT,2
SR5 5LU,2
SR5 5LW,2
SR5 5LX,2
SR5 5LY,2
SR5 5NB,2
SR5 5ND,2
SR5 5NE,2
SR5 5NF,2
SR5 5NG,2
SR5 5NH,2
SR5 5NJ,2
SR5 5NL,2
SR5 5NN,2
SR5 5NP,2
SR5 5NQ,2
SR5 5NW,2
SR5 5PA,3
SR5 5PB,3
SR5 5PD,2
SR5 5PE,3
SR5 5PF,2
SR5 5PG,2
SR5 5PH,3
SR5 5PJ,3
SR5 5PL,3
SR5 5PN,3
SR5 5PP,3
SR5 5PQ,2
SR5 5PR,3
SR5 5PS,3
SR5 5PT,3
SR5 5PU,3
SR5 5PW,3
SR5 5PX,3
SR5 5PY,3
SR5 5PZ,3
SR5 5QA,3
SR5 5QB,3
SR5 5QD,3
SR5 5QE,2
SR5 5QF,2
SR5 5QG,2
SR5 5QH,2
SR5 5QJ,4
SR5 5QL,4
SR5 5QN,4
SR5 5QP,4
SR5 5QQ,2
SR5 5QR,4
SR5 5QS,4
SR5 5QT,4
SR5 5QU,4
SR5 5QW,4
SR5 5QY,4
SR5 5QZ,3
SR5 5RA,3
SR5 5RB,3
SR5 5RD,3
SR5 5RE,3
SR5 5RF,3
SR5 5RG,3
SR5 5RP,1
SR5 5RQ,3
SR5 5RR,1
SR5 5RS,1
SR5 5RT,1
SR5 5RU,1
SR5 5RX,1
SR5 5RY,1
SR5 5RZ,1
SR5 5SA,1
SR5 5SB,1
SR5 5SD,1
SR5 5SE,1
SR5 5SF,1
SR5 5SG,1
SR5 5SH,1
SR5 5SJ,1
SR5 5SL,1
SR5 5SN,1
SR5 5SP,1
SR5 5SQ,1
SR5 5SS,1
SR5 5ST,1
SR5 5SU,1
SR5 5SW,1
SR5 5SX,1
SR5 5SY,1
SR5 5SZ,1
SR5 5TA,1
SR5 5TB,1
SR5 5TD,1
SR5 5TE,1
SR5 5TF,1
SR5 5TL,1
SR5 5TN,1
SR5 5TP,1
SR5 5TS,4
SR5 5TT,4
SR5 5TU,4
SR5 5TW,1
SR5 5TX,4
SR5 5TY,4
SR5 5TZ,4
SR5 5UA,4
SR5 5UB,4
SR5 5UD,4
SR5 5YP,2
SR5 5YW,2
SR5 5YX,2
SR5 5YY,2
SR5 9AA,2
SR5 9AB,2
SR5 9AD,2
SR5 9AE,2
SR5 9AF,9
SR5 9AG,2
SR5 9AH,2
SR5 9AJ,2
SR5 9AL,2
SR5 9AN,2
SR5 9AP,2
SR5 9AQ,2
SR5 9AR,2
SR5 9AS,2
SR5 9AT,2
SR5 9AU,2
SR5 9AW,2
SR5 9AX,2
SR5 9AY,2
SR5 9AZ,2
SR5 9BA,2
SR5 9BB,2
SR5 9BD,2
SR5 9BE,2
SR5 9BF,2
SR5 9BG,2
SR5 9BH,2
SR5 9BJ,2
SR5 9BL,2
SR5 9BN,2
SR5 9BP,2
SR5 9BQ,2
SR5 9BR,2
SR5 9BS,2
SR5 9BT,2
SR5 9BU,2
SR5 9BW,2
SR5 9BX,2
SR5 9BY,2
SR5 9BZ,2
SR5 9DA,2
SR5 9DB,2
SR5 9DD,2
SR5 9DE,2
SR5 9DF,2
SR5 9DG,2
SR5 9DH,2
SR5 9DJ,2
SR5 9DL,2
SR5 9DN,2
SR5 9DP,2
SR5 9DQ,2
SR5 9DR,2
SR5 9DS,2
SR5 9DT,2
SR5 9DU,2
SR5 9DW,2
SR5 9DX,2
SR5 9DY,2
SR5 9DZ,2
SR5 9EA,2
SR5 9EB,2
SR5 9ED,2
SR5 9EE,2
SR5 9EF,2
SR5 9EG,2
SR5 9EH,2
SR5 9EJ,2
SR5 9EL,2
SR5 9EN,2
SR5 9EP,2
SR5 9EQ,2
SR5 9ER,2
SR5 9ES,2
SR5 9ET,2
SR5 9EU,2
SR5 9EW,2
SR5 9EX,2
SR5 9EY,2
SR5 9EZ,2
SR5 9FA,2
SR5 9FB,2
SR5 9FD,2
SR5 9FE,2
SR5 9FF,2
SR5 9FG,2
SR5 9FH,2
SR5 9FJ,2
SR5 9FL,2
SR5 9FN,2
SR5 9FP,2
SR5 9FQ,2
SR5 9FR,2
SR5 9FS,2
SR5 9FT,2
SR5 9FU,2
SR5 9FW,2
SR5 9FX,2
SR5 9FY,2
SR5 9FZ,2
SR5 9GA,2
SR5 9GB,2
SR5 9GD,2
SR5 9GE,2
SR5 9GF,2
SR5 9GG,2
SR5 9GH,2
SR5 9GJ,2
SR5 9GL,2
SR5 9GN,2
SR5 9GP,2
SR5 9GQ,2
SR5 9GR,2
SR5 9GS,2
SR5 9GT,2
SR5 9GU,2
SR5 9GW,2
SR5 9GX,2
SR5 9GY,2
SR5 9GZ,2
SR5 9HA,2
SR5 9HB,2
SR5 9HD,2
SR5 9HE,2
SR5 9HF,2
SR5 9HG,2
SR5 9HH,2
SR5 9HJ,2
SR5 9HL,2
SR5 9HN,2
SR5 9HP,2
SR5 9HQ,2
SR5 9HR,2
SR5 9HS,2
SR5 9HT,2
SR5 9HU,2
SR5 9HW,2
SR5 9HX,2
SR5 9HY,2
SR5 9HZ,2
SR5 9JA,2
SR5 9JB,2
SR5 9JD,2
SR5 9JE,2
SR5 9JF,2
SR5 9JG,2
SR5 9JH,2
SR5 9JJ,2
SR5 9JL,2
SR5 9JN,2
SR5 9JP,2
SR5 9JQ,2
SR5 9JR,2
SR5 9JS,2
SR5 9JT,2
SR5 9JU,2
SR5 9JW,2
SR5 9JX,2
SR5 9JY,2
SR5 9JZ,2
SR5 9LA,2
SR5 9LB,2
SR5 9LD,2
SR5 9LE,2
SR5 9LF,2
SR5 9LG,2
SR5 9LH,2
SR5 9LJ,2
SR5 9LL,2
SR5 9LN,2
SR5 9LP,2
SR5 9LQ,2
SR5 9LR,2
SR5 9LS,2
SR5 9LT,2
SR5 9LU,2
SR5 9LW,2
SR5 9LX,2
SR5 9LY,2
SR5 9LZ,2
SR5 9NA,2
SR5 9NB,2
SR5 9ND,2
SR5 9NE,2
SR5 9NF,2
SR5 9NG,2
SR5 9NH,2
SR5 9NJ,2
SR5 9NL,2
SR5 9NN,2
SR5 9NP,2
SR5 9NQ,2
SR5 9NR,2
SR5 9NS,2
SR5 9NT,2
SR5 9NU,2
SR5 9NX,2
SR5 9NY,2
SR5 9NZ,2
SR5 9PA,2
SR5 9PB,2
SR5 9PD,2
SR5 9PE,2
SR5 9PF,2
SR5 9PG,2
SR5 9PH,2
SR5 9PJ,2
SR5 9PL,2
SR5 9PN,2
SR5 9PP,2
SR5 9PQ,2
SR5 9PR,2
SR5 9PT,2
SR5 9PU,2
SR5 9PW,2
SR5 9PX,2
SR5 9PY,2
SR5 9PZ,2
SR5 9QA,2
SR5 9QB,2
SR5 9QD,2
SR5 9QE,2
SR5 9QF,2
SR5 9QG,2
SR5 9SA,3
SR5 9SB,3
SR5 9SD,3
SR5 9SE,3
SR5 9SF,3
SR5 9SG,3
SR5 9SH,3
SR5 9SJ,3
SR5 9SL,3
SR5 9SN,3
SR5 9SP,3
SR5 9SQ,3
SR5 9SR,3
SR5 9SS,3
SR5 9ST,3
SR5 9SU,3
SR5 9SW,3
SR5 9SX,3
SR5 9SY,3
SR5 9SZ,3
SR5 9TA,3
SR5 9TB,3
SR5 9TD,3
SR5 9TE,3
SR5 9TF,3
SR5 9TG,3
SR5 9TH,3
SR5 9TJ,3
SR5 9TL,3
SR5 9TN,3
SR5 9TP,3
SR5 9TQ,3
SR5 9TR,3
SR5 9TS,3
SR5 9TT,3
SR5 9TU,3
SR5 9TW,3
SR5 9WW,2
SR5 9WY,2
SR5 9WZ,2
SR5 9ZZ,2
SR6 0AA,2
SR6 0AB,2
SR6 0AD,2
SR6 0AE,7
SR6 0AF,2
SR6 0AG,2
SR6 0AH,2
SR6 0AJ,2
SR6 0AL,2
SR6 0AN,2
SR6 0AP,2
SR6 0AQ,2
SR6 0AR,2
SR6 0AS,2
SR6 0AT,2
SR6 0AU,2
SR6 0AW,2
SR6 0AX,2
SR6 0AY,2
SR6 0AZ,2
SR6 0BA,5
SR6 0BB,2
SR6 0BD,2
SR6 0BE,2
SR6 0BG,2
SR6 0BH,2
SR6 0BJ,2
SR6 0BL,2
SR6 0BN,2
SR6 0BP,2
SR6 0BQ,2
SR6 0BS,2
SR6 0BT,2
SR6 0BU,2
SR6 0BW,5
SR6 0BX,2
SR6 0BY,2
SR6 0BZ,2
SR6 0DA,2
SR6 0DB,2
SR6 0DD,7
SR6 0DE,2
SR6 0DF,2
SR6 0DG,5
SR6 0DN,5
SR6 0DR,2
SR6 0DS,2
SR6 0DT,2
SR6 0DU,2
SR6 0DW,5
SR6 0DX,2
SR6 0DY,2
SR6 0DZ,2
SR6 0EA,2
SR6 0EB,2
SR6 0ED,2
SR6 0EE,2
SR6 0EF,2
SR6 0EG,2
SR6 0EH,2
SR6 0EJ,2
SR6 0EL,2
SR6 0EN,2
SR6 0EP,2
SR6 0EQ,2
SR6 0ER,2
SR6 0ES,7
SR6 0ET,7
SR6 0EU,2
SR6 0EW,2
SR6 0EX,2
SR6 0EY,2
SR6 0EZ,2
SR6 0FB,2
SR6 0FD,2
SR6 0FE,2
SR6 0FF,2
SR6 0FG,2
SR6 0GL,7
SR6 0HA,2
SR6 0HB,2
SR6 0HH,5
SR6 0HJ,5
SR6 0HL,5
SR6 0HN,5
SR6 0HP,2
SR6 0HQ,2
SR6 0HR,5
SR6 0HS,5
SR6 0HT,5
SR6 0HU,5
SR6 0HW,2
SR6 0HX,5
SR6 0HY,5
SR6 0HZ,5
SR6 0JA,5
SR6 0JB,5
SR6 0JD,5
SR6 0JE,5
SR6 0JF,5
SR6 0JG,5
SR6 0JH,5
SR6 0JJ,5
SR6 0JL,5
SR6 0JN,5
SR6 0JP,5
SR6 0JQ,5
SR6 0JR,5
SR6 0JS,5
SR6 0JT,5
SR6 0JU,5
SR6 0JW,5
SR6 0JX,5
SR6 0JY,5
SR6 0JZ,5
SR6 0LA,5
SR6 0LB,5
SR6 0LD,5
SR6 0LE,5
SR6 0LF,5
SR6 0LG,5
SR6 0LH,5
SR6 0LJ,5
SR6 0LL,5
SR6 0LN,5
SR6 0LP,5
SR6 0LQ,5
SR6 0LR,5
SR6 0LS,5
SR6 0LT,2
SR6 0LU,7
SR6 0LW,5
SR6 0NB,7
SR6 0ND,5
SR6 0NE,5
SR6 0NF,7
SR6 0NG,7
SR6 0NH,5
SR6 0NJ,7
SR6 0NL,7
SR6 0NN,7
SR6 0NP,5
SR6 0NQ,5
SR6 0NR,7
SR6 0NS,5
SR6 0NT,5
SR6 0NU,5
SR6 0NW,7
SR6 0NX,5
SR6 0PA,5
SR6 0PB,5
SR6 0PD,5
SR6 0PE,7
SR6 0PF,7
SR6 0PG,5
SR6 0PH,7
SR6 0PJ,7
SR6 0PL,7
SR6 0PN,7
SR6 0PP,7
SR6 0PQ,7
SR6 0PR,7
SR6 0PT,7
SR6 0PW,7
SR6 0QA,7
SR6 0QB,2
SR6 0QD,7
SR6 0QE,7
SR6 0QF,7
SR6 0QH,2
SR6 0QQ,2
SR6 0RA,7
SR6 0RB,7
SR6 0RD,7
SR6 0RE,7
SR6 0RF,7
SR6 0RG,7
SR6 0RH,7
SR6 0RJ,7
SR6 0RL,7
SR6 0RN,7
SR6 0RQ,7
SR6 0WD,2
SR6 0WE,2
SR6 0WS,7
SR6 0WT,2
SR6 0WU,7
SR6 0WW,2
SR6 0WX,2
SR6 0WY,7
SR6 0WZ,7
SR6 0YG,2
SR6 0YH,5
SR6 0YJ,2
SR6 0YL,5
SR6 0YN,2
SR6 0YP,5
SR6 0YQ,2
SR6 0YR,5
SR6 0YS,5
SR6 0YT,5
SR6 0YU,5
SR6 0YW,5
SR6 0YX,2
SR6 0YY,5
SR6 0YZ,2
SR6 7AA,5
SR6 7AB,5
SR6 7AD,5
SR6 7AE,5
SR6 7AF,5
SR6 7AG,5
SR6 7AH,5
SR6 7AJ,5
SR6 7AL,5
SR6 7AN,5
SR6 7AP,5
SR6 7AQ,5
SR6 7AR,5
SR6 7AS,5
SR6 7AT,5
SR6 7AU,5
SR6 7AW,5
SR6 7AX,5
SR6 7AY,5
SR6 7AZ,5
SR6 7BA,5
SR6 7BB,5
SR6 7BD,5
SR6 7BE,5
SR6 7BF,6
SR6 7BG,5
SR6 7BH,5
SR6 7BJ,5
SR6 7BL,5
SR6 7BN,5
SR6 7BP,5
SR6 7BQ,5
SR6 7BS,5
SR6 7BU,5
SR6 7BW,6
SR6 7BX,5
SR6 7BY,5
SR6 7BZ,5
SR6 7DA,5
SR6 7DB,5
SR6 7DE,5
SR6 7DF,5
SR6 7DG,5
SR6 7DH,5
SR6 7DJ,5
SR6 7DL,5
SR6 7DN,5
SR6 7DP,5
SR6 7DQ,5
SR6 7DR,5
SR6 7DS,5
SR6 7DT,5
SR6 7DU,5
SR6 7DW,5
SR6 7DX,5
SR6 7DY,5
SR6 7DZ,5
SR6 7EA,5
SR6 7EB,5
SR6 7ED,5
SR6 7EE,5
SR6 7EF,5
SR6 7EG,5
SR6 7EH,2
SR6 7EJ,5
SR6 7EL,5
SR6 7EN,5
SR6 7EP,5
SR6 7EQ,5
SR6 7ER,5
SR6 7ES,5
SR6 7ET,5
SR6 7EU,6
SR6 7EW,5
SR6 7EX,5
SR6 7EY,5
SR6 7EZ,6
SR6 7FA,6
SR6 7FB,5
SR6 7FD,5
SR6 7FE,5
SR6 7FF,5
SR6 7HA,6
SR6 7HB,6
SR6 7HD,6
SR6 7HE,6
SR6 7HF,6
SR6 7HG,6
SR6 7HH,6
SR6 7HJ,6
SR6 7HL,6
SR6 7HN,6
SR6 7HP,6
SR6 7HQ,6
SR6 7HR,6
SR6 7HS,6
SR6 7HT,6
SR6 7HU,6
SR6 7HW,6
SR6 7HX,6
SR6 7HY,6
SR6 7HZ,6
SR6 7JA,5
SR6 7JB,5
SR6 7JD,5
SR6 7JE,5
SR6 7JF,5
SR6 7JG,5
SR6 7JH,5
SR6 7JJ,5
SR6 7JL,5
SR6 7JN,5
SR6 7JP,5
SR6 7JQ,5
SR6 7JR,5
SR6 7JS,5
SR6 7JT,5
SR6 7JU,5
SR6 7JW,5
SR6 7JX,5
SR6 7JY,5
SR6 7JZ,5
SR6 7LA,5
SR6 7LB,5
SR6 7LD,5
SR6 7LE,5
SR6 7LF,5
SR6 7LG,5
SR6 7LH,5
SR6 7LJ,5
SR6 7LL,6
SR6 7LN,6
SR6 7LQ,5
SR6 7LS,6
SR6 7LT,6
SR6 7LU,6
SR6 7LX,6
SR6 7LY,6
SR6 7LZ,6
SR6 7NA,6
SR6 7NB,6
SR6 7ND,6
SR6 7NE,6
SR6 7NF,6
SR6 7NG,6
SR6 7NH,6
SR6 7NJ,6
SR6 7NN,6
SR6 7NP,5
SR6 7NQ,6
SR6 7NR,5
SR6 7NS,5
SR6 7NT,5
SR6 7NU,9
SR6 7NW,6
SR6 7NX,9
SR6 7NY,9
SR6 7NZ,10
SR6 7PA,10
SR6 7PB,10
SR6 7PD,10
SR6 7PE,10
SR6 7PF,10
SR6 7PG,10
SR6 7PH,10
SR6 7PJ,10
SR6 7PL,10
SR6 7PN,10
SR6 7PP,10
SR6 7PQ,10
SR6 7PR,10
SR6 7PS,10
SR6 7PT,10
SR6 7PU,10
SR6 7PW,10
SR6 7PX,10
SR6 7PY,10
SR6 7PZ,10
SR6 7QA,10
SR6 7QB,10
SR6 7QD,10
SR6 7QE,10
SR6 7QF,10
SR6 7QG,10
SR6 7QH,10
SR6 7QJ,10
SR6 7QL,10
SR6 7QN,10
SR6 7QP,10
SR6 7QQ,10
SR6 7QR,10
SR6 7QS,10
SR6 7QT,10
SR6 7QU,10
SR6 7QW,10
SR6 7QX,10
SR6 7QY,10
SR6 7QZ,10
SR6 7RA,10
SR6 7RB,10
SR6 7RD,10
SR6 7RE,10
SR6 7RF,9
SR6 7RG,10
SR6 7RH,10
SR6 7RJ,10
SR6 7RL,10
SR6 7RN,10
SR6 7RP,10
SR6 7RQ,10
SR6 7RR,10
SR6 7RS,10
SR6 7RT,10
SR6 7RU,10
SR6 7RW,10
SR6 7RX,10
SR6 7RY,10
SR6 7RZ,10
SR6 7SA,10
SR6 7SB,10
SR6 7SD,10
SR6 7SE,10
SR6 7SF,6
SR6 7SG,6
SR6 7SH,9
SR6 7SJ,9
SR6 7SL,9
SR6 7SN,10
SR6 7SP,10
SR6 7SR,10
SR6 7SS,10
SR6 7ST,10
SR6 7SU,10
SR6 7SW,10
SR6 7SX,10
SR6 7SY,10
SR6 7SZ,10
SR6 7TA,9
SR6 7TB,10
SR6 7TD,10
SR6 7TE,9
SR6 7TF,9
SR6 7TG,10
SR6 7TJ,10
SR6 7TL,9
SR6 7TN,10
SR6 7TP,10
SR6 7TQ,10
SR6 7TR,10
SR6 7TS,10
SR6 7TT,10
SR6 7TU,10
SR6 7TW,10
SR6 7TX,10
SR6 7TY,10
SR6 7TZ,10
SR6 7UA,10
SR6 7UB,10
SR6 7UD,10
SR6 7UE,10
SR6 7UF,10
SR6 7UG,10
SR6 7UH,10
SR6 7UN,9
SR6 7UP,10
SR6 7UR,10
SR6 7UT,10
SR6 7UU,10
SR6 7UW,10
SR6 7UX,10
SR6 7UY,5
SR6 7UZ,10
SR6 7WD,2
SR6 7WT,2
SR6 7WU,10
SR6 7WW,2
SR6 7WX,10
SR6 7WY,2
SR6 7WZ,10
SR6 7XA,10
SR6 7XB,10
SR6 7XD,10
SR6 7XE,10
SR6 7XF,10
SR6 7XG,9
SR6 7XH,10
SR6 7XQ,10
SR6 7YA,2
SR6 7YB,2
SR6 7YE,2
SR6 7YF,2
SR6 7YG,10
SR6 7YH,2
SR6 7YJ,2
SR6 7YL,2
SR6 7YN,2
SR6 7YP,10
SR6 7YQ,2
SR6 7YR,10
SR6 7YS,2
SR6 7YT,10
SR6 7YU,9
SR6 7YW,2
SR6 7YX,9
SR6 7YY,10
SR6 7YZ,9
SR6 8AA,9
SR6 8AB,9
SR6 8AD,9
SR6 8AE,9
SR6 8AF,9
SR6 8AG,9
SR6 8AH,9
SR6 8AJ,9
SR6 8AL,9
SR6 8AN,9
SR6 8AP,9
SR6 8AQ,9
SR6 8AR,9
SR6 8AS,9
SR6 8AT,9
SR6 8AU,9
SR6 8AW,9
SR6 8AX,9
SR6 8AY,9
SR6 8AZ,9
SR6 8BA,9
SR6 8BB,9
SR6 8BD,9
SR6 8BE,9
SR6 8BF,9
SR6 8BG,9
SR6 8BH,9
SR6 8BQ,9
SR6 8BS,8
SR6 8BT,9
SR6 8BU,9
SR6 8BX,8
SR6 8BY,8
SR6 8BZ,9
SR6 8DA,9
SR6 8DB,9
SR6 8DD,9
SR6 8DE,9
SR6 8DF,9
SR6 8DG,8
SR6 8DH,8
SR6 8DL,8
SR6 8DN,8
SR6 8DP,8
SR6 8DQ,8
SR6 8DR,8
SR6 8DS,8
SR6 8DT,8
SR6 8DU,8
SR6 8DW,8
SR6 8DX,8
SR6 8DZ,9
SR6 8ED,9
SR6 8EE,9
SR6 8EF,9
SR6 8EG,8
SR6 8EH,9
SR6 8EJ,8
SR6 8EL,8
SR6 8EN,8
SR6 8EP,8
SR6 8EQ,8
SR6 8ER,8
SR6 8ES,8
SR6 8ET,8
SR6 8EU,8
SR6 8EW,8
SR6 8EX,8
SR6 8EY,8
SR6 8EZ,8
SR6 8HA,8
SR6 8HB,8
SR6 8HD,8
SR6 8HE,8
SR6 8HF,8
SR6 8HG,8
SR6 8HH,8
SR6 8HJ,8
SR6 8HL,8
SR6 8HQ,8
SR6 8HS,6
SR6 8HT,6
SR6 8HU,8
SR6 8HX,6
SR6 8HY,8
SR6 8HZ,8
SR6 8JA,8
SR6 8JB,8
SR6 8JH,9
SR6 8JJ,9
SR6 8JL,9
SR6 8JN,10
SR6 8JP,10
SR6 8JQ,9
SR6 8JR,8
SR6 8JS,10
SR6 8JT,10
SR6 8JU,10
SR6 8JW,10
SR6 8JX,10
SR6 8JY,10
SR6 8JZ,10
SR6 8LA,10
SR6 8LB,10
SR6 8LD,10
SR6 8LE,10
SR6 8LF,8
SR6 8LG,8
SR6 8LH,8
SR6 8LJ,8
SR6 8LL,8
SR6 8LN,8
SR6 8LP,8
SR6 8LQ,8
SR6 8LR,10
SR6 8LS,10
SR6 8LT,10
SR6 8LW,8
SR6 8ND,10
SR6 8NE,9
SR6 8NF,9
SR6 8NG,10
SR6 8NH,9
SR6 8NJ,9
SR6 8NL,9
SR6 8NN,9
SR6 8NP,9
SR6 8NQ,9
SR6 8NR,9
SR6 8NS,9
SR6 8NT,9
SR6 8NU,9
SR6 8NW,9
SR6 8NX,9
SR6 8NZ,8
SR6 8PA,9
SR6 8PB,10
SR6 8PD,10
SR6 8PE,10
SR6 8PF,10
SR6 8PG,10
SR6 8PQ,9
SR6 8WX,2
SR6 8WY,2
SR6 8WZ,9
SR6 8YG,2
SR6 8YJ,2
SR6 8YL,2
SR6 8YN,2
SR6 8YP,2
SR6 8YQ,2
SR6 8YR,8
SR6 8YS,8
SR6 8YT,8
SR6 8YU,9
SR6 8YW,2
SR6 8YX,9
SR6 8YY,8
SR6 8YZ,2
SR6 9AA,9
SR6 9AB,9
SR6 9AD,9
SR6 9AE,9
SR6 9AF,9
SR6 9AG,9
SR6 9AH,9
SR6 9AJ,7
SR6 9AL,9
SR6 9AN,9
SR6 9AP,8
SR6 9AQ,9
SR6 9AR,6
SR6 9AS,6
SR6 9AT,6
SR6 9AU,6
SR6 9AW,6
SR6 9AX,6
SR6 9AY,6
SR6 9AZ,6
SR6 9BA,6
SR6 9BB,6
SR6 9BD,6
SR6 9BE,6
SR6 9BG,6
SR6 9BH,6
SR6 9BJ,6
SR6 9BL,6
SR6 9BN,6
SR6 9BP,8
SR6 9BQ,6
SR6 9BS,8
SR6 9BT,8
SR6 9BU,8
SR6 9BW,8
SR6 9BX,8
SR6 9BY,8
SR6 9BZ,6
SR6 9DA,8
SR6 9DB,8
SR6 9DD,8
SR6 9DE,7
SR6 9DJ,7
SR6 9DL,8
SR6 9DN,7
SR6 9DP,7
SR6 9DR,7
SR6 9DS,7
SR6 9DT,7
SR6 9DU,7
SR6 9DW,7
SR6 9DX,7
SR6 9DY,8
SR6 9DZ,6
SR6 9EA,6
SR6 9EB,8
SR6 9ED,6
SR6 9EE,6
SR6 9EF,6
SR6 9EG,6
SR6 9EH,6
SR6 9EJ,6
SR6 9EL,8
SR6 9EN,7
SR6 9EQ,8
SR6 9ET,7
SR6 9EU,7
SR6 9EX,7
SR6 9EY,7
SR6 9EZ,7
SR6 9HA,6
SR6 9HB,6
SR6 9HD,6
SR6 9HE,7
SR6 9HF,6
SR6 9HG,6
SR6 9HH,6
SR6 9HJ,6
SR6 9HL,6
SR6 9HN,7
SR6 9HP,7
SR6 9HQ,6
SR6 9HR,7
SR6 9HS,7
SR6 9HT,7
SR6 9HU,7
SR6 9HW,7
SR6 9HX,7
SR6 9HY,7
SR6 9HZ,9
SR6 9JA,9
SR6 9JH,7
SR6 9JJ,7
SR6 9JL,7
SR6 9JN,7
SR6 9JP,7
SR6 9JQ,7
SR6 9JR,7
SR6 9JS,7
SR6 9JT,7
SR6 9JU,7
SR6 9JW,7
SR6 9JX,7
SR6 9JY,7
SR6 9JZ,7
SR6 9LA,7
SR6 9LB,7
SR6 9LD,7
SR6 9LE,7
SR6 9LF,7
SR6 9LG,7
SR6 9LH,7
SR6 9LJ,7
SR6 9LL,5
SR6 9LN,5
SR6 9LQ,7
SR6 9LU,5
SR6 9LX,7
SR6 9LY,5
SR6 9LZ,7
SR6 9NA,7
SR6 9NB,7
SR6 9ND,7
SR6 9NE,7
SR6 9NF,7
SR6 9NG,7
SR6 9NH,7
SR6 9NJ,7
SR6 9NL,7
SR6 9NN,7
SR6 9NP,7
SR6 9NQ,7
SR6 9NR,7
SR6 9NS,7
SR6 9NT,7
SR6 9NU,7
SR6 9NW,7
SR6 9NX,7
SR6 9PA,5
SR6 9PB,5
SR6 9PF,7
SR6 9PG,7
SR6 9PH,7
SR6 9PJ,7
SR6 9PL,7
SR6 9PN,7
SR6 9PP,7
SR6 9PQ,7
SR6 9PR,6
SR6 9PS,6
SR6 9PT,7
SR6 9PU,7
SR6 9PW,7
SR6 9PX,7
SR6 9PY,7
SR6 9QD,5
SR6 9QE,5
SR6 9QF,5
SR6 9QG,5
SR6 9QH,5
SR6 9QJ,5
SR6 9QL,5
SR6 9QN,5
SR6 9QP,5
SR6 9QQ,5
SR6 9QR,5
SR6 9QS,5
SR6 9QT,5
SR6 9QU,5
SR6 9QW,5
SR6 9QX,5
SR6 9QY,5
SR6 9QZ,5
SR6 9RA,7
SR6 9RB,7
SR6 9RD,5
SR6 9RE,5
SR6 9RF,7
SR6 9RG,7
SR6 9RH,7
SR6 9RJ,7
SR6 9RL,7
SR6 9RN,7
SR6 9RP,5
SR6 9RQ,5
SR6 9RR,5
SR6 9RS,7
SR6 9RT,5
SR6 9RU,5
SR6 9RW,7
SR6 9RX,5
SR6 9RY,5
SR6 9RZ,7
SR6 9SA,7
SR6 9SD,5
SR6 9SE,5
SR6 9SF,5
SR6 9SG,7
SR6 9SH,5
SR6 9SJ,5
SR6 9SL,5
SR6 9SN,5
SR6 9SP,5
SR6 9SR,5
SR6 9SS,5
SR6 9ST,5
SR6 9SW,5
SR6 9SZ,5
SR6 9TA,5
SR6 9TB,7
SR6 9TD,7
SR6 9TE,7
SR6 9TF,7
SR6 9TG,7
SR6 9TL,5
SR6 9TN,7
SR6 9TP,7
SR6 9TR,5
SR6 9TS,5
SR6 9TW,7
SR6 9WD,7
SR6 9WW,2
SR6 9WX,7
SR6 9WY,7
SR6 9WZ,7
SR6 9YN,2
SR6 9YP,7
SR6 9YQ,2
SR6 9YR,2
SR6 9YS,7
SR6 9YT,7
SR6 9YU,2
SR6 9YW,7
SR6 9YX,7
SR6 9YY,7
SR6 9YZ,7
SR7 0AA,5
SR7 0AB,1
SR7 0AD,5
SR7 0AE,4
SR7 0AF,5
SR7 0AG,4
SR7 0AH,4
SR7 0AJ,4
SR7 0AL,4
SR7 0AN,4
SR7 0AP,4
SR7 0AQ,4
SR7 0AR,4
SR7 0AS,4
SR7 0AT,2
SR7 0AU,4
SR7 0AW,4
SR7 0AX,4
SR7 0AY,5
SR7 0AZ,4
SR7 0BA,4
SR7 0BB,4
SR7 0BD,4
SR7 0BE,4
SR7 0BF,4
SR7 0BG,5
SR7 0BH,5
SR7 0BJ,5
SR7 0BL,5
SR7 0BN,5
SR7 0BP,4
SR7 0BQ,5
SR7 0BS,4
SR7 0BT,4
SR7 0BU,4
SR7 0BW,5
SR7 0BX,4
SR7 0BY,4
SR7 0BZ,5
SR7 0DA,4
SR7 0DB,9
SR7 0DD,2
SR7 0DG,4
SR7 0DH,5
SR7 0DJ,5
SR7 0DL,5
SR7 0DN,4
SR7 0DP,4
SR7 0DQ,4
SR7 0DR,5
SR7 0DS,4
SR7 0DT,5
SR7 0DU,5
SR7 0DW,4
SR7 0DX,5
SR7 0DY,5
SR7 0DZ,5
SR7 0EA,5
SR7 0EB,5
SR7 0ED,5
SR7 0EE,5
SR7 0EF,5
SR7 0EG,5
SR7 0EH,5
SR7 0EL,9
SR7 0EN,5
SR7 0EP,9
SR7 0ER,9
SR7 0ES,5
SR7 0ET,5
SR7 0EU,5
SR7 0EW,9
SR7 0EX,5
SR7 0EY,5
SR7 0EZ,5
SR7 0GA,5
SR7 0HA,5
SR7 0HB,9
SR7 0HD,5
SR7 0HH,3
SR7 0HJ,3
SR7 0HL,3
SR7 0HN,5
SR7 0HP,5
SR7 0HR,5
SR7 0HS,5
SR7 0HT,5
SR7 0HU,5
SR7 0HW,5
SR7 0HX,5
SR7 0HY,5
SR7 0HZ,5
SR7 0JA,5
SR7 0JB,5
SR7 0JD,9
SR7 0JE,9
SR7 0JF,9
SR7 0JG,9
SR7 0JH,9
SR7 0JJ,5
SR7 0JL,5
SR7 0JN,9
SR7 0JP,9
SR7 0JQ,9
SR7 0JR,9
SR7 0JS,5
SR7 0JT,5
SR7 0JU,5
SR7 0JW,9
SR7 0JX,5
SR7 0JY,5
SR7 0JZ,5
SR7 0LA,5
SR7 0LB,5
SR7 0LD,3
SR7 0LE,9
SR7 0LF,9
SR7 0LG,9
SR7 0LH,9
SR7 0LJ,9
SR7 0LL,9
SR7 0LN,9
SR7 0LP,9
SR7 0LQ,9
SR7 0LR,9
SR7 0LS,9
SR7 0LT,9
SR7 0LU,9
SR7 0LW,9
SR7 0LX,9
SR7 0LY,9
SR7 0LZ,9
SR7 0NA,9
SR7 0NB,9
SR7 0ND,9
SR7 0NE,9
SR7 0NF,9
SR7 0NG,9
SR7 0NH,9
SR7 0NJ,9
SR7 0NL,9
SR7 0NN,9
SR7 0NP,9
SR7 0NQ,9
SR7 0NR,7
SR7 0NS,9
SR7 0NT,9
SR7 0NU,9
SR7 0NW,7
SR7 0NX,7
SR7 0NY,7
SR7 0PA,9
SR7 0PB,9
SR7 0PD,9
SR7 0PE,9
SR7 0PF,9
SR7 0PG,9
SR7 0PH,9
SR7 0PJ,9
SR7 0PP,9
SR7 0PQ,9
SR7 0PR,9
SR7 0PS,9
SR7 0PT,9
SR7 0PU,9
SR7 0PW,9
SR7 0PX,9
SR7 0PY,9
SR7 0PZ,9
SR7 0QA,3
SR7 0QB,9
SR7 0WX,2
SR7 0WY,2
SR7 0WZ,2
SR7 0YP,2
SR7 0YQ,2
SR7 0YR,5
SR7 0YS,5
SR7 0YT,2
SR7 0YU,5
SR7 0YW,2
SR7 0YX,2
SR7 0YY,5
SR7 0YZ,9
SR7 1AA,2
SR7 1AB,2
SR7 1AD,2
SR7 1AE,2
SR7 1AF,2
SR7 1AG,2
SR7 1AH,2
SR7 1AJ,2
SR7 1AL,2
SR7 1AN,2
SR7 1AP,2
SR7 1AQ,2
SR7 1AR,2
SR7 1AS,2
SR7 1AT,2
SR7 1AU,2
SR7 1AX,2
SR7 1AY,2
SR7 1AZ,2
SR7 7AA,5
SR7 7AB,2
SR7 7AD,9
SR7 7AE,9
SR7 7AF,9
SR7 7AG,9
SR7 7AH,9
SR7 7AJ,2
SR7 7AL,5
SR7 7AN,5
SR7 7AP,2
SR7 7AQ,9
SR7 7AS,5
SR7 7AT,2
SR7 7AU,2
SR7 7AW,5
SR7 7AX,5
SR7 7AY,2
SR7 7AZ,2
SR7 7BA,2
SR7 7BB,2
SR7 7BD,2
SR7 7BE,5
SR7 7BF,9
SR7 7BG,5
SR7 7BH,5
SR7 7BJ,5
SR7 7BL,2
SR7 7BN,5
SR7 7BP,5
SR7 7BQ,5
SR7 7BS,5
SR7 7BT,5
SR7 7BU,5
SR7 7BW,5
SR7 7BX,5
SR7 7BY,5
SR7 7BZ,2
SR7 7DA,2
SR7 7DB,2
SR7 7DD,2
SR7 7DE,2
SR7 7DF,2
SR7 7DG,9
SR7 7DH,5
SR7 7DJ,2
SR7 7DL,2
SR7 7DN,3
SR7 7DP,9
SR7 7DQ,2
SR7 7DR,2
SR7 7DS,5
SR7 7DT,5
SR7 7DU,5
SR7 7DW,5
SR7 7DX,2
SR7 7DY,9
SR7 7EA,2
SR7 7EB,5
SR7 7ED,2
SR7 7EE,2
SR7 7EF,2
SR7 7EG,2
SR7 7EH,2
SR7 7EJ,2
SR7 7EL,2
SR7 7EN,2
SR7 7EP,2
SR7 7EQ,2
SR7 7ER,2
SR7 7ES,2
SR7 7ET,2
SR7 7EU,2
SR7 7EW,2
SR7 7EX,2
SR7 7EY,2
SR7 7EZ,2
SR7 7HA,2
SR7 7HB,2
SR7 7HD,2
SR7 7HE,2
SR7 7HF,2
SR7 7HG,2
SR7 7HH,2
SR7 7HJ,2
SR7 7HL,2
SR7 7HN,2
SR7 7HP,2
SR7 7HQ,2
SR7 7HR,2
SR7 7HS,2
SR7 7HT,2
SR7 7HU,2
SR7 7HW,2
SR7 7HX,2
SR7 7HY,2
SR7 7HZ,2
SR7 7JA,2
SR7 7JB,2
SR7 7JD,2
SR7 7JE,2
SR7 7JG,2
SR7 7JH,2
SR7 7JJ,2
SR7 7JL,2
SR7 7JN,2
SR7 7JQ,2
SR7 7JS,2
SR7 7JT,2
SR7 7JU,2
SR7 7JW,2
SR7 7JX,2
SR7 7JY,2
SR7 7JZ,2
SR7 7LA,2
SR7 7LB,2
SR7 7LD,2
SR7 7LE,2
SR7 7LF,2
SR7 7LG,2
SR7 7LH,2
SR7 7LJ,2
SR7 7LL,2
SR7 7LN,2
SR7 7LP,2
SR7 7LQ,2
SR7 7LR,3
SR7 7LS,3
SR7 7LT,3
SR7 7LU,3
SR7 7LW,2
SR7 7LX,3
SR7 7LY,3
SR7 7LZ,3
SR7 7NA,3
SR7 7NB,3
SR7 7ND,3
SR7 7NE,3
SR7 7NF,3
SR7 7NG,3
SR7 7NH,3
SR7 7NJ,3
SR7 7NL,3
SR7 7NN,2
SR7 7NP,3
SR7 7NQ,3
SR7 7NR,2
SR7 7NS,3
SR7 7NW,3
SR7 7NY,2
SR7 7NZ,2
SR7 7PA,2
SR7 7PB,2
SR7 7PD,2
SR7 7PE,3
SR7 7PF,3
SR7 7PG,3
SR7 7PH,3
SR7 7PJ,3
SR7 7PL,3
SR7 7PN,3
SR7 7PP,3
SR7 7PQ,3
SR7 7PR,3
SR7 7PS,3
SR7 7PT,3
SR7 7PU,3
SR7 7PW,2
SR7 7PX,2
SR7 7PY,5
SR7 7PZ,2
SR7 7QA,2
SR7 7QB,2
SR7 7QD,2
SR7 7QE,2
SR7 7QF,5
SR7 7QG,5
SR7 7QH,5
SR7 7QJ,5
SR7 7QL,3
SR7 7QN,3
SR7 7QP,5
SR7 7QQ,5
SR7 7QR,5
SR7 7QS,2
SR7 7QT,2
SR7 7QU,5
SR7 7QW,2
SR7 7QX,2
SR7 7QY,3
SR7 7QZ,3
SR7 7RA,3
SR7 7RB,3
SR7 7RD,3
SR7 7RE,3
SR7 7RF,3
SR7 7RG,3
SR7 7RH,3
SR7 7RJ,3
SR7 7RL,2
SR7 7RN,5
SR7 7RP,8
SR7 7RQ,3
SR7 7RR,2
SR7 7RS,2
SR7 7RT,2
SR7 7RU,2
SR7 7RW,8
SR7 7RX,2
SR7 7RY,2
SR7 7RZ,2
SR7 7SA,2
SR7 7SB,2
SR7 7SD,2
SR7 7SE,2
SR7 7SF,2
SR7 7SG,2
SR7 7SH,2
SR7 7SJ,2
SR7 7SL,2
SR7 7SN,5
SR7 7SP,5
SR7 7SQ,2
SR7 7SR,5
SR7 7SS,5
SR7 7ST,5
SR7 7SU,5
SR7 7SW,5
SR7 7SX,5
SR7 7SY,5
SR7 7SZ,5
SR7 7TA,5
SR7 7TB,5
SR7 7TD,5
SR7 7TE,5
SR7 7TF,5
SR7 7TG,2
SR7 7TH,5
SR7 7TJ,5
SR7 7TL,5
SR7 7TN,5
SR7 7TP,5
SR7 7TQ,5
SR7 7TR,5
SR7 7TS,2
SR7 7TT,3
SR7 7TU,2
SR7 7TW,5
SR7 7TX,2
SR7 7TY,3
SR7 7TZ,5
SR7 7UA,2
SR7 7UB,5
SR7 7UD,5
SR7 7UE,2
SR7 7UF,2
SR7 7UG,2
SR7 7UH,2
SR7 7UJ,2
SR7 7UL,2
SR7 7UN,2
SR7 7UP,2
SR7 7UQ,2
SR7 7UR,2
SR7 7US,2
SR7 7UT,2
SR7 7UU,2
SR7 7UW,2
SR7 7UX,2
SR7 7UY,2
SR7 7UZ,2
SR7 7WE,9
SR7 7WF,9
SR7 7WG,9
SR7 7WH,9
SR7 7WJ,9
SR7 7WL,9
SR7 7WN,9
SR7 7WP,9
SR7 7WQ,9
SR7 7WR,9
SR7 7WS,9
SR7 7WT,9
SR8 3DU,4
SR8 3DW,2
SR8 3DX,4
SR8 3DY,9
SR8 3DZ,4
SR8 3EA,4
SR8 3EB,4
SR8 3ED,4
SR8 3EE,9
SR8 3EF,4
SR8 3EG,4
SR8 3EH,9
SR8 3EJ,9
SR8 3EL,9
SR8 3EN,9
SR8 3EP,2
SR8 3EQ,4
SR8 3ER,2
SR8 3ES,2
SR8 3ET,2
SR8 3EU,2
SR8 3EW,2
SR8 3EX,2
SR8 3EY,2
SR8 3EZ,2
SR8 3FB,9
SR8 3FD,9
SR8 3FE,9
SR8 3GA,4
SR8 3GG,4
SR8 3HA,2
SR8 3HB,2
SR8 3HD,2
SR8 3HE,2
SR8 3HF,2
SR8 3HG,2
SR8 3HH,2
SR8 3HJ,2
SR8 3HL,2
SR8 3HN,2
SR8 3HP,2
SR8 3HQ,2
SR8 3HR,2
SR8 3HS,2
SR8 3HT,2
SR8 3HU,2
SR8 3HW,2
SR8 3HX,2
SR8 3HY,9
SR8 3HZ,9
SR8 3JA,2
SR8 3JB,2
SR8 3JD,2
SR8 3JE,2
SR8 3JF,2
SR8 3JG,2
SR8 3JH,2
SR8 3JJ,2
SR8 3JL,2
SR8 3JN,9
SR8 3JP,2
SR8 3JQ,2
SR8 3JR,4
SR8 3JS,9
SR8 3JT,2
SR8 3JU,2
SR8 3JW,9
SR8 3JX,2
SR8 3JY,2
SR8 3JZ,2
SR8 3LA,2
SR8 3LB,2
SR8 3LD,2
SR8 3LE,2
SR8 3LF,2
SR8 3LG,2
SR8 3LH,2
SR8 3LJ,2
SR8 3LL,2
SR8 3LN,2
SR8 3LP,2
SR8 3LQ,2
SR8 3LR,1
SR8 3LS,2
SR8 3LT,2
SR8 3LU,2
SR8 3LW,2
SR8 3LX,2
SR8 3LY,2
SR8 3LZ,2
SR8 3NA,2
SR8 3NB,2
SR8 3ND,2
SR8 3NE,2
SR8 3NF,2
SR8 3NG,2
SR8 3NH,2
SR8 3NJ,2
SR8 3NL,2
SR8 3NN,2
SR8 3NP,2
SR8 3NQ,2
SR8 3NR,2
SR8 3NS,2
SR8 3NT,2
SR8 3NU,2
SR8 3NW,2
SR8 3NX,9
SR8 3NY,9
SR8 3PA,2
SR8 3PB,2
SR8 3PD,2
SR8 3PE,1
SR8 3PF,1
SR8 3PG,1
SR8 3PH,1
SR8 3PJ,2
SR8 3PL,1
SR8 3PN,1
SR8 3PP,1
SR8 3PQ,2
SR8 3PR,1
SR8 3PS,1
SR8 3PT,1
SR8 3PU,1
SR8 3PW,1
SR8 3PX,1
SR8 3PY,1
SR8 3PZ,1
SR8 3QA,1
SR8 3QB,1
SR8 3QD,1
SR8 3QE,1
SR8 3QF,1
SR8 3QG,1
SR8 3QH,1
SR8 3QJ,1
SR8 3QL,1
SR8 3QN,1
SR8 3QP,1
SR8 3QQ,1
SR8 3QR,1
SR8 3QS,1
SR8 3QT,1
SR8 3QU,1
SR8 3QW,1
SR8 3QX,1
SR8 3QY,1
SR8 3QZ,1
SR8 3RA,1
SR8 3RB,1
SR8 3RD,1
SR8 3RE,1
SR8 3RF,1
SR8 3RG,1
SR8 3RH,1
SR8 3RJ,1
SR8 3RL,2
SR8 3RN,1
SR8 3RP,1
SR8 3RQ,1
SR8 3RR,1
SR8 3RS,1
SR8 3RT,1
SR8 3RU,1
SR8 3RW,1
SR8 3RX,1
SR8 3RY,1
SR8 3RZ,1
SR8 3SA,1
SR8 3SB,1
SR8 3SD,1
SR8 3SE,1
SR8 3SF,1
SR8 3SG,1
SR8 3SH,1
SR8 3SJ,1
SR8 3SL,1
SR8 3SN,1
SR8 3SP,1
SR8 3SQ,1
SR8 3SR,1
SR8 3SS,1
SR8 3ST,1
SR8 3SU,1
SR8 3SW,1
SR8 3SX,1
SR8 3SY,1
SR8 3SZ,1
SR8 3TA,1
SR8 3TB,1
SR8 3TD,1
SR8 3TF,2
SR8 3TN,9
SR8 3TP,9
SR8 3TQ,9
SR8 3TR,4
SR8 3TS,4
SR8 3TT,4
SR8 3TU,4
SR8 3TW,9
SR8 3TX,9
SR8 3TY,9
SR8 3TZ,9
SR8 3UA,9
SR8 3UB,9
SR8 3UD,9
SR8 3UE,9
SR8 3UF,9
SR8 3UG,9
SR8 3UH,9
SR8 3UJ,9
SR8 3UL,9
SR8 3UN,2
SR8 3UP,1
SR8 3UQ,9
SR8 3UR,1
SR8 3US,9
SR8 3UT,1
SR8 3UU,9
SR8 3UW,1
SR8 3UX,1
SR8 3UY,9
SR8 3WD,4
SR8 3WZ,9
SR8 3XG,4
SR8 3XZ,2
SR8 3YR,4
SR8 3YS,4
SR8 3YT,2
SR8 3YU,4
SR8 3YX,4
SR8 3YY,4
SR8 3YZ,4
SR8 4AA,1
SR8 4AB,1
SR8 4AD,1
SR8 4AE,1
SR8 4AF,1
SR8 4AG,1
SR8 4AH,1
SR8 4AJ,1
SR8 4AL,1
SR8 4AN,1
SR8 4AP,1
SR8 4AQ,1
SR8 4AR,1
SR8 4AS,1
SR8 4AT,1
SR8 4AU,1
SR8 4AW,1
SR8 4AX,1
SR8 4AY,1
SR8 4AZ,1
SR8 4BA,1
SR8 4BB,1
SR8 4BD,1
SR8 4BE,1
SR8 4BF,3
SR8 4BG,1
SR8 4BH,1
SR8 4BJ,1
SR8 4BL,1
SR8 4BN,1
SR8 4BP,1
SR8 4BQ,1
SR8 4BS,1
SR8 4BU,1
SR8 4BW,1
SR8 4BX,1
SR8 4BY,1
SR8 4BZ,1
SR8 4DA,1
SR8 4DB,1
SR8 4DD,1
SR8 4DE,1
SR8 4DF,1
SR8 4DG,1
SR8 4DH,1
SR8 4DJ,1
SR8 4DL,1
SR8 4DN,1
SR8 4DP,1
SR8 4DQ,1
SR8 4DR,1
SR8 4DS,1
SR8 4DT,1
SR8 4DU,1
SR8 4DW,1
SR8 4DX,1
SR8 4DY,3
SR8 4DZ,1
SR8 4EA,1
SR8 4EB,1
SR8 4ED,1
SR8 4EE,1
SR8 4EF,1
SR8 4EG,1
SR8 4EH,1
SR8 4EJ,1
SR8 4EL,1
SR8 4EN,1
SR8 4EP,3
SR8 4EQ,1
SR8 4ER,1
SR8 4ES,1
SR8 4ET,3
SR8 4EU,3
SR8 4EW,3
SR8 4EX,3
SR8 4EY,3
SR8 4EZ,3
SR8 4HA,3
SR8 4HB,3
SR8 4HD,3
SR8 4HE,3
SR8 4HF,3
SR8 4HG,3
SR8 4HH,3
SR8 4HJ,3
SR8 4HL,3
SR8 4HN,3
SR8 4HP,3
SR8 4HQ,3
SR8 4HR,3
SR8 4HS,1
SR8 4HT,3
SR8 4HU,3
SR8 4HW,3
SR8 4HX,3
SR8 4HY,3
SR8 4JA,1
SR8 4JD,3
SR8 4JE,1
SR8 4JF,1
SR8 4JG,1
SR8 4JH,1
SR8 4JJ,1
SR8 4JL,1
SR8 4JN,1
SR8 4JP,1
SR8 4JQ,1
SR8 4JR,1
SR8 4JS,1
SR8 4JT,1
SR8 4JU,1
SR8 4JW,1
SR8 4JX,1
SR8 4JY,1
SR8 4JZ,1
SR8 4LA,1
SR8 4LB,1
SR8 4LD,1
SR8 4LE,1
SR8 4LF,1
SR8 4LG,1
SR8 4LH,1
SR8 4LJ,1
SR8 4LN,1
SR8 4LQ,1
SR8 4LU,1
SR8 4LW,1
SR8 4LX,1
SR8 4LY,1
SR8 4LZ,1
SR8 4NA,1
SR8 4NB,1
SR8 4ND,1
SR8 4NE,1
SR8 4NF,1
SR8 4NG,1
SR8 4NH,1
SR8 4NJ,3
SR8 4NL,3
SR8 4NN,3
SR8 4NP,1
SR8 4NQ,3
SR8 4NR,1
SR8 4NS,3
SR8 4NT,3
SR8 4NU,3
SR8 4NW,1
SR8 4NX,1
SR8 4PA,3
SR8 4PB,3
SR8 4PD,3
SR8 4PE,1
SR8 4PF,3
SR8 4PG,3
SR8 4PH,3
SR8 4PJ,3
SR8 4PL,3
SR8 4PN,3
SR8 4PP,3
SR8 4PQ,3
SR8 4PR,3
SR8 4PS,3
SR8 4PT,3
SR8 4PU,3
SR8 4PW,3
SR8 4PX,1
SR8 4PY,1
SR8 4QG,1
SR8 4QH,1
SR8 4QJ,3
SR8 4QL,3
SR8 4QN,3
SR8 4QP,1
SR8 4QQ,1
SR8 4QR,3
SR8 4QS,3
SR8 4QT,3
SR8 4QU,3
SR8 4QW,3
SR8 4QX,3
SR8 4QY,3
SR8 4QZ,3
SR8 4RA,3
SR8 4RB,3
SR8 4RD,3
SR8 4RE,3
SR8 4RF,3
SR8 4RG,3
SR8 4RH,3
SR8 4RJ,3
SR8 4RL,3
SR8 4RN,3
SR8 4RP,3
SR8 4RQ,3
SR8 4RW,3
SR8 4SA,3
SR8 4SB,1
SR8 4SD,1
SR8 4SE,1
SR8 4SF,1
SR8 4SG,1
SR8 4SH,3
SR8 4SJ,3
SR8 4SL,3
SR8 4SN,3
SR8 4SP,3
SR8 4SQ,1
SR8 4SR,3
SR8 4SS,3
SR8 4ST,3
SR8 4SU,3
SR8 4SW,3
SR8 4SX,3
SR8 4SY,3
SR8 4SZ,3
SR8 4TA,3
SR8 4TB,3
SR8 4TE,1
SR8 4TL,1
SR8 4TN,1
SR8 4TP,1
SR8 4TQ,1
SR8 4TW,1
SR8 4WW,4
SR8 4WX,4
SR8 4WY,4
SR8 4WZ,4
SR8 4YR,4
SR8 4YS,1
SR8 4YT,1
SR8 4YU,4
SR8 4YX,1
SR8 4YZ,1
SR8 5AA,1
SR8 5AB,1
SR8 5AD,1
SR8 5AE,1
SR8 5AF,1
SR8 5AG,1
SR8 5AH,1
SR8 5AJ,1
SR8 5AL,1
SR8 5AN,1
SR8 5AP,1
SR8 5AQ,1
SR8 5AR,1
SR8 5AS,1
SR8 5AT,1
SR8 5AU,1
SR8 5AX,1
SR8 5AY,1
SR8 5AZ,2
SR8 5BA,1
SR8 5BB,4
SR8 5BN,1
SR8 5DA,1
SR8 5DB,1
SR8 5DD,1
SR8 5DE,1
SR8 5DF,1
SR8 5DG,1
SR8 5DH,1
SR8 5DJ,1
SR8 5DL,1
SR8 5DN,1
SR8 5DP,1
SR8 5DQ,1
SR8 5DR,1
SR8 5DS,1
SR8 5DT,1
SR8 5DU,1
SR8 5DW,1
SR8 5DX,1
SR8 5DY,1
SR8 5DZ,1
SR8 5EA,1
SR8 5EB,1
SR8 5ED,1
SR8 5EE,1
SR8 5EF,1
SR8 5EG,1
SR8 5EH,1
SR8 5EJ,1
SR8 5EL,1
SR8 5EN,1
SR8 5EQ,1
SR8 5ER,1
SR8 5EW,1
SR8 5HA,1
SR8 5HB,4
SR8 5HD,1
SR8 5HE,1
SR8 5HF,1
SR8 5HG,1
SR8 5HH,2
SR8 5HJ,1
SR8 5HL,1
SR8 5HN,1
SR8 5HP,1
SR8 5HQ,1
SR8 5HR,1
SR8 5HS,1
SR8 5HT,1
SR8 5HU,1
SR8 5HW,1
SR8 5HX,1
SR8 5HY,1
SR8 5HZ,1
SR8 5JA,1
SR8 5JB,1
SR8 5JD,1
SR8 5JE,1
SR8 5JF,1
SR8 5JG,1
SR8 5JH,1
SR8 5JJ,1
SR8 5JL,1
SR8 5JN,1
SR8 5JP,1
SR8 5JQ,1
SR8 5JR,1
SR8 5JS,1
SR8 5JT,1
SR8 5JW,1
SR8 5LE,1
SR8 5LF,1
SR8 5LG,1
SR8 5LH,1
SR8 5LJ,1
SR8 5LL,1
SR8 5LN,1
SR8 5LP,1
SR8 5LQ,1
SR8 5LR,1
SR8 5LS,1
SR8 5LT,1
SR8 5LU,1
SR8 5LW,1
SR8 5LX,1
SR8 5LY,1
SR8 5LZ,1
SR8 5NA,1
SR8 5NB,1
SR8 5ND,1
SR8 5NE,1
SR8 5NF,1
SR8 5NG,1
SR8 5NH,1
SR8 5NJ,1
SR8 5NL,1
SR8 5NN,1
SR8 5NQ,1
SR8 5PA,1
SR8 5PB,1
SR8 5PD,1
SR8 5PE,1
SR8 5PF,1
SR8 5PG,1
SR8 5PH,1
SR8 5PJ,1
SR8 5PL,1
SR8 5PN,1
SR8 5PP,1
SR8 5PQ,1
SR8 5PR,1
SR8 5PS,1
SR8 5PT,1
SR8 5PU,1
SR8 5PW,1
SR8 5PX,1
SR8 5PY,1
SR8 5PZ,1
SR8 5QA,1
SR8 5QB,1
SR8 5QD,1
SR8 5QE,1
SR8 5QS,4
SR8 5QT,4
SR8 5QU,1
SR8 5QW,4
SR8 5QX,1
SR8 5QY,1
SR8 5QZ,1
SR8 5RA,1
SR8 5RB,1
SR8 5RD,1
SR8 5RE,3
SR8 5RF,1
SR8 5RG,3
SR8 5RH,1
SR8 5RJ,3
SR8 5RL,3
SR8 5RN,3
SR8 5RP,4
SR8 5RQ,1
SR8 5RR,3
SR8 5RS,3
SR8 5RT,3
SR8 5RU,3
SR8 5RW,3
SR8 5RX,3
SR8 5RY,3
SR8 5RZ,1
SR8 5SA,1
SR8 5SB,1
SR8 5SD,1
SR8 5SL,4
SR8 5SN,4
SR8 5SP,4
SR8 5SR,4
SR8 5SS,4
SR8 5ST,4
SR8 5SU,4
SR8 5SW,4
SR8 5SX,4
SR8 5SY,4
SR8 5SZ,4
SR8 5TA,4
SR8 5TB,4
SR8 5TD,4
SR8 5TE,4
SR8 5TF,4
SR8 5TG,4
SR8 5TH,3
SR8 5TJ,3
SR8 5TL,3
SR8 5TN,3
SR8 5TQ,3
SR8 5TW,1
SR8 5TZ,4
SR8 5UA,4
SR8 5UB,4
SR8 5UD,4
SR8 5UE,4
SR8 5UF,4
SR8 5UG,4
SR8 5UH,4
SR8 5UP,4
SR8 5UQ,4
SR8 5WY,4
SR8 5WZ,4
SR8 5YW,4
SR8 5YX,4
SR8 5YY,4
SR8 5YZ,4
SR8 9AA,4
SR8 9AB,4
SR8 9AD,4
SR8 9AE,4
SR8 9AF,4
SR8 9AG,4
SR8 9AH,4
SR8 9AJ,4
SR8 9AL,4
SR8 9AN,4
SR8 9AP,4
SR8 9AQ,4
SR8 9AR,4
SR8 9AS,4
SR8 9AT,4
SR8 9AU,4
SR8 9AW,4
SR8 9AX,4
SR8 9AY,4
SR8 9AZ,4
SR8 9BA,4
SR8 9BB,4
SR8 9BD,4
SR8 9BE,4
SR8 9BF,4
SR8 9BG,4
SR8 9DA,4
SR8 9DB,4
SR8 9DD,4
SR8 9DE,4
SR8 9DF,4
SR8 9DH,4
SR8 9DJ,4
SR8 9DL,4
SR8 9DN,4
SR8 9DP,4
SR8 9DQ,4
SR8 9DR,4
SR8 9DS,4
SR8 9DT,4
SR8 9DU,4
SR8 9DW,4
SR8 9DX,4
SR8 9DY,4
SR8 9DZ,4
SR8 9SA,9
SR8 9SB,9
SR8 9SD,9
SR8 9SE,9
SR8 9SF,9
SR8 9SG,9
SR8 9SH,9
SR8 9SJ,9
SR8 9SL,9
SR8 9SN,9
SR8 9SP,9
SR8 9SQ,9
SR8 9SR,9
SR8 9SS,9
SR8 9ST,9
SR8 9SU,9
SR8 9SX,9
SR8 9SY,9
SR8 9SZ,9
SR881AA,4
SR881BR,4
SR882BR,4
SR9 9AD,1
SR9 9WD,2
SR9 9WH,2
SR9 9WJ,2
SR9 9WL,2
SR9 9WN,2
SR9 9WP,2
SR9 9WQ,2
SR9 9WR,2
SR9 9WS,2
SR9 9WT,2
SR9 9WU,2
SR9 9WX,2
SR9 9WY,1
SR9 9WZ,2
SR9 9XD,1
SR9 9XF,2
SR9 9XQ,2
SR9 9XX,1
SR9 9XY,1
SR9 9XZ,8
SR9 9YT,2
SR9 9YU,2
SR9 9YY,2
SR9 9YZ,2
SR7 7WU,9
SR7 7WW,9
SR7 7WX,9
SR7 7WY,2
SR7 7WZ,2
SR7 7XA,5
SR7 7XB,5
SR7 7XD,5
SR7 7XE,2
SR7 7XF,5
SR7 7XG,5
SR7 7XH,5
SR7 7XJ,2
SR7 7XL,3
SR7 7XN,2
SR7 7XP,2
SR7 7XQ,2
SR7 7XR,9
SR7 7XS,2
SR7 7XW,2
SR7 7XX,2
SR7 7XY,2
SR7 7XZ,2
SR7 7YL,2
SR7 7YN,5
SR7 7YP,3
SR7 7YR,3
SR7 7YS,5
SR7 7YT,5
SR7 7YW,5
SR7 7YX,2
SR7 7YY,2
SR7 7YZ,3
SR7 8AA,1
SR7 8AB,1
SR7 8AD,1
SR7 8AE,1
SR7 8AF,1
SR7 8AG,1
SR7 8AH,1
SR7 8AJ,1
SR7 8AL,1
SR7 8AN,1
SR7 8AP,1
SR7 8AQ,1
SR7 8AR,1
SR7 8AS,1
SR7 8AT,1
SR7 8AU,1
SR7 8AW,1
SR7 8AX,1
SR7 8AY,1
SR7 8AZ,1
SR7 8BA,1
SR7 8BB,1
SR7 8BD,2
SR7 8BE,2
SR7 8BF,4
SR7 8BG,2
SR7 8BH,1
SR7 8BJ,1
SR7 8BL,2
SR7 8BN,1
SR7 8BP,1
SR7 8BQ,1
SR7 8BS,1
SR7 8BT,1
SR7 8BU,1
SR7 8BW,1
SR7 8BX,1
SR7 8BY,4
SR7 8BZ,6
SR7 8DB,2
SR7 8DE,2
SR7 8DF,8
SR7 8DG,3
SR7 8DH,2
SR7 8DJ,2
SR7 8DL,2
SR7 8DN,2
SR7 8DP,2
SR7 8DQ,3
SR7 8DR,2
SR7 8DS,2
SR7 8DT,2
SR7 8DU,2
SR7 8DW,2
SR7 8DX,2
SR7 8DY,2
SR7 8DZ,2
SR7 8EA,2
SR7 8EB,2
SR7 8ED,2
SR7 8EE,2
SR7 8EF,1
SR7 8EG,2
SR7 8EH,3
SR7 8EJ,3
SR7 8EL,3
SR7 8EN,3
SR7 8EP,2
SR7 8EQ,5
SR7 8ER,8
SR7 8ES,8
SR7 8ET,8
SR7 8EU,8
SR7 8EW,3
SR7 8EX,8
SR7 8EY,8
SR7 8EZ,3
SR7 8HA,2
SR7 8HB,8
SR7 8HD,8
SR7 8HE,8
SR7 8HF,8
SR7 8HG,8
SR7 8HH,3
SR7 8HJ,3
SR7 8HL,3
SR7 8HN,3
SR7 8HP,3
SR7 8HQ,8
SR7 8HR,3
SR7 8HS,3
SR7 8HT,3
SR7 8HU,3
SR7 8HW,3
SR7 8HX,3
SR7 8HY,3
SR7 8HZ,3
SR7 8JA,3
SR7 8JB,3
SR7 8JD,3
SR7 8JE,3
SR7 8JF,3
SR7 8JG,3
SR7 8JH,3
SR7 8JJ,3
SR7 8JL,3
SR7 8JN,3
SR7 8JP,3
SR7 8JQ,3
SR7 8JR,3
SR7 8JS,3
SR7 8JT,3
SR7 8JU,3
SR7 8JW,3
SR7 8JX,3
SR7 8JY,8
SR7 8JZ,8
SR7 8LA,8
SR7 8LB,8
SR7 8LD,8
SR7 8LF,1
SR7 8LG,1
SR7 8LH,1
SR7 8LJ,1
SR7 8LL,1
SR7 8LN,1
SR7 8LP,1
SR7 8LQ,1
SR7 8LR,1
SR7 8LS,1
SR7 8LT,1
SR7 8LU,1
SR7 8LW,1
SR7 8LX,1
SR7 8LY,1
SR7 8LZ,1
SR7 8NA,1
SR7 8NB,1
SR7 8ND,1
SR7 8NE,1
SR7 8NF,1
SR7 8NG,1
SR7 8NH,1
SR7 8NJ,1
SR7 8NL,1
SR7 8NN,1
SR7 8NP,1
SR7 8NQ,1
SR7 8NR,1
SR7 8NS,1
SR7 8NT,1
SR7 8NU,1
SR7 8NW,1
SR7 8NX,1
SR7 8PA,1
SR7 8PB,1
SR7 8PD,1
SR7 8PE,1
SR7 8PF,1
SR7 8PG,1
SR7 8PH,1
SR7 8PJ,1
SR7 8PL,1
SR7 8PN,1
SR7 8PQ,1
SR7 8PR,8
SR7 8PS,8
SR7 8PX,2
SR7 8PY,2
SR7 8PZ,2
SR7 8QA,2
SR7 8QB,2
SR7 8QD,8
SR7 8QE,1
SR7 8QP,2
SR7 8QR,2
SR7 8QS,2
SR7 8QT,2
SR7 8QU,2
SR7 8QW,2
SR7 8QX,2
SR7 8QY,2
SR7 8QZ,2
SR7 8RA,2
SR7 8RB,2
SR7 8RD,6
SR7 8RE,6
SR7 8RF,6
SR7 8RG,2
SR7 8RH,4
SR7 8RJ,4
SR7 8RL,4
SR7 8RN,4
SR7 8RP,4
SR7 8RQ,2
SR7 8RR,4
SR7 8RS,4
SR7 8RT,4
SR7 8RU,4
SR7 8RW,6
SR7 8RX,4
SR7 8RY,4
SR7 8RZ,4
SR7 8SA,4
SR7 8SB,4
SR7 8SD,4
SR7 8SE,4
SR7 8SF,4
SR7 8SG,4
SR7 8SH,4
SR7 8SJ,4
SR7 8SL,4
SR7 8SN,4
SR7 8SP,4
SR7 8SQ,4
SR7 8SR,4
SR7 8SS,4
SR7 8ST,6
SR7 8SW,4
SR7 8WW,2
SR7 8WX,2
SR7 8WY,2
SR7 8XY,8
SR7 8YR,2
SR7 8YS,2
SR7 8YT,8
SR7 8YU,8
SR7 8YY,8
SR7 8YZ,4
SR7 8ZZ,2
SR7 9AA,3
SR7 9AB,3
SR7 9AD,3
SR7 9AE,3
SR7 9AF,3
SR7 9AG,3
SR7 9AH,3
SR7 9AJ,3
SR7 9AL,3
SR7 9AN,3
SR7 9AP,3
SR7 9AQ,3
SR7 9AR,3
SR7 9AS,3
SR7 9AT,3
SR7 9AU,3
SR7 9AW,3
SR7 9AX,3
SR7 9AY,3
SR7 9AZ,3
SR7 9BA,3
SR7 9BB,6
SR7 9BD,3
SR7 9BE,6
SR7 9BF,3
SR7 9BG,3
SR7 9BH,3
SR7 9BJ,3
SR7 9BL,6
SR7 9BN,6
SR7 9BP,6
SR7 9BQ,6
SR7 9BS,6
SR7 9BT,6
SR7 9BU,6
SR7 9BW,6
SR7 9BX,6
SR7 9BY,6
SR7 9BZ,6
SR7 9DA,6
SR7 9DB,6
SR7 9DD,6
SR7 9DE,6
SR7 9DF,6
SR7 9DG,6
SR7 9DH,6
SR7 9DJ,6
SR7 9DL,6
SR7 9DN,6
SR7 9DQ,6
SR7 9DU,3
SR7 9DX,3
SR7 9DY,2
SR7 9DZ,2
SR7 9EA,1
SR7 9EB,2
SR7 9ED,2
SR7 9EE,2
SR7 9EF,2
SR7 9EG,1
SR7 9EH,1
SR7 9EJ,1
SR7 9EL,1
SR7 9EN,1
SR7 9EP,1
SR7 9EQ,1
SR7 9ER,1
SR7 9ES,1
SR7 9ET,1
SR7 9EU,1
SR7 9EW,1
SR7 9EX,1
SR7 9EY,1
SR7 9EZ,1
SR7 9GQ,6
SR7 9GW,6
SR7 9GX,6
SR7 9GY,6
SR7 9GZ,6
SR7 9HA,1
SR7 9HB,1
SR7 9HD,1
SR7 9HE,1
SR7 9HF,6
SR7 9HG,6
SR7 9HH,6
SR7 9HJ,6
SR7 9HL,1
SR7 9HN,1
SR7 9HP,6
SR7 9HQ,6
SR7 9HR,6
SR7 9HS,6
SR7 9HT,1
SR7 9HU,6
SR7 9HW,1
SR7 9HX,6
SR7 9HY,3
SR7 9HZ,6
SR7 9JA,6
SR7 9JB,3
SR7 9JD,3
SR7 9JE,3
SR7 9JF,3
SR7 9JG,2
SR7 9JH,3
SR7 9JJ,3
SR7 9JL,3
SR7 9JN,2
SR7 9JP,2
SR7 9JQ,2
SR7 9JR,2
SR7 9JS,2
SR7 9JT,2
SR7 9JU,2
SR7 9JW,2
SR7 9JX,2
SR7 9JY,2
SR7 9JZ,2
SR7 9LA,2
SR7 9LB,2
SR7 9LD,2
SR7 9LE,2
SR7 9LF,2
SR7 9LG,2
SR7 9LH,2
SR7 9LJ,2
SR7 9LL,2
SR7 9LN,2
SR7 9LP,2
SR7 9LQ,2
SR7 9LR,2
SR7 9LS,2
SR7 9LT,2
SR7 9LU,6
SR7 9LW,2
SR7 9LX,2
SR7 9LY,2
SR7 9LZ,2
SR7 9NA,2
SR7 9NB,6
SR7 9ND,1
SR7 9NE,6
SR7 9NG,6
SR7 9NH,6
SR7 9NJ,6
SR7 9NL,6
SR7 9NN,6
SR7 9NP,6
SR7 9NQ,6
SR7 9NR,6
SR7 9NS,6
SR7 9NT,6
SR7 9NU,6
SR7 9NW,6
SR7 9NX,6
SR7 9NY,6
SR7 9NZ,6
SR7 9PA,6
SR7 9PB,6
SR7 9PD,6
SR7 9PE,6
SR7 9PF,6
SR7 9PG,6
SR7 9PH,3
SR7 9PJ,3
SR7 9PL,3
SR7 9PN,3
SR7 9PP,3
SR7 9PQ,3
SR7 9PR,3
SR7 9PS,3
SR7 9PT,1
SR7 9PU,1
SR7 9PW,3
SR7 9PX,1
SR7 9PY,1
SR7 9PZ,3
SR7 9QA,1
SR7 9QB,1
SR7 9QD,1
SR7 9QE,1
SR7 9QF,1
SR7 9QG,1
SR7 9QH,1
SR7 9QJ,6
SR7 9QL,1
SR7 9QN,1
SR7 9QP,1
SR7 9QQ,1
SR7 9QR,1
SR7 9QW,1
SR7 9RD,6
SR7 9RE,6
SR7 9RF,6
SR7 9RG,6
SR7 9RH,6
SR7 9RJ,6
SR7 9RL,6
SR7 9RN,6
SR7 9RP,6
SR7 9RQ,6
SR7 9RR,6
SR7 9RS,6
SR7 9RT,6
SR7 9RU,6
SR7 9RW,1
SR7 9RX,6
SR7 9RY,6
SR7 9RZ,6
SR7 9SA,6
SR7 9SB,6
SR7 9SD,6
SR7 9SE,6
SR7 9SF,6
SR7 9SG,6
SR7 9SH,6
SR7 9SJ,6
SR7 9SL,6
SR7 9SN,6
SR7 9SP,6
SR7 9SQ,6
SR7 9SR,6
SR7 9SS,6
SR7 9ST,6
SR7 9SU,6
SR7 9SW,6
SR7 9SX,6
SR7 9SY,6
SR7 9SZ,1
SR7 9TA,1
SR7 9TB,6
SR7 9TD,6
SR7 9TE,6
SR7 9TF,6
SR7 9TG,6
SR7 9TH,1
SR7 9TN,6
SR7 9TP,6
SR7 9TR,6
SR7 9TS,6
SR7 9TT,6
SR7 9TW,1
SR7 9WZ,2
SR7 9YT,1
SR7 9YU,1
SR7 9YW,2
SR7 9YX,1
SR7 9YZ,2
SR8 1AA,4
SR8 1AB,4
SR8 1AD,4
SR8 1AE,4
SR8 1AF,4
SR8 1AG,4
SR8 1AH,4
SR8 1AJ,4
SR8 1AL,4
SR8 1AN,4
SR8 1AP,1
SR8 1AQ,4
SR8 1AR,1
SR8 1AS,4
SR8 1AT,4
SR8 1AU,8
SR8 1AW,4
SR8 1AX,4
SR8 1AY,4
SR8 1AZ,4
SR8 1BA,4
SR8 1BB,4
SR8 1BD,4
SR8 1BE,4
SR8 1BG,4
SR8 1BH,4
SR8 1BJ,4
SR8 1BL,4
SR8 1BN,4
SR8 1BP,4
SR8 1BQ,4
SR8 1BS,4
SR8 1BT,4
SR8 1BU,4
SR8 1BW,4
SR8 1BX,2
SR8 1BY,2
SR8 1BZ,8
SR8 1DA,2
SR8 1DB,2
SR8 1DD,2
SR8 1DE,3
SR8 1DF,2
SR8 1DG,2
SR8 1DH,2
SR8 1DJ,2
SR8 1DL,2
SR8 1DN,2
SR8 1DP,1
SR8 1DQ,2
SR8 1DR,1
SR8 1DS,2
SR8 1DT,1
SR8 1DU,1
SR8 1DW,1
SR8 1DX,1
SR8 1DY,1
SR8 1DZ,1
SR8 1EA,4
SR8 1EB,4
SR8 1ED,1
SR8 1EE,6
SR8 1EF,6
SR8 1EG,6
SR8 1EH,1
SR8 1EJ,1
SR8 1EL,1
SR8 1EN,1
SR8 1EP,1
SR8 1EQ,6
SR8 1ER,1
SR8 1ES,1
SR8 1ET,1
SR8 1EU,1
SR8 1EW,1
SR8 1EX,1
SR8 1EY,1
SR8 1EZ,1
SR8 1FA,2
SR8 1FB,2
SR8 1HA,1
SR8 1HB,1
SR8 1HD,1
SR8 1HE,1
SR8 1HF,1
SR8 1HG,1
SR8 1HH,1
SR8 1HJ,1
SR8 1HL,1
SR8 1HN,1
SR8 1HP,1
SR8 1HQ,1
SR8 1HR,1
SR8 1HS,1
SR8 1HT,1
SR8 1HU,1
SR8 1HW,1
SR8 1HX,1
SR8 1HY,1
SR8 1HZ,1
SR8 1JA,1
SR8 1JB,1
SR8 1JD,1
SR8 1JE,1
SR8 1JF,8
SR8 1JG,8
SR8 1JH,8
SR8 1JJ,8
SR8 1JL,8
SR8 1JN,1
SR8 1JP,1
SR8 1JQ,8
SR8 1JR,1
SR8 1JS,1
SR8 1JT,1
SR8 1JU,1
SR8 1JW,1
SR8 1JX,1
SR8 1JY,1
SR8 1JZ,1
SR8 1LA,1
SR8 1LB,1
SR8 1LD,1
SR8 1LE,1
SR8 1LF,1
SR8 1LG,1
SR8 1LH,6
SR8 1LJ,6
SR8 1LL,6
SR8 1LN,6
SR8 1LP,6
SR8 1LQ,6
SR8 1LR,6
SR8 1LS,6
SR8 1LT,8
SR8 1LU,8
SR8 1LW,6
SR8 1LX,8
SR8 1LY,6
SR8 1LZ,6
SR8 1NA,6
SR8 1NB,8
SR8 1ND,6
SR8 1NE,6
SR8 1NF,6
SR8 1NG,6
SR8 1NH,6
SR8 1NJ,6
SR8 1NL,6
SR8 1NN,6
SR8 1NP,6
SR8 1NQ,8
SR8 1NR,6
SR8 1NS,1
SR8 1NT,2
SR8 1NU,2
SR8 1NW,6
SR8 1NX,8
SR8 1NZ,8
SR8 1PA,4
SR8 1PB,4
SR8 1PF,6
SR8 1PG,6
SR8 1PH,6
SR8 1PJ,8
SR8 1PL,8
SR8 1PN,8
SR8 1PP,8
SR8 1PQ,8
SR8 1PR,8
SR8 1PS,8
SR8 1PT,8
SR8 1PU,8
SR8 1PW,8
SR8 1PX,8
SR8 1PY,8
SR8 1PZ,8
SR8 1QA,8
SR8 1QB,6
SR8 1QD,6
SR8 1QF,4
SR8 1QG,6
SR8 1QH,8
SR8 1QJ,8
SR8 1QL,8
SR8 1QN,8
SR8 1QP,8
SR8 1QQ,6
SR8 1QR,4
SR8 1QW,8
SR8 1WD,4
SR8 1WE,8
SR8 1WT,4
SR8 1WU,4
SR8 1WW,8
SR8 1WX,4
SR8 1WY,4
SR8 1WZ,8
SR8 1YL,4
SR8 1YN,4
SR8 1YP,1
SR8 1YR,1
SR8 1YS,1
SR8 1YT,4
SR8 1YW,4
SR8 1YX,1
SR8 1YY,4
SR8 1YZ,4
SR8 2AA,2
SR8 2AB,2
SR8 2AD,2
SR8 2AE,2
SR8 2AF,2
SR8 2AG,2
SR8 2AH,2
SR8 2AJ,2
SR8 2AL,2
SR8 2AN,2
SR8 2AP,2
SR8 2AQ,2
SR8 2AR,2
SR8 2AS,2
SR8 2AT,2
SR8 2AU,2
SR8 2AW,2
SR8 2AX,2
SR8 2AY,2
SR8 2AZ,2
SR8 2BA,2
SR8 2BB,2
SR8 2BD,2
SR8 2BE,2
SR8 2BH,2
SR8 2BJ,2
SR8 2BL,2
SR8 2BN,4
SR8 2BP,4
SR8 2BQ,2
SR8 2BS,4
SR8 2BT,4
SR8 2BU,4
SR8 2BW,4
SR8 2BX,4
SR8 2BY,4
SR8 2BZ,4
SR8 2DA,4
SR8 2DB,4
SR8 2DD,4
SR8 2DE,4
SR8 2DF,4
SR8 2DG,4
SR8 2DH,4
SR8 2DJ,4
SR8 2DL,4
SR8 2DN,4
SR8 2DP,4
SR8 2DQ,4
SR8 2DR,4
SR8 2DS,4
SR8 2DT,4
SR8 2DU,4
SR8 2DW,2
SR8 2DX,4
SR8 2DY,2
SR8 2DZ,2
SR8 2EA,2
SR8 2EB,2
SR8 2ED,2
SR8 2EE,2
SR8 2EF,4
SR8 2EG,2
SR8 2EH,2
SR8 2EJ,2
SR8 2EL,2
SR8 2EN,2
SR8 2EP,2
SR8 2EQ,2
SR8 2ER,2
SR8 2ES,2
SR8 2ET,2
SR8 2EU,2
SR8 2EW,4
SR8 2EX,2
SR8 2EY,4
SR8 2EZ,2
SR8 2FS,2
SR8 2HA,2
SR8 2HB,2
SR8 2HD,2
SR8 2HE,2
SR8 2HF,2
SR8 2HG,2
SR8 2HH,2
SR8 2HJ,2
SR8 2HL,2
SR8 2HN,4
SR8 2HP,9
SR8 2HQ,2
SR8 2HR,2
SR8 2HS,2
SR8 2HU,2
SR8 2HW,2
SR8 2HX,2
SR8 2HY,9
SR8 2HZ,2
SR8 2JA,2
SR8 2JB,9
SR8 2JD,2
SR8 2JE,2
SR8 2JF,2
SR8 2JG,9
SR8 2JH,2
SR8 2JJ,2
SR8 2JL,2
SR8 2JN,2
SR8 2JP,2
SR8 2JQ,9
SR8 2JR,3
SR8 2JS,3
SR8 2JT,3
SR8 2JU,3
SR8 2JW,2
SR8 2JX,3
SR8 2JY,3
SR8 2JZ,3
SR8 2LA,3
SR8 2LB,3
SR8 2LD,3
SR8 2LE,3
SR8 2LF,3
SR8 2LG,3
SR8 2LH,3
SR8 2LJ,2
SR8 2LL,2
SR8 2LN,2
SR8 2LP,2
SR8 2LQ,3
SR8 2LR,2
SR8 2LS,2
SR8 2LT,2
SR8 2LU,2
SR8 2LW,2
SR8 2LX,2
SR8 2LY,2
SR8 2LZ,3
SR8 2NA,3
SR8 2NB,2
SR8 2ND,3
SR8 2NE,2
SR8 2NF,3
SR8 2NG,3
SR8 2NH,3
SR8 2NJ,3
SR8 2NL,3
SR8 2NN,3
SR8 2NP,3
SR8 2NQ,2
SR8 2NR,3
SR8 2NS,3
SR8 2NT,3
SR8 2NU,3
SR8 2NW,3
SR8 2NX,3
SR8 2NY,3
SR8 2NZ,3
SR8 2PA,2
SR8 2PB,2
SR8 2PD,2
SR8 2PE,2
SR8 2PF,2
SR8 2PG,2
SR8 2PH,3
SR8 2PP,9
SR8 2PQ,2
SR8 2PS,9
SR8 2PW,9
SR8 2PY,4
SR8 2QA,4
SR8 2QB,4
SR8 2QD,4
SR8 2QH,9
SR8 2QJ,2
SR8 2RA,2
SR8 2RB,2
SR8 2RD,2
SR8 2RF,9
SR8 2RG,4
SR8 2RH,2
SR8 2RJ,2
SR8 2RL,2
SR8 2RN,2
SR8 2RP,2
SR8 2RQ,2
SR8 2RR,2
SR8 2RS,2
SR8 2RT,2
SR8 2RU,2
SR8 2RW,2
SR8 2SW,2
SR8 2TG,2
SR8 2WG,4
SR8 2WN,4
SR8 2WQ,4
SR8 2WT,4
SR8 2WU,4
SR8 2WW,4
SR8 2WX,4
SR8 2WY,4
SR8 2WZ,4
SR8 2XX,4
SR8 2XY,4
SR8 2XZ,4
SR8 2YA,4
SR8 2YB,4
SR8 2YD,4
SR8 2YE,4
SR8 2YF,4
SR8 2YG,4
SR8 2YH,4
SR8 2YJ,2
SR8 2YL,4
SR8 2YN,4
SR8 2YP,2
SR8 2YQ,4
SR8 2YR,2
SR8 2YS,4
SR8 2YT,2
SR8 2YU,2
SR8 2YW,2
SR8 2YX,4
SR8 2YY,2
SR8 2YZ,2
SR8 2ZW,4
SR8 2ZX,4
SR8 3AA,4
SR8 3AB,4
SR8 3AD,4
SR8 3AE,4
SR8 3AF,4
SR8 3AG,4
SR8 3AH,4
SR8 3AJ,9
SR8 3AL,9
SR8 3AN,9
SR8 3AP,9
SR8 3AQ,4
SR8 3AR,9
SR8 3AS,9
SR8 3AT,9
SR8 3AU,9
SR8 3AW,9
SR8 3AX,4
SR8 3AY,9
SR8 3AZ,9
SR8 3BA,9
SR8 3BB,9
SR8 3BD,9
SR8 3BE,9
SR8 3BF,9
SR8 3BG,4
SR8 3BH,4
SR8 3BJ,9
SR8 3BL,4
SR8 3BN,9
SR8 3BP,4
SR8 3BQ,4
SR8 3BS,4
SR8 3BT,4
SR8 3BU,4
SR8 3BW,9
SR8 3BX,9
SR8 3BY,9
SR8 3BZ,9
SR8 3DA,9
SR8 3DB,9
SR8 3DD,9
SR8 3DE,9
SR8 3DF,9
SR8 3DG,9
SR8 3DH,2
SR8 3DJ,2
SR8 3DL,2
SR8 3DN,2
SR8 3DP,2
SR8 3DQ,2
SR8 3DR,2
SR8 3DS,2
SR8 3DT,4
