TD1 1AA,
TD1 1AB,
TD1 1AZ,
TD1 1BA,
TD1 1BB,
TD1 1BD,
TD1 1BE,
TD1 1BG,
TD1 1BH,
TD1 1BJ,
TD1 1BL,
TD1 1BN,
TD1 1BP,
TD1 1BQ,
TD1 1BS,
TD1 1BT,
TD1 1BU,
TD1 1BW,
TD1 1BX,
TD1 1BY,
TD1 1BZ,
TD1 1DB,
TD1 1DD,
TD1 1DE,
TD1 1DH,
TD1 1DL,
TD1 1DN,
TD1 1DP,
TD1 1DQ,
TD1 1DR,
TD1 1DS,
TD1 1DT,
TD1 1DU,
TD1 1DW,
TD1 1DX,
TD1 1DY,
TD1 1DZ,
TD1 1EA,
TD1 1EB,
TD1 1ED,
TD1 1EL,
TD1 1EN,
TD1 1EP,
TD1 1ER,
TD1 1ES,
TD1 1ET,
TD1 1EU,
TD1 1EW,
TD1 1EX,
TD1 1EY,
TD1 1EZ,
TD1 1HA,
TD1 1HB,
TD1 1HD,
TD1 1HE,
TD1 1HF,
TD1 1HG,
TD1 1HH,
TD1 1HJ,
TD1 1HL,
TD1 1HN,
TD1 1HP,
TD1 1HQ,
TD1 1HR,
TD1 1HS,
TD1 1HT,
TD1 1HW,
TD1 1HX,
TD1 1HY,
TD1 1HZ,
TD1 1JA,
TD1 1JD,
TD1 1JE,
TD1 1JF,
TD1 1JG,
TD1 1JH,
TD1 1JJ,
TD1 1JL,
TD1 1JN,
TD1 1JP,
TD1 1JQ,
TD1 1JR,
TD1 1JS,
TD1 1JT,
TD1 1JU,
TD1 1JW,
TD1 1JX,
TD1 1JY,
TD1 1JZ,
TD1 1LA,
TD1 1LB,
TD1 1LD,
TD1 1LJ,
TD1 1LL,
TD1 1LN,
TD1 1LP,
TD1 1LQ,
TD1 1LR,
TD1 1LS,
TD1 1LT,
TD1 1LU,
TD1 1LW,
TD1 1LX,
TD1 1LY,
TD1 1LZ,
TD1 1NA,
TD1 1NB,
TD1 1ND,
TD1 1NE,
TD1 1NF,
TD1 1NG,
TD1 1NH,
TD1 1NJ,
TD1 1NL,
TD1 1NN,
TD1 1NP,
TD1 1NQ,
TD1 1NR,
TD1 1NS,
TD1 1NU,
TD1 1NW,
TD1 1NX,
TD1 1NY,
TD1 1NZ,
TD1 1PA,
TD1 1PB,
TD1 1PD,
TD1 1PE,
TD1 1PF,
TD1 1PG,
TD1 1PH,
TD1 1PJ,
TD1 1PL,
TD1 1PN,
TD1 1PP,
TD1 1PQ,
TD1 1PR,
TD1 1PS,
TD1 1PT,
TD1 1PU,
TD1 1PW,
TD1 1PX,
TD1 1PY,
TD1 1PZ,
TD1 1QA,
TD1 1QB,
TD1 1QD,
TD1 1QE,
TD1 1QF,
TD1 1QG,
TD1 1QH,
TD1 1QJ,
TD1 1QL,
TD1 1QN,
TD1 1QP,
TD1 1QQ,
TD1 1QR,
TD1 1QS,
TD1 1QT,
TD1 1QU,
TD1 1QW,
TD1 1QX,
TD1 1QY,
TD1 1QZ,
TD1 1RA,
TD1 1RB,
TD1 1RD,
TD1 1RE,
TD1 1RF,
TD1 1RG,
TD1 1RH,
TD1 1RJ,
TD1 1RL,
TD1 1RN,
TD1 1RP,
TD1 1RQ,
TD1 1RR,
TD1 1RS,
TD1 1RT,
TD1 1RU,
TD1 1RW,
TD1 1RX,
TD1 1RY,
TD1 1RZ,
TD1 1SA,
TD1 1SB,
TD1 1SD,
TD1 1SE,
TD1 1SF,
TD1 1SG,
TD1 1SH,
TD1 1SJ,
TD1 1SL,
TD1 1SN,
TD1 1SP,
TD1 1SQ,
TD1 1SR,
TD1 1SS,
TD1 1ST,
TD1 1SU,
TD1 1SW,
TD1 1SX,
TD1 1SY,
TD1 1TA,
TD1 1TB,
TD1 1TD,
TD1 1TE,
TD1 1TF,
TD1 1TG,
TD1 1TH,
TD1 1TJ,
TD1 1TL,
TD1 1TN,
TD1 1TP,
TD1 1TQ,
TD1 1TR,
TD1 1TS,
TD1 1TU,
TD1 1TW,
TD1 1TZ,
TD1 1UA,
TD1 1UB,
TD1 1UD,
TD1 1UE,
TD1 1UF,
TD1 1UG,
TD1 1UH,
TD1 1UJ,
TD1 1UL,
TD1 1UQ,
TD1 1UU,
TD1 1WA,
TD1 1WB,
TD1 1WD,
TD1 1WE,
TD1 1WF,
TD1 1WG,
TD1 1WH,
TD1 1WW,
TD1 1WX,
TD1 1YA,
TD1 1YB,
TD1 1YD,
TD1 1YE,
TD1 1YH,
TD1 2AA,
TD1 2AB,
TD1 2AD,
TD1 2AE,
TD1 2AF,
TD1 2AG,
TD1 2AH,
TD1 2AJ,
TD1 2AL,
TD1 2AN,
TD1 2AP,
TD1 2AQ,
TD1 2AR,
TD1 2AS,
TD1 2AT,
TD1 2AU,
TD1 2AW,
TD1 2AX,
TD1 2AY,
TD1 2AZ,
TD1 2BA,
TD1 2BB,
TD1 2BD,
TD1 2BE,
TD1 2BF,
TD1 2BG,
TD1 2BH,
TD1 2BJ,
TD1 2BL,
TD1 2BN,
TD1 2BP,
TD1 2BQ,
TD1 2BS,
TD1 2BT,
TD1 2BU,
TD1 2BW,
TD1 2BX,
TD1 2BY,
TD1 2BZ,
TD1 2DA,
TD1 2DB,
TD1 2DD,
TD1 2DE,
TD1 2DF,
TD1 2DG,
TD1 2DH,
TD1 2DJ,
TD1 2DL,
TD1 2DN,
TD1 2DP,
TD1 2DQ,
TD1 2DR,
TD1 2DS,
TD1 2DT,
TD1 2DU,
TD1 2DW,
TD1 2DX,
TD1 2DY,
TD1 2DZ,
TD1 2EA,
TD1 2EB,
TD1 2ED,
TD1 2EE,
TD1 2EF,
TD1 2EG,
TD1 2EH,
TD1 2EJ,
TD1 2EL,
TD1 2EP,
TD1 2EQ,
TD1 2EU,
TD1 2EW,
TD1 2EX,
TD1 2EY,
TD1 2EZ,
TD1 2HA,
TD1 2HB,
TD1 2HD,
TD1 2HE,
TD1 2HH,
TD1 2HN,
TD1 2HP,
TD1 2HQ,
TD1 2HR,
TD1 2HS,
TD1 2HT,
TD1 2HU,
TD1 2HW,
TD1 2HX,
TD1 2HY,
TD1 2HZ,
TD1 2JA,
TD1 2JB,
TD1 2JD,
TD1 2JE,
TD1 2JF,
TD1 2JG,
TD1 2JH,
TD1 2JJ,
TD1 2JL,
TD1 2JN,
TD1 2JP,
TD1 2JQ,
TD1 2JR,
TD1 2JS,
TD1 2JT,
TD1 2JW,
TD1 2JY,
TD1 2JZ,
TD1 2LA,
TD1 2LB,
TD1 2LD,
TD1 2LE,
TD1 2LF,
TD1 2LG,
TD1 2LH,
TD1 2LJ,
TD1 2LL,
TD1 2LN,
TD1 2LP,
TD1 2LQ,
TD1 2LR,
TD1 2LS,
TD1 2LT,
TD1 2LU,
TD1 2LW,
TD1 2LX,
TD1 2LY,
TD1 2LZ,
TD1 2NA,
TD1 2NB,
TD1 2ND,
TD1 2NE,
TD1 2NF,
TD1 2NG,
TD1 2NH,
TD1 2NJ,
TD1 2NL,
TD1 2NN,
TD1 2NP,
TD1 2NQ,
TD1 2NR,
TD1 2NS,
TD1 2NT,
TD1 2NU,
TD1 2NW,
TD1 2NX,
TD1 2NY,
TD1 2NZ,
TD1 2PA,
TD1 2PB,
TD1 2PD,
TD1 2PE,
TD1 2PF,
TD1 2PG,
TD1 2PH,
TD1 2PJ,
TD1 2PL,
TD1 2PN,
TD1 2PP,
TD1 2PQ,
TD1 2PR,
TD1 2PS,
TD1 2PT,
TD1 2PU,
TD1 2PW,
TD1 2PX,
TD1 2PY,
TD1 2PZ,
TD1 2QA,
TD1 2QB,
TD1 2QD,
TD1 2QE,
TD1 2QF,
TD1 2QG,
TD1 2QH,
TD1 2QJ,
TD1 2QL,
TD1 2QN,
TD1 2QP,
TD1 2QQ,
TD1 2QR,
TD1 2QS,
TD1 2QT,
TD1 2QU,
TD1 2QW,
TD1 2QX,
TD1 2QY,
TD1 2QZ,
TD1 2RA,
TD1 2RB,
TD1 2RD,
TD1 2RE,
TD1 2RF,
TD1 2RG,
TD1 2RH,
TD1 2RJ,
TD1 2RL,
TD1 2RN,
TD1 2RP,
TD1 2RQ,
TD1 2RR,
TD1 2RS,
TD1 2RT,
TD1 2RU,
TD1 2RW,
TD1 2RX,
TD1 2RY,
TD1 2RZ,
TD1 2SA,
TD1 2SB,
TD1 2SD,
TD1 2SE,
TD1 2SF,
TD1 2SG,
TD1 2SH,
TD1 2SJ,
TD1 2SL,
TD1 2SN,
TD1 2SP,
TD1 2SQ,
TD1 2SR,
TD1 2SS,
TD1 2ST,
TD1 2SU,
TD1 2SW,
TD1 2SX,
TD1 2SY,
TD1 2SZ,
TD1 2TA,
TD1 2TB,
TD1 2TD,
TD1 2TE,
TD1 2TF,
TD1 2TG,
TD1 2TH,
TD1 2TJ,
TD1 2UA,
TD1 2UB,
TD1 2UD,
TD1 2UE,
TD1 2UF,
TD1 2UH,
TD1 2WR,
TD1 2WS,
TD1 2WT,
TD1 2WU,
TD1 2WW,
TD1 2WX,
TD1 2YA,
TD1 2YB,
TD1 2YD,
TD1 2YE,
TD1 2YF,
TD1 2YG,
TD1 2YH,
TD1 2YJ,
TD1 2YL,
TD1 3AA,
TD1 3AB,
TD1 3AD,
TD1 3AE,
TD1 3AF,
TD1 3AG,
TD1 3AH,
TD1 3AJ,
TD1 3AL,
TD1 3AN,
TD1 3AP,
TD1 3AQ,
TD1 3AR,
TD1 3AS,
TD1 3AT,
TD1 3AU,
TD1 3AW,
TD1 3AX,
TD1 3AY,
TD1 3AZ,
TD1 3BA,
TD1 3BB,
TD1 3BD,
TD1 3BE,
TD1 3BF,
TD1 3BG,
TD1 3BH,
TD1 3BJ,
TD1 3BL,
TD1 3BN,
TD1 3BP,
TD1 3BQ,
TD1 3BS,
TD1 3BT,
TD1 3BU,
TD1 3BW,
TD1 3BX,
TD1 3BY,
TD1 3BZ,
TD1 3DA,
TD1 3DB,
TD1 3DD,
TD1 3DE,
TD1 3DF,
TD1 3DH,
TD1 3DL,
TD1 3DN,
TD1 3DP,
TD1 3DR,
TD1 3DS,
TD1 3DT,
TD1 3DU,
TD1 3DW,
TD1 3DX,
TD1 3DY,
TD1 3DZ,
TD1 3EA,
TD1 3EB,
TD1 3ED,
TD1 3EE,
TD1 3EF,
TD1 3EG,
TD1 3EH,
TD1 3EJ,
TD1 3EL,
TD1 3EN,
TD1 3EP,
TD1 3EQ,
TD1 3ER,
TD1 3ES,
TD1 3ET,
TD1 3EU,
TD1 3EW,
TD1 3EX,
TD1 3EY,
TD1 3EZ,
TD1 3GZ,
TD1 3HA,
TD1 3HB,
TD1 3HD,
TD1 3HE,
TD1 3HF,
TD1 3HG,
TD1 3HH,
TD1 3HJ,
TD1 3HL,
TD1 3HN,
TD1 3HP,
TD1 3HQ,
TD1 3HR,
TD1 3HS,
TD1 3HT,
TD1 3HU,
TD1 3HW,
TD1 3HX,
TD1 3HY,
TD1 3HZ,
TD1 3JA,
TD1 3JB,
TD1 3JD,
TD1 3JE,
TD1 3JF,
TD1 3JG,
TD1 3JH,
TD1 3JJ,
TD1 3JL,
TD1 3JN,
TD1 3JP,
TD1 3JQ,
TD1 3JR,
TD1 3JS,
TD1 3JT,
TD1 3JU,
TD1 3JW,
TD1 3JX,
TD1 3JY,
TD1 3JZ,
TD1 3LA,
TD1 3LB,
TD1 3LD,
TD1 3LE,
TD1 3LF,
TD1 3LG,
TD1 3LH,
TD1 3LJ,
TD1 3LL,
TD1 3LN,
TD1 3LP,
TD1 3LQ,
TD1 3LT,
TD1 3LU,
TD1 3LW,
TD1 3LX,
TD1 3LY,
TD1 3LZ,
TD1 3NA,
TD1 3NB,
TD1 3ND,
TD1 3NE,
TD1 3NF,
TD1 3NG,
TD1 3NH,
TD1 3NJ,
TD1 3NL,
TD1 3NN,
TD1 3NP,
TD1 3NQ,
TD1 3NR,
TD1 3NS,
TD1 3NT,
TD1 3NU,
TD1 3NW,
TD1 3NX,
TD1 3NY,
TD1 3NZ,
TD1 3PA,
TD1 3PB,
TD1 3PD,
TD1 3PE,
TD1 3PF,
TD1 3PG,
TD1 3PH,
TD1 3PJ,
TD1 3PL,
TD1 3PN,
TD1 3PP,
TD1 3PQ,
TD1 3PR,
TD1 3PS,
TD1 3PT,
TD1 3PU,
TD1 3PW,
TD1 3PX,
TD1 3QF,
TD1 3RA,
TD1 3RB,
TD1 3RD,
TD1 3RE,
TD1 3RF,
TD1 3RG,
TD1 3RH,
TD1 3RJ,
TD1 3RL,
TD1 3RN,
TD1 3RP,
TD1 3RQ,
TD1 3RR,
TD1 3RS,
TD1 3RT,
TD1 3RU,
TD1 3RW,
TD1 3RX,
TD1 3RY,
TD1 3RZ,
TD1 3SA,
TD1 3SB,
TD1 3SD,
TD1 3SE,
TD1 3SF,
TD1 3SG,
TD1 3SH,
TD1 3SL,
TD1 3SN,
TD1 3SP,
TD1 3SQ,
TD1 3SS,
TD1 3ST,
TD1 3SU,
TD1 3SW,
TD1 3SX,
TD1 3SY,
TD1 3SZ,
TD1 3TA,
TD1 3TB,
TD1 3TD,
TD1 3TE,
TD1 3WA,
TD1 3WD,
TD1 3WE,
TD1 3WF,
TD1 3WG,
TD1 3WH,
TD1 3WJ,
TD1 3WL,
TD1 3WQ,
TD1 3WR,
TD1 3WS,
TD1 3WW,
TD1 3WX,
TD1 3YA,
TD1 3YB,
TD1 3YD,
TD1 3YE,
TD1 3YF,
TD1 3YG,
TD1 3YH,
TD1 3YJ,
TD1 3YL,
TD1 3YN,
TD1 3YP,
TD1 9AA,
TD1 9AB,
TD1 9AD,
TD1 9AE,
TD1 9AF,
TD1 9AG,
TD1 9AH,
TD1 9AJ,
TD1 9AL,
TD1 9AN,
TD1 9AP,
TD1 9AQ,
TD1 9AR,
TD1 9AS,
TD1 9AT,
TD1 9AU,
TD1 9AW,
TD106AB,
TD106UA,
TD106UB,
TD106UD,
TD106UE,
TD106UF,
TD106UG,
TD106UH,
TD106UJ,
TD106UL,
TD106UN,
TD106UP,
TD106UQ,
TD106UR,
TD106UW,
TD106WA,
TD106WW,
TD106WX,
TD106XA,
TD106XB,
TD106XD,
TD106XE,
TD106XF,
TD106XG,
TD106XH,
TD106XJ,
TD106XL,
TD106XN,
TD106XP,
TD106XQ,
TD106XR,
TD106XS,
TD106XT,
TD106XU,
TD106XW,
TD106XX,
TD106XY,
TD106YA,
TD106YB,
TD106YE,
TD106YF,
TD106YG,
TD106YH,
TD106YJ,
TD106YL,
TD106YN,
TD106YP,
TD106YQ,
TD106YR,
TD106YS,
TD106YT,
TD106YW,
TD106YX,
TD106ZA,
TD113AA,
TD113AB,
TD113AD,
TD113AE,
TD113AF,
TD113AG,
TD113AH,
TD113AJ,
TD113AL,
TD113AN,
TD113AP,
TD113AQ,
TD113AR,
TD113AS,
TD113AT,
TD113AU,
TD113AW,
TD113AX,
TD113AY,
TD113AZ,
TD113BA,
TD113BB,
TD113BD,
TD113BE,
TD113BF,
TD113BG,
TD113BH,
TD113BJ,
TD113BL,
TD113BN,
TD113BP,
TD113BQ,
TD113BS,
TD113BT,
TD113BU,
TD113BW,
TD113BX,
TD113BY,
TD113BZ,
TD113DA,
TD113DB,
TD113DD,
TD113DE,
TD113DF,
TD113DG,
TD113DH,
TD113DJ,
TD113DL,
TD113DN,
TD113DP,
TD113DQ,
TD113DR,
TD113DS,
TD113DT,
TD113DU,
TD113DW,
TD113DX,
TD113DY,
TD113DZ,
TD113EA,
TD113EB,
TD113ED,
TD113EE,
TD113EF,
TD113EG,
TD113EH,
TD113EJ,
TD113EL,
TD113EN,
TD113EP,
TD113EQ,
TD113ER,
TD113ES,
TD113ET,
TD113EU,
TD113EW,
TD113EX,
TD113EY,
TD113EZ,
TD113FP,
TD113FR,
TD113GA,
TD113GR,
TD113GZ,
TD113HA,
TD113HB,
TD113HD,
TD113HE,
TD113HF,
TD113HG,
TD113HH,
TD113HJ,
TD113HL,
TD113HN,
TD113HP,
TD113HQ,
TD113HR,
TD113HS,
TD113HT,
TD113HU,
TD113HW,
TD113HX,
TD113HY,
TD113HZ,
TD113JA,
TD113JB,
TD113JD,
TD113JE,
TD113JF,
TD113JG,
TD113JH,
TD113JJ,
TD113JL,
TD113JN,
TD113JP,
TD113JQ,
TD113JR,
TD113JS,
TD113JU,
TD113JW,
TD113JX,
TD113JY,
TD113JZ,
TD113LA,
TD113LD,
TD113LE,
TD113LF,
TD113LG,
TD113LH,
TD113LJ,
TD113LL,
TD113LN,
TD113LP,
TD113LQ,
TD113LR,
TD113LS,
TD113LT,
TD113LU,
TD113LX,
TD113LY,
TD113LZ,
TD113NA,
TD113NB,
TD113ND,
TD113NE,
TD113NF,
TD113NG,
TD113NH,
TD113NN,
TD113NP,
TD113NQ,
TD113NR,
TD113NS,
TD113NT,
TD113NU,
TD113NW,
TD113NX,
TD113NY,
TD113NZ,
TD113PA,
TD113PB,
TD113PD,
TD113PE,
TD113PF,
TD113PG,
TD113PP,
TD113PR,
TD113PS,
TD113PT,
TD113PU,
TD113PW,
TD113PX,
TD113PY,
TD113PZ,
TD113QA,
TD113QB,
TD113QD,
TD113QE,
TD113QG,
TD113QH,
TD113QJ,
TD113QL,
TD113QN,
TD113QP,
TD113QQ,
TD113QR,
TD113QS,
TD113QT,
TD113QU,
TD113QW,
TD113QX,
TD113QY,
TD113RA,
TD113RB,
TD113RD,
TD113RE,
TD113RH,
TD113RJ,
TD113RL,
TD113RN,
TD113RP,
TD113RR,
TD113RS,
TD113RT,
TD113RU,
TD113RW,
TD113RX,
TD113RY,
TD113RZ,
TD113SA,
TD113SB,
TD113SE,
TD113SF,
TD113SG,
TD113SH,
TD113SJ,
TD113SL,
TD113SN,
TD113SP,
TD113SQ,
TD113SR,
TD113SS,
TD113ST,
TD113SU,
TD113SW,
TD113SX,
TD113SY,
TD113SZ,
TD113TA,
TD113TB,
TD113TD,
TD113TE,
TD113TF,
TD113TG,
TD113TH,
TD113TJ,
TD113TL,
TD113TN,
TD113TP,
TD113TQ,
TD113TR,
TD113TS,
TD113TT,
TD113TU,
TD113TW,
TD113TX,
TD113TY,
TD113TZ,
TD113UA,
TD113UB,
TD113UD,
TD113UE,
TD113UF,
TD113UG,
TD113UH,
TD113UJ,
TD113UL,
TD113UN,
TD113UP,
TD113UQ,
TD113UR,
TD113US,
TD113UT,
TD113UU,
TD113UW,
TD113UX,
TD113UY,
TD113UZ,
TD113WA,
TD113WS,
TD113WT,
TD113WU,
TD113WW,
TD113WX,
TD113XA,
TD113XB,
TD113XD,
TD113XE,
TD113XF,
TD113XG,
TD113XH,
TD113XJ,
TD113XL,
TD113XN,
TD113XP,
TD113XQ,
TD113XR,
TD113XS,
TD113XT,
TD113XU,
TD113XW,
TD113XX,
TD113XY,
TD113XZ,
TD113YA,
TD113YB,
TD113YD,
TD113YE,
TD113YF,
TD113YG,
TD113YH,
TD113YJ,
TD113YL,
TD113YN,
TD113YQ,
TD113YR,
TD113YS,
TD113YT,
TD113YU,
TD113YW,
TD113YY,
TD113ZA,
TD119AA,
TD119AB,
TD119AD,
TD119AE,
TD119AF,
TD124AA,
TD124AB,
TD124AD,
TD124AE,
TD124AF,
TD124AG,
TD124AH,
TD124AJ,
TD124AL,
TD124AN,
TD124AP,
TD124AQ,
TD124AR,
TD124AS,
TD124AT,
TD124AU,
TD124AW,
TD124AX,
TD124AY,
TD124AZ,
TD124BA,
TD124BB,
TD124BD,
TD124BE,
TD124BF,
TD124BG,
TD124BH,
TD124BJ,
TD124BL,
TD124BN,
TD124BP,
TD124BQ,
TD124BS,
TD124BT,
TD124BU,
TD124BW,
TD124BX,
TD124BY,
TD124BZ,
TD124DA,
TD124DB,
TD124DD,
TD124DE,
TD124DF,
TD124DG,
TD124DH,
TD124DJ,
TD124DL,
TD124DN,
TD124DP,
TD124DQ,
TD124DR,
TD124DS,
TD124DT,
TD124DU,
TD124DW,
TD124DX,
TD124DY,
TD124DZ,
TD124EA,
TD124EB,
TD124ED,
TD124EE,
TD124EF,
TD124EG,
TD124EH,
TD124EL,
TD124EN,
TD124EP,
TD124EQ,
TD124ER,
TD124ES,
TD124ET,
TD124EU,
TD124EW,
TD124EX,
TD124EY,
TD124EZ,
TD124FA,
TD124FD,
TD124FE,
TD124FF,
TD124FG,
TD124FH,
TD124HA,
TD124HB,
TD124HD,
TD124HE,
TD124HF,
TD124HG,
TD124HH,
TD124HJ,
TD124HN,
TD124HQ,
TD124HT,
TD124HU,
TD124HX,
TD124HY,
TD124HZ,
TD124JA,
TD124JB,
TD124JD,
TD124JE,
TD124JF,
TD124JG,
TD124JH,
TD124JJ,
TD124JL,
TD124JN,
TD124JP,
TD124JQ,
TD124JR,
TD124JS,
TD124JT,
TD124JU,
TD124JW,
TD124JX,
TD124JY,
TD124JZ,
TD124LA,
TD124LF,
TD124LG,
TD124LH,
TD124LJ,
TD124LL,
TD124LN,
TD124LP,
TD124LQ,
TD124LR,
TD124LS,
TD124LT,
TD124LU,
TD124LW,
TD124LX,
TD124LY,
TD124LZ,
TD124NA,
TD124NB,
TD124ND,
TD124NE,
TD124NF,
TD124NG,
TD124NH,
TD124NJ,
TD124NL,
TD124NN,
TD124NQ,
TD124NS,
TD124NT,
TD124NU,
TD124NW,
TD124QA,4
TD124QB,4
TD124QD,4
TD124QE,4
TD124QF,4
TD124QG,4
TD124QH,4
TD124QJ,4
TD124QL,4
TD124QN,4
TD124QP,4
TD124QQ,4
TD124QR,4
TD124QS,4
TD124QT,4
TD124QU,
TD124QW,4
TD124RA,4
TD124RB,4
TD124RD,4
TD124RE,4
TD124RF,4
TD124RG,4
TD124RH,4
TD124RJ,4
TD124RP,4
TD124RQ,4
TD124RR,4
TD124RS,4
TD124RT,4
TD124RW,4
TD124SA,4
TD124SB,4
TD124SD,4
TD124SF,4
TD124SG,4
TD124SH,4
TD124SJ,4
TD124SL,4
TD124SN,4
TD124SP,4
TD124SQ,4
TD124SR,4
TD124SS,4
TD124ST,4
TD124SW,4
TD124SX,4
TD124SY,4
TD124SZ,4
TD124TA,4
TD124TB,4
TD124TD,4
TD124TE,4
TD124TF,4
TD124TG,4
TD124TH,4
TD124TJ,4
TD124TL,4
TD124TN,4
TD124TP,4
TD124TQ,4
TD124TR,4
TD124TS,4
TD124TW,4
TD124TX,4
TD124UA,4
TD124UB,4
TD124UD,4
TD124UE,4
TD124UF,4
TD124UG,4
TD124UH,4
TD124UJ,4
TD124UL,4
TD124UN,4
TD124UP,4
TD124UQ,4
TD124UR,4
TD124US,4
TD124UT,4
TD124UU,4
TD124UW,4
TD124UX,4
TD124UY,4
TD124UZ,4
TD124WA,
TD124WB,4
TD124WD,
TD124WX,
TD124XA,4
TD124XB,4
TD124XD,4
TD124XE,
TD124XF,4
TD124XG,4
TD124XH,4
TD124XJ,4
TD124XL,4
TD124XN,4
TD124XQ,4
TD124YA,
TD124YB,
TD124YD,
TD124YE,
TD124YF,
TD124YG,
TD124YH,
TD124YJ,
TD124YL,
TD124YP,
TD124YQ,
TD124YR,
TD129AA,
TD129AB,
TD129AD,
TD129AE,
TD129AF,
TD135JW,
TD135WA,
TD135WD,
TD135XA,
TD135XB,
TD135XD,
TD135XE,
TD135XF,
TD135XG,
TD135XH,
TD135XJ,
TD135XL,
TD135XN,
TD135XP,
TD135XQ,
TD135XR,
TD135XS,
TD135XT,
TD135XU,
TD135XW,
TD135XX,
TD135XY,
TD135XZ,
TD135YA,
TD135YB,
TD135YD,
TD135YE,
TD135YF,
TD135YG,
TD135YH,
TD135YJ,
TD135YL,
TD135YN,
TD135YP,
TD135YQ,
TD135YR,
TD135YS,
TD135YT,
TD135YU,
TD135YW,
TD135YX,
TD135YY,
TD139AA,
TD139AB,
TD145AA,
TD145AB,
TD145AD,
TD145AE,
TD145AF,
TD145AG,
TD145AH,
TD145AJ,
TD145AL,
TD145AN,
TD145AP,
TD145AQ,
TD145AR,
TD145AS,
TD145AT,
TD145AU,
TD145AW,
TD145AX,
TD145AY,
TD145AZ,
TD145BA,
TD145BB,
TD145BD,
TD145BE,
TD145BF,
TD145BG,
TD145BH,
TD145BJ,
TD145BL,
TD145BN,
TD145BP,
TD145BQ,
TD145BS,
TD145BT,
TD145BU,
TD145BW,
TD145BX,
TD145BY,
TD145BZ,
TD145DA,
TD145DB,
TD145DD,
TD145DE,
TD145DF,
TD145DG,
TD145DH,
TD145DJ,
TD145DL,
TD145DN,
TD145DP,
TD145DQ,
TD145DR,
TD145DS,
TD145DT,
TD145DU,
TD145DW,
TD145DX,
TD145DY,
TD145DZ,
TD145EA,
TD145EB,
TD145ED,
TD145EE,
TD145EF,
TD145EG,
TD145EH,
TD145EJ,
TD145EL,
TD145EN,
TD145EP,
TD145EQ,
TD145ER,
TD145ES,
TD145ET,
TD145EU,
TD145EW,
TD145EX,
TD145EY,
TD145EZ,
TD145FA,
TD145FD,
TD145GN,
TD145GY,
TD145GZ,
TD145HA,
TD145HB,
TD145HD,
TD145HE,
TD145HF,
TD145HG,
TD145HH,
TD145HJ,
TD145HL,
TD145HN,
TD145HP,
TD145HQ,
TD145HR,
TD145HS,
TD145HT,
TD145HU,
TD145HW,
TD145HX,
TD145HY,
TD145HZ,
TD145JA,
TD145JB,
TD145JD,
TD145JE,
TD145JF,
TD145JG,
TD145JH,
TD145JJ,
TD145JL,
TD145JN,
TD145JP,
TD145JQ,
TD145JR,
TD145JS,
TD145JT,
TD145JU,
TD145JW,
TD145JX,
TD145JY,
TD145JZ,
TD145LA,
TD145LB,
TD145LD,
TD145LE,
TD145LF,
TD145LG,
TD145LH,
TD145LJ,
TD145LL,
TD145LN,
TD145LP,
TD145LQ,
TD145LR,
TD145LS,
TD145LT,
TD145LU,
TD145LW,
TD145LX,
TD145LY,
TD145LZ,
TD145NA,
TD145NB,
TD145ND,
TD145NE,
TD145NF,
TD145NG,
TD145NH,
TD145NJ,
TD145NL,
TD145NN,
TD145NP,
TD145NQ,
TD145NR,
TD145NS,
TD145NT,
TD145NU,
TD145NW,
TD145NX,
TD145NY,
TD145NZ,
TD145PA,
TD145PB,
TD145PD,
TD145PE,
TD145PH,
TD145PJ,
TD145PL,
TD145PN,
TD145PP,
TD145PQ,
TD145PR,
TD145PT,
TD145PW,
TD145PX,
TD145PY,
TD145PZ,
TD145QA,
TD145QB,
TD145QD,
TD145QE,
TD145QF,
TD145QG,
TD145QH,
TD145QJ,
TD145QL,
TD145QN,
TD145QP,
TD145QQ,
TD145QR,
TD145QS,
TD145QT,
TD145QU,
TD145QW,
TD145QX,
TD145QY,
TD145QZ,
TD145RA,
TD145RB,
TD145RD,
TD145RE,
TD145RF,
TD145RG,
TD145RH,
TD145RJ,
TD145RL,
TD145RN,
TD145RP,
TD145RQ,
TD145RR,
TD145RS,
TD145RT,
TD145RU,
TD145RW,
TD145RX,
TD145RZ,
TD145SA,
TD145SB,
TD145SD,
TD145SE,
TD145SF,
TD145SG,
TD145SH,
TD145SJ,
TD145SL,
TD145SN,
TD145SP,
TD145SQ,
TD145SR,
TD145SS,
TD145ST,
TD145SU,
TD145SW,
TD145SX,
TD145SY,
TD145SZ,
TD145TA,
TD145TB,
TD145TD,
TD145TG,
TD145TH,
TD145TJ,
TD145TL,
TD145TN,
TD145TP,
TD145TQ,
TD145TR,
TD145TS,
TD145TT,
TD145TU,
TD145TW,
TD145TX,
TD145TY,
TD145TZ,
TD145UA,
TD145UB,
TD145UD,
TD145UE,
TD145UH,
TD145UL,
TD145WS,
TD145WT,
TD145WU,
TD145WW,
TD145WX,
TD145YA,
TD145YB,
TD145YD,
TD145YE,
TD145YH,
TD149AA,
TD149AB,
TD149AE,
TD149AF,
TD149AG,
TD151AA,5
TD151AB,5
TD151AD,5
TD151AE,5
TD151AF,5
TD151AG,5
TD151AH,5
TD151AJ,5
TD151AL,5
TD151AN,5
TD151AP,5
TD151AQ,5
TD151AR,5
TD151AS,5
TD151AT,5
TD151AU,5
TD151AW,5
TD151AX,5
TD151AY,5
TD151AZ,5
TD151BA,5
TD151BB,5
TD151BE,5
TD151BF,5
TD151BG,5
TD151BH,5
TD151BJ,5
TD151BL,5
TD151BN,5
TD151BP,5
TD151BQ,5
TD151BS,5
TD151BT,
TD151BU,5
TD151BW,5
TD151BX,5
TD151BY,5
TD151BZ,5
TD151DA,5
TD151DB,5
TD151DD,5
TD151DE,5
TD151DF,5
TD151DG,5
TD151DH,5
TD151DJ,5
TD151DL,5
TD151DN,5
TD151DP,5
TD151DQ,5
TD151DR,5
TD151DS,5
TD151DT,5
TD151DU,5
TD151DW,5
TD151DX,5
TD151DY,5
TD151DZ,5
TD151EA,5
TD151EB,5
TD151ED,5
TD151EE,5
TD151EF,5
TD151EG,5
TD151EH,5
TD151EJ,5
TD151EL,5
TD151EN,5
TD151EP,5
TD151EQ,5
TD151ER,5
TD151ES,5
TD151ET,5
TD151EU,5
TD151EW,5
TD151EX,5
TD151EY,5
TD151EZ,5
TD151FA,5
TD151FH,5
TD151HA,5
TD151HB,5
TD151HD,5
TD151HE,5
TD151HF,5
TD151HG,5
TD151HH,5
TD151HJ,5
TD151HN,5
TD151HP,5
TD151HQ,5
TD151HR,5
TD151HS,5
TD151HT,5
TD151HU,5
TD151HW,5
TD151HX,5
TD151HY,5
TD151HZ,5
TD151JA,5
TD151JB,5
TD151JD,5
TD151JE,5
TD151JF,5
TD151JG,5
TD151JJ,5
TD151JS,5
TD151JT,5
TD151JX,5
TD151JY,5
TD151JZ,5
TD151LA,5
TD151LB,5
TD151LD,5
TD151LE,5
TD151LF,7
TD151LG,5
TD151LH,5
TD151LJ,5
TD151LL,5
TD151LN,5
TD151LP,5
TD151LQ,5
TD151LR,5
TD151LS,5
TD151LT,5
TD151LU,5
TD151LW,5
TD151LX,5
TD151LY,5
TD151LZ,5
TD151NA,5
TD151NB,5
TD151ND,5
TD151NE,5
TD151NF,7
TD151NG,7
TD151NH,7
TD151NJ,7
TD151NL,7
TD151NN,7
TD151NP,7
TD151NR,7
TD151NS,7
TD151NT,7
TD151NU,7
TD151NW,7
TD151NX,7
TD151NY,7
TD151NZ,7
TD151PA,7
TD151PB,7
TD151PD,7
TD151PE,7
TD151PF,7
TD151PG,7
TD151PH,7
TD151PJ,5
TD151PL,5
TD151PN,5
TD151PP,5
TD151PQ,7
TD151PR,5
TD151PS,5
TD151PT,5
TD151PU,5
TD151PW,7
TD151PX,5
TD151PY,5
TD151PZ,5
TD151QA,5
TD151QB,5
TD151QD,5
TD151QE,5
TD151QF,5
TD151QG,5
TD151QJ,5
TD151QL,7
TD151QN,7
TD151QQ,5
TD151QR,5
TD151QS,5
TD151QT,3
TD151QU,5
TD151QX,5
TD151QY,5
TD151QZ,5
TD151RA,5
TD151RB,5
TD151RD,5
TD151RE,5
TD151RF,5
TD151RG,5
TD151RH,5
TD151RJ,5
TD151RL,5
TD151RN,5
TD151RP,5
TD151RQ,5
TD151RR,5
TD151RS,5
TD151RT,5
TD151RU,5
TD151RW,5
TD151RX,5
TD151RY,5
TD151RZ,5
TD151SA,5
TD151SB,5
TD151SD,5
TD151SE,5
TD151SJ,5
TD151SL,5
TD151SN,5
TD151SP,5
TD151SU,
TD151SW,5
TD151SX,7
TD151SY,7
TD151SZ,
TD151TA,5
TD151TB,5
TD151TD,
TD151TE,
TD151TF,
TD151TG,
TD151TH,
TD151TJ,
TD151TL,
TD151TN,
TD151TP,
TD151TQ,5
TD151TR,
TD151TS,
TD151TT,
TD151TU,5
TD151TW,
TD151TX,5
TD151UA,7
TD151UB,7
TD151UD,7
TD151UE,7
TD151UF,
TD151UG,
TD151UH,
TD151UJ,
TD151UL,
TD151UN,5
TD151UP,5
TD151UQ,7
TD151UR,7
TD151US,
TD151UT,7
TD151UU,7
TD151UW,
TD151UX,7
TD151UY,7
TD151UZ,
TD151WF,5
TD151WH,7
TD151WX,5
TD151WY,
TD151WZ,
TD151XA,
TD151XB,
TD151XG,
TD151XH,
TD151XJ,
TD151XL,
TD151XN,
TD151XQ,
TD151XT,
TD151XU,
TD151XW,
TD151XX,5
TD151XY,5
TD151XZ,
TD151YA,5
TD151YB,5
TD151YD,5
TD151YE,5
TD151YF,5
TD151YG,5
TD151YH,5
TD151YJ,5
TD151YL,5
TD151YN,5
TD151YP,7
TD151YQ,5
TD151YR,7
TD151YS,7
TD151YT,5
TD151YU,7
TD151YW,5
TD151YY,5
TD151YZ,5
TD151ZA,5
TD152AA,5
TD152AB,5
TD152AD,5
TD152AE,5
TD152AF,5
TD152AG,5
TD152AH,5
TD152AJ,5
TD152AL,5
TD152AN,5
TD152AP,5
TD152AQ,5
TD152AR,5
TD152AS,3
TD152AT,5
TD152AU,3
TD152AW,5
TD152AX,3
TD152AY,3
TD152AZ,3
TD152BA,5
TD152BB,5
TD152BD,5
TD152BE,5
TD152BF,5
TD152BG,5
TD152BH,5
TD152BJ,5
TD152BL,5
TD152BN,3
TD152BP,5
TD152BQ,5
TD152BS,6
TD152BT,3
TD152BU,3
TD152BW,3
TD152BX,3
TD152BY,3
TD152BZ,3
TD152DA,3
TD152DB,6
TD152DD,3
TD152DE,3
TD152DF,6
TD152DG,3
TD152DH,3
TD152DJ,3
TD152DL,3
TD152DN,3
TD152DP,6
TD152DQ,3
TD152DR,9
TD152DS,5
TD152DT,9
TD152DU,6
TD152DW,3
TD152DX,6
TD152DY,6
TD152DZ,9
TD152EA,6
TD152EB,6
TD152ED,6
TD152EE,6
TD152EF,6
TD152EG,3
TD152EH,3
TD152EJ,6
TD152EL,3
TD152EN,3
TD152EP,5
TD152EQ,3
TD152ER,9
TD152ES,6
TD152ET,3
TD152EU,5
TD152EW,3
TD152EX,5
TD152EY,5
TD152EZ,5
TD152FA,9
TD152FB,9
TD152FD,9
TD152FE,9
TD152FF,9
TD152FG,3
TD152FH,3
TD152FJ,9
TD152FL,9
TD152FN,9
TD152FP,6
TD152FQ,6
TD152FR,6
TD152FS,6
TD152FT,9
TD152FU,6
TD152FW,9
TD152FX,6
TD152FY,6
TD152FZ,9
TD152GA,4
TD152GB,6
TD152GD,5
TD152GE,9
TD152GF,6
TD152GG,9
TD152GH,5
TD152GJ,5
TD152GL,9
TD152GN,5
TD152GP,4
TD152GQ,9
TD152GW,4
TD152GY,4
TD152GZ,5
TD152HA,5
TD152HB,5
TD152HD,5
TD152HE,5
TD152HF,5
TD152HG,5
TD152HH,5
TD152HJ,5
TD152HL,5
TD152HN,5
TD152HP,5
TD152HQ,5
TD152HR,5
TD152HS,5
TD152HT,5
TD152HU,5
TD152HW,5
TD152HX,5
TD152HY,5
TD152HZ,5
TD152JA,3
TD152JB,3
TD152JD,5
TD152JE,5
TD152JF,3
TD152JG,3
TD152JH,3
TD152JJ,5
TD152JL,5
TD152JN,5
TD152JP,3
TD152JQ,3
TD152JR,5
TD152JS,5
TD152JT,3
TD152JU,3
TD152JW,3
TD152JX,4
TD152JY,4
TD152JZ,4
TD152LA,4
TD152LB,4
TD152LD,4
TD152LE,4
TD152LF,4
TD152LG,4
TD152LH,4
TD152LJ,4
TD152LL,4
TD152LN,4
TD152LP,4
TD152LQ,4
TD152LR,4
TD152LS,9
TD152LU,9
TD152LW,4
TD152LX,9
TD152LY,9
TD152LZ,9
TD152NA,9
TD152NB,9
TD152ND,6
TD152NE,6
TD152NF,9
TD152NG,9
TD152NH,4
TD152NJ,4
TD152NL,4
TD152NN,4
TD152NP,4
TD152NQ,4
TD152NR,4
TD152NS,9
TD152NT,9
TD152NU,9
TD152NW,6
TD152NX,9
TD152NY,9
TD152NZ,4
TD152PA,4
TD152PB,4
TD152PD,4
TD152PE,4
TD152PF,4
TD152PG,4
TD152PH,4
TD152PJ,4
TD152PL,4
TD152PN,9
TD152PP,4
TD152PQ,4
TD152PR,4
TD152PS,4
TD152PT,4
TD152PU,4
TD152PW,9
TD152PX,4
TD152PY,4
TD152PZ,4
TD152QA,4
TD152QB,4
TD152QD,4
TD152QE,4
TD152QF,4
TD152QG,4
TD152QH,3
TD152QJ,6
TD152QL,6
TD152QN,6
TD152QP,6
TD152QQ,4
TD152QR,5
TD152QS,5
TD152QT,4
TD152QU,4
TD152QW,6
TD152QX,4
TD152QY,4
TD152QZ,4
TD152RA,4
TD152RB,4
TD152RD,4
TD152RE,4
TD152RF,4
TD152RG,4
TD152RH,4
TD152RJ,4
TD152RL,4
TD152RN,4
TD152RP,4
TD152RQ,4
TD152RR,4
TD152RS,5
TD152RT,4
TD152RU,4
TD152RW,4
TD152RX,4
TD152RY,4
TD152RZ,4
TD152SA,4
TD152SB,4
TD152SD,4
TD152SE,4
TD152SF,4
TD152SG,4
TD152SH,4
TD152SJ,4
TD152SL,4
TD152SN,4
TD152SP,4
TD152SQ,4
TD152SR,4
TD152SS,4
TD152ST,4
TD152SU,4
TD152SW,4
TD152SX,4
TD152SY,4
TD152SZ,4
TD152TA,4
TD152TB,4
TD152TD,4
TD152TE,4
TD152TF,4
TD152TG,4
TD152TH,4
TD152TJ,4
TD152TL,4
TD152TN,4
TD152TP,4
TD152TQ,4
TD152TR,4
TD152TS,4
TD152TT,4
TD152TU,4
TD152TW,4
TD152TX,4
TD152TY,4
TD152TZ,4
TD152UA,4
TD152UB,4
TD152UD,4
TD152UE,4
TD152UF,4
TD152UG,4
TD152UH,4
TD152UJ,4
TD152UL,4
TD152UN,4
TD152UP,4
TD152UQ,4
TD152UR,4
TD152US,4
TD152UT,5
TD152UU,5
TD152UW,4
TD152UX,5
TD152UY,5
TD152UZ,5
TD152WE,4
TD152WF,5
TD152WG,4
TD152WH,5
TD152WJ,5
TD152WL,5
TD152WS,5
TD152WT,5
TD152WU,5
TD152WW,5
TD152WX,5
TD152WY,5
TD152WZ,4
TD152XA,5
TD152XB,5
TD152XD,9
TD152XE,9
TD152XF,9
TD152XG,5
TD152XH,4
TD152XJ,4
TD152XL,4
TD152XN,4
TD152XP,4
TD152XQ,4
TD152XR,4
TD152XS,4
TD152XT,4
TD152XU,5
TD152XW,4
TD152XX,5
TD152XY,4
TD152XZ,5
TD152YA,9
TD152YB,9
TD152YD,9
TD152YE,9
TD152YF,9
TD152YG,9
TD152YH,9
TD152YJ,9
TD152YL,6
TD152YN,6
TD152YP,6
TD152YQ,9
TD152YR,6
TD152YS,6
TD152YT,9
TD152YU,4
TD152YW,4
TD152YX,9
TD152YY,9
TD152YZ,5
TD152ZA,5
TD152ZB,9
TD152ZD,9
TD159AA,5
TD159AB,5
TD159AD,5
TD159AE,5
TD159AF,5
TD159AG,5
TD159AH,5
TD159AJ,5
TD159AL,5
TD159AN,5
TD159AP,5
TD159AQ,5
TD159AR,5
TD159BA,5
TD159BB,5
TD159BD,5
TD159BE,5
TD159BF,5
TD159BG,5
TD159BH,5
TD159BJ,5
TD159BL,5
TD159BN,5
TD159BP,5
TD159BQ,5
TD159BR,5
TD159BS,5
TD159BT,5
TD159BU,5
TD159BW,5
TD159SA,5
TD159SB,5
TD159SD,5
TD159SE,5
TD159SF,5
TD159SG,5
TD159SH,5
TD159SJ,5
TD159SL,5
TD159SN,5
TD159SP,5
TD159SQ,5
TD159SR,5
TD159SS,5
TD159ST,5
TD159SU,5
TD159SW,5
TD2 6AB,
TD2 6AD,
TD2 6NZ,
TD2 6PA,
TD2 6PB,
TD2 6PD,
TD2 6PE,
TD2 6PF,
TD2 6PG,
TD2 6PH,
TD2 6PJ,
TD2 6PL,
TD2 6PN,
TD2 6PP,
TD2 6PQ,
TD2 6PR,
TD2 6PS,
TD2 6PT,
TD2 6PU,
TD2 6PW,
TD2 6PX,
TD2 6PY,
TD2 6PZ,
TD2 6QA,
TD2 6QB,
TD2 6QD,
TD2 6QE,
TD2 6QF,
TD2 6QG,
TD2 6QH,
TD2 6QJ,
TD2 6QL,
TD2 6QN,
TD2 6QP,
TD2 6QQ,
TD2 6QR,
TD2 6QS,
TD2 6QT,
TD2 6QU,
TD2 6QW,
TD2 6QX,
TD2 6QY,
TD2 6QZ,
TD2 6RA,
TD2 6RB,
TD2 6RD,
TD2 6RE,
TD2 6RF,
TD2 6RG,
TD2 6RH,
TD2 6RJ,
TD2 6RL,
TD2 6RN,
TD2 6RP,
TD2 6RQ,
TD2 6RR,
TD2 6RS,
TD2 6RT,
TD2 6RU,
TD2 6RW,
TD2 6RX,
TD2 6RY,
TD2 6RZ,
TD2 6SA,
TD2 6SB,
TD2 6SD,
TD2 6SE,
TD2 6SF,
TD2 6SG,
TD2 6SH,
TD2 6SJ,
TD2 6SL,
TD2 6SN,
TD2 6SP,
TD2 6SQ,
TD2 6SR,
TD2 6SS,
TD2 6ST,
TD2 6SU,
TD2 6SW,
TD2 6SX,
TD2 6SY,
TD2 6SZ,
TD2 6TA,
TD2 6TB,
TD2 6TD,
TD2 6TE,
TD2 6TF,
TD2 6TG,
TD2 6TH,
TD2 6TJ,
TD2 6TL,
TD2 6TN,
TD2 6TP,
TD2 6TQ,
TD2 6TR,
TD2 6TS,
TD2 6TT,
TD2 6TU,
TD2 6TW,
TD2 6TX,
TD2 6TY,
TD2 6UA,
TD2 6UB,
TD2 6UD,
TD2 6WA,
TD2 6WT,
TD2 6WU,
TD2 6WW,
TD2 6WX,
TD2 6XZ,
TD2 6YA,
TD2 6YB,
TD2 6YD,
TD2 6YF,
TD2 6YS,
TD3 6ER,
TD3 6JL,
TD3 6JN,
TD3 6JP,
TD3 6JQ,
TD3 6JR,
TD3 6JS,
TD3 6JT,
TD3 6JU,
TD3 6JW,
TD3 6JX,
TD3 6JY,
TD3 6JZ,
TD3 6LA,
TD3 6LB,
TD3 6LD,
TD3 6LE,
TD3 6LF,
TD3 6LG,
TD3 6LH,
TD3 6LJ,
TD3 6LN,
TD3 6LP,
TD3 6LQ,
TD3 6LR,
TD3 6LS,
TD3 6LT,
TD3 6LU,
TD3 6LW,
TD3 6LX,
TD3 6LY,
TD3 6LZ,
TD3 6NA,
TD3 6NB,
TD3 6ND,
TD3 6NE,
TD3 6NF,
TD3 6NG,
TD3 6NH,
TD3 6NJ,
TD3 6NL,
TD3 6NN,
TD3 6NP,
TD3 6NQ,
TD3 6NR,
TD3 6NS,
TD3 6NW,
TD3 6YB,
TD3 6YD,
TD3 6YH,
TD3 9UL,
TD4 6AA,
TD4 6AB,
TD4 6AD,
TD4 6AE,
TD4 6AF,
TD4 6AG,
TD4 6AH,
TD4 6AJ,
TD4 6AL,
TD4 6AN,
TD4 6AP,
TD4 6AQ,
TD4 6AR,
TD4 6AS,
TD4 6AT,
TD4 6AU,
TD4 6AW,
TD4 6AX,
TD4 6AY,
TD4 6AZ,
TD4 6BA,
TD4 6BB,
TD4 6BD,
TD4 6BE,
TD4 6BF,
TD4 6BG,
TD4 6BH,
TD4 6BJ,
TD4 6BL,
TD4 6BN,
TD4 6BP,
TD4 6BQ,
TD4 6BS,
TD4 6BT,
TD4 6BU,
TD4 6BW,
TD4 6BX,
TD4 6BY,
TD4 6BZ,
TD4 6DA,
TD4 6DB,
TD4 6DD,
TD4 6DE,
TD4 6DF,
TD4 6DG,
TD4 6DH,
TD4 6DJ,
TD4 6DL,
TD4 6DN,
TD4 6DP,
TD4 6DQ,
TD4 6DR,
TD4 6DS,
TD4 6DT,
TD4 6DU,
TD4 6DW,
TD4 6DX,
TD4 6DY,
TD4 6DZ,
TD4 6EA,
TD4 6EB,
TD4 6ED,
TD4 6EE,
TD4 6EF,
TD4 6EG,
TD4 6EH,
TD4 6EJ,
TD4 6EL,
TD4 6EN,
TD4 6EP,
TD4 6EQ,
TD4 6ER,
TD4 6ES,
TD4 6ET,
TD4 6EU,
TD4 6EW,
TD4 6EX,
TD4 6EY,
TD4 6EZ,
TD4 6FA,
TD4 6FB,
TD4 6FD,
TD4 6FE,
TD4 6GZ,
TD4 6HA,
TD4 6HB,
TD4 6HD,
TD4 6HE,
TD4 6HF,
TD4 6HG,
TD4 6HH,
TD4 6HJ,
TD4 6HL,
TD4 6HN,
TD4 6HP,
TD4 6HQ,
TD4 6HR,
TD4 6HS,
TD4 6HT,
TD4 6HU,
TD4 6HW,
TD4 6HX,
TD4 6HY,
TD4 6HZ,
TD4 6JA,
TD4 6JB,
TD4 6JD,
TD4 6JE,
TD4 6JF,
TD4 6JG,
TD4 6JH,
TD4 6JJ,
TD4 6JL,
TD4 6JN,
TD4 6JP,
TD4 6JQ,
TD4 6YA,
TD4 6YW,
TD4 6YX,
TD4 6YZ,
TD5 7AA,
TD5 7AB,
TD5 7AD,
TD5 7AE,
TD5 7AF,
TD5 7AG,
TD5 7AH,
TD5 7AJ,
TD5 7AL,
TD5 7AN,
TD5 7AP,
TD5 7AQ,
TD5 7AR,
TD5 7AS,
TD5 7AT,
TD5 7AU,
TD5 7AW,
TD5 7AX,
TD5 7AY,
TD5 7AZ,
TD5 7BA,
TD5 7BB,
TD5 7BD,
TD5 7BE,
TD5 7BF,
TD5 7BG,
TD5 7BH,
TD5 7BJ,
TD5 7BL,
TD5 7BN,
TD5 7BP,
TD5 7BQ,
TD5 7BS,
TD5 7BT,
TD5 7BU,
TD5 7BW,
TD5 7BX,
TD5 7BY,
TD5 7BZ,
TD5 7DA,
TD5 7DB,
TD5 7DD,
TD5 7DE,
TD5 7DF,
TD5 7DG,
TD5 7DH,
TD5 7DJ,
TD5 7DL,
TD5 7DN,
TD5 7DP,
TD5 7DQ,
TD5 7DR,
TD5 7DS,
TD5 7DT,
TD5 7DU,
TD5 7DW,
TD5 7DX,
TD5 7DY,
TD5 7DZ,
TD5 7EA,
TD5 7EB,
TD5 7ED,
TD5 7EE,
TD5 7EF,
TD5 7EG,
TD5 7EH,
TD5 7EJ,
TD5 7EL,
TD5 7EN,
TD5 7EP,
TD5 7EQ,
TD5 7ER,
TD5 7ES,
TD5 7ET,
TD5 7EU,
TD5 7EW,
TD5 7EX,
TD5 7EY,
TD5 7EZ,
TD5 7FA,
TD5 7FB,
TD5 7FD,
TD5 7FH,
TD5 7HA,
TD5 7HB,
TD5 7HD,
TD5 7HE,
TD5 7HF,
TD5 7HG,
TD5 7HH,
TD5 7HJ,
TD5 7HL,
TD5 7HN,
TD5 7HP,
TD5 7HQ,
TD5 7HR,
TD5 7HS,
TD5 7HT,
TD5 7HU,
TD5 7HW,
TD5 7HX,
TD5 7HY,
TD5 7HZ,
TD5 7JA,
TD5 7JB,
TD5 7JD,
TD5 7JE,
TD5 7JF,
TD5 7JG,
TD5 7JH,
TD5 7JJ,
TD5 7JL,
TD5 7JN,
TD5 7JP,
TD5 7JQ,
TD5 7JR,
TD5 7JS,
TD5 7JT,
TD5 7JU,
TD5 7JW,
TD5 7JX,
TD5 7JY,
TD5 7JZ,
TD5 7LA,
TD5 7LE,
TD5 7LF,
TD5 7LG,
TD5 7LH,
TD5 7LJ,
TD5 7LL,
TD5 7LN,
TD5 7LP,
TD5 7LQ,
TD5 7LR,
TD5 7LS,
TD5 7LT,
TD5 7LU,
TD5 7LW,
TD5 7LX,
TD5 7LY,
TD5 7LZ,
TD5 7NA,
TD5 7NB,
TD5 7ND,
TD5 7NE,
TD5 7NF,
TD5 7NG,
TD5 7NH,
TD5 7NJ,
TD5 7NL,
TD5 7NN,
TD5 7NP,
TD5 7NQ,
TD5 7NR,
TD5 7NS,
TD5 7NT,
TD5 7NU,
TD5 7NW,
TD5 7NX,
TD5 7NY,
TD5 7NZ,
TD5 7PA,
TD5 7PB,
TD5 7PD,
TD5 7PE,
TD5 7PF,
TD5 7PG,
TD5 7PH,
TD5 7PJ,
TD5 7PL,
TD5 7PN,
TD5 7PP,
TD5 7PQ,
TD5 7PR,
TD5 7PT,
TD5 7PU,
TD5 7PW,
TD5 7PX,
TD5 7PY,
TD5 7PZ,
TD5 7QA,
TD5 7QB,
TD5 7QD,
TD5 7QE,
TD5 7QF,
TD5 7QG,
TD5 7QH,
TD5 7QJ,
TD5 7QL,
TD5 7QN,
TD5 7QP,
TD5 7QQ,
TD5 7QR,
TD5 7QS,
TD5 7QT,
TD5 7QU,
TD5 7QW,
TD5 7QX,
TD5 7QY,
TD5 7QZ,
TD5 7RA,
TD5 7RB,
TD5 7RD,
TD5 7RE,
TD5 7RF,
TD5 7RG,
TD5 7RH,
TD5 7RL,
TD5 7RN,
TD5 7RP,
TD5 7RQ,
TD5 7RR,
TD5 7RS,
TD5 7RT,
TD5 7RU,
TD5 7RW,
TD5 7RX,
TD5 7RY,
TD5 7RZ,
TD5 7SA,
TD5 7SB,
TD5 7SD,
TD5 7SE,
TD5 7SF,
TD5 7SG,
TD5 7SH,
TD5 7SJ,
TD5 7SL,
TD5 7SN,
TD5 7SP,
TD5 7SQ,
TD5 7SR,
TD5 7SS,
TD5 7ST,
TD5 7SU,
TD5 7SW,
TD5 7SX,
TD5 7SY,
TD5 7SZ,
TD5 7TA,
TD5 7TB,
TD5 7TD,
TD5 7TE,
TD5 7TF,
TD5 7TG,
TD5 7TH,
TD5 7TJ,
TD5 7TL,
TD5 7TN,
TD5 7TP,
TD5 7TQ,
TD5 7TR,
TD5 7TS,
TD5 7TT,
TD5 7TU,
TD5 7TW,
TD5 7TX,
TD5 7TY,
TD5 7TZ,
TD5 7UA,
TD5 7UB,
TD5 7UD,
TD5 7UE,
TD5 7UF,
TD5 7UG,
TD5 7UH,
TD5 7UJ,
TD5 7UL,
TD5 7UN,
TD5 7UP,
TD5 7WA,
TD5 7WB,
TD5 7WD,
TD5 7WS,
TD5 7WT,
TD5 7WU,
TD5 7WW,
TD5 7WX,
TD5 7YA,
TD5 7YB,
TD5 7YD,
TD5 7YE,
TD5 7YF,
TD5 7YG,
TD5 7YH,
TD5 7YJ,
TD5 8AA,
TD5 8AB,
TD5 8AD,
TD5 8AE,
TD5 8AF,
TD5 8AG,
TD5 8AH,
TD5 8AJ,
TD5 8AL,
TD5 8AN,
TD5 8AP,
TD5 8AQ,
TD5 8AR,4
TD5 8AT,
TD5 8AW,
TD5 8AX,
TD5 8AY,
TD5 8AZ,
TD5 8BA,
TD5 8BB,
TD5 8BD,
TD5 8BE,
TD5 8BF,
TD5 8BG,
TD5 8BH,
TD5 8BJ,
TD5 8BL,
TD5 8BN,
TD5 8BP,
TD5 8BQ,
TD5 8BR,
TD5 8BS,
TD5 8BT,
TD5 8BU,
TD5 8BW,
TD5 8BX,
TD5 8BY,
TD5 8BZ,
TD5 8DA,
TD5 8DB,
TD5 8DD,
TD5 8DE,
TD5 8DG,
TD5 8DH,
TD5 8DJ,
TD5 8DL,
TD5 8DN,
TD5 8DP,
TD5 8DQ,
TD5 8DR,
TD5 8DS,
TD5 8DW,
TD5 8DY,
TD5 8DZ,
TD5 8EA,
TD5 8EB,
TD5 8ED,
TD5 8EE,
TD5 8EF,
TD5 8EG,
TD5 8EH,
TD5 8EJ,
TD5 8EQ,
TD5 8ER,
TD5 8ES,
TD5 8ET,
TD5 8EU,
TD5 8EX,
TD5 8EY,
TD5 8EZ,
TD5 8HA,
TD5 8HB,
TD5 8HD,
TD5 8HE,
TD5 8HF,
TD5 8HG,
TD5 8HH,
TD5 8HJ,
TD5 8HL,
TD5 8HN,
TD5 8HP,
TD5 8HQ,
TD5 8HR,
TD5 8HS,
TD5 8HT,
TD5 8HU,
TD5 8HW,
TD5 8HX,
TD5 8HY,
TD5 8HZ,
TD5 8JA,
TD5 8JB,
TD5 8JD,
TD5 8JE,
TD5 8JF,
TD5 8JG,
TD5 8JP,
TD5 8JQ,
TD5 8JR,
TD5 8JS,
TD5 8JT,
TD5 8JU,
TD5 8JW,
TD5 8JY,
TD5 8JZ,
TD5 8LA,
TD5 8LB,
TD5 8LD,
TD5 8LE,
TD5 8LF,
TD5 8LG,
TD5 8LH,
TD5 8LJ,
TD5 8LL,
TD5 8LN,
TD5 8LP,
TD5 8LQ,
TD5 8LR,
TD5 8LS,
TD5 8LT,
TD5 8LU,
TD5 8LW,
TD5 8LX,
TD5 8LY,
TD5 8LZ,
TD5 8NA,
TD5 8NB,
TD5 8ND,
TD5 8NE,
TD5 8NF,
TD5 8NG,
TD5 8NH,
TD5 8NJ,
TD5 8NL,
TD5 8NN,
TD5 8NP,
TD5 8NQ,
TD5 8NR,
TD5 8NS,
TD5 8NT,
TD5 8NU,
TD5 8NW,
TD5 8PA,
TD5 8PB,
TD5 8PD,
TD5 8PE,
TD5 8PF,
TD5 8PG,
TD5 8PH,
TD5 8PJ,
TD5 8PL,
TD5 8PN,
TD5 8PP,
TD5 8PQ,
TD5 8PR,
TD5 8PS,
TD5 8PT,
TD5 8PU,
TD5 8PX,
TD5 8PY,
TD5 8PZ,
TD5 8QA,
TD5 8QB,
TD5 8QF,
TD5 8QG,
TD5 8QH,
TD5 8QJ,
TD5 8QL,
TD5 8QN,
TD5 8QP,
TD5 8QQ,
TD5 8QR,
TD5 8QU,
TD5 8QW,
TD5 8QX,
TD5 8QY,
TD5 8RA,
TD5 8RB,
TD5 8RD,
TD5 8RE,
TD5 8RF,
TD5 8RG,
TD5 8RH,
TD5 8RJ,
TD5 8RL,
TD5 8RN,
TD5 8RP,
TD5 8RQ,
TD5 8RR,
TD5 8RS,
TD5 8RT,
TD5 8RU,
TD5 8RW,
TD5 8RX,
TD5 8RY,
TD5 8RZ,
TD5 8SA,
TD5 8SB,
TD5 8SD,
TD5 8SE,
TD5 8SG,
TD5 8SH,
TD5 8SJ,
TD5 8TP,
TD5 8WA,
TD5 8WS,
TD5 8WT,
TD5 8WU,
TD5 8WW,
TD5 8WX,
TD5 8XX,
TD5 8YA,
TD5 8YD,
TD5 8YE,
TD5 8YF,
TD5 8ZW,
TD5 8ZX,
TD5 8ZY,
TD5 9AA,
TD5 9AB,
TD5 9AD,
TD5 9AE,
TD5 9AF,
TD5 9AH,
TD5 9AJ,
TD5 9AL,
TD5 9AN,
TD5 9AP,
TD6 0AA,
TD6 0AB,
TD6 0AD,
TD6 0AE,
TD6 0AF,
TD6 0AG,
TD6 0AH,
TD6 0AJ,
TD6 0AL,
TD6 0AN,
TD6 0AP,
TD6 0AQ,
TD6 0AR,
TD6 0AS,
TD6 0AT,
TD6 0AU,
TD6 0AW,
TD6 0AX,
TD6 0AY,
TD6 0AZ,
TD6 0BA,
TD6 0BB,
TD6 0BD,
TD6 0BE,
TD6 0BF,
TD6 0BG,
TD6 0BH,
TD6 0BJ,
TD6 0BL,
TD6 0BN,
TD6 0BP,
TD6 0BQ,
TD6 0BS,
TD6 0BT,
TD6 0BU,
TD6 0BW,
TD6 0BX,
TD6 0BY,
TD6 0BZ,
TD6 0DA,
TD6 0DB,
TD6 0DD,
TD6 0DE,
TD6 0DF,
TD6 0DG,
TD6 0DH,
TD6 0DJ,
TD6 0DL,
TD6 0DN,
TD6 0DP,
TD6 0DQ,
TD6 0DS,
TD6 0DT,
TD6 0DU,
TD6 0DW,
TD6 0DX,
TD6 0DY,
TD6 0DZ,
TD6 0EA,
TD6 0EB,
TD6 0ED,
TD6 0EE,
TD6 0EF,
TD6 0EG,
TD6 0EL,
TD6 0EN,
TD6 0EP,
TD6 0EQ,
TD6 0ER,
TD6 0ES,
TD6 0ET,
TD6 0EU,
TD6 0EW,
TD6 0EX,
TD6 0EY,
TD6 0HA,
TD6 0HB,
TD6 0HD,
TD6 0HE,
TD6 0HF,
TD6 0HG,
TD6 0HH,
TD6 0HJ,
TD6 0HP,
TD6 0HQ,
TD6 0PA,
TD6 0PB,
TD6 0PD,
TD6 0PE,
TD6 0PF,
TD6 0PG,
TD6 0PH,
TD6 0PJ,
TD6 0PL,
TD6 0PN,
TD6 0PP,
TD6 0PQ,
TD6 0PR,
TD6 0PS,
TD6 0PT,
TD6 0PU,
TD6 0PW,
TD6 0PX,
TD6 0PY,
TD6 0PZ,
TD6 0QA,
TD6 0QB,
TD6 0QD,
TD6 0QE,
TD6 0QF,
TD6 0QG,
TD6 0QH,
TD6 0QJ,
TD6 0QL,
TD6 0QN,
TD6 0QP,
TD6 0QQ,
TD6 0QR,
TD6 0QS,
TD6 0QT,
TD6 0QU,
TD6 0QW,
TD6 0QX,
TD6 0QY,
TD6 0QZ,
TD6 0RH,
TD6 0RJ,
TD6 0RL,
TD6 0RN,
TD6 0RP,
TD6 0RQ,
TD6 0RR,
TD6 0RS,
TD6 0RT,
TD6 0RU,
TD6 0RW,
TD6 0RX,
TD6 0RY,
TD6 0RZ,
TD6 0SA,
TD6 0SB,
TD6 0SD,
TD6 0SE,
TD6 0SF,
TD6 0SG,
TD6 0SH,
TD6 0SJ,
TD6 0SL,
TD6 0SN,
TD6 0SP,
TD6 0SQ,
TD6 0SR,
TD6 0SS,
TD6 0ST,
TD6 0SU,
TD6 0SW,
TD6 0SX,
TD6 0SY,
TD6 0SZ,
TD6 0TB,
TD6 0YA,
TD6 0YB,
TD6 0YD,
TD6 0YF,
TD6 0YL,
TD6 0YN,
TD6 6AA,
TD6 6AB,
TD6 6AD,
TD6 6AE,
TD6 6AF,
TD6 6BA,
TD6 6BB,
TD6 6BD,
TD6 6BE,
TD6 6BF,
TD6 6BG,
TD6 6BH,
TD6 6SA,
TD6 6SB,
TD6 6SD,
TD6 6SE,
TD6 6SF,
TD6 6SG,
TD6 6SH,
TD6 6SJ,
TD6 6SL,
TD6 6SN,
TD6 6SP,
TD6 6SQ,
TD6 6SR,
TD6 6SS,
TD6 6ST,
TD6 6SU,
TD6 6SW,
TD6 6SX,
TD6 6SY,
TD6 6SZ,
TD6 6TA,
TD6 6TB,
TD6 6TD,
TD6 6TE,
TD6 6TF,
TD6 6TG,
TD6 6TH,
TD6 6TJ,
TD6 6TL,
TD6 6TN,
TD6 6TP,
TD6 6TQ,
TD6 6TR,
TD6 6TS,
TD6 6TT,
TD6 6TU,
TD6 6ZZ,
TD6 9AA,
TD6 9AB,
TD6 9AD,
TD6 9AE,
TD6 9AF,
TD6 9AG,
TD6 9AH,
TD6 9AJ,
TD6 9AL,
TD6 9AN,
TD6 9AP,
TD6 9AQ,
TD6 9AR,
TD6 9AS,
TD6 9AT,
TD6 9AU,
TD6 9AW,
TD6 9AX,
TD6 9AY,
TD6 9AZ,
TD6 9BA,
TD6 9BB,
TD6 9BD,
TD6 9BE,
TD6 9BF,
TD6 9BG,
TD6 9BH,
TD6 9BJ,
TD6 9BL,
TD6 9BN,
TD6 9BP,
TD6 9BQ,
TD6 9BS,
TD6 9BT,
TD6 9BU,
TD6 9BW,
TD6 9BX,
TD6 9BY,
TD6 9BZ,
TD6 9DA,
TD6 9DB,
TD6 9DD,
TD6 9DE,
TD6 9DF,
TD6 9DG,
TD6 9DH,
TD6 9DJ,
TD6 9DL,
TD6 9DN,
TD6 9DP,
TD6 9DQ,
TD6 9DR,
TD6 9DS,
TD6 9DT,
TD6 9DU,
TD6 9DW,
TD6 9DX,
TD6 9DY,
TD6 9DZ,
TD6 9EA,
TD6 9EB,
TD6 9ED,
TD6 9EE,
TD6 9EF,
TD6 9EG,
TD6 9EH,
TD6 9EJ,
TD6 9EL,
TD6 9EN,
TD6 9EP,
TD6 9EQ,
TD6 9ER,
TD6 9ES,
TD6 9ET,
TD6 9EU,
TD6 9EW,
TD6 9EY,
TD6 9EZ,
TD6 9FA,
TD6 9FB,
TD6 9FD,
TD6 9HA,
TD6 9HB,
TD6 9HD,
TD6 9HE,
TD6 9HF,
TD6 9HG,
TD6 9HH,
TD6 9HJ,
TD6 9HL,
TD6 9HN,
TD6 9HP,
TD6 9HQ,
TD6 9HR,
TD6 9HS,
TD6 9HT,
TD6 9HU,
TD6 9HW,
TD6 9HX,
TD6 9HY,
TD6 9HZ,
TD6 9JA,
TD6 9JB,
TD6 9JD,
TD6 9JE,
TD6 9JF,
TD6 9JG,
TD6 9JH,
TD6 9JJ,
TD6 9JL,
TD6 9JN,
TD6 9JP,
TD6 9JQ,
TD6 9JR,
TD6 9JS,
TD6 9JT,
TD6 9JU,
TD6 9JW,
TD6 9JX,
TD6 9JY,
TD6 9JZ,
TD6 9LA,
TD6 9LB,
TD6 9LD,
TD6 9LE,
TD6 9LF,
TD6 9LG,
TD6 9LH,
TD6 9LJ,
TD6 9LL,
TD6 9LN,
TD6 9LP,
TD6 9LQ,
TD6 9LR,
TD6 9LS,
TD6 9LT,
TD6 9LU,
TD6 9LW,
TD6 9LX,
TD6 9LY,
TD6 9LZ,
TD6 9NA,
TD6 9NB,
TD6 9ND,
TD6 9NE,
TD6 9NF,
TD6 9NG,
TD6 9NH,
TD6 9NJ,
TD6 9NL,
TD6 9NN,
TD6 9NP,
TD6 9NQ,
TD6 9NS,
TD6 9NT,
TD6 9NW,
TD6 9PA,
TD6 9PB,
TD6 9PD,
TD6 9PE,
TD6 9PF,
TD6 9PG,
TD6 9PH,
TD6 9PJ,
TD6 9PL,
TD6 9PN,
TD6 9PP,
TD6 9PQ,
TD6 9PR,
TD6 9PS,
TD6 9PT,
TD6 9PU,
TD6 9PW,
TD6 9PX,
TD6 9PY,
TD6 9PZ,
TD6 9QE,
TD6 9QF,
TD6 9QG,
TD6 9QH,
TD6 9QJ,
TD6 9QL,
TD6 9QN,
TD6 9QP,
TD6 9QQ,
TD6 9QR,
TD6 9QS,
TD6 9QT,
TD6 9QU,
TD6 9QW,
TD6 9QX,
TD6 9QY,
TD6 9QZ,
TD6 9RA,
TD6 9RB,
TD6 9RD,
TD6 9RE,
TD6 9RF,
TD6 9RG,
TD6 9RH,
TD6 9RJ,
TD6 9RL,
TD6 9RN,
TD6 9RP,
TD6 9RQ,
TD6 9RR,
TD6 9RS,
TD6 9RT,
TD6 9RU,
TD6 9RW,
TD6 9RX,
TD6 9RY,
TD6 9RZ,
TD6 9SA,
TD6 9SB,
TD6 9SD,
TD6 9SE,
TD6 9SF,
TD6 9SG,
TD6 9SH,
TD6 9SJ,
TD6 9SL,
TD6 9SN,
TD6 9SP,
TD6 9SQ,
TD6 9SR,
TD6 9SS,
TD6 9ST,
TD6 9SU,
TD6 9SW,
TD6 9SX,
TD6 9SY,
TD6 9SZ,
TD6 9WA,
TD6 9WB,
TD6 9WW,
TD6 9WX,
TD6 9YA,
TD6 9YB,
TD6 9YD,
TD6 9YE,
TD6 9YG,
TD6 9YH,
TD6 9YJ,
TD6 9YL,
TD6 9YN,
TD6 9YR,
TD6 9YS,
TD7 4AA,
TD7 4AB,
TD7 4AD,
TD7 4AE,
TD7 4AF,
TD7 4AG,
TD7 4AH,
TD7 4AJ,
TD7 4AL,
TD7 4AN,
TD7 4AP,
TD7 4AQ,
TD7 4AR,
TD7 4AS,
TD7 4AT,
TD7 4AU,
TD7 4AW,
TD7 4AX,
TD7 4AY,
TD7 4AZ,
TD7 4BA,
TD7 4BB,
TD7 4BD,
TD7 4BE,
TD7 4BF,
TD7 4BG,
TD7 4BH,
TD7 4BJ,
TD7 4BL,
TD7 4BN,
TD7 4BP,
TD7 4BQ,
TD7 4BS,
TD7 4BT,
TD7 4BU,
TD7 4BW,
TD7 4BX,
TD7 4BY,
TD7 4BZ,
TD7 4DA,
TD7 4DB,
TD7 4DD,
TD7 4DE,
TD7 4DF,
TD7 4DG,
TD7 4DH,
TD7 4DJ,
TD7 4DL,
TD7 4DN,
TD7 4DP,
TD7 4DQ,
TD7 4DR,
TD7 4DS,
TD7 4DT,
TD7 4DU,
TD7 4DW,
TD7 4DX,
TD7 4DY,
TD7 4DZ,
TD7 4EA,
TD7 4EB,
TD7 4ED,
TD7 4EE,
TD7 4EF,
TD7 4EG,
TD7 4EH,
TD7 4EJ,
TD7 4EL,
TD7 4EN,
TD7 4EP,
TD7 4EQ,
TD7 4ER,
TD7 4ES,
TD7 4ET,
TD7 4EU,
TD7 4EW,
TD7 4EX,
TD7 4EY,
TD7 4EZ,
TD7 4HA,
TD7 4HD,
TD7 4HE,
TD7 4HF,
TD7 4HG,
TD7 4HH,
TD7 4HJ,
TD7 4HL,
TD7 4HN,
TD7 4HP,
TD7 4HQ,
TD7 4HR,
TD7 4HS,
TD7 4HT,
TD7 4HU,
TD7 4HW,
TD7 4HX,
TD7 4HY,
TD7 4HZ,
TD7 4JA,
TD7 4JB,
TD7 4JD,
TD7 4JE,
TD7 4JF,
TD7 4JP,
TD7 4JR,
TD7 4JS,
TD7 4JU,
TD7 4JW,
TD7 4JX,
TD7 4JY,
TD7 4JZ,
TD7 4LA,
TD7 4LB,
TD7 4LE,
TD7 4LF,
TD7 4LG,
TD7 4LH,
TD7 4LJ,
TD7 4LL,
TD7 4LN,
TD7 4LP,
TD7 4LQ,
TD7 4LR,
TD7 4LS,
TD7 4LT,
TD7 4LU,
TD7 4LW,
TD7 4LX,
TD7 4LY,
TD7 4LZ,
TD7 4NA,
TD7 4NB,
TD7 4ND,
TD7 4NE,
TD7 4NF,
TD7 4NG,
TD7 4NH,
TD7 4NN,
TD7 4NP,
TD7 4NQ,
TD7 4NR,
TD7 4NS,
TD7 4NT,
TD7 4NU,
TD7 4NW,
TD7 4NX,
TD7 4NY,
TD7 4NZ,
TD7 4PA,
TD7 4PB,
TD7 4PD,
TD7 4PE,
TD7 4PF,
TD7 4PG,
TD7 4PH,
TD7 4PJ,
TD7 4PQ,
TD7 4PR,
TD7 4PS,
TD7 4PT,
TD7 4PU,
TD7 4PX,
TD7 4PY,
TD7 4PZ,
TD7 4QA,
TD7 4QB,
TD7 4QD,
TD7 4QE,
TD7 4QF,
TD7 4QG,
TD7 4QJ,
TD7 4QL,
TD7 4QN,
TD7 4QU,
TD7 4QW,
TD7 4RU,
TD7 4WA,
TD7 4WB,
TD7 4WD,
TD7 4WE,
TD7 4WG,
TD7 4WX,
TD7 4YA,
TD7 4YD,
TD7 4YE,
TD7 4YF,
TD7 4YW,
TD7 4YZ,
TD7 4ZW,
TD7 5AA,
TD7 5AB,
TD7 5AD,
TD7 5AE,
TD7 5AF,
TD7 5AG,
TD7 5AH,
TD7 5AJ,
TD7 5AL,
TD7 5AN,
TD7 5AP,
TD7 5AQ,
TD7 5AR,
TD7 5AS,
TD7 5AT,
TD7 5AU,
TD7 5AW,
TD7 5AX,
TD7 5AY,
TD7 5AZ,
TD7 5BA,
TD7 5BB,
TD7 5BD,
TD7 5BE,
TD7 5BF,
TD7 5BG,
TD7 5BH,
TD7 5BJ,
TD7 5BL,
TD7 5BN,
TD7 5BP,
TD7 5BQ,
TD7 5BS,
TD7 5BT,
TD7 5BU,
TD7 5BW,
TD7 5BX,
TD7 5BY,
TD7 5BZ,
TD7 5DA,
TD7 5DB,
TD7 5DD,
TD7 5DE,
TD7 5DF,
TD7 5DG,
TD7 5DH,
TD7 5DJ,
TD7 5DL,
TD7 5DN,
TD7 5DP,
TD7 5DQ,
TD7 5DR,
TD7 5DS,
TD7 5DT,
TD7 5DU,
TD7 5DW,
TD7 5DX,
TD7 5DY,
TD7 5DZ,
TD7 5EA,
TD7 5EB,
TD7 5ED,
TD7 5EE,
TD7 5EF,
TD7 5EG,
TD7 5EH,
TD7 5EJ,
TD7 5EL,
TD7 5EN,
TD7 5EP,
TD7 5EQ,
TD7 5ER,
TD7 5ES,
TD7 5ET,
TD7 5EU,
TD7 5EW,
TD7 5EY,
TD7 5EZ,
TD7 5FH,
TD7 5HA,
TD7 5HB,
TD7 5HD,
TD7 5HE,
TD7 5HH,
TD7 5HJ,
TD7 5HL,
TD7 5HN,
TD7 5HP,
TD7 5HQ,
TD7 5HR,
TD7 5HS,
TD7 5HT,
TD7 5HU,
TD7 5HW,
TD7 5HX,
TD7 5HY,
TD7 5HZ,
TD7 5JA,
TD7 5JB,
TD7 5JD,
TD7 5JE,
TD7 5JH,
TD7 5JJ,
TD7 5JL,
TD7 5JN,
TD7 5JP,
TD7 5JQ,
TD7 5JR,
TD7 5JW,
TD7 5JY,
TD7 5JZ,
TD7 5LA,
TD7 5LB,
TD7 5LD,
TD7 5LE,
TD7 5LF,
TD7 5LG,
TD7 5LH,
TD7 5LJ,
TD7 5LP,
TD7 5LQ,
TD7 5LR,
TD7 5LS,
TD7 5LT,
TD7 5LU,
TD7 5LX,
TD7 5LY,
TD7 5LZ,
TD7 5NA,
TD7 5NB,
TD7 5ND,
TD7 5NE,
TD7 5NF,
TD7 5NG,
TD7 5NH,
TD7 5NJ,
TD7 5NQ,
TD7 5NY,
TD7 5WA,
TD7 5WE,
TD7 5WQ,
TD7 5WU,
TD7 5WW,
TD7 5WX,
TD7 5YA,
TD7 5YB,
TD7 5YD,
TD7 5YE,
TD7 9AA,
TD7 9AB,
TD7 9AD,
TD7 9AE,
TD7 9AF,
TD8 6AA,
TD8 6AB,
TD8 6AD,
TD8 6AE,
TD8 6AF,
TD8 6AG,
TD8 6AH,
TD8 6AJ,
TD8 6AL,
TD8 6AN,
TD8 6AP,
TD8 6AQ,
TD8 6AR,
TD8 6AS,
TD8 6AT,
TD8 6AU,
TD8 6AW,
TD8 6AX,
TD8 6AY,
TD8 6AZ,
TD8 6BA,
TD8 6BB,
TD8 6BD,
TD8 6BE,
TD8 6BF,
TD8 6BG,
TD8 6BH,
TD8 6BJ,
TD8 6BL,
TD8 6BN,
TD8 6BP,
TD8 6BQ,
TD8 6BS,
TD8 6BT,
TD8 6BU,
TD8 6BW,
TD8 6BX,
TD8 6BY,
TD8 6BZ,
TD8 6DA,
TD8 6DB,
TD8 6DD,
TD8 6DF,
TD8 6DG,
TD8 6DH,
TD8 6DJ,
TD8 6DL,
TD8 6DN,
TD8 6DP,
TD8 6DQ,
TD8 6DR,
TD8 6DS,
TD8 6DT,
TD8 6DU,
TD8 6DW,
TD8 6DX,
TD8 6DY,
TD8 6DZ,
TD8 6EA,
TD8 6EB,
TD8 6ED,
TD8 6EE,
TD8 6EF,
TD8 6EG,
TD8 6EH,
TD8 6EL,
TD8 6EN,
TD8 6EP,
TD8 6ER,
TD8 6ES,
TD8 6ET,
TD8 6EU,
TD8 6EW,
TD8 6EX,
TD8 6EY,
TD8 6EZ,
TD8 6HA,
TD8 6HB,
TD8 6HD,
TD8 6HE,
TD8 6HF,
TD8 6HG,
TD8 6HH,
TD8 6HJ,
TD8 6HL,
TD8 6HN,
TD8 6HP,
TD8 6HQ,
TD8 6HR,
TD8 6HS,
TD8 6HT,
TD8 6HU,
TD8 6HW,
TD8 6HX,
TD8 6HY,
TD8 6JD,
TD8 6JE,
TD8 6JF,
TD8 6JG,
TD8 6JH,
TD8 6JJ,
TD8 6JL,
TD8 6JN,
TD8 6JP,
TD8 6JQ,
TD8 6JR,
TD8 6JS,
TD8 6JT,
TD8 6JU,
TD8 6JW,
TD8 6JX,
TD8 6JY,
TD8 6JZ,
TD8 6LA,
TD8 6LB,
TD8 6LD,
TD8 6LE,
TD8 6LF,
TD8 6LG,
TD8 6LH,
TD8 6LJ,
TD8 6LN,
TD8 6LP,
TD8 6LQ,
TD8 6LR,
TD8 6LS,
TD8 6LT,
TD8 6LU,
TD8 6LX,
TD8 6LY,
TD8 6LZ,
TD8 6NA,
TD8 6NB,
TD8 6ND,
TD8 6NE,
TD8 6NF,
TD8 6NG,
TD8 6NH,
TD8 6NJ,
TD8 6NL,
TD8 6NN,
TD8 6NP,
TD8 6NQ,
TD8 6NR,
TD8 6NS,
TD8 6NT,
TD8 6NU,
TD8 6NW,
TD8 6NX,
TD8 6NY,
TD8 6NZ,
TD8 6PA,
TD8 6PB,
TD8 6PD,
TD8 6PE,
TD8 6PF,
TD8 6PG,
TD8 6PH,
TD8 6PJ,
TD8 6PL,
TD8 6PN,
TD8 6PP,
TD8 6PQ,
TD8 6PR,
TD8 6PS,
TD8 6PT,
TD8 6PU,
TD8 6PW,
TD8 6PX,
TD8 6PY,
TD8 6PZ,
TD8 6QA,
TD8 6QB,
TD8 6QD,
TD8 6QE,
TD8 6QF,
TD8 6QG,
TD8 6QH,
TD8 6QJ,
TD8 6QL,
TD8 6QN,
TD8 6QP,
TD8 6QQ,
TD8 6QR,
TD8 6QS,
TD8 6QT,
TD8 6QU,
TD8 6QW,
TD8 6QX,
TD8 6QY,
TD8 6QZ,
TD8 6RA,
TD8 6RB,
TD8 6RD,
TD8 6RE,
TD8 6RF,
TD8 6RG,
TD8 6RH,
TD8 6RJ,
TD8 6RL,
TD8 6RN,
TD8 6RP,
TD8 6RQ,
TD8 6RR,
TD8 6RS,
TD8 6RT,
TD8 6RU,
TD8 6RW,
TD8 6RX,
TD8 6RY,
TD8 6RZ,
TD8 6SA,
TD8 6SB,
TD8 6SD,
TD8 6SE,
TD8 6SF,
TD8 6SG,
TD8 6SH,
TD8 6SJ,
TD8 6SL,
TD8 6SN,
TD8 6SP,
TD8 6SQ,
TD8 6SR,
TD8 6SS,
TD8 6ST,
TD8 6SU,
TD8 6SW,
TD8 6SX,
TD8 6SY,
TD8 6SZ,
TD8 6TA,
TD8 6TB,
TD8 6TD,
TD8 6TE,
TD8 6TF,
TD8 6TG,
TD8 6TH,
TD8 6TJ,
TD8 6TL,
TD8 6TN,
TD8 6TP,
TD8 6TQ,
TD8 6TR,
TD8 6TS,
TD8 6TT,
TD8 6TU,
TD8 6TW,
TD8 6TX,
TD8 6TY,
TD8 6TZ,
TD8 6UA,
TD8 6UE,
TD8 6UF,
TD8 6UG,
TD8 6UH,
TD8 6UJ,
TD8 6UL,
TD8 6UN,
TD8 6UP,
TD8 6UQ,
TD8 6UR,
TD8 6UW,
TD8 6UX,
TD8 6UY,
TD8 6UZ,
TD8 6WA,
TD8 6WB,
TD8 6WF,
TD8 6WG,
TD8 6WH,
TD8 6WW,
TD8 6WX,
TD8 6XA,
TD8 6XB,
TD8 6XD,
TD8 6XE,
TD8 6XF,
TD8 6XG,
TD8 6XH,
TD8 6XJ,
TD8 6XL,
TD8 6XQ,
TD8 6XR,
TD8 6YA,
TD8 6YB,
TD8 6YD,
TD8 6YE,
TD8 6YF,
TD8 6YG,
TD8 6YH,
TD8 6YJ,
TD8 6YL,
TD8 6YN,
TD8 6ZY,
TD8 9AA,
TD9 0AA,
TD9 0AB,
TD9 0AD,
TD9 0AE,
TD9 0AF,
TD9 0AG,
TD9 0AH,
TD9 0AJ,
TD9 0AL,
TD9 0AN,
TD9 0AP,
TD9 0AQ,
TD9 0AR,
TD9 0AS,
TD9 0AT,
TD9 0AU,
TD9 0AW,
TD9 0AX,
TD9 0AY,
TD9 0AZ,
TD9 0BA,
TD9 0BB,
TD9 0BD,
TD9 0BE,
TD9 0BF,
TD9 0BG,
TD9 0BH,
TD9 0BJ,
TD9 0BL,
TD9 0BN,
TD9 0BP,
TD9 0BS,
TD9 0BT,
TD9 0BU,
TD9 0BW,
TD9 0BX,
TD9 0BY,
TD9 0BZ,
TD9 0DA,
TD9 0DB,
TD9 0DD,
TD9 0DE,
TD9 0DF,
TD9 0DG,
TD9 0DH,
TD9 0DJ,
TD9 0DL,
TD9 0DN,
TD9 0DP,
TD9 0DQ,
TD9 0DR,
TD9 0DS,
TD9 0DT,
TD9 0DU,
TD9 0DW,
TD9 0DX,
TD9 0DY,
TD9 0DZ,
TD9 0EA,
TD9 0EG,
TD9 0EH,
TD9 0EJ,
TD9 0EL,
TD9 0EN,
TD9 0EP,
TD9 0EQ,
TD9 0ER,
TD9 0ES,
TD9 0ET,
TD9 0EU,
TD9 0EW,
TD9 0EX,
TD9 0EY,
TD9 0EZ,
TD9 0HA,
TD9 0HE,
TD9 0HF,
TD9 0HG,
TD9 0HH,
TD9 0HJ,
TD9 0HL,
TD9 0HN,
TD9 0HP,
TD9 0HQ,
TD9 0HR,
TD9 0HS,
TD9 0HT,
TD9 0HU,
TD9 0HW,
TD9 0HX,
TD9 0HY,
TD9 0HZ,
TD9 0JA,
TD9 0JB,
TD9 0JD,
TD9 0JE,
TD9 0JF,
TD9 0JG,
TD9 0JP,
TD9 0JQ,
TD9 0JR,
TD9 0JS,
TD9 0JT,
TD9 0JU,
TD9 0JX,
TD9 0JY,
TD9 0JZ,
TD9 0LA,
TD9 0LB,
TD9 0LD,
TD9 0LE,
TD9 0LF,
TD9 0LG,
TD9 0LH,
TD9 0LJ,
TD9 0LL,
TD9 0LN,
TD9 0LP,
TD9 0LQ,
TD9 0LR,
TD9 0LS,
TD9 0LT,
TD9 0LU,
TD9 0LW,
TD9 0LX,
TD9 0LY,
TD9 0LZ,
TD9 0NA,
TD9 0NB,
TD9 0ND,
TD9 0NJ,
TD9 0NL,
TD9 0NN,
TD9 0NP,
TD9 0NR,
TD9 0NS,
TD9 0NT,
TD9 0NW,
TD9 0NY,
TD9 0NZ,
TD9 0PA,
TD9 0PB,
TD9 0PD,
TD9 0PE,
TD9 0PF,
TD9 0PG,
TD9 0PH,
TD9 0PJ,
TD9 0PL,
TD9 0PN,
TD9 0PP,
TD9 0PQ,
TD9 0PR,
TD9 0PS,
TD9 0PT,
TD9 0PU,
TD9 0PW,
TD9 0QA,
TD9 0QD,
TD9 0QE,
TD9 0QF,
TD9 0QG,
TD9 0QH,
TD9 0QJ,
TD9 0QL,
TD9 0QN,
TD9 0QP,
TD9 0QQ,
TD9 0QR,
TD9 0QS,
TD9 0QT,
TD9 0QU,
TD9 0QW,
TD9 0QX,
TD9 0QY,
TD9 0QZ,
TD9 0RA,
TD9 0RB,
TD9 0RD,
TD9 0RE,
TD9 0RF,
TD9 0RG,
TD9 0RH,
TD9 0RJ,
TD9 0RL,
TD9 0RN,
TD9 0RP,
TD9 0RQ,
TD9 0RS,
TD9 0RT,
TD9 0RU,
TD9 0RW,
TD9 0RX,
TD9 0RZ,
TD9 0SA,
TD9 0SB,
TD9 0SD,
TD9 0SE,
TD9 0SF,
TD9 0SG,
TD9 0SH,
TD9 0SJ,
TD9 0SL,
TD9 0SN,
TD9 0SP,
TD9 0SQ,
TD9 0SR,
TD9 0SS,
TD9 0ST,
TD9 0SW,
TD9 0TA,
TD9 0TB,
TD9 0TD,
TD9 0TE,
TD9 0TF,
TD9 0TG,
TD9 0TH,
TD9 0TJ,4
TD9 0TL,
TD9 0TN,
TD9 0TP,4
TD9 0TQ,
TD9 0TR,4
TD9 0TS,4
TD9 0TT,4
TD9 0TU,4
TD9 0TW,4
TD9 0TX,
TD9 0TY,
TD9 0WW,
TD9 0WX,
TD9 0YA,
TD9 0YB,
TD9 0YD,
TD9 0ZW,
TD9 0ZX,
TD9 1AA,
TD9 1AB,
TD9 1AD,
TD9 1AE,
TD9 1AF,
TD9 7AA,
TD9 7AB,
TD9 7AD,
TD9 7AE,
TD9 7AF,
TD9 7AG,
TD9 7AH,
TD9 7AJ,
TD9 7AL,
TD9 7AN,
TD9 7AP,
TD9 7AQ,
TD9 7AR,
TD9 7AW,
TD9 7AX,
TD9 7AY,
TD9 7BA,
TD9 7BB,
TD9 7BD,
TD9 7BE,
TD9 7BG,
TD9 7BH,
TD9 7BJ,
TD9 7BL,
TD9 7BN,
TD9 7BP,
TD9 7BQ,
TD9 7BS,
TD9 7BU,
TD9 7BW,
TD9 7BX,
TD9 7BY,
TD9 7BZ,
TD9 7DA,
TD9 7DB,
TD9 7DN,
TD9 7DP,
TD9 7DR,
TD9 7DS,
TD9 7DT,
TD9 7DU,
TD9 7DW,
TD9 7DX,
TD9 7DY,
TD9 7DZ,
TD9 7EA,
TD9 7EB,
TD9 7ED,
TD9 7EE,
TD9 7EF,
TD9 7EG,
TD9 7EH,
TD9 7EJ,
TD9 7EL,
TD9 7EN,
TD9 7EP,
TD9 7EQ,
TD9 7ER,
TD9 7ES,
TD9 7ET,
TD9 7EW,
TD9 7HD,
TD9 7HE,
TD9 7HF,
TD9 7HG,
TD9 7HH,
TD9 7HJ,
TD9 7HL,
TD9 7HN,
TD9 7HP,
TD9 7HQ,
TD9 7HR,
TD9 7HS,
TD9 7HT,
TD9 7HU,
TD9 7HW,
TD9 7HX,
TD9 7HY,
TD9 7HZ,
TD9 7JA,
TD9 7JB,
TD9 7JD,
TD9 7JE,
TD9 7JF,
TD9 7JG,
TD9 7JH,
TD9 7JJ,
TD9 7JL,
TD9 7JQ,
TD9 7JS,
TD9 7JT,
TD9 7JU,
TD9 7JX,
TD9 7JY,
TD9 7JZ,
TD9 7LA,
TD9 7LG,
TD9 7LH,
TD9 7LJ,
TD9 7LL,
TD9 7LN,
TD9 7LP,
TD9 7LQ,
TD9 7LR,
TD9 7LS,
TD9 7LT,
TD9 7LU,
TD9 7LW,
TD9 7LX,
TD9 7LY,
TD9 7LZ,
TD9 7NA,
TD9 7NB,
TD9 7ND,
TD9 7NE,
TD9 7NF,
TD9 7NG,
TD9 7NP,
TD9 7NQ,
TD9 7NR,
TD9 7NS,
TD9 7NT,
TD9 7NU,
TD9 7NX,
TD9 7NY,
TD9 7PE,
TD9 7PF,
TD9 7PG,
TD9 7PH,
TD9 7PJ,
TD9 7PL,
TD9 7PN,
TD9 7PP,
TD9 7PQ,
TD9 7PR,
TD9 7PS,
TD9 7PW,
TD9 7QA,
TD9 7QB,
TD9 7QD,
TD9 7QE,
TD9 7QF,
TD9 7QG,
TD9 7QH,
TD9 7QJ,
TD9 7QL,
TD9 7QN,
TD9 7QP,
TD9 7QQ,
TD9 7QR,
TD9 7QS,
TD9 7QW,
TD9 7WA,
TD9 7WB,
TD9 7WX,
TD9 7YA,
TD9 7YB,
TD9 7YD,
TD9 7YE,
TD9 7YF,
TD9 7YG,
TD9 7YU,
TD9 8AA,
TD9 8AB,
TD9 8AD,
TD9 8AE,
TD9 8AF,
TD9 8AG,
TD9 8AH,
TD9 8AJ,
TD9 8AL,
TD9 8AN,
TD9 8AP,
TD9 8AQ,
TD9 8AR,
TD9 8AS,
TD9 8AT,
TD9 8AW,
TD9 8AY,
TD9 8AZ,
TD9 8BA,
TD9 8BB,
TD9 8BD,
TD9 8BE,
TD9 8BG,
TD9 8BH,
TD9 8BL,
TD9 8BQ,
TD9 8BS,
TD9 8BT,
TD9 8BU,
TD9 8BX,
TD9 8BY,
TD9 8BZ,
TD9 8DA,
TD9 8DB,
TD9 8DD,
TD9 8DE,
TD9 8DF,
TD9 8DG,
TD9 8DH,
TD9 8DJ,
TD9 8DL,
TD9 8DN,
TD9 8DP,
TD9 8DQ,
TD9 8DR,
TD9 8DS,
TD9 8DT,
TD9 8DU,
TD9 8DW,
TD9 8DX,
TD9 8ED,
TD9 8EE,
TD9 8EF,
TD9 8EG,
TD9 8EH,
TD9 8EJ,
TD9 8EL,
TD9 8EN,
TD9 8EP,
TD9 8EQ,
TD9 8ER,
TD9 8ES,
TD9 8ET,
TD9 8EU,
TD9 8EW,
TD9 8EX,
TD9 8EY,
TD9 8EZ,
TD9 8HA,
TD9 8HB,
TD9 8HD,
TD9 8HL,
TD9 8HN,
TD9 8HP,
TD9 8HR,
TD9 8HS,
TD9 8HT,
TD9 8HU,
TD9 8HW,
TD9 8HX,
TD9 8HY,
TD9 8HZ,
TD9 8JA,
TD9 8JB,
TD9 8JD,
TD9 8JE,
TD9 8JF,
TD9 8JG,
TD9 8JH,
TD9 8JJ,
TD9 8JL,
TD9 8JN,
TD9 8JP,
TD9 8JQ,
TD9 8JR,
TD9 8JS,
TD9 8JT,
TD9 8JU,
TD9 8JW,
TD9 8JX,
TD9 8LA,
TD9 8LB,
TD9 8LD,
TD9 8LE,
TD9 8LF,
TD9 8LG,
TD9 8LH,
TD9 8LJ,
TD9 8LL,
TD9 8LN,
TD9 8LP,
TD9 8LQ,
TD9 8LR,
TD9 8LS,
TD9 8LT,
TD9 8LU,
TD9 8LW,
TD9 8LX,
TD9 8LY,
TD9 8LZ,
TD9 8NA,
TD9 8NB,
TD9 8ND,
TD9 8NE,
TD9 8NF,
TD9 8NG,
TD9 8NH,
TD9 8NJ,
TD9 8NL,
TD9 8NN,
TD9 8NP,
TD9 8NQ,
TD9 8NR,
TD9 8NS,
TD9 8NT,
TD9 8NU,
TD9 8NW,
TD9 8NX,
TD9 8NY,
TD9 8NZ,
TD9 8PA,
TD9 8PB,
TD9 8PD,
TD9 8PE,
TD9 8PF,
TD9 8PG,
TD9 8PH,
TD9 8PJ,
TD9 8PL,
TD9 8PN,
TD9 8PP,
TD9 8PQ,
TD9 8PR,
TD9 8PS,
TD9 8PT,
TD9 8PU,
TD9 8PW,
TD9 8PX,
TD9 8PY,
TD9 8PZ,
TD9 8QA,
TD9 8QB,
TD9 8QD,
TD9 8QE,
TD9 8QG,
TD9 8QH,
TD9 8QJ,
TD9 8QL,
TD9 8QN,
TD9 8QP,
TD9 8QQ,
TD9 8QR,
TD9 8QS,
TD9 8QT,
TD9 8QU,
TD9 8QW,
TD9 8QX,
TD9 8QY,
TD9 8QZ,
TD9 8RA,
TD9 8RB,
TD9 8RD,
TD9 8RH,
TD9 8RJ,
TD9 8RL,
TD9 8RN,
TD9 8RP,
TD9 8RR,
TD9 8RS,
TD9 8RT,
TD9 8RU,
TD9 8RW,
TD9 8RX,
TD9 8RY,
TD9 8RZ,
TD9 8SA,
TD9 8SB,
TD9 8SD,
TD9 8SE,
TD9 8SF,
TD9 8SG,
TD9 8SH,
TD9 8SJ,
TD9 8SL,
TD9 8SQ,
TD9 8ST,
TD9 8SU,
TD9 8SW,
TD9 8SX,
TD9 8SY,
TD9 8SZ,
TD9 8TA,
TD9 8TB,
TD9 8TD,
TD9 8TE,
TD9 8TF,
TD9 8TG,
TD9 8TH,
TD9 8TJ,
TD9 8TL,
TD9 8TN,
TD9 8TP,
TD9 8TQ,
TD9 8TR,
TD9 8TS,
TD9 8TW,
TD9 8WA,
TD9 8WX,
TD9 8YA,
TD9 8YB,
TD9 8YD,
TD9 8YE,
TD9 8YF,
TD9 8YG,
TD9 8YH,
TD9 8YL,
TD9 8YN,
TD9 8YP,
TD9 8YQ,
TD9 9AA,
TD9 9AB,
TD9 9BA,
TD9 9BB,
TD9 9BD,
TD9 9BE,
TD9 9BG,
TD9 9BH,
TD9 9BJ,
TD9 9BL,
TD9 9BN,
TD9 9BP,
TD9 9BQ,
TD9 9BS,
TD9 9BT,
TD9 9BU,
TD9 9BW,
TD9 9BX,
TD9 9BY,
TD9 9BZ,
TD9 9DA,
TD9 9DB,
TD9 9DD,
TD9 9DE,
TD9 9DF,
TD9 9DG,
TD9 9DH,
TD9 9DJ,
TD9 9DL,
TD9 9DN,
TD9 9DP,
TD9 9DQ,
TD9 9DR,
TD9 9DT,
TD9 9DW,
TD9 9DY,
TD9 9DZ,
TD9 9EA,
TD9 9EB,
TD9 9EE,
TD9 9EF,
TD9 9EG,
TD9 9EH,
TD9 9EJ,
TD9 9EL,
TD9 9EN,
TD9 9EP,
TD9 9EQ,
TD9 9ER,
TD9 9ES,
TD9 9ET,
TD9 9EU,
TD9 9EW,
TD9 9EX,
TD9 9EY,
TD9 9EZ,
TD9 9HA,
TD9 9HB,
TD9 9HD,
TD9 9HE,
TD9 9HF,
TD9 9HL,
TD9 9HN,
TD9 9HP,
TD9 9HR,
TD9 9HS,
TD9 9HT,
TD9 9HU,
TD9 9HW,
TD9 9HX,
TD9 9HY,
TD9 9HZ,
TD9 9JA,
TD9 9JB,
TD9 9JD,
TD9 9JE,
TD9 9JF,
TD9 9JG,
TD9 9JH,
TD9 9JJ,
TD9 9JL,
TD9 9JN,
TD9 9JP,
TD9 9JQ,
TD9 9JR,
TD9 9JS,
TD9 9JT,
TD9 9JU,
TD9 9JW,
TD9 9LD,
TD9 9LE,
TD9 9LF,
TD9 9LG,
TD9 9LH,
TD9 9LJ,
TD9 9LL,
TD9 9LN,
TD9 9LP,
TD9 9LQ,
TD9 9LR,
TD9 9LS,
TD9 9LT,
TD9 9LU,
TD9 9LW,
TD9 9LX,
TD9 9LY,
TD9 9LZ,
TD9 9NA,
TD9 9NB,
TD9 9ND,
TD9 9NE,
TD9 9NF,
TD9 9NN,
TD9 9NP,
TD9 9NQ,
TD9 9NR,
TD9 9NS,
TD9 9NT,
TD9 9NU,
TD9 9NW,
TD9 9NX,
TD9 9NY,
TD9 9NZ,
TD9 9PA,
TD9 9PB,
TD9 9PD,
TD9 9PE,
TD9 9PF,
TD9 9PG,
TD9 9PH,
TD9 9PJ,
TD9 9PL,
TD9 9PN,
TD9 9PP,
TD9 9PQ,
TD9 9PR,
TD9 9PS,
TD9 9PW,
TD9 9PX,
TD9 9PY,
TD9 9PZ,
TD9 9QA,
TD9 9QB,
TD9 9QD,
TD9 9QE,
TD9 9QF,
TD9 9QG,
TD9 9QH,
TD9 9QJ,
TD9 9QL,
TD9 9QP,
TD9 9QQ,
TD9 9QR,
TD9 9QS,
TD9 9QT,
TD9 9QU,
TD9 9QW,
TD9 9QX,
TD9 9RA,
TD9 9RB,
TD9 9RD,
TD9 9RE,
TD9 9RH,
TD9 9RJ,
TD9 9RL,
TD9 9RN,
TD9 9RP,
TD9 9RQ,
TD9 9RR,
TD9 9RS,
TD9 9RT,
TD9 9RU,
TD9 9RW,
TD9 9RX,
TD9 9RY,
TD9 9RZ,
TD9 9SA,
TD9 9SB,
TD9 9SD,
TD9 9SE,
TD9 9SF,
TD9 9SG,
TD9 9SL,
TD9 9SN,
TD9 9SP,
TD9 9SQ,
TD9 9SR,
TD9 9SS,
TD9 9ST,
TD9 9SU,
TD9 9SW,
TD9 9SX,
TD9 9SY,
TD9 9SZ,
TD9 9TA,
TD9 9TB,
TD9 9TD,
TD9 9TE,
TD9 9TF,
TD9 9TG,
TD9 9TH,
TD9 9TJ,
TD9 9TL,
TD9 9TN,
TD9 9TP,
TD9 9TQ,
TD9 9TW,
TD9 9TY,
TD9 9TZ,
TD9 9UA,
TD9 9UB,
TD9 9UD,
TD9 9UG,
TD9 9UH,
TD9 9UQ,
TD9 9WX,
TD9 9YA,
TD9 9YB,
TD9 9YD,
TD9 9YE,
TD9 9YG,
TD9 9YH,
TD9 9YL,
TD9 9YQ,
