TF1 1AA,3
TF1 1AB,6
TF1 1AD,6
TF1 1AE,3
TF1 1AF,3
TF1 1AG,3
TF1 1AH,1
TF1 1BA,3
TF1 1BB,6
TF1 1BD,3
TF1 1BE,3
TF1 1BH,6
TF1 1BJ,3
TF1 1BN,3
TF1 1BP,3
TF1 1BS,3
TF1 1BT,3
TF1 1BU,1
TF1 1BW,3
TF1 1BX,3
TF1 1BY,1
TF1 1BZ,1
TF1 1DA,3
TF1 1DB,3
TF1 1DD,3
TF1 1DE,3
TF1 1DF,3
TF1 1DG,3
TF1 1DH,3
TF1 1DJ,3
TF1 1DL,3
TF1 1DN,1
TF1 1DP,3
TF1 1DQ,3
TF1 1DR,3
TF1 1DS,1
TF1 1DT,3
TF1 1DU,3
TF1 1DX,3
TF1 1DY,3
TF1 1DZ,3
TF1 1EA,3
TF1 1EB,3
TF1 1ED,3
TF1 1EE,3
TF1 1EF,3
TF1 1EG,3
TF1 1EH,3
TF1 1EJ,3
TF1 1EL,3
TF1 1EN,3
TF1 1EP,3
TF1 1EQ,3
TF1 1ER,3
TF1 1ES,3
TF1 1ET,7
TF1 1EU,1
TF1 1EW,3
TF1 1EX,1
TF1 1EY,7
TF1 1EZ,7
TF1 1HA,7
TF1 1HB,6
TF1 1HD,3
TF1 1HE,3
TF1 1HF,3
TF1 1HG,3
TF1 1HH,3
TF1 1HJ,3
TF1 1HL,3
TF1 1HN,3
TF1 1HP,3
TF1 1HQ,3
TF1 1HR,6
TF1 1HS,3
TF1 1HT,6
TF1 1HU,3
TF1 1HW,3
TF1 1HX,3
TF1 1HY,6
TF1 1HZ,6
TF1 1JA,3
TF1 1JB,3
TF1 1JD,3
TF1 1JE,2
TF1 1JF,2
TF1 1JG,2
TF1 1JH,3
TF1 1JJ,3
TF1 1JL,3
TF1 1JN,3
TF1 1JP,3
TF1 1JQ,2
TF1 1JR,1
TF1 1JS,1
TF1 1JT,1
TF1 1JU,2
TF1 1JW,1
TF1 1JX,2
TF1 1JY,3
TF1 1JZ,3
TF1 1LA,3
TF1 1LB,3
TF1 1LD,3
TF1 1LE,3
TF1 1LF,3
TF1 1LG,3
TF1 1LH,3
TF1 1LJ,3
TF1 1LL,3
TF1 1LN,1
TF1 1LP,3
TF1 1LQ,3
TF1 1LR,3
TF1 1LS,3
TF1 1LT,3
TF1 1LU,1
TF1 1LW,1
TF1 1LX,3
TF1 1LY,1
TF1 1LZ,1
TF1 1NA,3
TF1 1NB,3
TF1 1ND,3
TF1 1NE,3
TF1 1NF,3
TF1 1NG,3
TF1 1NH,1
TF1 1NJ,1
TF1 1NL,1
TF1 1NN,1
TF1 1NP,1
TF1 1NQ,3
TF1 1NR,1
TF1 1NS,1
TF1 1NT,1
TF1 1NU,7
TF1 1NW,1
TF1 1NX,1
TF1 1NY,1
TF1 1NZ,1
TF1 1PA,1
TF1 1PB,1
TF1 1PD,1
TF1 1PE,1
TF1 1PF,1
TF1 1PG,1
TF1 1PH,1
TF1 1PJ,1
TF1 1PL,1
TF1 1PN,1
TF1 1PP,1
TF1 1PQ,1
TF1 1PR,7
TF1 1PS,1
TF1 1PT,1
TF1 1PU,1
TF1 1PW,1
TF1 1PX,1
TF1 1PY,1
TF1 1PZ,1
TF1 1QA,3
TF1 1QB,3
TF1 1QD,3
TF1 1QE,3
TF1 1QF,6
TF1 1QG,3
TF1 1QH,3
TF1 1QJ,2
TF1 1QL,3
TF1 1QN,6
TF1 1QP,6
TF1 1QQ,3
TF1 1QR,6
TF1 1QS,6
TF1 1QT,6
TF1 1QU,6
TF1 1QW,6
TF1 1QX,6
TF1 1QY,6
TF1 1QZ,3
TF1 1RA,6
TF1 1RB,3
TF1 1RD,6
TF1 1RE,6
TF1 1RF,6
TF1 1RG,6
TF1 1RH,6
TF1 1RJ,6
TF1 1RL,6
TF1 1RN,6
TF1 1RP,3
TF1 1RQ,6
TF1 1RR,6
TF1 1RS,3
TF1 1RT,1
TF1 1RU,6
TF1 1RW,2
TF1 1RX,2
TF1 1RY,6
TF1 1RZ,2
TF1 1SA,1
TF1 1SB,1
TF1 1SD,2
TF1 1SE,6
TF1 1SF,6
TF1 1SG,6
TF1 1SH,3
TF1 1SJ,1
TF1 1SL,3
TF1 1SN,3
TF1 1SP,1
TF1 1SQ,3
TF1 1SR,6
TF1 1SS,1
TF1 1ST,3
TF1 1SU,7
TF1 1SW,3
TF1 1SZ,7
TF1 1TA,1
TF1 1TB,4
TF1 1TD,1
TF1 1TE,1
TF1 1TG,3
TF1 1TJ,3
TF1 1TL,3
TF1 1TN,3
TF1 1TP,4
TF1 1TQ,3
TF1 1TR,3
TF1 1TS,3
TF1 1TT,3
TF1 1TU,3
TF1 1TX,3
TF1 1TZ,3
TF1 1UE,3
TF1 1UF,3
TF1 1UJ,3
TF1 1UL,3
TF1 1UQ,3
TF1 1UR,3
TF1 1UT,3
TF1 1UU,3
TF1 1UX,3
TF1 1UZ,3
TF1 1WA,3
TF1 1WB,3
TF1 1WD,3
TF1 1WE,3
TF1 1WF,3
TF1 1WG,3
TF1 1WH,3
TF1 1WJ,3
TF1 1WL,3
TF1 1WN,3
TF1 1WP,3
TF1 1WQ,3
TF1 1WR,3
TF1 1WS,3
TF1 1WT,3
TF1 1WU,3
TF1 1WW,3
TF1 1WX,3
TF1 1WY,3
TF1 1WZ,3
TF1 1XA,3
TF1 1XD,3
TF1 1XE,3
TF1 1XF,3
TF1 1XG,3
TF1 1XH,3
TF1 1XJ,3
TF1 1XL,3
TF1 1XP,3
TF1 1XQ,3
TF1 1XR,3
TF1 1XS,3
TF1 1XT,3
TF1 1XU,3
TF1 1XW,3
TF1 1XX,3
TF1 1XY,3
TF1 1XZ,3
TF1 1YA,3
TF1 1YB,3
TF1 1YD,3
TF1 1YE,3
TF1 1YF,3
TF1 1YG,3
TF1 1YH,3
TF1 1YQ,3
TF1 1YU,3
TF1 1YX,3
TF1 1YY,3
TF1 1YZ,3
TF1 1ZD,2
TF1 1ZU,3
TF1 1ZW,3
TF1 2AA,2
TF1 2AB,2
TF1 2AD,2
TF1 2AE,2
TF1 2AF,2
TF1 2AG,2
TF1 2AH,2
TF1 2AJ,2
TF1 2AL,3
TF1 2AN,2
TF1 2AP,2
TF1 2AQ,2
TF1 2AR,2
TF1 2AS,2
TF1 2AT,2
TF1 2AU,2
TF1 2AW,2
TF1 2AX,2
TF1 2AY,2
TF1 2AZ,2
TF1 2BA,2
TF1 2BB,2
TF1 2BD,2
TF1 2BE,2
TF1 2BF,3
TF1 2BG,2
TF1 2BH,6
TF1 2BJ,6
TF1 2BL,2
TF1 2BN,9
TF1 2BP,9
TF1 2BQ,2
TF1 2BS,9
TF1 2BT,9
TF1 2BU,2
TF1 2BW,2
TF1 2BX,9
TF1 2BY,9
TF1 2BZ,9
TF1 2DA,9
TF1 2DB,7
TF1 2DD,9
TF1 2DE,3
TF1 2DF,1
TF1 2DG,3
TF1 2DH,2
TF1 2DJ,2
TF1 2DL,2
TF1 2DN,2
TF1 2DP,6
TF1 2DQ,1
TF1 2DR,6
TF1 2DS,6
TF1 2DT,6
TF1 2DU,3
TF1 2DW,3
TF1 2DX,6
TF1 2DY,6
TF1 2DZ,6
TF1 2EA,6
TF1 2EB,6
TF1 2ED,3
TF1 2EE,6
TF1 2EF,9
TF1 2EG,6
TF1 2EH,6
TF1 2EJ,9
TF1 2EL,9
TF1 2EN,9
TF1 2EP,9
TF1 2EQ,9
TF1 2ER,9
TF1 2ES,9
TF1 2ET,9
TF1 2EU,9
TF1 2EW,9
TF1 2EX,9
TF1 2EY,9
TF1 2EZ,9
TF1 2FA,6
TF1 2FB,6
TF1 2FD,6
TF1 2FE,1
TF1 2FF,1
TF1 2FG,1
TF1 2FH,2
TF1 2FJ,6
TF1 2FL,6
TF1 2FN,6
TF1 2FP,6
TF1 2FR,7
TF1 2GA,2
TF1 2GG,2
TF1 2HA,9
TF1 2HB,9
TF1 2HD,9
TF1 2HE,9
TF1 2HF,9
TF1 2HG,9
TF1 2HH,3
TF1 2HJ,6
TF1 2HL,6
TF1 2HN,2
TF1 2HP,6
TF1 2HQ,6
TF1 2HR,3
TF1 2HS,3
TF1 2HT,3
TF1 2HU,2
TF1 2HW,2
TF1 2HX,2
TF1 2HY,2
TF1 2HZ,2
TF1 2JA,6
TF1 2JB,2
TF1 2JD,3
TF1 2JE,3
TF1 2JF,3
TF1 2JG,3
TF1 2JH,3
TF1 2JJ,3
TF1 2JL,3
TF1 2JN,3
TF1 2JP,3
TF1 2JQ,2
TF1 2JR,3
TF1 2JS,3
TF1 2JT,2
TF1 2JU,7
TF1 2JW,3
TF1 2JX,7
TF1 2JY,7
TF1 2JZ,7
TF1 2LA,7
TF1 2LB,2
TF1 2LD,3
TF1 2LE,3
TF1 2LF,3
TF1 2LG,3
TF1 2LH,3
TF1 2LJ,2
TF1 2LL,2
TF1 2LN,3
TF1 2LP,2
TF1 2LQ,2
TF1 2LR,3
TF1 2LS,3
TF1 2LT,3
TF1 2LU,3
TF1 2LW,2
TF1 2LX,3
TF1 2LY,3
TF1 2LZ,7
TF1 2NA,3
TF1 2NB,2
TF1 2ND,3
TF1 2NE,2
TF1 2NF,2
TF1 2NG,2
TF1 2NH,1
TF1 2NJ,2
TF1 2NL,3
TF1 2NN,3
TF1 2NP,1
TF1 2NR,1
TF1 2NS,2
TF1 2NT,2
TF1 2NU,2
TF1 2NW,1
TF1 2NX,3
TF1 2NY,2
TF1 2NZ,2
TF1 2PA,2
TF1 2PB,3
TF1 2PD,2
TF1 2PE,2
TF1 2PF,2
TF1 2PG,6
TF1 2PH,2
TF1 2PQ,9
TF1 2QL,9
TF1 2TS,3
TF1 2TU,1
TF1 2WA,3
TF1 2WB,3
TF1 2WD,3
TF1 2WE,3
TF1 2WF,3
TF1 2WG,3
TF1 2WH,3
TF1 2WJ,6
TF1 2WL,6
TF1 2WN,6
TF1 2WP,3
TF1 2WQ,3
TF1 2WR,3
TF1 2WS,3
TF1 2WT,9
TF1 2WU,3
TF1 2WW,3
TF1 2WX,3
TF1 2XA,3
TF1 2XB,3
TF1 2XR,3
TF1 2XU,3
TF1 2ZB,9
TF1 2ZD,9
TF1 3AA,7
TF1 3AB,7
TF1 3AD,7
TF1 3AE,7
TF1 3AF,7
TF1 3AG,7
TF1 3AH,7
TF1 3AJ,7
TF1 3AL,7
TF1 3AN,7
TF1 3AP,7
TF1 3AQ,7
TF1 3AR,7
TF1 3AS,7
TF1 3AT,7
TF1 3AU,7
TF1 3AW,7
TF1 3AX,7
TF1 3AY,1
TF1 3AZ,7
TF1 3BA,7
TF1 3BB,7
TF1 3BD,7
TF1 3BE,7
TF1 3BF,8
TF1 3BG,7
TF1 3BH,7
TF1 3BJ,7
TF1 3BL,7
TF1 3BN,7
TF1 3BP,7
TF1 3BQ,7
TF1 3BS,7
TF1 3BT,7
TF1 3BU,7
TF1 3BW,7
TF1 3BX,7
TF1 3BY,7
TF1 3BZ,6
TF1 3DA,2
TF1 3DB,2
TF1 3DD,2
TF1 3DE,2
TF1 3DF,2
TF1 3DG,7
TF1 3DH,7
TF1 3DJ,6
TF1 3DL,6
TF1 3DN,7
TF1 3DP,7
TF1 3DQ,7
TF1 3DR,7
TF1 3DS,6
TF1 3DT,2
TF1 3DU,8
TF1 3DW,6
TF1 3DX,6
TF1 3DY,8
TF1 3DZ,8
TF1 3EA,6
TF1 3EB,6
TF1 3ED,6
TF1 3EE,6
TF1 3EF,6
TF1 3EG,6
TF1 3EH,6
TF1 3EJ,6
TF1 3EL,6
TF1 3EN,6
TF1 3EP,6
TF1 3EQ,6
TF1 3ER,6
TF1 3ES,6
TF1 3ET,6
TF1 3EU,6
TF1 3EW,6
TF1 3EX,6
TF1 3EY,7
TF1 3EZ,6
TF1 3FA,8
TF1 3GA,8
TF1 3GB,8
TF1 3GD,8
TF1 3GE,8
TF1 3GF,8
TF1 3GG,2
TF1 3GH,2
TF1 3GJ,2
TF1 3GL,2
TF1 3GR,8
TF1 3GS,8
TF1 3HA,1
TF1 3HB,8
TF1 3HD,8
TF1 3HE,8
TF1 3HF,8
TF1 3HG,8
TF1 3HH,8
TF1 3HJ,8
TF1 3HL,8
TF1 3HN,6
TF1 3HP,8
TF1 3HQ,8
TF1 3HR,2
TF1 3HS,2
TF1 3HT,2
TF1 3HU,2
TF1 3HW,6
TF1 3HX,2
TF1 3HY,2
TF1 3HZ,2
TF1 3JA,2
TF1 3JB,8
TF1 3JD,8
TF1 3JE,8
TF1 3JF,2
TF1 3JG,6
TF1 3JH,8
TF1 3JJ,2
TF1 3JL,2
TF1 3JN,2
TF1 3JP,6
TF1 3JQ,6
TF1 3JR,2
TF1 3JS,2
TF1 3JT,2
TF1 3JU,2
TF1 3JW,2
TF1 3JX,2
TF1 3JY,2
TF1 3JZ,2
TF1 3LA,6
TF1 3LB,7
TF1 3LD,8
TF1 3LE,8
TF1 3LF,8
TF1 3LG,8
TF1 3LH,8
TF1 3LJ,2
TF1 3LL,2
TF1 3LN,2
TF1 3LP,2
TF1 3LQ,8
TF1 3LR,6
TF1 3LS,6
TF1 3LT,2
TF1 3LU,6
TF1 3LW,6
TF1 3LX,7
TF1 3LY,6
TF1 3LZ,6
TF1 3NA,2
TF1 3NB,2
TF1 3ND,2
TF1 3NE,2
TF1 3NF,8
TF1 3NG,2
TF1 3NH,8
TF1 3NJ,8
TF1 3NL,8
TF1 3NN,8
TF1 3NP,8
TF1 3NQ,2
TF1 3NR,8
TF1 3NS,8
TF1 3NT,8
TF1 3NU,8
TF1 3NW,8
TF1 3NX,2
TF1 3NY,2
TF1 3NZ,8
TF1 3PA,8
TF1 3PB,8
TF1 3PD,8
TF1 3PE,7
TF1 3PF,7
TF1 3PG,10
TF1 3PH,7
TF1 3PJ,8
TF1 3PL,8
TF1 3PN,7
TF1 3PP,7
TF1 3PR,7
TF1 3PS,7
TF1 3PT,7
TF1 3PU,7
TF1 3PW,7
TF1 3PX,10
TF1 3PY,10
TF1 3PZ,10
TF1 3QA,6
TF1 3QB,10
TF1 3QD,10
TF1 3QE,10
TF1 3QF,10
TF1 3QG,10
TF1 3QH,10
TF1 3QJ,10
TF1 3QL,10
TF1 3QN,8
TF1 3QP,8
TF1 3QQ,8
TF1 3QR,8
TF1 3QS,10
TF1 3QT,8
TF1 3QU,8
TF1 3QW,8
TF1 3QX,8
TF1 3QY,8
TF1 3QZ,8
TF1 3WA,3
TF1 3WB,6
TF1 3WD,3
TF1 3WE,3
TF1 3WF,6
TF1 3WG,6
TF1 3WH,3
TF1 3WJ,3
TF1 3WL,3
TF1 3WN,3
TF1 3WP,6
TF1 3WQ,3
TF1 3WR,3
TF1 3WS,3
TF1 3WT,3
TF1 3WU,3
TF1 3WW,3
TF1 3WX,3
TF1 3WY,3
TF1 3WZ,3
TF1 3XA,3
TF1 3XB,3
TF1 3XD,3
TF1 3XE,3
TF1 3XQ,3
TF1 3XZ,3
TF1 3ZH,3
TF1 3ZN,3
TF1 3ZR,3
TF1 3ZY,3
TF1 4AA,1
TF1 4AB,3
TF1 4AD,3
TF1 4AE,3
TF1 4AF,7
TF1 4AG,3
TF1 4AH,5
TF1 4AJ,5
TF1 4AL,5
TF1 4AN,5
TF1 4AP,3
TF1 4AQ,5
TF1 4AR,3
TF1 4AS,3
TF1 4AT,3
TF1 4AU,3
TF1 4AW,5
TF1 4AX,3
TF1 4AY,3
TF1 4AZ,3
TF1 4BA,2
TF1 4BB,3
TF1 4BD,3
TF1 4BE,3
TF1 4BF,3
TF1 4BG,3
TF1 4BH,3
TF1 4BJ,3
TF1 4BL,3
TF1 4BN,3
TF1 4BP,3
TF1 4BQ,3
TF1 4BS,3
TF1 4BT,3
TF1 4BU,3
TF1 4BW,3
TF1 4BX,3
TF1 4BY,5
TF1 4BZ,5
TF1 4DA,3
TF1 4DB,9
TF1 4DD,3
TF1 4DE,5
TF1 4DF,5
TF1 4DG,5
TF1 4DH,5
TF1 4DJ,5
TF1 4DL,5
TF1 4DN,3
TF1 4DP,9
TF1 4DQ,5
TF1 4DR,9
TF1 4DS,5
TF1 4DT,9
TF1 4DU,5
TF1 4DW,3
TF1 4DX,5
TF1 4DY,5
TF1 4DZ,5
TF1 4EA,7
TF1 4EB,7
TF1 4ED,5
TF1 4EE,5
TF1 4EF,5
TF1 4EG,5
TF1 4EH,7
TF1 4EJ,7
TF1 4EL,7
TF1 4EN,5
TF1 4EP,5
TF1 4EQ,7
TF1 4ER,5
TF1 4ES,5
TF1 4ET,7
TF1 4EU,5
TF1 4EW,5
TF1 4EX,5
TF1 4EY,7
TF1 4EZ,3
TF1 4FA,7
TF1 4FB,3
TF1 4FD,5
TF1 4FE,5
TF1 4FF,7
TF1 4FG,7
TF1 4FH,5
TF1 4FJ,9
TF1 4FL,3
TF1 4FN,9
TF1 4FP,9
TF1 4FQ,9
TF1 4FR,7
TF1 4FS,7
TF1 4FT,7
TF1 4FU,9
TF1 4FW,9
TF1 4FX,9
TF1 4FY,9
TF1 4FZ,9
TF1 4GA,9
TF1 4GB,7
TF1 4GD,3
TF1 4GE,3
TF1 4GF,9
TF1 4GG,5
TF1 4GH,3
TF1 4GJ,3
TF1 4GL,7
TF1 4GN,5
TF1 4GP,5
TF1 4GQ,9
TF1 4GR,5
TF1 4GS,5
TF1 4GT,5
TF1 4GU,7
TF1 4GW,5
TF1 4GX,5
TF1 4GY,7
TF1 4GZ,9
TF1 4HA,3
TF1 4HB,3
TF1 4HD,5
TF1 4HE,5
TF1 4HF,5
TF1 4HG,5
TF1 4HH,5
TF1 4HJ,3
TF1 4HL,3
TF1 4HN,3
TF1 4HP,3
TF1 4HQ,5
TF1 4HR,3
TF1 4HS,3
TF1 4HT,2
TF1 4HU,5
TF1 4HW,3
TF1 4HX,5
TF1 4HY,5
TF1 4HZ,5
TF1 4JA,4
TF1 4JB,5
TF1 4JD,3
TF1 4JE,1
TF1 4JF,1
TF1 4JG,1
TF1 4JH,1
TF1 4JJ,1
TF1 4JL,3
TF1 4JN,3
TF1 4JP,3
TF1 4JQ,1
TF1 4JR,1
TF1 4JS,1
TF1 4JT,1
TF1 4JU,3
TF1 4JW,1
TF1 4JX,2
TF1 4JY,2
TF1 4JZ,7
TF1 4LA,2
TF1 4LB,2
TF1 4LD,2
TF1 4LE,1
TF1 4LF,3
TF1 4LG,1
TF1 4LH,2
TF1 4LJ,7
TF1 4LL,7
TF1 4LN,3
TF1 4LP,3
TF1 4LQ,1
TF1 4LR,2
TF1 4LS,2
TF1 4LT,2
TF1 4LU,2
TF1 4LW,3
TF1 4LX,2
TF1 4LY,2
TF1 4LZ,2
TF1 4NA,9
TF1 4NB,3
TF1 4ND,9
TF1 4NE,7
TF1 4NF,2
TF1 4NG,2
TF1 4NH,2
TF1 4NJ,2
TF1 4NL,3
TF1 4NN,3
TF1 4NP,2
TF1 4NQ,4
TF1 4NR,2
TF1 4NS,2
TF1 4NT,2
TF1 4NU,4
TF1 4NW,2
TF1 4NX,2
TF1 4NY,2
TF1 4NZ,2
TF1 4PA,2
TF1 4PB,3
TF1 4PD,3
TF1 4PE,2
TF1 4PF,2
TF1 4PG,9
TF1 4PH,2
TF1 4PJ,2
TF1 4PL,2
TF1 4PN,2
TF1 4PP,9
TF1 4PQ,9
TF1 4PR,3
TF1 4PS,7
TF1 4PT,3
TF1 4PU,7
TF1 4PW,2
TF1 4PX,9
TF1 4PY,7
TF1 4PZ,7
TF1 4QA,7
TF1 4QB,4
TF1 4QD,4
TF1 4QE,4
TF1 4QF,4
TF1 4QG,4
TF1 4QH,4
TF1 4QJ,7
TF1 4QL,9
TF1 4QN,4
TF1 4QP,7
TF1 4QQ,4
TF1 4QR,7
TF1 4QS,7
TF1 4QT,4
TF1 4QU,3
TF1 4QW,3
TF1 4QX,3
TF1 4QY,3
TF1 4QZ,7
TF1 4RA,3
TF1 4RB,3
TF1 4RD,3
TF1 4RE,7
TF1 4RF,3
TF1 4RG,3
TF1 4RH,3
TF1 4RJ,2
TF1 4RL,2
TF1 4RN,2
TF1 4RP,2
TF1 4RQ,3
TF1 4RR,3
TF1 4RS,3
TF1 4RT,3
TF1 4RU,3
TF1 4RW,2
TF1 4RX,3
TF1 4RY,3
TF1 4RZ,3
TF1 4SA,3
TF1 4SB,3
TF1 4SD,3
TF1 4SE,3
TF1 4SF,3
TF1 4SG,9
TF1 4SH,3
TF1 4SJ,3
TF1 4SL,3
TF1 4SN,7
TF1 4SP,3
TF1 4SQ,2
TF1 4SR,3
TF1 4SS,9
TF1 4ST,2
TF1 4SU,3
TF1 4SW,3
TF1 4SX,3
TF1 4SY,2
TF1 4SZ,3
TF1 4TA,3
TF1 4TB,3
TF1 4TD,7
TF1 4TE,3
TF1 4TF,7
TF1 4TG,3
TF1 4TH,9
TF1 4TJ,9
TF1 4TL,3
TF1 4TN,3
TF1 4TP,3
TF1 4TQ,3
TF1 4TR,3
TF1 4TS,3
TF1 4TT,3
TF1 4TU,1
TF1 4TW,3
TF1 4TX,1
TF1 4TY,1
TF1 4TZ,1
TF1 4UA,1
TF1 4UB,1
TF1 4UD,2
TF1 4UE,2
TF1 4UF,2
TF1 4UG,2
TF1 4UH,2
TF1 4UJ,2
TF1 4UL,7
TF1 4UN,2
TF1 4UP,2
TF1 4UQ,2
TF1 4UR,2
TF1 4US,2
TF1 4UT,2
TF1 4UU,4
TF1 4UW,2
TF1 4UX,4
TF1 4UY,2
TF1 4UZ,4
TF1 4WA,3
TF1 4WB,2
TF1 4WD,2
TF1 4WE,2
TF1 4WF,9
TF1 4WG,9
TF1 4WH,9
TF1 4WJ,9
TF1 4WL,3
TF1 4WN,7
TF1 4WP,3
TF1 4WQ,9
TF1 4WR,5
TF1 4WS,3
TF1 4WT,5
TF1 4WU,3
TF1 4WW,3
TF1 4WX,3
TF1 4WY,3
TF1 4WZ,3
TF1 4XA,4
TF1 4XB,4
TF1 4XD,4
TF1 4XE,4
TF1 4XF,4
TF1 4XG,4
TF1 4XH,2
TF1 4XJ,2
TF1 4XL,2
TF1 4XN,2
TF1 4XP,4
TF1 4XQ,9
TF1 4XR,4
TF1 4XS,4
TF1 4XT,9
TF1 4XU,9
TF1 4XW,4
TF1 4XX,9
TF1 4XY,9
TF1 4XZ,3
TF1 4YA,9
TF1 4YB,9
TF1 4YD,9
TF1 4YE,9
TF1 4YF,2
TF1 4YG,2
TF1 4YH,2
TF1 4YJ,2
TF1 4YL,3
TF1 4YN,9
TF1 4YP,9
TF1 4YQ,2
TF1 4YR,9
TF1 4YS,9
TF1 4YT,9
TF1 4YU,9
TF1 4YW,9
TF1 4YX,9
TF1 4YY,3
TF1 4YZ,7
TF1 4ZA,3
TF1 4ZB,3
TF1 4ZD,3
TF1 4ZH,5
TF1 4ZJ,5
TF1 4ZL,3
TF1 4ZN,7
TF1 4ZP,3
TF1 4ZQ,3
TF1 4ZR,3
TF1 4ZS,7
TF1 4ZT,3
TF1 4ZU,7
TF1 4ZY,7
TF1 5AA,5
TF1 5AB,3
TF1 5AD,3
TF1 5AE,3
TF1 5AF,2
TF1 5AG,5
TF1 5AH,5
TF1 5AJ,5
TF1 5AL,5
TF1 5AN,5
TF1 5AP,3
TF1 5AQ,5
TF1 5AR,3
TF1 5AS,3
TF1 5AT,3
TF1 5AU,3
TF1 5AW,5
TF1 5AX,3
TF1 5AY,3
TF1 5AZ,3
TF1 5BA,3
TF1 5BB,3
TF1 5BD,3
TF1 5BE,3
TF1 5BF,5
TF1 5BG,3
TF1 5BH,3
TF1 5BJ,3
TF1 5BL,3
TF1 5BN,3
TF1 5BP,3
TF1 5BQ,3
TF1 5BR,5
TF1 5BS,3
TF1 5BT,3
TF1 5BU,3
TF1 5BW,3
TF1 5BX,3
TF1 5BY,3
TF1 5BZ,3
TF1 5DA,3
TF1 5DB,3
TF1 5DD,3
TF1 5DE,5
TF1 5DF,5
TF1 5DG,5
TF1 5DH,5
TF1 5DJ,5
TF1 5DL,5
TF1 5DN,3
TF1 5DP,3
TF1 5DQ,5
TF1 5DR,3
TF1 5DS,5
TF1 5DT,5
TF1 5DU,3
TF1 5DW,3
TF1 5DX,5
TF1 5DY,5
TF1 5DZ,5
TF1 5EA,7
TF1 5EB,7
TF1 5ED,5
TF1 5EE,5
TF1 5EF,5
TF1 5EG,5
TF1 5EH,7
TF1 5EJ,7
TF1 5EL,7
TF1 5EN,5
TF1 5EP,5
TF1 5EQ,7
TF1 5ER,5
TF1 5ES,7
TF1 5ET,5
TF1 5EU,7
TF1 5EW,5
TF1 5EX,7
TF1 5EY,3
TF1 5EZ,3
TF1 5FA,3
TF1 5FB,3
TF1 5FD,5
TF1 5FE,5
TF1 5FF,3
TF1 5FH,3
TF1 5FJ,3
TF1 5FL,3
TF1 5FN,3
TF1 5FP,3
TF1 5FQ,3
TF1 5GA,3
TF1 5GB,3
TF1 5GD,3
TF1 5GE,3
TF1 5GF,5
TF1 5GG,5
TF1 5GH,3
TF1 5GJ,3
TF1 5GL,3
TF1 5GN,3
TF1 5GP,3
TF1 5GQ,2
TF1 5GR,3
TF1 5GS,3
TF1 5GT,3
TF1 5HA,3
TF1 5HB,3
TF1 5HD,5
TF1 5HE,5
TF1 5HF,5
TF1 5HG,5
TF1 5HH,5
TF1 5HJ,3
TF1 5HL,3
TF1 5HN,3
TF1 5HP,3
TF1 5HQ,5
TF1 5HR,3
TF1 5HS,3
TF1 5HT,2
TF1 5HU,3
TF1 5HW,3
TF1 5HX,5
TF1 5HY,5
TF1 5HZ,5
TF1 5JA,4
TF1 5JB,5
TF1 5JD,3
TF1 5JE,1
TF1 5JF,3
TF1 5JG,2
TF1 5JH,3
TF1 5JJ,1
TF1 5JL,3
TF1 5JP,3
TF1 5JR,1
TF1 5JS,1
TF1 5JT,1
TF1 5JU,3
TF1 5JW,1
TF1 5JX,2
TF1 5JY,2
TF1 5JZ,5
TF1 5LA,2
TF1 5LB,2
TF1 5LD,2
TF1 5LE,1
TF1 5LF,3
TF1 5LG,1
TF1 5LH,3
TF1 5LJ,3
TF1 5LL,3
TF1 5LN,3
TF1 5LP,3
TF1 5LQ,1
TF1 5LR,2
TF1 5LS,2
TF1 5LT,3
TF1 5LU,3
TF1 5LW,3
TF1 5NB,3
TF1 5NE,7
TF1 5NF,2
TF1 5NG,2
TF1 5NH,2
TF1 5NJ,2
TF1 5NL,3
TF1 5NN,3
TF1 5NP,2
TF1 5NQ,1
TF1 5NR,2
TF1 5NS,2
TF1 5NT,2
TF1 5NU,1
TF1 5NW,2
TF1 5NX,2
TF1 5NY,2
TF1 5NZ,2
TF1 5PA,2
TF1 5PB,3
TF1 5PD,3
TF1 5PE,3
TF1 5PF,3
TF1 5PG,3
TF1 5PH,2
TF1 5PJ,2
TF1 5PL,2
TF1 5PN,2
TF1 5QX,3
TF1 5RA,3
TF1 5RD,3
TF1 5RE,3
TF1 5RF,3
TF1 5RG,3
TF1 5RH,3
TF1 5RJ,2
TF1 5RL,2
TF1 5RN,2
TF1 5RP,2
TF1 5RQ,3
TF1 5RR,3
TF1 5RS,3
TF1 5RT,3
TF1 5RU,3
TF1 5RW,2
TF1 5RX,3
TF1 5RY,3
TF1 5RZ,3
TF1 5SA,3
TF1 5SB,3
TF1 5SD,3
TF1 5SE,3
TF1 5SF,3
TF1 5SG,2
TF1 5SH,3
TF1 5SJ,3
TF1 5SL,3
TF1 5SN,2
TF1 5SP,3
TF1 5SQ,2
TF1 5SR,3
TF1 5SS,2
TF1 5ST,2
TF1 5SU,3
TF1 5SW,3
TF1 5SX,2
TF1 5SY,2
TF1 5SZ,2
TF1 5TA,3
TF1 5TB,2
TF1 5TD,7
TF1 5TE,2
TF1 5TF,2
TF1 5TG,3
TF1 5TH,3
TF1 5TJ,3
TF1 5TL,3
TF1 5TN,3
TF1 5TP,3
TF1 5WA,3
TF1 5WB,3
TF1 5WD,3
TF1 5WE,3
TF1 5WN,7
TF1 5WP,3
TF1 5WQ,3
TF1 5WR,5
TF1 5WT,5
TF1 5WU,3
TF1 5WZ,3
TF1 5XA,3
TF1 5XB,3
TF1 5XZ,3
TF1 5YA,5
TF1 5YB,7
TF1 5YD,2
TF1 5YE,2
TF1 5YG,3
TF1 5YH,3
TF1 5YJ,3
TF1 5YL,3
TF1 5YN,3
TF1 5YP,3
TF1 5ZA,3
TF1 5ZB,3
TF1 5ZD,5
TF1 5ZE,5
TF1 5ZG,5
TF1 5ZH,5
TF1 5ZJ,5
TF1 5ZL,3
TF1 5ZN,7
TF1 5ZQ,3
TF1 5ZT,3
TF1 5ZY,5
TF1 5ZZ,5
TF1 6AA,7
TF1 6AB,7
TF1 6AD,4
TF1 6AE,9
TF1 6AF,7
TF1 6AG,9
TF1 6AH,7
TF1 6AJ,7
TF1 6AL,7
TF1 6AN,7
TF1 6AW,9
TF1 6BF,3
TF1 6DA,9
TF1 6DB,9
TF1 6DD,9
TF1 6DP,9
TF1 6DR,9
TF1 6DT,9
TF1 6FJ,9
TF1 6FN,9
TF1 6FP,9
TF1 6FQ,9
TF1 6FR,9
TF1 6FU,9
TF1 6FW,9
TF1 6FX,9
TF1 6FY,9
TF1 6FZ,9
TF1 6GA,9
TF1 6GF,9
TF1 6GJ,3
TF1 6GQ,9
TF1 6GZ,9
TF1 6JE,1
TF1 6JG,1
TF1 6JH,1
TF1 6JJ,1
TF1 6JL,3
TF1 6JN,3
TF1 6JQ,1
TF1 6JZ,7
TF1 6LH,2
TF1 6LN,3
TF1 6LP,3
TF1 6LR,3
TF1 6LT,2
TF1 6LU,2
TF1 6LW,3
TF1 6LX,2
TF1 6LY,2
TF1 6LZ,2
TF1 6NA,9
TF1 6ND,9
TF1 6NH,9
TF1 6NJ,9
TF1 6NQ,4
TF1 6NR,4
TF1 6NS,7
TF1 6NT,4
TF1 6NU,4
TF1 6NW,4
TF1 6NX,7
TF1 6NY,7
TF1 6NZ,7
TF1 6PA,4
TF1 6PB,7
TF1 6PE,2
TF1 6PF,2
TF1 6PG,9
TF1 6PH,2
TF1 6PJ,7
TF1 6PN,7
TF1 6PP,9
TF1 6PQ,9
TF1 6PR,3
TF1 6PS,7
TF1 6PT,3
TF1 6PU,7
TF1 6PW,2
TF1 6PX,9
TF1 6PY,7
TF1 6PZ,7
TF1 6QA,7
TF1 6QB,4
TF1 6QD,4
TF1 6QE,4
TF1 6QF,4
TF1 6QG,4
TF1 6QH,4
TF1 6QJ,7
TF1 6QL,9
TF1 6QN,4
TF1 6QP,7
TF1 6QQ,4
TF1 6QR,7
TF1 6QS,7
TF1 6QT,4
TF1 6QU,3
TF1 6QW,3
TF1 6QX,3
TF1 6QY,7
TF1 6QZ,7
TF1 6RA,7
TF1 6RB,3
TF1 6RD,3
TF1 6RE,7
TF1 6RG,9
TF1 6RH,9
TF1 6RJ,9
TF1 6SG,9
TF1 6SN,7
TF1 6SS,9
TF1 6SX,3
TF1 6SY,3
TF1 6SZ,3
TF1 6TA,9
TF1 6TB,9
TF1 6TD,7
TF1 6TE,3
TF1 6TF,9
TF1 6TG,3
TF1 6TH,9
TF1 6TJ,9
TF1 6TL,3
TF1 6TN,3
TF1 6TP,3
TF1 6TQ,3
TF1 6TR,3
TF1 6TS,3
TF1 6TT,3
TF1 6TU,1
TF1 6TW,3
TF1 6TX,1
TF1 6TY,1
TF1 6TZ,1
TF1 6UA,1
TF1 6UB,1
TF1 6UD,2
TF1 6UE,2
TF1 6UF,2
TF1 6UG,2
TF1 6UH,2
TF1 6UJ,2
TF1 6UL,9
TF1 6UN,2
TF1 6UP,2
TF1 6UQ,2
TF1 6UR,2
TF1 6US,9
TF1 6UT,2
TF1 6UU,4
TF1 6UW,2
TF1 6UX,4
TF1 6UY,2
TF1 6UZ,4
TF1 6WA,3
TF1 6WB,2
TF1 6WD,2
TF1 6WE,2
TF1 6WF,9
TF1 6WG,9
TF1 6WH,9
TF1 6WJ,9
TF1 6WL,9
TF1 6WN,4
TF1 6WP,3
TF1 6WQ,9
TF1 6WR,3
TF1 6WS,3
TF1 6WT,3
TF1 6WU,3
TF1 6WW,9
TF1 6WX,3
TF1 6WY,3
TF1 6WZ,3
TF1 6XA,4
TF1 6XB,4
TF1 6XD,4
TF1 6XE,4
TF1 6XF,4
TF1 6XG,4
TF1 6XH,2
TF1 6XJ,2
TF1 6XL,2
TF1 6XN,2
TF1 6XP,4
TF1 6XQ,9
TF1 6XR,4
TF1 6XS,4
TF1 6XT,9
TF1 6XU,9
TF1 6XW,4
TF1 6XX,9
TF1 6XY,9
TF1 6XZ,9
TF1 6YA,9
TF1 6YB,9
TF1 6YD,9
TF1 6YE,9
TF1 6YF,2
TF1 6YG,2
TF1 6YH,2
TF1 6YJ,2
TF1 6YL,3
TF1 6YN,9
TF1 6YP,9
TF1 6YQ,2
TF1 6YR,9
TF1 6YS,9
TF1 6YT,9
TF1 6YU,9
TF1 6YW,9
TF1 6YX,9
TF1 6YY,3
TF1 6YZ,7
TF1 6ZA,3
TF1 6ZB,3
TF1 6ZD,3
TF1 6ZE,3
TF1 6ZG,3
TF1 6ZH,3
TF1 6ZJ,3
TF1 6ZL,3
TF1 6ZN,3
TF1 6ZP,3
TF1 6ZR,3
TF1 6ZS,7
TF1 6ZT,7
TF1 6ZU,7
TF1 6ZW,3
TF1 6ZY,7
TF1 6ZZ,3
TF1 7AA,7
TF1 7AB,5
TF1 7AD,7
TF1 7AE,7
TF1 7AF,7
TF1 7DU,5
TF1 7ES,5
TF1 7ET,5
TF1 7EU,5
TF1 7EX,5
TF1 7EY,7
TF1 7FA,7
TF1 7FF,7
TF1 7FG,7
TF1 7FH,5
TF1 7FR,7
TF1 7FS,7
TF1 7FT,7
TF1 7GA,4
TF1 7GB,7
TF1 7GL,7
TF1 7GN,5
TF1 7GP,5
TF1 7GR,5
TF1 7GS,5
TF1 7GT,5
TF1 7GU,7
TF1 7GW,5
TF1 7GX,5
TF1 7GY,7
TF1 7GZ,7
TF1 7LJ,7
TF1 7LL,7
TF1 7QY,3
TF1 7TB,7
TF1 7UL,7
TF1 7WA,3
TF1 7WF,3
TF1 7WL,3
TF1 7WT,3
TF1 7WU,3
TF1 7WW,3
TF1 7WX,3
TF1 7WY,3
TF1 7XT,5
TF1 7XU,5
TF1 7XW,5
TF1 7XX,5
TF1 7XY,5
TF1 7XZ,7
TF1 7YA,5
TF1 7YB,7
TF1 7YD,3
TF1 7YE,5
TF1 7YF,5
TF1 7YG,5
TF1 7YH,7
TF1 7YJ,5
TF1 7YL,5
TF1 7YN,5
TF1 7YP,5
TF1 7YQ,5
TF1 7YR,5
TF1 7YS,5
TF1 7YT,5
TF1 7YU,7
TF1 7YW,7
TF1 7YX,5
TF1 7YY,5
TF1 7YZ,5
TF1 7ZQ,3
TF1 7ZX,5
TF1 7ZZ,3
TF1 9AA,3
TF1 9AB,3
TF1 9AD,3
TF1 9AE,3
TF1 9AF,3
TF1 9AG,3
TF1 9AH,3
TF1 9AJ,3
TF1 9AL,3
TF1 9AN,3
TF1 9AP,3
TF1 9AQ,3
TF1 9AR,3
TF1 9AS,3
TF1 9AT,3
TF1 9AU,3
TF1 9AW,3
TF1 9AX,3
TF1 9AY,3
TF1 9AZ,3
TF1 9BA,3
TF1 9BB,3
TF1 9BD,3
TF1 9BE,3
TF1 9BF,3
TF1 9BG,3
TF1 9BH,3
TF1 9BJ,3
TF1 9BL,3
TF1 9BN,3
TF1 9BP,3
TF1 9BQ,3
TF1 9BR,3
TF1 9BS,3
TF1 9BT,3
TF1 9BU,3
TF1 9BW,3
TF1 9BX,3
TF1 9BY,3
TF1 9BZ,3
TF1 9DA,3
TF1 9DB,3
TF1 9DD,3
TF1 9DF,3
TF1 9DG,3
TF1 9DH,3
TF1 9DJ,3
TF1 9DL,3
TF1 9DN,3
TF1 9DP,3
TF1 9DQ,3
TF1 9DR,3
TF1 9DS,3
TF1 9DT,3
TF1 9DU,3
TF1 9DW,3
TF1 9DX,3
TF1 9DY,3
TF1 9DZ,3
TF1 9EA,3
TF1 9EB,3
TF1 9ED,3
TF1 9EE,3
TF1 9EF,3
TF1 9EG,3
TF1 9EH,3
TF1 9EJ,3
TF1 9EL,3
TF1 9EN,3
TF1 9EP,3
TF1 9EQ,3
TF1 9FY,3
TF100AA,5
TF100AB,5
TF100AD,5
TF100AE,5
TF100AF,5
TF100AG,5
TF100AH,5
TF100AJ,5
TF100AL,5
TF100AN,5
TF100AP,5
TF100AQ,5
TF100AR,5
TF100AS,3
TF100AT,5
TF100AU,5
TF100AW,5
TF100AX,5
TF100AY,5
TF100AZ,5
TF100BA,5
TF100BB,5
TF100BD,3
TF100BE,5
TF100BF,5
TF100BG,5
TF100BH,3
TF107AA,5
TF107AB,5
TF107AD,5
TF107AE,5
TF107AF,5
TF107AG,5
TF107AH,5
TF107AJ,5
TF107AL,5
TF107AN,5
TF107AP,5
TF107AQ,5
TF107AR,5
TF107AS,9
TF107AT,5
TF107AU,5
TF107AW,5
TF107AX,5
TF107AY,5
TF107AZ,5
TF107BA,5
TF107BB,5
TF107BD,5
TF107BE,5
TF107BF,9
TF107BG,5
TF107BH,5
TF107BJ,5
TF107BL,5
TF107BN,5
TF107BP,6
TF107BQ,5
TF107BS,5
TF107BT,5
TF107BU,5
TF107BW,5
TF107BX,9
TF107BY,5
TF107BZ,9
TF107DA,5
TF107DB,5
TF107DD,5
TF107DE,5
TF107DF,5
TF107DG,9
TF107DH,5
TF107DJ,10
TF107DL,5
TF107DN,6
TF107DP,6
TF107DQ,5
TF107DR,6
TF107DS,6
TF107DT,5
TF107DU,6
TF107DW,9
TF107DX,6
TF107DY,6
TF107DZ,5
TF107EA,9
TF107EB,5
TF107ED,9
TF107EE,9
TF107EF,9
TF107EG,9
TF107EH,9
TF107EJ,9
TF107EL,9
TF107EN,9
TF107EP,9
TF107EQ,9
TF107ER,9
TF107ES,9
TF107ET,9
TF107EU,9
TF107EW,9
TF107EX,9
TF107EY,5
TF107EZ,9
TF107FA,5
TF107FB,5
TF107FD,9
TF107FE,5
TF107FF,10
TF107FG,10
TF107FH,10
TF107FJ,10
TF107FL,10
TF107FN,6
TF107FP,6
TF107FQ,6
TF107FR,6
TF107FS,10
TF107FT,10
TF107FU,10
TF107FX,7
TF107FY,7
TF107FZ,5
TF107GA,6
TF107GB,10
TF107GD,5
TF107GE,6
TF107GF,9
TF107GG,9
TF107GH,5
TF107GJ,5
TF107GL,9
TF107HA,9
TF107HB,10
TF107HD,5
TF107HE,5
TF107HF,5
TF107HG,9
TF107HH,10
TF107HJ,10
TF107HL,10
TF107HN,9
TF107HP,9
TF107HQ,10
TF107HR,7
TF107HS,7
TF107HT,7
TF107HU,10
TF107HW,9
TF107HX,9
TF107HY,5
TF107HZ,5
TF107JA,6
TF107JB,6
TF107JD,6
TF107JE,6
TF107JF,10
TF107JG,10
TF107JH,6
TF107JJ,6
TF107JL,6
TF107JN,6
TF107JP,6
TF107JQ,10
TF107JR,10
TF107JS,6
TF107JT,6
TF107JU,10
TF107JW,6
TF107JX,10
TF107JY,6
TF107JZ,6
TF107LA,6
TF107LB,6
TF107LD,5
TF107LE,5
TF107LF,6
TF107LG,6
TF107LH,5
TF107LJ,5
TF107LL,5
TF107LN,5
TF107LP,10
TF107LQ,5
TF107LR,10
TF107LS,6
TF107LT,5
TF107LU,5
TF107LW,6
TF107LX,5
TF107LY,5
TF107LZ,5
TF107NA,5
TF107NB,9
TF107ND,5
TF107NE,5
TF107NF,7
TF107NG,5
TF107NH,5
TF107NJ,5
TF107NL,6
TF107NN,6
TF107NP,6
TF107NQ,10
TF107NR,6
TF107NS,6
TF107NT,6
TF107NU,6
TF107NW,6
TF107NX,6
TF107NY,6
TF107NZ,10
TF107PA,6
TF107PB,6
TF107PD,5
TF107PE,6
TF107PF,6
TF107PG,6
TF107PH,6
TF107PJ,6
TF107PL,6
TF107PN,6
TF107PP,6
TF107PQ,6
TF107PR,6
TF107PS,10
TF107PT,10
TF107PU,10
TF107PW,6
TF107PX,10
TF107PY,10
TF107PZ,10
TF107QA,10
TF107QB,10
TF107QD,5
TF107QE,10
TF107QF,5
TF107QG,10
TF107QH,10
TF107QJ,5
TF107QL,5
TF107QN,5
TF107QP,5
TF107QQ,5
TF107QR,5
TF107QS,5
TF107QT,5
TF107QU,10
TF107QW,5
TF107QX,5
TF107QY,9
TF107QZ,6
TF107RA,6
TF107RB,9
TF107RD,9
TF107RE,9
TF107RF,9
TF107RG,9
TF107RH,9
TF107RJ,10
TF107RL,10
TF107RN,9
TF107RP,9
TF107RQ,9
TF107RR,9
TF107RS,9
TF107RT,9
TF107RU,5
TF107RW,9
TF107RX,5
TF107RY,6
TF107RZ,9
TF107SA,9
TF107SB,9
TF107SD,5
TF107SE,5
TF107SF,5
TF107SG,6
TF107SH,10
TF107SJ,5
TF107SL,10
TF107SN,5
TF107SP,5
TF107SQ,10
TF107SR,5
TF107SS,5
TF107ST,5
TF107SU,5
TF107SW,9
TF107SX,5
TF107SY,5
TF107SZ,9
TF107TA,9
TF107TB,9
TF107TD,9
TF107TE,9
TF107TF,9
TF107TG,5
TF107TH,5
TF107TJ,5
TF107TL,6
TF107TN,5
TF107TP,6
TF107TQ,5
TF107TR,9
TF107TS,6
TF107TT,10
TF107TU,10
TF107TW,6
TF107TX,5
TF107TY,9
TF107TZ,10
TF107UA,10
TF107UB,10
TF107UD,5
TF107UE,7
TF107UF,10
TF107UG,10
TF107UH,10
TF107UJ,10
TF107UL,10
TF107UN,10
TF107UP,10
TF107UQ,10
TF107UR,10
TF107US,5
TF107UT,10
TF107UU,10
TF107UW,10
TF107UX,5
TF107UY,5
TF107UZ,10
TF107WA,5
TF107WB,5
TF107WD,5
TF107WE,5
TF107WF,5
TF107WG,5
TF107WH,5
TF107WJ,5
TF107WL,5
TF107WN,5
TF107WP,5
TF107WQ,5
TF107WR,5
TF107WS,5
TF107WT,5
TF107WU,5
TF107WW,5
TF107WX,5
TF107WY,5
TF107WZ,5
TF107XA,5
TF107XB,5
TF107XD,5
TF107XE,5
TF107XF,5
TF107XG,5
TF107XH,9
TF107XJ,9
TF107XL,9
TF107XN,9
TF107XP,9
TF107XQ,5
TF107XR,5
TF107XS,5
TF107XT,5
TF107XU,5
TF107XW,9
TF107XX,5
TF107XY,9
TF107XZ,9
TF107YA,9
TF107YB,6
TF107YD,6
TF107YE,5
TF107YF,7
TF107YJ,5
TF107YQ,9
TF107YR,5
TF107YS,5
TF107YU,9
TF107YW,5
TF107YX,5
TF107ZD,5
TF107ZE,3
TF107ZH,5
TF107ZR,9
TF107ZW,9
TF107ZY,9
TF108AA,7
TF108AB,7
TF108AD,7
TF108AE,7
TF108AF,7
TF108AG,7
TF108AH,7
TF108AJ,7
TF108AL,7
TF108AN,6
TF108AP,7
TF108AQ,7
TF108AR,7
TF108AS,7
TF108AT,7
TF108AU,5
TF108AW,6
TF108AX,7
TF108AY,7
TF108AZ,5
TF108BA,7
TF108BB,7
TF108BD,7
TF108BE,7
TF108BF,6
TF108BG,7
TF108BH,7
TF108BJ,7
TF108BL,7
TF108BN,7
TF108BP,10
TF108BQ,7
TF108BS,10
TF108BT,10
TF108BU,10
TF108BW,7
TF108BX,6
TF108BY,6
TF108BZ,6
TF108DA,6
TF108DB,6
TF108DD,6
TF108DE,6
TF108DF,6
TF108DG,6
TF108DH,6
TF108DJ,6
TF108DL,6
TF108DN,5
TF108DP,7
TF108DQ,6
TF108DR,5
TF108DS,5
TF108DT,5
TF108DU,5
TF108DW,7
TF108DX,5
TF108DY,5
TF108DZ,6
TF108EA,5
TF108EB,6
TF108ED,6
TF108EE,6
TF108EF,6
TF108EG,6
TF108EH,7
TF108EJ,7
TF108EL,7
TF108EN,10
TF108EP,7
TF108EQ,10
TF108ER,7
TF108ES,7
TF108ET,7
TF108EU,7
TF108EW,7
TF108EX,7
TF108EY,7
TF108HA,7
TF108HB,7
TF108HD,7
TF108HE,10
TF108HF,10
TF108HG,10
TF108HH,10
TF108HJ,10
TF108HL,10
TF108HN,10
TF108HP,10
TF108HQ,10
TF108HR,10
TF108HS,10
TF108HT,10
TF108HU,10
TF108HW,10
TF108HX,10
TF108HY,7
TF108HZ,7
TF108JA,7
TF108JB,7
TF108JD,7
TF108JE,7
TF108JF,10
TF108JG,10
TF108JH,10
TF108JJ,10
TF108JL,10
TF108JN,10
TF108JP,10
TF108JQ,10
TF108JR,10
TF108JS,10
TF108JT,10
TF108JU,10
TF108JW,10
TF108JX,10
TF108JY,10
TF108JZ,7
TF108LA,7
TF108LB,10
TF108LD,10
TF108LE,10
TF108LF,10
TF108LG,10
TF108LH,10
TF108LJ,7
TF108LL,7
TF108LN,7
TF108LP,7
TF108LQ,10
TF108LR,7
TF108LS,7
TF108LT,7
TF108LU,7
TF108LW,7
TF108LX,7
TF108LY,7
TF108LZ,7
TF108NA,7
TF108NB,7
TF108ND,7
TF108NE,7
TF108NF,7
TF108NG,5
TF108NH,5
TF108NJ,5
TF108NL,7
TF108NN,7
TF108NP,7
TF108NQ,5
TF108NR,7
TF108NS,7
TF108NT,7
TF108NU,7
TF108NW,7
TF108NX,7
TF108NY,7
TF108NZ,7
TF108PA,7
TF108PB,7
TF108PD,7
TF108PE,7
TF108PF,7
TF108PG,7
TF108PH,7
TF108PJ,7
TF108PL,7
TF108PN,7
TF108PP,5
TF108PQ,7
TF108PR,7
TF108PS,7
TF108PT,7
TF108PU,7
TF108PW,5
TF108PY,7
TF108QA,10
TF108QB,10
TF108QD,10
TF108QE,10
TF108QF,10
TF108QG,10
TF108QH,10
TF108WA,3
TF108WB,7
TF108WD,5
TF108WE,7
TF108WF,7
TF108WG,5
TF108WH,5
TF108WJ,7
TF108WL,5
TF108WN,5
TF108WP,5
TF108WQ,5
TF108WR,5
TF108WS,5
TF108WT,10
TF108WW,5
TF108WY,5
TF108XR,3
TF108ZW,5
TF109AA,7
TF109AB,7
TF109AD,7
TF109AE,8
TF109AF,8
TF109AG,8
TF109AH,7
TF109AJ,7
TF109AL,7
TF109AN,7
TF109AP,6
TF109AQ,7
TF109AR,7
TF109AS,6
TF109AT,6
TF109AU,7
TF109AW,6
TF109AX,7
TF109AY,7
TF109AZ,7
TF109BA,7
TF109BB,7
TF109BD,7
TF109BE,7
TF109BF,7
TF109BG,6
TF109BH,6
TF109BJ,6
TF109BL,6
TF109BN,6
TF109BP,7
TF109BQ,6
TF109BS,7
TF109BT,8
TF109BW,7
TF109BX,8
TF109BY,7
TF109BZ,6
TF109DA,8
TF109DB,6
TF109DD,8
TF109DE,6
TF109DF,8
TF109DG,8
TF109DH,8
TF109DJ,8
TF109DL,8
TF109DN,8
TF109DP,8
TF109DQ,8
TF109DR,8
TF109DS,8
TF109DT,8
TF109DU,8
TF109DW,8
TF109DX,7
TF109DY,8
TF109DZ,8
TF109EA,8
TF109EB,8
TF109ED,8
TF109EE,8
TF109EF,7
TF109EG,8
TF109EH,10
TF109EJ,7
TF109EL,7
TF109EN,8
TF109EP,7
TF109EQ,8
TF109ER,8
TF109ES,8
TF109ET,8
TF109EU,8
TF109EW,8
TF109EX,8
TF109EY,8
TF109EZ,8
TF109FA,7
TF109FB,10
TF109FD,7
TF109GZ,8
TF109HA,8
TF109HB,8
TF109HD,8
TF109HE,8
TF109HF,8
TF109HG,8
TF109HH,8
TF109HJ,8
TF109HL,8
TF109HN,8
TF109HP,8
TF109HQ,8
TF109HR,8
TF109HS,8
TF109HT,8
TF109HU,8
TF109HW,8
TF109HX,8
TF109HY,8
TF109HZ,8
TF109JA,8
TF109JB,8
TF109JD,7
TF109JE,7
TF109JF,7
TF109JG,7
TF109JH,7
TF109JJ,7
TF109JL,7
TF109JN,7
TF109JP,7
TF109JQ,7
TF109JR,7
TF109JS,7
TF109JT,7
TF109JU,7
TF109JW,7
TF109JX,7
TF109JY,7
TF109JZ,7
TF109LA,7
TF109LB,7
TF109LD,7
TF109LE,7
TF109LF,7
TF109LG,7
TF109LH,7
TF109LJ,7
TF109LL,7
TF109LN,7
TF109LP,9
TF109LQ,7
TF109LR,7
TF109LS,9
TF109LT,9
TF109LU,9
TF109LW,7
TF109LX,9
TF109LY,9
TF109LZ,9
TF109NA,7
TF109NB,6
TF109ND,8
TF109WA,5
TF109WB,5
TF109WD,6
TF109WE,5
TF109WF,5
TF109WG,7
TF109WH,7
TF109WJ,7
TF109WL,6
TF109WN,5
TF109WP,5
TF109WQ,5
TF109XA,5
TF118AA,7
TF118AB,7
TF118AD,7
TF118AE,7
TF118AF,7
TF118AG,7
TF118AH,9
TF118AJ,9
TF118AL,9
TF118AN,9
TF118AP,9
TF118AQ,7
TF118AR,4
TF118AS,4
TF118AT,7
TF118AU,7
TF118AW,7
TF118AX,7
TF118AY,9
TF118AZ,9
TF118BA,6
TF118BB,9
TF118BD,9
TF118BE,9
TF118BF,6
TF118BG,9
TF118BH,4
TF118BJ,4
TF118BL,4
TF118BN,7
TF118BP,4
TF118BQ,9
TF118BS,4
TF118BT,6
TF118BU,6
TF118BW,6
TF118BX,6
TF118BY,6
TF118BZ,6
TF118DA,6
TF118DB,6
TF118DD,4
TF118DE,4
TF118DF,4
TF118DG,9
TF118DH,9
TF118DJ,4
TF118DL,7
TF118DN,7
TF118DP,9
TF118DQ,4
TF118DR,7
TF118DS,4
TF118DT,7
TF118DU,7
TF118DW,7
TF118DX,7
TF118DY,7
TF118DZ,7
TF118EA,7
TF118EB,7
TF118ED,4
TF118EE,4
TF118EF,4
TF118EG,4
TF118EH,4
TF118EJ,4
TF118EL,4
TF118EN,4
TF118EP,4
TF118EQ,4
TF118ER,4
TF118ES,4
TF118ET,4
TF118EU,4
TF118EW,4
TF118EX,4
TF118EY,7
TF118EZ,9
TF118FA,7
TF118FB,7
TF118FD,9
TF118FE,7
TF118FF,6
TF118FG,6
TF118FH,6
TF118FJ,6
TF118FL,4
TF118FN,6
TF118FP,6
TF118FQ,6
TF118FR,6
TF118FS,6
TF118FT,6
TF118FU,6
TF118FW,6
TF118FX,6
TF118FY,6
TF118FZ,6
TF118GA,6
TF118GB,6
TF118GD,6
TF118GE,6
TF118GF,6
TF118GG,6
TF118GH,6
TF118GJ,6
TF118GL,6
TF118GN,6
TF118GP,6
TF118HA,9
TF118HB,9
TF118HD,9
TF118HE,9
TF118HF,9
TF118HG,9
TF118HH,9
TF118HJ,9
TF118HL,9
TF118HN,9
TF118HP,4
TF118HQ,9
TF118HR,9
TF118HS,9
TF118HT,9
TF118HU,4
TF118HW,9
TF118HX,9
TF118HY,9
TF118HZ,9
TF118JA,6
TF118JB,6
TF118JD,6
TF118JE,6
TF118JF,6
TF118JG,6
TF118JH,6
TF118JJ,6
TF118JL,6
TF118JN,6
TF118JP,6
TF118JQ,6
TF118JR,6
TF118JS,6
TF118JT,6
TF118JU,6
TF118JW,6
TF118JX,6
TF118JY,6
TF118JZ,6
TF118LA,6
TF118LB,6
TF118LD,6
TF118LE,6
TF118LF,6
TF118LG,6
TF118LH,6
TF118LJ,6
TF118LL,6
TF118LN,6
TF118LP,6
TF118LQ,6
TF118LR,6
TF118LS,6
TF118LT,6
TF118LU,6
TF118LW,6
TF118LX,6
TF118LY,6
TF118LZ,6
TF118NA,6
TF118NB,6
TF118ND,6
TF118NE,6
TF118NF,6
TF118NG,6
TF118NH,6
TF118NJ,6
TF118NL,6
TF118NN,6
TF118NP,8
TF118NQ,6
TF118NR,6
TF118NS,8
TF118NT,6
TF118NU,6
TF118NW,6
TF118NX,9
TF118NY,7
TF118NZ,9
TF118PA,6
TF118PB,6
TF118PD,4
TF118PE,6
TF118PF,9
TF118PG,9
TF118PH,8
TF118PJ,8
TF118PL,8
TF118PN,8
TF118PP,8
TF118PQ,8
TF118PR,8
TF118PS,8
TF118PT,8
TF118PU,8
TF118PW,8
TF118PX,6
TF118PY,8
TF118PZ,8
TF118QA,8
TF118QB,8
TF118QD,8
TF118QE,6
TF118QF,6
TF118QG,6
TF118QH,6
TF118QJ,6
TF118QL,6
TF118QN,6
TF118QP,6
TF118QQ,6
TF118QR,6
TF118QS,6
TF118QT,6
TF118QU,6
TF118QW,6
TF118QX,6
TF118QY,6
TF118QZ,6
TF118RA,6
TF118RB,6
TF118RD,6
TF118RE,6
TF118RF,6
TF118RG,6
TF118RH,6
TF118RJ,6
TF118RL,6
TF118RN,6
TF118RP,6
TF118RQ,6
TF118RR,6
TF118RS,6
TF118RT,6
TF118RU,6
TF118RW,6
TF118RX,6
TF118RY,6
TF118RZ,6
TF118SA,6
TF118SB,6
TF118SD,9
TF118SE,9
TF118SF,7
TF118SG,9
TF118SH,9
TF118SJ,7
TF118SL,7
TF118SN,7
TF118SP,6
TF118SQ,9
TF118SR,4
TF118ST,9
TF118SU,9
TF118SW,9
TF118SX,9
TF118SY,9
TF118SZ,9
TF118TA,9
TF118TB,9
TF118TD,9
TF118TF,6
TF118TG,9
TF118TH,6
TF118TJ,6
TF118TL,6
TF118TN,6
TF118TP,6
TF118TQ,6
TF118TR,6
TF118TS,6
TF118TT,6
TF118TU,6
TF118TW,6
TF118TX,6
TF118TY,6
TF118TZ,6
TF118UA,6
TF118UB,6
TF118UD,6
TF118UE,6
TF118UF,7
TF118UG,7
TF118UH,4
TF118UJ,8
TF118UP,8
TF118UQ,9
TF118WA,2
TF118WB,2
TF118WD,2
TF118WE,2
TF118WF,2
TF118WG,2
TF118WH,2
TF118WJ,6
TF118WL,6
TF118WN,6
TF118WP,2
TF118WQ,2
TF118WR,2
TF118WS,2
TF118WT,2
TF118WU,2
TF118WW,2
TF118WX,3
TF118WY,2
TF118WZ,2
TF118YG,2
TF118YH,2
TF118ZD,2
TF118ZG,2
TF119AA,7
TF119AB,9
TF119AD,7
TF119AE,7
TF119AF,9
TF119AG,7
TF119AH,9
TF119AJ,9
TF119AL,9
TF119AN,7
TF119AP,7
TF119AQ,9
TF119AR,9
TF119AS,9
TF119AT,9
TF119AU,7
TF119AW,9
TF119AX,7
TF119AY,7
TF119AZ,7
TF119BA,7
TF119BB,7
TF119BD,9
TF119BE,7
TF119BF,7
TF119BG,7
TF119BH,7
TF119BJ,9
TF119BL,9
TF119BN,9
TF119BP,7
TF119BQ,9
TF119BS,9
TF119BU,4
TF119BW,9
TF119BX,4
TF119BY,4
TF119BZ,4
TF119DA,4
TF119DB,4
TF119DD,4
TF119DE,4
TF119DF,4
TF119DG,4
TF119DH,4
TF119DJ,4
TF119DL,4
TF119DN,4
TF119DP,4
TF119DQ,4
TF119DR,4
TF119DS,4
TF119DT,4
TF119DU,4
TF119DW,4
TF119DX,4
TF119DY,4
TF119DZ,4
TF119EA,4
TF119EB,4
TF119ED,4
TF119EE,4
TF119EF,4
TF119EG,4
TF119EH,7
TF119EJ,4
TF119EL,4
TF119EN,4
TF119EP,4
TF119EQ,4
TF119ER,4
TF119ES,4
TF119ET,4
TF119EW,4
TF119EZ,9
TF119HA,9
TF119HB,9
TF119HD,9
TF119HE,9
TF119HF,9
TF119HG,9
TF119HH,9
TF119HJ,9
TF119HL,9
TF119HN,9
TF119HP,9
TF119HQ,9
TF119HR,9
TF119HS,9
TF119HT,9
TF119HU,9
TF119HW,9
TF119HX,9
TF119HY,9
TF119HZ,7
TF119JA,7
TF119JB,7
TF119JD,7
TF119JE,4
TF119JF,4
TF119JG,4
TF119JH,4
TF119JJ,4
TF119JL,4
TF119JN,4
TF119JP,4
TF119JQ,4
TF119JR,4
TF119JS,4
TF119JT,9
TF119JU,9
TF119JW,4
TF119JX,9
TF119JY,9
TF119JZ,9
TF119LA,9
TF119LB,4
TF119LD,4
TF119LE,4
TF119LF,4
TF119LG,4
TF119LH,4
TF119LJ,4
TF119LL,4
TF119LN,4
TF119LP,4
TF119LQ,4
TF119LR,4
TF119LS,4
TF119LT,4
TF119LU,4
TF119LW,4
TF119LX,9
TF119LY,4
TF119LZ,4
TF119NA,4
TF119NB,4
TF119ND,4
TF119NE,4
TF119NF,4
TF119NG,4
TF119NH,4
TF119NJ,4
TF119NL,4
TF119NN,4
TF119NP,4
TF119NQ,4
TF119NR,4
TF119NS,4
TF119NT,4
TF119NU,4
TF119NW,4
TF119NX,4
TF119NY,4
TF119NZ,9
TF119PA,9
TF119PB,9
TF119PD,9
TF119PE,6
TF119PF,9
TF119PG,9
TF119PH,9
TF119PJ,9
TF119PL,4
TF119PN,9
TF119PP,9
TF119PQ,9
TF119PR,9
TF119PS,9
TF119PT,9
TF119PU,9
TF119PW,9
TF119PX,9
TF119PY,9
TF119PZ,9
TF119QA,9
TF119QB,7
TF119QD,9
TF119QE,9
TF119QF,9
TF119QG,9
TF119QH,9
TF119WA,2
TF119WB,2
TF119WD,2
TF119WE,2
TF119WF,2
TF119WG,2
TF119WH,2
TF119WJ,2
TF119WL,2
TF119WR,2
TF119WS,3
TF119WU,2
TF119ZW,2
TF125AA,4
TF125AB,6
TF125AD,9
TF125AE,9
TF125AF,9
TF125AG,9
TF125AH,9
TF125AJ,9
TF125AL,9
TF125AN,9
TF125AP,9
TF125AQ,9
TF125AR,9
TF125AS,9
TF125AT,9
TF125AU,4
TF125AW,9
TF125AX,9
TF125AY,9
TF125AZ,9
TF125BA,9
TF125BB,4
TF125BD,4
TF125BE,4
TF125BF,9
TF125BG,4
TF125BH,4
TF125BJ,4
TF125BL,4
TF125BN,4
TF125BP,4
TF125BQ,4
TF125BS,9
TF125BT,9
TF125BU,9
TF125BW,4
TF125BX,4
TF125BY,4
TF125BZ,4
TF125DA,4
TF125DB,4
TF125DD,4
TF125DE,4
TF125DF,4
TF125DG,4
TF125DH,4
TF125DJ,9
TF125DL,4
TF125DN,4
TF125DP,4
TF125DQ,4
TF125DR,4
TF125DS,4
TF125DT,4
TF125DU,4
TF125DW,4
TF125DX,4
TF125DY,4
TF125DZ,4
TF125EA,4
TF125EB,4
TF125ED,4
TF125EE,4
TF125EF,4
TF125EG,4
TF125EH,4
TF125EJ,4
TF125EL,4
TF125EN,4
TF125EP,4
TF125EQ,4
TF125ER,4
TF125ES,4
TF125ET,4
TF125EU,4
TF125EW,4
TF125EX,4
TF125EY,4
TF125EZ,4
TF125FA,4
TF125FB,4
TF125FD,4
TF125FE,9
TF125FF,4
TF125HA,4
TF125HB,4
TF125HD,4
TF125HE,4
TF125HF,4
TF125HG,4
TF125HH,4
TF125HJ,4
TF125HL,4
TF125HN,4
TF125HP,4
TF125HQ,4
TF125HR,4
TF125HS,4
TF125HT,4
TF125HU,4
TF125HW,4
TF125HX,4
TF125HY,4
TF125HZ,4
TF125JA,4
TF125JB,4
TF125JD,4
TF125JE,4
TF125JF,4
TF125JG,9
TF125JH,4
TF125JJ,4
TF125JL,4
TF125JN,4
TF125JP,4
TF125JQ,4
TF125JR,4
TF125JS,4
TF125JT,4
TF125JU,4
TF125JX,4
TF125JY,4
TF125JZ,4
TF125LA,4
TF125LB,4
TF125LE,4
TF125LF,4
TF125LG,4
TF125LH,4
TF125LJ,4
TF125LL,4
TF125LN,4
TF125LP,4
TF125LQ,4
TF125LR,4
TF125LS,4
TF125LT,4
TF125LU,6
TF125LW,4
TF125LX,4
TF125LY,4
TF125LZ,4
TF125NA,4
TF125NB,4
TF125ND,4
TF125NE,6
TF125NG,4
TF125NH,4
TF125NJ,4
TF125NL,4
TF125NN,4
TF125NP,4
TF125NQ,4
TF125NR,4
TF125NS,4
TF125NT,9
TF125NU,9
TF125NW,4
TF125NX,4
TF125NY,4
TF125NZ,9
TF125PA,4
TF125PB,4
TF125PD,6
TF125PE,6
TF125PF,6
TF125PG,6
TF125PH,6
TF125PJ,6
TF125PL,4
TF125PN,6
TF125PP,4
TF125PQ,6
TF125PR,6
TF125PS,6
TF125PT,4
TF125PU,6
TF125PW,4
TF125PX,6
TF125PY,6
TF125PZ,6
TF125QA,4
TF125QB,6
TF125QD,6
TF125QE,6
TF125QF,6
TF125QG,6
TF125QH,6
TF125QJ,6
TF125QL,6
TF125QN,6
TF125QP,6
TF125QQ,6
TF125QR,6
TF125QS,6
TF125QT,6
TF125QU,4
TF125QW,6
TF125QX,6
TF125QY,6
TF125QZ,4
TF125RA,4
TF125RB,6
TF125RD,4
TF125RE,4
TF125RF,4
TF125RG,6
TF125RH,6
TF125RJ,6
TF125RL,6
TF125RN,6
TF125RP,6
TF125RQ,4
TF125RR,6
TF125RS,6
TF125RT,6
TF125RU,6
TF125RW,6
TF125RX,4
TF125RY,4
TF125RZ,9
TF125SA,9
TF125SB,9
TF125SD,6
TF125SE,9
TF125SF,9
TF125SG,9
TF125SH,6
TF125SJ,6
TF125SL,6
TF125SN,9
TF125SP,9
TF125SQ,6
TF125SR,4
TF125SS,9
TF125ST,4
TF125SU,9
TF125SW,4
TF125SX,9
TF125SY,4
TF125SZ,4
TF125TA,6
TF125TB,6
TF125TD,6
TF125TE,6
TF125WA,2
TF125WB,4
TF125WD,2
TF125WE,2
TF125WF,2
TF125WG,4
TF125WH,4
TF125WJ,2
TF125WL,6
TF125WN,2
TF125WR,2
TF125WT,2
TF125XQ,2
TF136AA,6
TF136AB,6
TF136AD,6
TF136AE,6
TF136AF,6
TF136AG,6
TF136AH,6
TF136AJ,6
TF136AL,6
TF136AN,6
TF136AP,6
TF136AQ,6
TF136AR,6
TF136AS,6
TF136AT,6
TF136AU,6
TF136AW,6
TF136AX,6
TF136AY,6
TF136AZ,6
TF136BA,6
TF136BB,6
TF136BD,6
TF136BE,6
TF136BF,6
TF136BG,6
TF136BH,6
TF136BJ,6
TF136BL,6
TF136BN,6
TF136BP,6
TF136BQ,6
TF136BS,6
TF136BT,6
TF136BU,6
TF136BW,6
TF136BX,6
TF136BY,6
TF136BZ,6
TF136DA,6
TF136DB,6
TF136DD,6
TF136DE,6
TF136DF,6
TF136DG,6
TF136DH,6
TF136DJ,6
TF136DL,6
TF136DN,6
TF136DP,5
TF136DQ,6
TF136DR,5
TF136DS,5
TF136DT,5
TF136DU,5
TF136DW,6
TF136DX,5
TF136DY,5
TF136DZ,5
TF136EA,5
TF136EB,5
TF136ED,5
TF136EE,5
TF136EF,6
TF136EG,5
TF136EH,6
TF136EJ,6
TF136EL,6
TF136EN,6
TF136EP,6
TF136EQ,6
TF136ER,6
TF136ES,6
TF136ET,6
TF136EU,6
TF136EW,6
TF136EX,6
TF136EY,6
TF136EZ,6
TF136FA,6
TF136FB,6
TF136FD,6
TF136FU,6
TF136GA,6
TF136HA,6
TF136HB,6
TF136HD,6
TF136HE,6
TF136HF,6
TF136HG,6
TF136HH,6
TF136HJ,6
TF136HL,6
TF136HN,6
TF136HP,6
TF136HQ,6
TF136HR,6
TF136HS,6
TF136HT,6
TF136HU,6
TF136HW,6
TF136HX,6
TF136HY,6
TF136HZ,6
TF136JA,6
TF136JB,6
TF136JD,6
TF136JE,6
TF136JF,6
TF136JG,6
TF136JH,6
TF136JJ,6
TF136JL,6
TF136JN,6
TF136JP,6
TF136JQ,6
TF136JR,6
TF136JS,6
TF136JT,6
TF136JU,6
TF136JW,6
TF136JX,6
TF136JY,6
TF136JZ,6
TF136LA,6
TF136LB,6
TF136LD,5
TF136LE,4
TF136LF,6
TF136LG,6
TF136LH,6
TF136LJ,4
TF136LL,6
TF136LN,4
TF136LP,4
TF136LQ,6
TF136LR,4
TF136LS,6
TF136LT,6
TF136LU,6
TF136LW,4
TF136LX,6
TF136LY,6
TF136LZ,6
TF136NA,6
TF136NB,6
TF136ND,6
TF136NE,6
TF136NF,6
TF136NG,6
TF136NH,6
TF136NJ,6
TF136NL,6
TF136NN,6
TF136NP,6
TF136NQ,6
TF136NR,5
TF136NS,5
TF136NT,5
TF136NU,6
TF136NW,6
TF136NX,6
TF136NY,5
TF136NZ,6
TF136PA,6
TF136PB,6
TF136PD,6
TF136PE,6
TF136PF,6
TF136PG,6
TF136PH,4
TF136PJ,6
TF136PL,6
TF136PN,4
TF136PP,6
TF136PQ,4
TF136PR,6
TF136PS,6
TF136PT,6
TF136PU,6
TF136PW,6
TF136PX,6
TF136PY,6
TF136PZ,6
TF136QA,6
TF136QB,6
TF136QD,6
TF136QE,6
TF136QF,6
TF136QG,6
TF136QH,6
TF136QJ,6
TF136QL,6
TF136QN,6
TF136QP,6
TF136QQ,6
TF136QR,6
TF136QS,6
TF136QT,6
TF136QU,6
TF136QW,6
TF136QX,6
TF136RA,6
TF136TA,6
TF136WA,6
TF136WB,6
TF136WD,6
TF136WE,6
TF136WF,6
TF136WG,6
TF136WH,3
TF136WJ,6
TF136WL,6
TF136WN,6
TF136WQ,6
TF136WZ,2
TF136YJ,6
TF136YP,3
TF139AA,
TF139AB,
TF139AD,2
TF139AE,
TF139AF,
TF139AG,
TF139AH,2
TF139AJ,2
TF139AL,2
TF2 0AA,3
TF2 0AB,3
TF2 0AG,2
TF2 0AH,2
TF2 0AJ,2
TF2 0AL,2
TF2 0AN,2
TF2 0AP,2
TF2 0AR,2
TF2 0AS,2
TF2 0AT,7
TF2 0AU,2
TF2 0AW,2
TF2 0AX,2
TF2 0AY,2
TF2 0AZ,2
TF2 0BA,2
TF2 0BB,2
TF2 0BD,2
TF2 0BE,2
TF2 0BH,7
TF2 0BJ,2
TF2 0BL,2
TF2 0BN,2
TF2 0BP,2
TF2 0BS,2
TF2 0BT,7
TF2 0BU,2
TF2 0BW,2
TF2 0BX,2
TF2 0BY,7
TF2 0BZ,2
TF2 0DA,7
TF2 0DB,7
TF2 0DD,7
TF2 0DE,7
TF2 0DF,7
TF2 0DG,2
TF2 0DH,7
TF2 0DJ,7
TF2 0DL,7
TF2 0DN,7
TF2 0DP,3
TF2 0DQ,7
TF2 0DR,3
TF2 0DS,3
TF2 0DT,3
TF2 0DU,3
TF2 0DW,3
TF2 0DX,2
TF2 0DY,7
TF2 0DZ,3
TF2 0EA,7
TF2 0EB,7
TF2 0ED,7
TF2 0EE,7
TF2 0EF,7
TF2 0EG,7
TF2 0EH,7
TF2 0EQ,7
TF2 0ER,2
TF2 0EW,7
TF2 0EX,7
TF2 0EY,2
TF2 0EZ,2
TF2 0ZR,2
TF2 2AA,3
TF2 2AB,3
TF2 2AD,2
TF2 2AE,3
TF2 2AF,3
TF2 2AG,3
TF2 2AH,3
TF2 2AJ,3
TF2 2AL,3
TF2 2AN,3
TF2 2AP,3
TF2 2AQ,3
TF2 2AR,3
TF2 2AS,3
TF2 2AT,3
TF2 2AU,3
TF2 2AW,3
TF2 2AX,3
TF2 2AY,3
TF2 2AZ,3
TF2 2BA,3
TF2 2BB,3
TF2 2BD,3
TF2 2BE,3
TF2 2BF,3
TF2 2BG,3
TF2 2BH,3
TF2 2BJ,3
TF2 2BL,3
TF2 2BN,3
TF2 2BP,3
TF2 2BQ,3
TF2 2BR,3
TF2 2BS,3
TF2 2BT,3
TF2 2BU,2
TF2 2BW,3
TF2 2BX,3
TF2 2BY,3
TF2 2BZ,3
TF2 2DA,3
TF2 2DB,2
TF2 2DD,3
TF2 2DE,3
TF2 2DF,2
TF2 2DG,3
TF2 2DH,3
TF2 2DJ,3
TF2 2DL,3
TF2 2DN,3
TF2 2DQ,2
TF2 2DR,3
TF2 2DS,2
TF2 2DT,3
TF2 2DU,3
TF2 2DW,3
TF2 2DX,3
TF2 2DY,3
TF2 2DZ,3
TF2 2EA,3
TF2 2EB,3
TF2 2ED,2
TF2 2EE,3
TF2 2EF,3
TF2 2EG,2
TF2 2EH,2
TF2 2EJ,3
TF2 2EL,2
TF2 2EN,3
TF2 2EP,3
TF2 2EQ,3
TF2 2ER,2
TF2 2ES,2
TF2 2ET,3
TF2 2EU,3
TF2 2EW,2
TF2 2EX,2
TF2 2EY,2
TF2 2EZ,3
TF2 2FA,2
TF2 2FB,3
TF2 2FE,3
TF2 2FF,2
TF2 2FG,2
TF2 2FH,2
TF2 2FJ,2
TF2 2FL,2
TF2 2FN,2
TF2 2FP,2
TF2 2FQ,2
TF2 2FR,2
TF2 2FS,2
TF2 2FT,2
TF2 2FU,2
TF2 2FW,2
TF2 2FX,2
TF2 2FY,2
TF2 2FZ,2
TF2 2GA,2
TF2 2GB,2
TF2 2GD,2
TF2 2GE,2
TF2 2GF,2
TF2 2GG,2
TF2 2GH,2
TF2 2GJ,2
TF2 2GL,2
TF2 2GN,2
TF2 2GP,2
TF2 2GQ,2
TF2 2GR,2
TF2 2GS,2
TF2 2GT,2
TF2 2GU,2
TF2 2GW,2
TF2 2GX,2
TF2 2GY,2
TF2 2GZ,2
TF2 2HA,2
TF2 2HB,2
TF2 2HD,2
TF2 2HE,2
TF2 2HF,2
TF2 2HG,2
TF2 2HH,2
TF2 2HJ,2
TF2 2HL,2
TF2 2HN,2
TF2 2HP,2
TF2 2HQ,2
TF2 2HR,2
TF2 2HS,2
TF2 2HT,2
TF2 2HU,2
TF2 2HW,2
TF2 2HX,2
TF2 2HY,2
TF2 2SA,3
TF2 2SB,1
TF2 2SD,3
TF2 2SE,3
TF2 2SF,3
TF2 2SG,3
TF2 2SH,3
TF2 2SJ,3
TF2 2SL,3
TF2 2SN,3
TF2 2SP,3
TF2 2SQ,3
TF2 2SR,3
TF2 2SS,3
TF2 2ST,3
TF2 2SU,3
TF2 2SW,3
TF2 2SX,3
TF2 2SY,3
TF2 2SZ,3
TF2 2TA,3
TF2 2TB,3
TF2 2TD,3
TF2 2TE,3
TF2 2TF,3
TF2 2TG,3
TF2 2TH,3
TF2 2TJ,3
TF2 2TL,3
TF2 2TN,3
TF2 2TP,3
TF2 2TQ,3
TF2 2TR,3
TF2 2TS,3
TF2 2TT,3
TF2 2TW,3
TF2 2WD,3
TF2 2WG,2
TF2 2WP,3
TF2 2WW,2
TF2 2WY,3
TF2 2XG,3
TF2 2XH,2
TF2 2XJ,2
TF2 2XY,2
TF2 2YD,2
TF2 2YJ,2
TF2 2YL,3
TF2 2YX,3
TF2 2YY,3
TF2 2ZJ,2
TF2 2ZU,3
TF2 6AA,3
TF2 6AB,3
TF2 6AD,3
TF2 6AE,3
TF2 6AF,3
TF2 6AG,3
TF2 6AH,3
TF2 6AJ,3
TF2 6AL,3
TF2 6AN,3
TF2 6AP,2
TF2 6AQ,3
TF2 6AR,2
TF2 6AS,2
TF2 6AT,2
TF2 6AU,3
TF2 6AW,2
TF2 6AX,2
TF2 6AY,2
TF2 6AZ,2
TF2 6BA,3
TF2 6BB,3
TF2 6BD,3
TF2 6BE,3
TF2 6BF,3
TF2 6BG,3
TF2 6BH,3
TF2 6BJ,3
TF2 6BL,3
TF2 6BN,3
TF2 6BP,3
TF2 6BQ,3
TF2 6BS,3
TF2 6BT,3
TF2 6BU,3
TF2 6BW,3
TF2 6BX,3
TF2 6BY,3
TF2 6BZ,3
TF2 6DA,3
TF2 6DB,3
TF2 6DD,3
TF2 6DE,2
TF2 6DF,3
TF2 6DG,3
TF2 6DH,3
TF2 6DJ,3
TF2 6DL,3
TF2 6DN,2
TF2 6DP,3
TF2 6DQ,3
TF2 6DR,3
TF2 6DS,3
TF2 6DT,3
TF2 6DU,3
TF2 6DW,3
TF2 6DX,3
TF2 6DY,3
TF2 6DZ,3
TF2 6EA,3
TF2 6EB,8
TF2 6ED,3
TF2 6EE,3
TF2 6EF,3
TF2 6EG,3
TF2 6EH,3
TF2 6EJ,3
TF2 6EL,3
TF2 6EN,3
TF2 6EP,3
TF2 6EQ,3
TF2 6ER,3
TF2 6ES,3
TF2 6ET,3
TF2 6EU,3
TF2 6EW,3
TF2 6EX,3
TF2 6EY,2
TF2 6EZ,2
TF2 6FA,3
TF2 6FB,4
TF2 6FD,3
TF2 6FE,4
TF2 6FG,4
TF2 6HA,2
TF2 6HB,2
TF2 6HD,2
TF2 6HE,2
TF2 6HF,2
TF2 6HG,2
TF2 6HH,7
TF2 6HJ,2
TF2 6HL,2
TF2 6HN,2
TF2 6HP,2
TF2 6HQ,2
TF2 6HR,2
TF2 6HS,2
TF2 6HT,2
TF2 6HU,2
TF2 6HW,2
TF2 6HX,2
TF2 6HY,2
TF2 6HZ,2
TF2 6JA,2
TF2 6JB,2
TF2 6JD,3
TF2 6JH,3
TF2 6JJ,3
TF2 6JL,2
TF2 6JN,3
TF2 6JP,2
TF2 6JQ,2
TF2 6JR,2
TF2 6JS,4
TF2 6JT,4
TF2 6JU,4
TF2 6JW,3
TF2 6JY,4
TF2 6JZ,4
TF2 6LA,4
TF2 6LB,4
TF2 6LD,4
TF2 6LE,4
TF2 6LF,4
TF2 6LG,4
TF2 6LH,4
TF2 6LJ,4
TF2 6LL,4
TF2 6LN,4
TF2 6LP,4
TF2 6LQ,4
TF2 6LR,4
TF2 6LS,4
TF2 6LT,4
TF2 6LU,4
TF2 6LW,4
TF2 6LX,4
TF2 6LY,4
TF2 6NA,3
TF2 6NB,2
TF2 6ND,3
TF2 6NE,2
TF2 6NF,2
TF2 6NG,2
TF2 6NH,2
TF2 6NJ,3
TF2 6NL,3
TF2 6NN,3
TF2 6NP,3
TF2 6NQ,3
TF2 6NR,3
TF2 6NS,3
TF2 6NT,5
TF2 6NU,5
TF2 6NW,3
TF2 6NX,5
TF2 6NY,5
TF2 6NZ,5
TF2 6PA,5
TF2 6PB,5
TF2 6PD,5
TF2 6PE,5
TF2 6PF,5
TF2 6PG,5
TF2 6PH,7
TF2 6PJ,7
TF2 6PL,7
TF2 6PN,5
TF2 6PP,7
TF2 6PQ,5
TF2 6PR,7
TF2 6PS,7
TF2 6PT,5
TF2 6PU,7
TF2 6PW,5
TF2 6PX,4
TF2 6PY,4
TF2 6PZ,4
TF2 6QA,4
TF2 6QB,4
TF2 6QD,4
TF2 6QE,4
TF2 6QF,4
TF2 6QG,4
TF2 6QH,2
TF2 6QJ,4
TF2 6QL,4
TF2 6QN,4
TF2 6QP,4
TF2 6QQ,5
TF2 6QR,7
TF2 6QS,7
TF2 6QT,5
TF2 6QU,7
TF2 6QW,4
TF2 6QX,7
TF2 6QY,5
TF2 6QZ,5
TF2 6RA,7
TF2 6RB,7
TF2 6RD,5
TF2 6RE,5
TF2 6RF,4
TF2 6RG,4
TF2 6RH,4
TF2 6RJ,4
TF2 6RL,5
TF2 6RN,4
TF2 6RP,5
TF2 6RQ,4
TF2 6RR,5
TF2 6RS,5
TF2 6RT,4
TF2 6RW,5
TF2 6RX,4
TF2 6RY,4
TF2 6RZ,5
TF2 6SA,3
TF2 6SB,3
TF2 6SD,3
TF2 6SE,4
TF2 6SF,4
TF2 6SG,3
TF2 6SH,4
TF2 6SJ,4
TF2 6SL,4
TF2 6SN,4
TF2 6SP,4
TF2 6SQ,4
TF2 6SR,3
TF2 6SS,4
TF2 6ST,4
TF2 6SU,4
TF2 6SW,2
TF2 6SX,4
TF2 6TA,2
TF2 6TB,2
TF2 6TD,2
TF2 6TE,2
TF2 6TF,2
TF2 6TG,2
TF2 6TH,2
TF2 6TJ,2
TF2 6TL,2
TF2 6TN,2
TF2 6TQ,2
TF2 6UA,4
TF2 6UB,4
TF2 6UD,4
TF2 6UE,4
TF2 6UF,4
TF2 6UG,2
TF2 6UH,2
TF2 6UJ,4
TF2 6UL,4
TF2 6UN,4
TF2 6UP,4
TF2 6UQ,4
TF2 6UR,3
TF2 6UT,3
TF2 6UU,3
TF2 6UW,4
TF2 6UY,2
TF2 6UZ,4
TF2 6WA,2
TF2 6WB,3
TF2 6WD,3
TF2 6WE,4
TF2 6WF,2
TF2 6WG,2
TF2 6WH,3
TF2 6WJ,4
TF2 6WL,3
TF2 6WN,2
TF2 6WP,4
TF2 6WQ,4
TF2 6WR,2
TF2 6WZ,3
TF2 6XA,2
TF2 6XB,2
TF2 6XD,2
TF2 6ZY,3
TF2 7AA,4
TF2 7AB,3
TF2 7AD,3
TF2 7AE,3
TF2 7AF,3
TF2 7AG,4
TF2 7AH,3
TF2 7AJ,3
TF2 7AL,3
TF2 7AN,3
TF2 7AP,3
TF2 7AQ,3
TF2 7AR,3
TF2 7AS,3
TF2 7AT,3
TF2 7AU,3
TF2 7AW,3
TF2 7AX,3
TF2 7AY,4
TF2 7AZ,4
TF2 7BA,4
TF2 7BB,4
TF2 7BD,3
TF2 7BE,4
TF2 7BF,3
TF2 7BG,3
TF2 7BH,4
TF2 7BJ,6
TF2 7BL,6
TF2 7BN,6
TF2 7BP,6
TF2 7BQ,3
TF2 7BU,4
TF2 7BW,6
TF2 7BX,4
TF2 7BY,4
TF2 7BZ,4
TF2 7DA,4
TF2 7DB,7
TF2 7DD,7
TF2 7DE,7
TF2 7DF,4
TF2 7DG,4
TF2 7DH,4
TF2 7DJ,4
TF2 7DL,4
TF2 7DN,4
TF2 7DP,4
TF2 7DQ,4
TF2 7DR,4
TF2 7DS,4
TF2 7DT,4
TF2 7DU,4
TF2 7DW,7
TF2 7DX,4
TF2 7DY,3
TF2 7DZ,4
TF2 7EA,3
TF2 7EB,3
TF2 7ED,3
TF2 7EE,4
TF2 7EF,7
TF2 7EG,7
TF2 7EH,4
TF2 7EJ,7
TF2 7EL,7
TF2 7EN,7
TF2 7EP,7
TF2 7EQ,7
TF2 7ER,7
TF2 7ES,7
TF2 7ET,7
TF2 7EU,4
TF2 7EW,7
TF2 7EX,4
TF2 7EY,4
TF2 7EZ,4
TF2 7GJ,8
TF2 7HA,4
TF2 7HB,4
TF2 7HD,4
TF2 7HE,4
TF2 7HF,4
TF2 7HG,4
TF2 7HH,3
TF2 7HJ,3
TF2 7HL,3
TF2 7HN,3
TF2 7HP,2
TF2 7HQ,4
TF2 7HR,7
TF2 7HS,7
TF2 7HT,7
TF2 7HU,3
TF2 7HW,2
TF2 7HX,3
TF2 7HY,2
TF2 7HZ,2
TF2 7JA,3
TF2 7JB,2
TF2 7JD,2
TF2 7JE,2
TF2 7JF,2
TF2 7JG,3
TF2 7JH,3
TF2 7JJ,4
TF2 7JL,3
TF2 7JN,4
TF2 7JP,3
TF2 7JQ,3
TF2 7JR,3
TF2 7JS,3
TF2 7JT,3
TF2 7JU,3
TF2 7JW,4
TF2 7JX,3
TF2 7JY,2
TF2 7JZ,3
TF2 7LA,3
TF2 7LB,3
TF2 7LD,3
TF2 7LE,4
TF2 7LF,3
TF2 7LG,3
TF2 7LH,3
TF2 7LJ,2
TF2 7LL,3
TF2 7LN,2
TF2 7LP,3
TF2 7LQ,3
TF2 7LR,3
TF2 7LS,2
TF2 7LT,2
TF2 7LU,3
TF2 7LW,2
TF2 7LX,4
TF2 7LY,4
TF2 7LZ,4
TF2 7NA,8
TF2 7NB,8
TF2 7ND,6
TF2 7NE,6
TF2 7NF,3
TF2 7NG,4
TF2 7NH,6
TF2 7NJ,3
TF2 7NL,3
TF2 7NN,3
TF2 7NP,3
TF2 7NQ,3
TF2 7NR,3
TF2 7NS,3
TF2 7NT,4
TF2 7NU,2
TF2 7NW,3
TF2 7NX,2
TF2 7NY,2
TF2 7NZ,2
TF2 7PA,2
TF2 7PB,2
TF2 7PD,2
TF2 7PE,2
TF2 7PF,2
TF2 7PG,2
TF2 7PH,2
TF2 7PJ,2
TF2 7PL,2
TF2 7PN,2
TF2 7PP,4
TF2 7PQ,2
TF2 7PR,2
TF2 7PS,2
TF2 7PT,2
TF2 7PU,4
TF2 7PW,2
TF2 7PX,4
TF2 7PY,4
TF2 7PZ,4
TF2 7QA,6
TF2 7QB,4
TF2 7QD,8
TF2 7QE,4
TF2 7QF,6
TF2 7QG,8
TF2 7QH,6
TF2 7QJ,8
TF2 7QL,8
TF2 7QN,6
TF2 7QP,4
TF2 7QQ,6
TF2 7QR,4
TF2 7QS,4
TF2 7QT,4
TF2 7QU,4
TF2 7QW,4
TF2 7QX,2
TF2 7QY,3
TF2 7QZ,3
TF2 7RA,3
TF2 7RB,4
TF2 7RD,4
TF2 7RE,4
TF2 7RF,4
TF2 7RG,3
TF2 7RH,4
TF2 7RJ,4
TF2 7RL,4
TF2 7RN,4
TF2 7RP,4
TF2 7RQ,4
TF2 7RR,4
TF2 7RS,4
TF2 7RT,8
TF2 7RU,4
TF2 7RW,4
TF2 7RX,4
TF2 7RY,6
TF2 7RZ,6
TF2 7SA,4
TF2 7SB,2
TF2 7SD,4
TF2 7SE,4
TF2 7SF,4
TF2 7SG,4
TF2 7SH,6
TF2 7SJ,6
TF2 7WA,3
TF2 7WB,2
TF2 7WD,3
TF2 7WE,2
TF2 7WF,2
TF2 7WG,2
TF2 7WH,3
TF2 7WJ,3
TF2 7WL,3
TF2 7WN,2
TF2 7WP,2
TF2 7WR,3
TF2 7WU,2
TF2 7WY,3
TF2 7WZ,3
TF2 7ZW,2
TF2 7ZY,3
TF2 8AA,2
TF2 8AB,2
TF2 8AD,4
TF2 8AE,4
TF2 8AF,4
TF2 8AG,4
TF2 8AH,4
TF2 8AJ,4
TF2 8AL,4
TF2 8AN,4
TF2 8AP,4
TF2 8AQ,4
TF2 8AR,4
TF2 8AS,4
TF2 8AT,4
TF2 8AU,2
TF2 8AW,4
TF2 8AX,2
TF2 8AY,2
TF2 8AZ,2
TF2 8BA,2
TF2 8BB,2
TF2 8BD,4
TF2 8BE,2
TF2 8BF,2
TF2 8BG,2
TF2 8BH,2
TF2 8BJ,2
TF2 8BL,2
TF2 8BN,2
TF2 8BP,2
TF2 8BQ,2
TF2 8BS,2
TF2 8BT,2
TF2 8BU,3
TF2 8BW,2
TF2 8BX,3
TF2 8BY,3
TF2 8BZ,3
TF2 8DA,2
TF2 8DB,2
TF2 8DD,2
TF2 8DE,2
TF2 8DF,2
TF2 8DG,2
TF2 8DH,9
TF2 8DJ,9
TF2 8DL,9
TF2 8DN,4
TF2 8DP,4
TF2 8DQ,9
TF2 8DR,4
TF2 8DS,9
TF2 8DT,3
TF2 8DU,3
TF2 8DW,4
TF2 8DX,3
TF2 8DY,4
TF2 8DZ,3
TF2 8EA,3
TF2 8EB,3
TF2 8ED,4
TF2 8EE,4
TF2 8EF,4
TF2 8EG,2
TF2 8EH,3
TF2 8EJ,4
TF2 8EL,4
TF2 8EN,3
TF2 8EP,4
TF2 8EQ,3
TF2 8ER,3
TF2 8ES,3
TF2 8ET,4
TF2 8EU,3
TF2 8EW,4
TF2 8EX,4
TF2 8EY,4
TF2 8EZ,4
TF2 8FA,9
TF2 8FB,8
TF2 8GA,4
TF2 8HA,2
TF2 8HB,3
TF2 8HD,2
TF2 8HE,3
TF2 8HF,2
TF2 8HG,3
TF2 8HH,4
TF2 8HJ,3
TF2 8HN,4
TF2 8HP,4
TF2 8HQ,4
TF2 8HR,2
TF2 8HS,2
TF2 8HT,2
TF2 8HU,2
TF2 8HW,2
TF2 8HX,2
TF2 8HY,4
TF2 8HZ,4
TF2 8JA,4
TF2 8JB,4
TF2 8JD,4
TF2 8JE,2
TF2 8JF,4
TF2 8JG,9
TF2 8JH,9
TF2 8JJ,9
TF2 8JL,9
TF2 8JN,8
TF2 8JP,8
TF2 8JQ,9
TF2 8JR,4
TF2 8JS,4
TF2 8JT,4
TF2 8JU,4
TF2 8JW,8
TF2 8JX,4
TF2 8JY,4
TF2 8JZ,4
TF2 8LA,4
TF2 8LB,4
TF2 8LD,4
TF2 8LE,4
TF2 8LF,4
TF2 8LG,8
TF2 8LH,4
TF2 8LJ,4
TF2 8LL,4
TF2 8LN,8
TF2 8LP,4
TF2 8LQ,4
TF2 8LR,8
TF2 8LS,8
TF2 8LT,8
TF2 8LU,8
TF2 8LW,8
TF2 8LX,8
TF2 8LY,8
TF2 8LZ,8
TF2 8NA,8
TF2 8NB,8
TF2 8ND,8
TF2 8NE,9
TF2 8NF,4
TF2 8NG,9
TF2 8NH,9
TF2 8NJ,9
TF2 8NL,9
TF2 8NN,9
TF2 8NP,9
TF2 8NQ,9
TF2 8NR,9
TF2 8NS,9
TF2 8NT,9
TF2 8NU,9
TF2 8NW,9
TF2 8NX,9
TF2 8NY,9
TF2 8NZ,9
TF2 8PA,9
TF2 8PB,9
TF2 8PD,9
TF2 8PE,9
TF2 8PF,9
TF2 8PG,9
TF2 8PH,9
TF2 8PJ,9
TF2 8PL,9
TF2 8PN,9
TF2 8PP,9
TF2 8PQ,8
TF2 8PR,8
TF2 8PS,9
TF2 8PT,8
TF2 8PU,9
TF2 8PW,9
TF2 8PX,9
TF2 8PY,9
TF2 8PZ,9
TF2 8QA,9
TF2 8QB,9
TF2 8QD,4
TF2 8QE,4
TF2 8QF,4
TF2 8QG,4
TF2 8QH,9
TF2 8QL,4
TF2 8QN,3
TF2 8QP,9
TF2 8QQ,4
TF2 8QR,8
TF2 8QS,8
TF2 8QT,8
TF2 8QU,9
TF2 8QW,9
TF2 8QX,9
TF2 8QY,9
TF2 8QZ,8
TF2 8RA,8
TF2 8RB,8
TF2 8RD,8
TF2 8RE,8
TF2 8RF,8
TF2 8RG,9
TF2 8RH,9
TF2 8RJ,9
TF2 8RL,9
TF2 8RN,9
TF2 8RP,9
TF2 8RQ,9
TF2 8RR,9
TF2 8RS,9
TF2 8RT,9
TF2 8RU,9
TF2 8RW,9
TF2 8RX,8
TF2 8RY,8
TF2 8RZ,8
TF2 8SA,8
TF2 8SB,8
TF2 8SD,9
TF2 8SE,8
TF2 8SF,8
TF2 8SG,9
TF2 8SH,9
TF2 8SJ,8
TF2 8SL,8
TF2 8SN,9
TF2 8SP,8
TF2 8SQ,8
TF2 8SR,8
TF2 8SS,8
TF2 8ST,8
TF2 8SU,8
TF2 8SW,8
TF2 8SX,8
TF2 8SY,8
TF2 8SZ,8
TF2 8TA,8
TF2 8TB,8
TF2 8WA,3
TF2 8WB,2
TF2 8WD,2
TF2 8WE,2
TF2 8WF,3
TF2 8WG,3
TF2 8WH,3
TF2 8WJ,4
TF2 8WL,2
TF2 8WN,3
TF2 8WP,2
TF2 8WQ,2
TF2 8WR,3
TF2 8WS,2
TF2 8WT,2
TF2 8WX,3
TF2 8WY,3
TF2 8WZ,3
TF2 8YR,2
TF2 8ZG,3
TF2 8ZP,2
TF2 8ZR,3
TF2 8ZS,3
TF2 8ZT,2
TF2 8ZY,3
TF2 9AA,8
TF2 9AB,8
TF2 9AD,5
TF2 9AE,8
TF2 9AF,5
TF2 9AG,8
TF2 9AH,5
TF2 9AJ,5
TF2 9AL,5
TF2 9AN,2
TF2 9AP,5
TF2 9AQ,5
TF2 9AR,5
TF2 9AS,5
TF2 9AT,5
TF2 9AU,5
TF2 9AW,5
TF2 9AX,5
TF2 9AY,5
TF2 9AZ,5
TF2 9BA,5
TF2 9BB,5
TF2 9BD,5
TF2 9BE,8
TF2 9BF,3
TF2 9BG,5
TF2 9BH,8
TF2 9BJ,8
TF2 9BL,4
TF2 9BN,4
TF2 9BP,8
TF2 9BQ,4
TF2 9BS,8
TF2 9BT,4
TF2 9BU,8
TF2 9BW,6
TF2 9BX,8
TF2 9BY,8
TF2 9BZ,5
TF2 9DA,8
TF2 9DB,5
TF2 9DD,2
TF2 9DE,2
TF2 9DF,8
TF2 9DG,4
TF2 9DH,8
TF2 9DJ,2
TF2 9DL,2
TF2 9DN,8
TF2 9DP,8
TF2 9DQ,8
TF2 9DR,2
TF2 9DS,2
TF2 9DT,2
TF2 9DU,2
TF2 9DW,8
TF2 9DX,2
TF2 9DY,2
TF2 9DZ,2
TF2 9EA,2
TF2 9EB,2
TF2 9ED,2
TF2 9EE,2
TF2 9EF,5
TF2 9EG,2
TF2 9EH,2
TF2 9EJ,2
TF2 9EL,2
TF2 9EN,2
TF2 9EP,2
TF2 9EQ,2
TF2 9ER,2
TF2 9ES,2
TF2 9ET,5
TF2 9EU,5
TF2 9EW,2
TF2 9EX,5
TF2 9EY,5
TF2 9EZ,5
TF2 9FA,2
TF2 9FB,2
TF2 9FD,10
TF2 9FE,10
TF2 9FF,10
TF2 9FG,5
TF2 9FH,8
TF2 9FJ,8
TF2 9FL,2
TF2 9FN,9
TF2 9FP,9
TF2 9FS,2
TF2 9FT,10
TF2 9FU,9
TF2 9FW,6
TF2 9FX,6
TF2 9FY,6
TF2 9FZ,6
TF2 9GA,6
TF2 9GB,2
TF2 9GD,10
TF2 9GE,10
TF2 9GF,9
TF2 9GG,9
TF2 9GH,9
TF2 9GJ,10
TF2 9GL,10
TF2 9GN,10
TF2 9GP,10
TF2 9GQ,6
TF2 9GR,5
TF2 9GS,2
TF2 9GT,5
TF2 9GU,10
TF2 9GW,10
TF2 9GX,10
TF2 9GY,10
TF2 9GZ,10
TF2 9HA,2
TF2 9HB,9
TF2 9HD,9
TF2 9HE,9
TF2 9HF,9
TF2 9HG,2
TF2 9HH,2
TF2 9HJ,2
TF2 9HL,2
TF2 9HN,2
TF2 9HP,2
TF2 9HQ,2
TF2 9HR,2
TF2 9HS,2
TF2 9HT,8
TF2 9HU,2
TF2 9HW,8
TF2 9HX,2
TF2 9HY,2
TF2 9HZ,2
TF2 9JA,2
TF2 9JB,2
TF2 9JD,2
TF2 9JE,2
TF2 9JF,5
TF2 9JG,2
TF2 9JH,5
TF2 9JJ,5
TF2 9JL,5
TF2 9JN,5
TF2 9JP,5
TF2 9JQ,2
TF2 9JR,5
TF2 9JS,5
TF2 9JT,5
TF2 9JU,5
TF2 9JW,5
TF2 9JX,8
TF2 9JY,5
TF2 9JZ,6
TF2 9LA,6
TF2 9LB,6
TF2 9LD,5
TF2 9LE,5
TF2 9LF,6
TF2 9LG,5
TF2 9LH,5
TF2 9LJ,5
TF2 9LL,6
TF2 9LN,6
TF2 9LP,6
TF2 9LQ,5
TF2 9LR,6
TF2 9LS,6
TF2 9LT,6
TF2 9LU,6
TF2 9LW,6
TF2 9LX,6
TF2 9LY,6
TF2 9LZ,6
TF2 9NA,6
TF2 9NB,6
TF2 9ND,5
TF2 9NE,2
TF2 9NF,10
TF2 9NG,6
TF2 9NH,2
TF2 9NJ,8
TF2 9NL,6
TF2 9NN,9
TF2 9NP,2
TF2 9NQ,10
TF2 9NR,10
TF2 9NS,10
TF2 9NT,9
TF2 9NU,6
TF2 9NW,9
TF2 9NX,10
TF2 9NY,10
TF2 9NZ,6
TF2 9PA,8
TF2 9PB,8
TF2 9PD,8
TF2 9PE,9
TF2 9PF,6
TF2 9PG,10
TF2 9PH,5
TF2 9PJ,9
TF2 9PL,6
TF2 9PN,6
TF2 9PP,8
TF2 9PQ,9
TF2 9PR,8
TF2 9PS,8
TF2 9PT,8
TF2 9PU,8
TF2 9PW,8
TF2 9PX,8
TF2 9PY,8
TF2 9PZ,8
TF2 9QA,8
TF2 9QB,8
TF2 9QD,8
TF2 9QE,5
TF2 9QF,8
TF2 9QG,2
TF2 9QH,9
TF2 9QJ,9
TF2 9QL,9
TF2 9QN,9
TF2 9QP,9
TF2 9QQ,2
TF2 9QR,9
TF2 9QS,9
TF2 9QT,10
TF2 9QU,10
TF2 9QW,9
TF2 9QX,10
TF2 9QY,10
TF2 9QZ,9
TF2 9RA,9
TF2 9RB,9
TF2 9RD,9
TF2 9RE,9
TF2 9RF,9
TF2 9RG,9
TF2 9RH,9
TF2 9RJ,10
TF2 9RL,10
TF2 9RN,10
TF2 9RP,9
TF2 9RQ,9
TF2 9RR,9
TF2 9RS,9
TF2 9RT,10
TF2 9RU,10
TF2 9RW,9
TF2 9RX,10
TF2 9RY,10
TF2 9RZ,10
TF2 9SA,10
TF2 9SB,10
TF2 9SD,10
TF2 9SE,10
TF2 9SF,10
TF2 9SG,10
TF2 9SH,6
TF2 9SJ,10
TF2 9SL,9
TF2 9SN,9
TF2 9SP,9
TF2 9SQ,10
TF2 9SR,10
TF2 9SS,10
TF2 9ST,10
TF2 9SU,9
TF2 9SW,9
TF2 9SX,10
TF2 9SY,10
TF2 9SZ,10
TF2 9TA,10
TF2 9TB,2
TF2 9TD,10
TF2 9TE,10
TF2 9TF,10
TF2 9TG,10
TF2 9TH,2
TF2 9TJ,10
TF2 9TL,10
TF2 9TN,2
TF2 9TP,4
TF2 9TQ,4
TF2 9TR,4
TF2 9TS,10
TF2 9TT,10
TF2 9TU,2
TF2 9TW,2
TF2 9TX,2
TF2 9TY,2
TF2 9TZ,2
TF2 9UA,10
TF2 9UB,6
TF2 9UD,6
TF2 9UE,6
TF2 9UF,4
TF2 9UG,4
TF2 9UH,4
TF2 9UJ,6
TF2 9UL,6
TF2 9UN,6
TF2 9UP,6
TF2 9UQ,6
TF2 9UR,10
TF2 9US,10
TF2 9UT,10
TF2 9UU,10
TF2 9UW,10
TF2 9UX,10
TF2 9UY,5
TF2 9UZ,5
TF2 9WA,2
TF2 9WB,6
TF2 9WD,3
TF2 9WE,10
TF2 9WF,10
TF2 9WG,10
TF2 9WH,2
TF2 9WJ,2
TF2 9WL,2
TF2 9WN,2
TF2 9WP,3
TF2 9WQ,2
TF2 9WR,2
TF2 9WS,2
TF2 9WT,2
TF2 9WU,2
TF2 9WW,3
TF2 9WX,2
TF2 9WY,3
TF2 9WZ,2
TF2 9XA,2
TF2 9XB,2
TF2 9XD,2
TF2 9XE,6
TF2 9XF,2
TF2 9XG,3
TF2 9XH,3
TF2 9XJ,3
TF2 9XL,2
TF2 9XN,10
TF2 9XX,2
TF2 9XY,3
TF2 9XZ,2
TF2 9YA,6
TF2 9YB,6
TF2 9YD,3
TF2 9YE,10
TF2 9YF,3
TF2 9YG,10
TF2 9YH,3
TF2 9YJ,3
TF2 9YL,3
TF2 9YN,6
TF2 9YQ,9
TF2 9YR,2
TF2 9YS,2
TF2 9YT,10
TF2 9YU,9
TF2 9YX,3
TF2 9YY,3
TF2 9ZA,10
TF2 9ZD,5
TF2 9ZE,5
TF2 9ZG,6
TF2 9ZJ,3
TF2 9ZQ,6
TF2 9ZS,10
TF2 9ZT,3
TF2 9ZU,3
TF3 1AB,8
TF3 1AD,1
TF3 1AT,6
TF3 1AU,6
TF3 1AW,6
TF3 1AX,6
TF3 1AY,6
TF3 1AZ,6
TF3 1BH,4
TF3 1BJ,8
TF3 1BL,8
TF3 1BN,8
TF3 1BP,4
TF3 1BS,4
TF3 1BT,4
TF3 1BU,4
TF3 1BW,8
TF3 1BX,4
TF3 1BY,4
TF3 1BZ,4
TF3 1DA,1
TF3 1DG,1
TF3 1DH,1
TF3 1DJ,1
TF3 1DL,1
TF3 1DN,1
TF3 1DP,4
TF3 1DQ,6
TF3 1DR,4
TF3 1DS,4
TF3 1DT,4
TF3 1DU,8
TF3 1DW,2
TF3 1DX,8
TF3 1DY,8
TF3 1DZ,2
TF3 1EA,8
TF3 1EB,2
TF3 1ED,8
TF3 1EE,4
TF3 1EF,2
TF3 1EG,8
TF3 1EH,8
TF3 1EJ,8
TF3 1EL,8
TF3 1EN,8
TF3 1EP,8
TF3 1EQ,4
TF3 1ER,8
TF3 1ES,8
TF3 1ET,2
TF3 1EU,4
TF3 1EW,8
TF3 1EX,2
TF3 1EY,2
TF3 1EZ,8
TF3 1FA,2
TF3 1FB,2
TF3 1FD,2
TF3 1FE,8
TF3 1FF,2
TF3 1FG,2
TF3 1FH,2
TF3 1FJ,2
TF3 1FL,2
TF3 1HF,4
TF3 1HH,4
TF3 1HJ,1
TF3 1HP,4
TF3 1HQ,1
TF3 1HW,4
TF3 1JX,1
TF3 1JZ,4
TF3 1LA,5
TF3 1LB,5
TF3 1LD,5
TF3 1LE,5
TF3 1LG,1
TF3 1LH,1
TF3 1LJ,1
TF3 1LL,1
TF3 1LN,1
TF3 1LP,1
TF3 1LQ,5
TF3 1LR,1
TF3 1LS,1
TF3 1LT,5
TF3 1LU,5
TF3 1LW,1
TF3 1LX,5
TF3 1LY,1
TF3 1LZ,1
TF3 1NA,1
TF3 1NB,1
TF3 1ND,1
TF3 1NE,1
TF3 1NF,1
TF3 1NG,1
TF3 1NH,1
TF3 1NJ,1
TF3 1NL,4
TF3 1NN,8
TF3 1NP,5
TF3 1NQ,1
TF3 1NR,5
TF3 1NS,5
TF3 1NT,5
TF3 1NU,5
TF3 1NW,4
TF3 1NX,5
TF3 1NY,5
TF3 1PA,1
TF3 1PB,1
TF3 1PD,1
TF3 1PE,1
TF3 1PF,5
TF3 1PG,1
TF3 1PH,1
TF3 1PJ,1
TF3 1PN,1
TF3 1PP,5
TF3 1PQ,1
TF3 1PR,1
TF3 1PS,1
TF3 1PT,1
TF3 1PU,1
TF3 1PW,5
TF3 1PX,1
TF3 1PY,1
TF3 1PZ,1
TF3 1QA,1
TF3 1QB,1
TF3 1QD,1
TF3 1QE,5
TF3 1QF,5
TF3 1QG,5
TF3 1QH,5
TF3 1QJ,5
TF3 1QL,4
TF3 1QN,4
TF3 1QP,5
TF3 1QQ,5
TF3 1QR,8
TF3 1QS,8
TF3 1QT,2
TF3 1QU,2
TF3 1QW,4
TF3 1QX,8
TF3 1RA,8
TF3 1RB,8
TF3 1RD,8
TF3 1RE,8
TF3 1RF,8
TF3 1RG,8
TF3 1RH,8
TF3 1RJ,8
TF3 1RL,8
TF3 1RN,8
TF3 1RP,8
TF3 1RQ,8
TF3 1RR,8
TF3 1RS,8
TF3 1RT,8
TF3 1RU,8
TF3 1RW,8
TF3 1RX,8
TF3 1RY,8
TF3 1SA,1
TF3 1SB,1
TF3 1SD,1
TF3 1SE,1
TF3 1SF,1
TF3 1SG,1
TF3 1SH,1
TF3 1SJ,1
TF3 1SL,1
TF3 1SN,1
TF3 1SP,4
TF3 1SQ,1
TF3 1SR,4
TF3 1SS,1
TF3 1ST,1
TF3 1SU,1
TF3 1SW,1
TF3 1SX,4
TF3 1SY,4
TF3 1SZ,4
TF3 1TA,4
TF3 1TB,4
TF3 1TD,4
TF3 1TE,4
TF3 1TF,4
TF3 1TG,4
TF3 1TH,4
TF3 1TJ,4
TF3 1TL,4
TF3 1TN,4
TF3 1TP,4
TF3 1TQ,4
TF3 1TR,4
TF3 1TS,4
TF3 1TT,4
TF3 1TU,4
TF3 1TW,4
TF3 1TX,4
TF3 1TY,4
TF3 1TZ,4
TF3 1UA,4
TF3 1UB,4
TF3 1UD,2
TF3 1UE,2
TF3 1UF,2
TF3 1UG,2
TF3 1UH,2
TF3 1UJ,2
TF3 1UL,2
TF3 1UN,2
TF3 1UP,2
TF3 1UQ,2
TF3 1UR,2
TF3 1UW,2
TF3 1WA,2
TF3 1WB,2
TF3 1WD,2
TF3 1WE,8
TF3 1WF,8
TF3 1WG,2
TF3 1WH,2
TF3 1WJ,2
TF3 1WL,8
TF3 1WN,2
TF3 1WP,2
TF3 1WQ,2
TF3 1WR,2
TF3 1WS,2
TF3 1WT,2
TF3 1WU,2
TF3 1WW,8
TF3 1WX,2
TF3 1WY,2
TF3 1WZ,2
TF3 1XA,2
TF3 1XB,2
TF3 1XD,2
TF3 1XE,2
TF3 1XF,2
TF3 1XG,2
TF3 1XH,2
TF3 1XJ,2
TF3 1XL,2
TF3 1XN,2
TF3 1XP,2
TF3 1XQ,2
TF3 1XR,2
TF3 1XS,2
TF3 1XT,2
TF3 1XU,2
TF3 1XW,2
TF3 1XX,2
TF3 1XY,2
TF3 1XZ,2
TF3 1YA,2
TF3 1YB,2
TF3 1YD,2
TF3 1YE,2
TF3 1YF,2
TF3 1YG,2
TF3 1YH,2
TF3 1YJ,2
TF3 1YL,2
TF3 1YN,2
TF3 1YP,2
TF3 1YQ,2
TF3 1YR,2
TF3 1YS,2
TF3 1YT,2
TF3 1YU,2
TF3 1YW,2
TF3 1YX,2
TF3 1YY,2
TF3 1YZ,2
TF3 1ZA,2
TF3 1ZB,2
TF3 1ZD,2
TF3 1ZE,2
TF3 1ZG,2
TF3 1ZH,2
TF3 1ZJ,2
TF3 1ZL,2
TF3 1ZN,2
TF3 1ZR,2
TF3 1ZS,2
TF3 1ZT,2
TF3 1ZU,2
TF3 1ZW,2
TF3 1ZY,2
TF3 2AA,2
TF3 2AB,2
TF3 2AD,3
TF3 2AE,3
TF3 2AF,2
TF3 2AG,3
TF3 2AH,2
TF3 2AJ,3
TF3 2AL,2
TF3 2AN,2
TF3 2AP,3
TF3 2AQ,2
TF3 2AR,3
TF3 2AS,3
TF3 2AT,8
TF3 2AU,3
TF3 2AW,3
TF3 2AX,8
TF3 2AY,3
TF3 2AZ,3
TF3 2BA,4
TF3 2BB,4
TF3 2BD,4
TF3 2BE,4
TF3 2BF,1
TF3 2BG,4
TF3 2BH,4
TF3 2BJ,4
TF3 2BL,4
TF3 2BN,4
TF3 2BP,4
TF3 2BQ,4
TF3 2BR,1
TF3 2BS,4
TF3 2BT,4
TF3 2BU,4
TF3 2BW,4
TF3 2BX,4
TF3 2BY,4
TF3 2BZ,4
TF3 2DA,4
TF3 2DB,4
TF3 2DD,4
TF3 2DE,4
TF3 2DF,4
TF3 2DG,4
TF3 2DH,4
TF3 2DJ,4
TF3 2DL,4
TF3 2DN,4
TF3 2DP,4
TF3 2DQ,4
TF3 2DR,4
TF3 2DS,4
TF3 2DT,4
TF3 2DU,4
TF3 2DW,4
TF3 2DX,4
TF3 2DY,4
TF3 2DZ,4
TF3 2EA,4
TF3 2EB,4
TF3 2ED,4
TF3 2EE,4
TF3 2EF,4
TF3 2EG,4
TF3 2EH,4
TF3 2EJ,4
TF3 2EL,4
TF3 2EN,4
TF3 2EP,4
TF3 2EQ,4
TF3 2ER,4
TF3 2ES,4
TF3 2ET,4
TF3 2EU,4
TF3 2EW,4
TF3 2EX,4
TF3 2EZ,8
TF3 2HA,1
TF3 2HB,1
TF3 2HD,1
TF3 2HE,1
TF3 2HF,1
TF3 2HG,1
TF3 2HH,1
TF3 2HJ,1
TF3 2HL,1
TF3 2HN,1
TF3 2HP,1
TF3 2HQ,1
TF3 2HR,1
TF3 2HS,1
TF3 2HT,1
TF3 2HU,1
TF3 2HW,1
TF3 2HX,1
TF3 2HY,1
TF3 2HZ,1
TF3 2JA,1
TF3 2JB,1
TF3 2JD,1
TF3 2JE,1
TF3 2JF,3
TF3 2JG,3
TF3 2JH,3
TF3 2JJ,3
TF3 2JL,3
TF3 2JN,1
TF3 2JP,1
TF3 2JQ,3
TF3 2JR,1
TF3 2JS,1
TF3 2JT,4
TF3 2JU,1
TF3 2JW,1
TF3 2JX,1
TF3 2JY,1
TF3 2JZ,4
TF3 2LA,3
TF3 2LB,3
TF3 2LD,3
TF3 2LE,3
TF3 2LF,3
TF3 2LG,3
TF3 2LH,3
TF3 2LJ,8
TF3 2LL,8
TF3 2LN,8
TF3 2LP,8
TF3 2LQ,8
TF3 2LR,3
TF3 2LS,3
TF3 2LT,3
TF3 2LU,3
TF3 2LW,8
TF3 2LX,8
TF3 2LY,8
TF3 2LZ,8
TF3 2NA,8
TF3 2NB,3
TF3 2ND,8
TF3 2NE,3
TF3 2NF,8
TF3 2NG,3
TF3 2NH,8
TF3 2NJ,8
TF3 2NL,8
TF3 2NN,8
TF3 2NP,8
TF3 2NQ,8
TF3 2NR,8
TF3 2NS,8
TF3 2NT,8
TF3 2SY,3
TF3 2WA,4
TF3 2WB,2
TF3 2WD,2
TF3 2WE,2
TF3 2WF,4
TF3 2WG,2
TF3 2WH,2
TF3 2WJ,2
TF3 2WL,2
TF3 2WN,2
TF3 2WP,2
TF3 2WQ,2
TF3 2WR,2
TF3 2WS,4
TF3 2WT,2
TF3 2WU,2
TF3 2WW,8
TF3 2WX,2
TF3 2WY,2
TF3 2WZ,2
TF3 2ZD,2
TF3 2ZJ,2
TF3 2ZR,2
TF3 2ZT,2
TF3 3AA,4
TF3 3AB,4
TF3 3AD,4
TF3 3AE,4
TF3 3AF,4
TF3 3AG,4
TF3 3AH,4
TF3 3AJ,4
TF3 3AL,4
TF3 3AN,4
TF3 3AP,4
TF3 3AQ,4
TF3 3AR,4
TF3 3AS,4
TF3 3AT,4
TF3 3AU,4
TF3 3AW,4
TF3 3AX,4
TF3 3AY,4
TF3 3AZ,4
TF3 3BA,4
TF3 3BB,4
TF3 3BD,4
TF3 3BE,4
TF3 3BG,4
TF3 3BH,4
TF3 3BJ,4
TF3 3BL,4
TF3 3BN,4
TF3 3BP,4
TF3 3BQ,4
TF3 3BS,4
TF3 3BT,4
TF3 3BU,4
TF3 3BW,4
TF3 3BX,4
TF3 3BY,4
TF3 3BZ,4
TF3 3DA,4
TF3 3DB,4
TF3 3DD,4
TF3 3DE,4
TF3 3DF,4
TF3 3DG,4
TF3 3DH,4
TF3 3DJ,4
TF3 3DL,4
TF3 3DN,4
TF3 3DY,4
TF3 3ED,8
TF3 3EN,4
TF3 3EP,8
TF3 3PH,4
TF3 3TP,4
TF3 3WA,2
TF3 3WB,3
TF3 3WD,2
TF3 3WE,3
TF3 3WF,3
TF3 3WG,3
TF3 3WH,3
TF3 3WJ,4
TF3 3WL,4
TF3 3WN,2
TF3 3WP,3
TF3 3WQ,2
TF3 3WR,2
TF3 3WS,2
TF3 3WT,2
TF3 3WU,3
TF3 3WW,2
TF3 3WX,3
TF3 3WY,2
TF3 3WZ,3
TF3 3XA,2
TF3 3XB,4
TF3 3ZE,4
TF3 3ZH,4
TF3 4AA,8
TF3 4AB,8
TF3 4AD,8
TF3 4AE,8
TF3 4AF,8
TF3 4AG,8
TF3 4AH,8
TF3 4AJ,8
TF3 4AL,8
TF3 4AN,8
TF3 4AP,8
TF3 4AQ,1
TF3 4AR,8
TF3 4AS,8
TF3 4AT,1
TF3 4AU,8
TF3 4AW,4
TF3 4AX,8
TF3 4AY,1
TF3 4AZ,8
TF3 4BA,8
TF3 4BB,8
TF3 4BD,8
TF3 4BE,8
TF3 4BF,1
TF3 4BG,1
TF3 4BH,8
TF3 4BJ,8
TF3 4BL,8
TF3 4BN,8
TF3 4BP,8
TF3 4BQ,8
TF3 4BS,8
TF3 4BT,8
TF3 4BU,8
TF3 4BW,8
TF3 4BX,8
TF3 4BY,8
TF3 4BZ,1
TF3 4DA,8
TF3 4DB,8
TF3 4DD,8
TF3 4DE,8
TF3 4DF,8
TF3 4DG,8
TF3 4DH,8
TF3 4DJ,8
TF3 4DL,8
TF3 4DN,8
TF3 4DP,8
TF3 4DQ,1
TF3 4DR,8
TF3 4DS,8
TF3 4DT,8
TF3 4DU,8
TF3 4DW,8
TF3 4DX,8
TF3 4DY,8
TF3 4DZ,8
TF3 4EA,1
TF3 4EB,8
TF3 4ED,8
TF3 4EE,8
TF3 4EF,1
TF3 4EG,8
TF3 4EH,1
TF3 4EJ,1
TF3 4EN,8
TF3 4EP,1
TF3 4EQ,8
TF3 4ER,4
TF3 4ET,8
TF3 4FU,1
TF3 4FW,1
TF3 4HA,1
TF3 4HB,8
TF3 4HD,1
TF3 4HE,8
TF3 4HF,8
TF3 4HG,8
TF3 4HH,8
TF3 4HL,8
TF3 4HN,8
TF3 4HP,8
TF3 4HQ,8
TF3 4HR,8
TF3 4HS,1
TF3 4HT,8
TF3 4HU,1
TF3 4HW,8
TF3 4HX,8
TF3 4HY,8
TF3 4HZ,1
TF3 4JA,8
TF3 4JB,8
TF3 4JD,8
TF3 4JE,8
TF3 4JF,1
TF3 4JG,1
TF3 4JH,1
TF3 4JJ,8
TF3 4JL,8
TF3 4JP,8
TF3 4JQ,1
TF3 4JR,1
TF3 4JU,8
TF3 4JW,1
TF3 4JZ,8
TF3 4LA,2
TF3 4LB,3
TF3 4LD,2
TF3 4LE,2
TF3 4LF,2
TF3 4LG,1
TF3 4LH,1
TF3 4LJ,2
TF3 4LL,1
TF3 4LN,1
TF3 4LP,2
TF3 4LQ,1
TF3 4LR,4
TF3 4LS,8
TF3 4LT,8
TF3 4LX,8
TF3 4LY,8
TF3 4LZ,8
TF3 4NA,8
TF3 4NB,8
TF3 4ND,8
TF3 4NE,8
TF3 4NF,8
TF3 4NG,8
TF3 4NH,8
TF3 4NJ,8
TF3 4NL,1
TF3 4NN,8
TF3 4NP,8
TF3 4NQ,8
TF3 4NR,1
TF3 4NT,8
TF3 4NW,4
TF6 5DT,9
TF6 5DU,9
TF6 5DW,7
TF6 5DY,7
TF6 5DZ,7
TF6 5EA,7
TF6 5EB,7
TF6 5ED,7
TF6 5EE,7
TF6 5EF,7
TF6 5EG,7
TF6 5EH,7
TF6 5EJ,7
TF6 5EL,7
TF6 5EN,7
TF6 5EP,5
TF6 5EQ,7
TF6 5ER,7
TF6 5ES,7
TF6 5ET,7
TF6 5EU,7
TF6 5EW,7
TF6 5EX,7
TF6 5EY,7
TF6 5EZ,7
TF6 5HA,7
TF6 5HB,7
TF6 5HD,7
TF6 5HE,7
TF6 5HF,7
TF6 5HG,5
TF6 5HH,5
TF6 5HJ,5
TF6 5HL,5
TF6 5HN,5
TF6 5HP,5
TF6 5HQ,5
TF6 5HR,5
TF6 5HS,7
TF6 5HW,5
TF6 5WA,3
TF6 5WB,3
TF6 5WD,7
TF6 5WE,3
TF6 5WF,3
TF6 5WG,3
TF6 5WH,3
TF6 5YN,3
TF6 5ZA,5
TF6 5ZY,3
TF6 6AA,4
TF6 6AB,4
TF6 6AD,4
TF6 6AE,4
TF6 6AF,4
TF6 6AG,4
TF6 6AH,4
TF6 6AJ,4
TF6 6AL,4
TF6 6AN,4
TF6 6AP,4
TF6 6AQ,4
TF6 6AR,4
TF6 6AS,4
TF6 6AT,4
TF6 6AU,4
TF6 6AW,4
TF6 6AX,4
TF6 6AY,4
TF6 6AZ,4
TF6 6BA,4
TF6 6BB,4
TF6 6BD,4
TF6 6BE,4
TF6 6BG,4
TF6 6BH,4
TF6 6BJ,4
TF6 6BL,4
TF6 6BN,4
TF6 6BP,4
TF6 6BQ,4
TF6 6BS,4
TF6 6BT,5
TF6 6BU,5
TF6 6BW,4
TF6 6BX,4
TF6 6BY,4
TF6 6BZ,4
TF6 6DA,9
TF6 6DB,9
TF6 6DD,9
TF6 6DE,5
TF6 6DF,8
TF6 6DG,8
TF6 6DH,8
TF6 6DJ,8
TF6 6DL,8
TF6 6DN,8
TF6 6DP,7
TF6 6DQ,8
TF6 6DR,7
TF6 6DS,7
TF6 6DT,7
TF6 6DU,7
TF6 6DW,7
TF6 6DX,5
TF6 6DY,5
TF6 6DZ,5
TF6 6EA,5
TF6 6EB,5
TF6 6ED,5
TF6 6EE,5
TF6 6EF,7
TF6 6EG,7
TF6 6EH,7
TF6 6EJ,5
TF6 6EL,6
TF6 6EN,4
TF6 6EP,6
TF6 6EQ,5
TF6 6ER,5
TF6 6ES,5
TF6 6ET,5
TF6 6EU,5
TF6 6EW,5
TF6 6EX,4
TF6 6EY,5
TF6 6EZ,5
TF6 6HA,7
TF6 6HB,7
TF6 6HD,7
TF6 6HE,7
TF6 6HF,7
TF6 6HG,7
TF6 6HH,5
TF6 6HJ,5
TF6 6HL,5
TF6 6HN,5
TF6 6HP,7
TF6 6HQ,5
TF6 6HR,5
TF6 6HS,5
TF6 6HT,5
TF6 6HU,5
TF6 6HW,7
TF6 6HX,5
TF6 6HY,5
TF6 6HZ,4
TF6 6JA,4
TF6 6JB,4
TF6 6JD,4
TF6 6JE,4
TF6 6JF,5
TF6 6JG,5
TF6 6JH,5
TF6 6JJ,5
TF6 6JN,5
TF6 6JP,5
TF6 6JQ,5
TF6 6JR,7
TF6 6JS,5
TF6 6JT,7
TF6 6JU,5
TF6 6JW,5
TF6 6JX,5
TF6 6JY,5
TF6 6LE,7
TF6 6LF,7
TF6 6LG,7
TF6 6LH,7
TF6 6LJ,7
TF6 6LL,7
TF6 6LN,4
TF6 6LP,7
TF6 6LQ,7
TF6 6LR,4
TF6 6LS,4
TF6 6LT,4
TF6 6LU,4
TF6 6LW,4
TF6 6LX,4
TF6 6LY,4
TF6 6LZ,4
TF6 6NA,7
TF6 6NB,7
TF6 6ND,7
TF6 6NE,7
TF6 6NF,7
TF6 6NG,7
TF6 6NH,7
TF6 6NJ,9
TF6 6NL,5
TF6 6NN,5
TF6 6NP,5
TF6 6NQ,5
TF6 6NR,5
TF6 6NS,5
TF6 6NT,5
TF6 6NU,5
TF6 6NW,5
TF6 6NX,5
TF6 6NY,5
TF6 6NZ,5
TF6 6PA,5
TF6 6PB,5
TF6 6PD,5
TF6 6PE,5
TF6 6PF,5
TF6 6PG,5
TF6 6PH,5
TF6 6PJ,5
TF6 6PL,5
TF6 6PN,5
TF6 6PP,5
TF6 6PQ,5
TF6 6PR,4
TF6 6PS,4
TF6 6PT,4
TF6 6PU,4
TF6 6PW,5
TF6 6PX,4
TF6 6PY,5
TF6 6PZ,5
TF6 6QA,5
TF6 6QB,4
TF6 6QD,5
TF6 6QE,4
TF6 6QF,4
TF6 6QG,4
TF6 6QH,5
TF6 6QJ,4
TF6 6QL,4
TF6 6QN,4
TF6 6QP,4
TF6 6QQ,4
TF6 6QR,4
TF6 6QS,4
TF6 6QT,4
TF6 6QU,4
TF6 6QW,4
TF6 6QX,4
TF6 6QY,4
TF6 6QZ,4
TF6 6RA,4
TF6 6RB,4
TF6 6RD,4
TF6 6RE,4
TF6 6RF,4
TF6 6RG,8
TF6 6RH,8
TF6 6RJ,8
TF6 6RL,4
TF6 6RN,4
TF6 6RP,4
TF6 6RQ,8
TF6 6RR,4
TF6 6RS,4
TF6 6RT,5
TF6 6RU,5
TF6 6RW,4
TF6 6RX,5
TF6 6TF,9
TF6 6TG,9
TF6 6TH,9
TF6 6TJ,9
TF6 6WA,3
TF6 6WB,3
TF6 6WD,4
TF6 6WE,3
TF6 6WF,4
TF6 6WG,4
TF6 6WH,3
TF6 6WJ,3
TF6 6WL,3
TF6 6WN,3
TF6 6WP,4
TF6 6WQ,3
TF6 6WR,3
TF6 6WS,3
TF6 6WZ,3
TF6 6YB,3
TF6 6ZY,3
TF7 4AA,2
TF7 4AB,2
TF7 4AD,2
TF7 4AE,2
TF7 4AF,2
TF7 4AG,2
TF7 4AH,2
TF7 4AJ,1
TF7 4AL,2
TF7 4AN,1
TF7 4AP,1
TF7 4AQ,2
TF7 4AR,1
TF7 4AS,2
TF7 4AT,1
TF7 4AU,1
TF7 4AW,2
TF7 4AX,1
TF7 4AY,1
TF7 4AZ,1
TF7 4BA,1
TF7 4BB,1
TF7 4BD,2
TF7 4BE,6
TF7 4BF,1
TF7 4BG,6
TF7 4BH,2
TF7 4BJ,1
TF7 4BL,2
TF7 4BN,2
TF7 4BP,1
TF7 4BQ,6
TF7 4BS,1
TF7 4BT,1
TF7 4BU,1
TF7 4BW,1
TF7 4BX,1
TF7 4BY,1
TF7 4BZ,1
TF7 4DA,1
TF7 4DB,1
TF7 4DD,1
TF7 4DE,1
TF7 4DF,1
TF7 4DG,1
TF7 4DH,2
TF7 4DJ,1
TF7 4DL,1
TF7 4DN,1
TF7 4DP,1
TF7 4DQ,1
TF7 4DR,1
TF7 4DS,1
TF7 4DT,6
TF7 4DU,6
TF7 4DW,1
TF7 4DX,6
TF7 4DY,2
TF7 4DZ,2
TF7 4EA,2
TF7 4EB,2
TF7 4ED,2
TF7 4EE,2
TF7 4EF,2
TF7 4EG,2
TF7 4EH,1
TF7 4EJ,6
TF7 4EL,1
TF7 4EN,1
TF7 4EP,2
TF7 4EQ,2
TF7 4ER,1
TF7 4ES,1
TF7 4ET,2
TF7 4EU,6
TF7 4EW,2
TF7 4EX,1
TF7 4EY,1
TF7 4EZ,1
TF7 4FP,1
TF7 4FT,1
TF7 4GA,1
TF7 4GB,1
TF7 4GD,1
TF7 4GE,1
TF7 4GF,1
TF7 4GG,1
TF7 4GH,1
TF7 4GJ,1
TF7 4GL,1
TF7 4GN,1
TF7 4GP,1
TF7 4GQ,1
TF7 4GR,1
TF7 4GS,1
TF7 4HA,1
TF7 4HB,1
TF7 4HD,1
TF7 4HE,1
TF7 4HF,1
TF7 4HG,2
TF7 4HH,1
TF7 4HJ,6
TF7 4HL,6
TF7 4HN,1
TF7 4HP,2
TF7 4HQ,1
TF7 4HR,2
TF7 4HS,2
TF7 4HT,1
TF7 4HU,1
TF7 4HW,6
TF7 4HX,6
TF7 4HY,6
TF7 4HZ,6
TF7 4JA,2
TF7 4JB,2
TF7 4JD,1
TF7 4JE,2
TF7 4JF,1
TF7 4JG,2
TF7 4JH,1
TF7 4JJ,1
TF7 4JL,1
TF7 4JN,2
TF7 4JP,2
TF7 4JQ,1
TF7 4JR,2
TF7 4JS,1
TF7 4JT,2
TF7 4JU,2
TF7 4JW,2
TF7 4JX,2
TF7 4JY,6
TF7 4JZ,2
TF7 4LA,1
TF7 4LB,1
TF7 4LD,1
TF7 4LE,1
TF7 4LF,1
TF7 4LG,2
TF7 4LH,1
TF7 4LJ,1
TF7 4LL,1
TF7 4LN,1
TF7 4LP,1
TF7 4LQ,1
TF7 4LR,1
TF7 4LS,6
TF7 4LT,6
TF7 4LU,1
TF7 4LW,1
TF7 4LX,2
TF7 4LY,2
TF7 4LZ,2
TF7 4NA,1
TF7 4NB,2
TF7 4ND,2
TF7 4NE,1
TF7 4NF,1
TF7 4NG,2
TF7 4NH,6
TF7 4NJ,6
TF7 4NL,1
TF7 4NN,1
TF7 4NP,2
TF7 4NQ,6
TF7 4NS,1
TF7 4NW,2
TF7 4NX,1
TF7 4NY,1
TF7 4NZ,1
TF7 4PA,1
TF7 4PB,1
TF7 4PD,1
TF7 4PE,3
TF7 4PF,1
TF7 4PG,2
TF7 4PH,2
TF7 4PJ,1
TF7 4PL,1
TF7 4PN,1
TF7 4PP,1
TF7 4PQ,1
TF7 4PR,6
TF7 4PS,1
TF7 4PT,1
TF7 4PU,1
TF7 4PW,1
TF7 4PX,2
TF7 4PY,2
TF7 4PZ,6
TF7 4QA,6
TF7 4QB,6
TF7 4QD,6
TF7 4QE,6
TF7 4QF,6
TF7 4QG,1
TF7 4QH,1
TF7 4QJ,1
TF7 4QL,1
TF7 4QN,1
TF7 4QP,2
TF7 4QQ,1
TF7 4QR,2
TF7 4QS,1
TF7 4QT,1
TF7 4QU,1
TF7 4QW,2
TF7 4QX,1
TF7 4QY,1
TF7 4QZ,1
TF7 4RA,2
TF7 4RB,2
TF7 4RD,1
TF7 4RE,1
TF7 4RF,1
TF7 4RG,1
TF7 4RJ,4
TF7 4RL,4
TF7 4RN,1
TF7 4RP,2
TF7 4RQ,1
TF7 4RT,2
TF7 4RU,2
TF7 4RW,3
TF7 4RX,2
TF7 4RY,2
TF7 4RZ,3
TF7 4SA,8
TF7 4SB,8
TF7 4SD,2
TF7 4SE,2
TF7 4SF,2
TF7 4SG,2
TF7 4SH,2
TF7 4SJ,2
TF7 4SL,2
TF7 4SN,2
TF7 4SP,2
TF7 4SQ,2
TF7 4SR,1
TF7 4ST,2
TF7 4SU,2
TF7 4SW,2
TF7 4SZ,1
TF7 4TA,1
TF7 4TD,1
TF7 4TE,1
TF7 4TF,1
TF7 4TG,1
TF7 4TJ,1
TF7 4TL,1
TF7 4TN,1
TF7 4TQ,1
TF7 4TS,1
TF7 4TW,1
TF7 4TX,1
TF7 4TY,1
TF7 4TZ,1
TF7 4UA,2
TF7 4UD,1
TF7 4UE,2
TF7 4UG,1
TF7 4UH,1
TF7 4UJ,1
TF7 4UL,1
TF7 4UN,1
TF7 4UP,1
TF7 4UQ,2
TF7 4UT,1
TF7 4UU,1
TF7 4UX,1
TF7 4WA,1
TF7 4WB,2
TF7 4WD,2
TF7 4WE,1
TF7 4WF,1
TF7 4WG,2
TF7 4WH,2
TF7 4WJ,1
TF7 4WL,1
TF7 4WN,1
TF7 4WP,2
TF7 4WQ,2
TF7 4WR,1
TF7 4WS,2
TF7 4WT,1
TF7 4WU,2
TF7 4WW,1
TF7 4WX,1
TF7 4WY,1
TF7 4WZ,2
TF7 4XA,2
TF7 4XB,2
TF7 4XD,2
TF7 4XF,2
TF7 4XP,2
TF7 4XZ,2
TF7 4YB,2
TF7 4YR,2
TF7 4ZA,2
TF7 4ZE,2
TF7 4ZF,2
TF7 4ZG,2
TF7 4ZH,2
TF7 4ZL,2
TF7 4ZP,2
TF7 4ZR,2
TF7 4ZT,2
TF7 4ZW,2
TF7 5AA,8
TF7 5AB,3
TF7 5AD,2
TF7 5AE,2
TF7 5AF,2
TF7 5AG,2
TF7 5AH,2
TF7 5AJ,2
TF7 5AL,2
TF7 5AN,8
TF7 5AP,2
TF7 5AQ,2
TF7 5AR,2
TF7 5AS,2
TF7 5AT,2
TF7 5AU,2
TF7 5AW,2
TF7 5AX,2
TF7 5AY,8
TF7 5AZ,8
TF7 5BA,8
TF7 5BB,2
TF7 5BD,2
TF7 5BE,2
TF7 5BF,8
TF7 5BG,2
TF7 5BH,2
TF7 5BJ,2
TF7 5BL,8
TF7 5BN,8
TF7 5BP,2
TF7 5BQ,2
TF7 5BS,2
TF7 5BT,2
TF7 5BU,3
TF7 5BW,8
TF7 5BX,2
TF7 5BY,3
TF7 5BZ,3
TF7 5DA,3
TF7 5DB,3
TF7 5DD,3
TF7 5DE,3
TF7 5DF,3
TF7 5DG,8
TF7 5DH,3
TF7 5DJ,3
TF7 5DL,3
TF7 5DN,8
TF7 5DP,8
TF7 5DQ,3
TF7 5DR,8
TF7 5DS,8
TF7 5DT,7
TF7 5DU,6
TF7 5DW,2
TF7 5DX,3
TF7 5DY,8
TF7 5DZ,2
TF7 5EA,2
TF7 5EB,2
TF7 5ED,2
TF7 5EE,2
TF7 5EF,2
TF7 5EG,2
TF7 5EH,2
TF7 5EJ,2
TF7 5EL,2
TF7 5EN,2
TF7 5EP,2
TF7 5EQ,2
TF7 5ER,2
TF7 5ES,2
TF7 5ET,2
TF7 5EU,3
TF7 5EW,2
TF7 5EX,3
TF7 5EY,3
TF7 5EZ,2
TF7 5FA,3
TF7 5FB,2
TF7 5FD,2
TF7 5FE,1
TF7 5FF,2
TF7 5FG,1
TF7 5FH,1
TF7 5FJ,1
TF7 5FL,2
TF7 5FN,6
TF7 5FP,2
TF7 5GA,1
TF7 5GB,1
TF7 5GD,1
TF7 5GE,1
TF7 5GF,1
TF7 5GG,1
TF7 5GH,1
TF7 5GJ,1
TF7 5GL,1
TF7 5GY,1
TF7 5HA,3
TF7 5HB,3
TF7 5HD,3
TF7 5HE,3
TF7 5HF,3
TF7 5HG,8
TF7 5HH,3
TF7 5HJ,3
TF7 5HL,1
TF7 5HN,1
TF7 5HP,1
TF7 5HQ,3
TF7 5HR,1
TF7 5HS,1
TF7 5HT,2
TF7 5HU,4
TF7 5HW,1
TF7 5HX,4
TF7 5HY,4
TF7 5HZ,4
TF7 5JA,4
TF7 5JB,4
TF7 5JD,4
TF7 5JE,4
TF7 5JF,4
TF7 5JG,4
TF7 5JH,4
TF7 5JJ,4
TF7 5JL,4
TF7 5JN,7
TF7 5JP,4
TF7 5JQ,4
TF7 5JR,4
TF7 5JS,1
TF7 5JT,4
TF7 5JU,3
TF7 5JW,4
TF7 5JX,3
TF7 5JY,3
TF7 5JZ,3
TF7 5LA,3
TF7 5LB,3
TF7 5LD,3
TF7 5LE,5
TF7 5LF,4
TF7 5LG,1
TF7 5LH,5
TF7 5LJ,1
TF7 5LL,2
TF7 5LN,1
TF7 5LP,8
TF7 5LQ,5
TF7 5LR,2
TF7 5LS,1
TF7 5LT,1
TF7 5LU,1
TF7 5LW,1
TF7 5LX,1
TF7 5LY,1
TF7 5LZ,1
TF7 5NA,1
TF7 5NB,1
TF7 5ND,1
TF7 5NE,1
TF7 5NF,1
TF7 5NG,1
TF7 5NH,1
TF7 5NJ,1
TF7 5NL,1
TF7 5NN,1
TF7 5NP,1
TF7 5NQ,1
TF7 5NR,1
TF7 5NS,1
TF7 5NT,1
TF7 5NU,1
TF7 5NW,1
TF7 5NX,1
TF7 5NY,1
TF7 5NZ,1
TF7 5PA,1
TF7 5PB,1
TF7 5PD,1
TF7 5PE,1
TF7 5PF,1
TF7 5PG,1
TF7 5PH,1
TF7 5PJ,1
TF7 5PL,1
TF7 5PN,1
TF7 5PP,1
TF7 5PQ,2
TF7 5PR,1
TF7 5PS,1
TF7 5PT,1
TF7 5PU,1
TF7 5PW,1
TF7 5PX,2
TF7 5PY,2
TF7 5PZ,2
TF7 5QA,2
TF7 5QB,2
TF7 5QD,2
TF7 5QE,1
TF7 5QF,2
TF7 5QG,2
TF7 5QH,2
TF7 5QJ,1
TF7 5QL,1
TF7 5QN,1
TF7 5QP,1
TF7 5QQ,1
TF7 5QR,1
TF7 5QS,1
TF7 5QT,6
TF7 5QU,6
TF7 5QW,1
TF7 5QX,6
TF7 5QY,6
TF7 5QZ,1
TF7 5RA,1
TF7 5RB,1
TF7 5RD,1
TF7 5RE,1
TF7 5RF,1
TF7 5RG,1
TF7 5RH,2
TF7 5RJ,3
TF7 5RL,4
TF7 5RN,4
TF7 5RP,4
TF7 5RQ,1
TF7 5RR,4
TF7 5RS,4
TF7 5RT,1
TF7 5RU,4
TF7 5RX,4
TF7 5RY,1
TF7 5RZ,1
TF7 5SA,8
TF7 5SB,8
TF7 5SD,8
TF7 5SE,8
TF7 5SF,8
TF7 5SG,2
TF7 5SH,3
TF7 5SJ,3
TF7 5SL,3
TF7 5SN,3
TF7 5SP,8
TF7 5SQ,3
TF7 5SR,8
TF7 5SS,8
TF7 5ST,8
TF7 5SU,8
TF7 5SW,3
TF7 5SX,8
TF7 5SY,4
TF7 5SZ,4
TF7 5TA,8
TF7 5TB,8
TF7 5TD,8
TF7 5TE,8
TF7 5TF,8
TF7 5TG,2
TF7 5TH,2
TF7 5TJ,2
TF7 5TL,2
TF7 5TN,2
TF7 5TP,4
TF7 5TQ,2
TF7 5TR,4
TF7 5TS,3
TF7 5TT,2
TF7 5TU,2
TF7 5TW,8
TF7 5TX,1
TF7 5TY,1
TF7 5TZ,1
TF7 5UA,2
TF7 5UB,2
TF7 5UD,6
TF7 5UE,2
TF7 5UF,4
TF7 5UG,2
TF7 5UH,2
TF7 5UJ,2
TF7 5UL,1
TF7 5UN,1
TF7 5UP,7
TF7 5WA,2
TF7 5WB,2
TF7 5WD,2
TF7 5WE,2
TF7 5WF,2
TF7 5WG,2
TF7 5WH,2
TF7 5WJ,2
TF7 5WL,2
TF7 5WN,2
TF7 5WP,1
TF7 5WQ,2
TF7 5WR,1
TF7 5WS,1
TF7 5WT,1
TF7 5WU,1
TF7 5WW,2
TF7 5WX,1
TF7 5WY,2
TF7 5WZ,2
TF7 5XA,2
TF7 5XB,2
TF7 5XD,2
TF7 5XQ,2
TF7 5XZ,2
TF7 5ZD,2
TF7 5ZQ,2
TF7 5ZU,2
TF7 5ZW,2
TF7 5ZY,2
TF7 9AA,
TF7 9AB,2
TF7 9AD,2
TF7 9AE,2
TF7 9AF,2
TF7 9AG,2
TF7 9AH,2
TF7 9AJ,2
TF7 9AL,2
TF7 9AN,2
TF7 9AP,2
TF7 9AQ,2
TF7 9AR,2
TF7 9AS,2
TF7 9AT,2
TF7 9AU,2
TF7 9AW,2
TF7 9AX,2
TF7 9AY,2
TF7 9AZ,2
TF7 9BA,2
TF7 9BB,2
TF7 9BD,2
TF7 9BE,2
TF7 9BF,2
TF7 9BG,2
TF7 9BH,2
TF7 9BJ,2
TF7 9BL,2
TF7 9BN,2
TF7 9BP,2
TF7 9BQ,2
TF7 9BR,2
TF7 9BS,2
TF7 9BT,2
TF7 9BU,2
TF7 9BW,2
TF7 9BX,2
TF7 9BY,2
TF7 9BZ,2
TF7 9DA,2
TF7 9DB,2
TF7 9DD,2
TF7 9DE,2
TF7 9DF,2
TF7 9DG,2
TF7 9DH,2
TF7 9DJ,2
TF7 9DL,2
TF7 9DN,2
TF7 9DP,2
TF7 9DQ,2
TF7 9DS,2
TF7 9DT,2
TF7 9DU,2
TF7 9DW,2
TF7 9DX,2
TF7 9DY,2
TF7 9DZ,2
TF7 9EA,2
TF7 9EB,2
TF7 9ED,2
TF7 9EF,2
TF7 9EG,2
TF7 9EH,2
TF7 9EJ,2
TF7 9EL,2
TF7 9EN,2
TF7 9EP,2
TF7 9EQ,2
TF7 9ER,2
TF7 9ES,2
TF7 9ET,2
TF7 9EU,2
TF7 9EW,2
TF7 9EX,2
TF7 9EY,2
TF7 9EZ,2
TF7 9FA,2
TF7 9FB,2
TF7 9FD,2
TF7 9FE,2
TF7 9FF,2
TF7 9FG,2
TF7 9FH,2
TF7 9FJ,2
TF7 9FL,2
TF3 4PA,4
TF3 4PB,4
TF3 4PD,1
TF3 4QA,4
TF3 4TA,8
TF3 4TD,4
TF3 4TE,4
TF3 4TF,8
TF3 4TG,4
TF3 4TJ,8
TF3 4TL,8
TF3 4TQ,8
TF3 4WA,2
TF3 4WB,2
TF3 4WD,2
TF3 4WE,8
TF3 4WF,2
TF3 4WG,8
TF3 4WH,2
TF3 4WJ,2
TF3 4WL,4
TF3 4WN,2
TF3 4WP,2
TF3 4WQ,2
TF3 4WR,2
TF3 4WS,8
TF3 4WT,2
TF3 4WU,2
TF3 4WZ,2
TF3 4XA,2
TF3 4YQ,2
TF3 4ZW,2
TF3 5AA,8
TF3 5AB,8
TF3 5AD,8
TF3 5AE,3
TF3 5AF,8
TF3 5AG,3
TF3 5AH,3
TF3 5AJ,3
TF3 5AL,3
TF3 5AN,3
TF3 5AP,3
TF3 5AQ,3
TF3 5AR,3
TF3 5AS,3
TF3 5AT,7
TF3 5AU,3
TF3 5AW,3
TF3 5AX,8
TF3 5AY,3
TF3 5AZ,3
TF3 5BA,3
TF3 5BB,3
TF3 5BD,3
TF3 5BE,3
TF3 5BF,3
TF3 5BG,8
TF3 5BH,8
TF3 5BJ,7
TF3 5BL,3
TF3 5BN,3
TF3 5BP,3
TF3 5BQ,8
TF3 5BS,3
TF3 5BT,8
TF3 5BU,8
TF3 5BW,3
TF3 5BX,3
TF3 5BY,3
TF3 5BZ,3
TF3 5DA,8
TF3 5DB,4
TF3 5DD,4
TF3 5DE,4
TF3 5DF,4
TF3 5DG,4
TF3 5DH,4
TF3 5DJ,4
TF3 5DL,4
TF3 5DN,8
TF3 5DP,8
TF3 5DQ,4
TF3 5DR,8
TF3 5DS,8
TF3 5DT,8
TF3 5DU,8
TF3 5DW,8
TF3 5DX,8
TF3 5DY,8
TF3 5DZ,8
TF3 5EA,8
TF3 5EB,8
TF3 5ED,8
TF3 5EE,8
TF3 5EF,8
TF3 5EG,8
TF3 5EH,4
TF3 5EJ,8
TF3 5EL,8
TF3 5EN,8
TF3 5EP,4
TF3 5EQ,8
TF3 5ER,3
TF3 5ES,3
TF3 5ET,3
TF3 5EU,3
TF3 5EW,4
TF3 5EX,3
TF3 5EY,8
TF3 5FA,3
TF3 5FB,3
TF3 5GA,3
TF3 5GB,3
TF3 5GD,3
TF3 5GE,3
TF3 5GF,3
TF3 5GG,3
TF3 5GH,3
TF3 5GJ,3
TF3 5GL,3
TF3 5GN,3
TF3 5GP,3
TF3 5GQ,3
TF3 5GR,3
TF3 5GS,3
TF3 5GT,3
TF3 5GU,3
TF3 5GW,3
TF3 5GX,3
TF3 5GY,3
TF3 5GZ,3
TF3 5HA,3
TF3 5HB,3
TF3 5HD,3
TF3 5HE,3
TF3 5HF,3
TF3 5HG,3
TF3 5HH,3
TF3 5HL,3
TF3 5HN,3
TF3 5HP,3
TF3 5HQ,3
TF3 5HR,4
TF3 5HS,3
TF3 5HT,4
TF3 5HU,3
TF3 5HW,3
TF3 5HX,3
TF3 5HZ,3
TF3 5JA,3
TF3 5JB,3
TF3 5JD,3
TF3 5JE,3
TF3 5JF,3
TF3 5JG,3
TF3 5JH,3
TF3 5JJ,3
TF3 5JL,3
TF3 5JP,3
TF3 5JQ,3
TF3 5JR,4
TF3 5UZ,3
TF3 5WA,2
TF3 5WB,3
TF3 5WD,4
TF3 5WE,4
TF3 5WF,2
TF3 5WG,3
TF3 5WH,2
TF3 5WJ,2
TF3 5YD,4
TF4 2AA,1
TF4 2AB,1
TF4 2AD,1
TF4 2AE,1
TF4 2AF,1
TF4 2AG,4
TF4 2AH,4
TF4 2AJ,4
TF4 2AL,4
TF4 2AN,1
TF4 2AP,1
TF4 2AQ,1
TF4 2AR,1
TF4 2AS,4
TF4 2AT,4
TF4 2AU,2
TF4 2AW,1
TF4 2AX,4
TF4 2AY,4
TF4 2AZ,4
TF4 2BA,4
TF4 2BB,4
TF4 2BD,4
TF4 2BE,4
TF4 2BF,7
TF4 2BG,4
TF4 2BH,4
TF4 2BJ,1
TF4 2BL,1
TF4 2BN,4
TF4 2BP,4
TF4 2BQ,4
TF4 2BS,4
TF4 2BT,4
TF4 2BU,4
TF4 2BW,4
TF4 2BX,1
TF4 2BY,1
TF4 2BZ,4
TF4 2DA,1
TF4 2DB,1
TF4 2DD,4
TF4 2DE,1
TF4 2DF,1
TF4 2DG,1
TF4 2DH,1
TF4 2DJ,1
TF4 2DL,1
TF4 2DN,1
TF4 2DP,1
TF4 2DQ,1
TF4 2DR,1
TF4 2DS,1
TF4 2DT,1
TF4 2DU,1
TF4 2DW,1
TF4 2DX,1
TF4 2DY,1
TF4 2DZ,1
TF4 2EA,1
TF4 2EB,4
TF4 2ED,1
TF4 2EE,1
TF4 2EF,1
TF4 2EG,1
TF4 2EH,4
TF4 2EJ,1
TF4 2EL,1
TF4 2EN,1
TF4 2EP,1
TF4 2EQ,1
TF4 2ER,4
TF4 2ES,1
TF4 2ET,1
TF4 2EU,1
TF4 2EW,1
TF4 2EX,1
TF4 2EY,4
TF4 2EZ,4
TF4 2FA,1
TF4 2FB,7
TF4 2FD,7
TF4 2FE,1
TF4 2FF,8
TF4 2FG,7
TF4 2FH,7
TF4 2FJ,7
TF4 2FL,7
TF4 2FN,3
TF4 2FP,8
TF4 2FQ,8
TF4 2FR,8
TF4 2FS,8
TF4 2FT,8
TF4 2FU,4
TF4 2FW,8
TF4 2FX,8
TF4 2FY,8
TF4 2FZ,4
TF4 2GA,8
TF4 2GB,8
TF4 2GD,8
TF4 2GE,8
TF4 2GF,8
TF4 2GG,8
TF4 2GH,8
TF4 2GJ,8
TF4 2GL,8
TF4 2GN,8
TF4 2GP,8
TF4 2GQ,8
TF4 2GR,8
TF4 2GS,8
TF4 2GT,3
TF4 2GU,3
TF4 2GW,3
TF4 2GX,4
TF4 2GY,4
TF4 2GZ,4
TF4 2HA,1
TF4 2HB,1
TF4 2HD,1
TF4 2HE,1
TF4 2HF,1
TF4 2HG,1
TF4 2HH,1
TF4 2HJ,1
TF4 2HL,1
TF4 2HN,1
TF4 2HP,1
TF4 2HQ,1
TF4 2HR,1
TF4 2HS,1
TF4 2HT,1
TF4 2HU,1
TF4 2HW,1
TF4 2HX,1
TF4 2HY,1
TF4 2HZ,1
TF4 2JA,4
TF4 2JB,4
TF4 2JD,4
TF4 2JE,4
TF4 2JF,1
TF4 2JG,4
TF4 2JH,4
TF4 2JJ,4
TF4 2JL,4
TF4 2JN,4
TF4 2JP,4
TF4 2JQ,4
TF4 2JR,4
TF4 2JS,4
TF4 2JT,1
TF4 2JU,1
TF4 2JW,4
TF4 2JX,1
TF4 2JY,1
TF4 2JZ,8
TF4 2LA,8
TF4 2LB,8
TF4 2LD,6
TF4 2LE,1
TF4 2LF,8
TF4 2LG,8
TF4 2LH,4
TF4 2LJ,4
TF4 2LL,8
TF4 2LN,8
TF4 2LP,4
TF4 2LQ,4
TF4 2LR,4
TF4 2LS,8
TF4 2LT,8
TF4 2LU,8
TF4 2LW,4
TF4 2LX,8
TF4 2LY,8
TF4 2LZ,8
TF4 2NA,8
TF4 2NB,8
TF4 2ND,8
TF4 2NE,6
TF4 2NF,6
TF4 2NG,8
TF4 2NH,1
TF4 2NJ,1
TF4 2NL,1
TF4 2NN,1
TF4 2NP,1
TF4 2NQ,1
TF4 2NR,1
TF4 2NS,4
TF4 2NT,4
TF4 2NU,6
TF4 2NW,1
TF4 2NX,8
TF4 2NY,8
TF4 2NZ,8
TF4 2PA,6
TF4 2PB,8
TF4 2PD,8
TF4 2PE,8
TF4 2PF,8
TF4 2PG,8
TF4 2PH,8
TF4 2PJ,8
TF4 2PL,8
TF4 2PN,8
TF4 2PP,4
TF4 2PQ,8
TF4 2PR,7
TF4 2PS,8
TF4 2PT,8
TF4 2PU,6
TF4 2PW,8
TF4 2PX,6
TF4 2PY,8
TF4 2PZ,8
TF4 2QA,4
TF4 2QB,4
TF4 2QD,4
TF4 2QE,4
TF4 2QF,4
TF4 2QG,1
TF4 2QH,1
TF4 2QJ,1
TF4 2QL,1
TF4 2QN,1
TF4 2QP,1
TF4 2QQ,1
TF4 2QR,1
TF4 2QS,1
TF4 2QT,1
TF4 2QU,1
TF4 2QW,1
TF4 2QX,4
TF4 2QY,4
TF4 2QZ,4
TF4 2RA,4
TF4 2RB,4
TF4 2RD,4
TF4 2RE,4
TF4 2RF,4
TF4 2RG,7
TF4 2RH,1
TF4 2RJ,1
TF4 2RL,8
TF4 2RN,1
TF4 2RP,1
TF4 2RQ,1
TF4 2RR,1
TF4 2RS,1
TF4 2RT,1
TF4 2RU,1
TF4 2RW,1
TF4 2RX,7
TF4 2RY,4
TF4 2RZ,4
TF4 2SA,8
TF4 2SB,8
TF4 2SD,8
TF4 2SE,8
TF4 2SF,8
TF4 2SG,8
TF4 2SH,8
TF4 2SJ,8
TF4 2SL,8
TF4 2SN,1
TF4 2SQ,8
TF4 2SR,8
TF4 2SS,4
TF4 2ST,8
TF4 2SW,8
TF4 2SY,8
TF4 2SZ,8
TF4 2TA,8
TF4 2TB,8
TF4 2TF,8
TF4 2TG,8
TF4 2TJ,8
TF4 2TL,1
TF4 2WA,2
TF4 2WB,2
TF4 2WD,2
TF4 2WE,2
TF4 2WF,4
TF4 2WG,1
TF4 2WH,2
TF4 2WJ,1
TF4 2WL,2
TF4 2WN,2
TF4 2WP,1
TF4 2WQ,2
TF4 2WR,2
TF4 2WS,2
TF4 2WT,2
TF4 2WU,2
TF4 2WZ,2
TF4 2XA,2
TF4 2XB,2
TF4 2XF,2
TF4 2XR,2
TF4 2YA,2
TF4 2YR,2
TF4 2ZL,2
TF4 2ZR,2
TF4 2ZT,2
TF4 3AA,1
TF4 3AB,1
TF4 3AD,1
TF4 3AE,1
TF4 3AF,1
TF4 3AG,1
TF4 3AH,1
TF4 3AJ,1
TF4 3AL,1
TF4 3AN,1
TF4 3AP,1
TF4 3AQ,1
TF4 3AR,1
TF4 3AS,8
TF4 3AT,1
TF4 3AU,8
TF4 3AW,1
TF4 3AX,1
TF4 3AY,8
TF4 3AZ,1
TF4 3BA,1
TF4 3BB,1
TF4 3BD,6
TF4 3BE,6
TF4 3BF,6
TF4 3BG,1
TF4 3BH,6
TF4 3BJ,6
TF4 3BL,6
TF4 3BN,6
TF4 3BP,6
TF4 3BQ,6
TF4 3BS,6
TF4 3BT,6
TF4 3BU,6
TF4 3BW,6
TF4 3BX,6
TF4 3BY,6
TF4 3BZ,6
TF4 3DA,1
TF4 3DB,1
TF4 3DD,1
TF4 3DE,1
TF4 3DF,1
TF4 3DG,1
TF4 3DH,1
TF4 3DJ,1
TF4 3DL,1
TF4 3DN,1
TF4 3DP,1
TF4 3DQ,1
TF4 3DR,1
TF4 3DS,1
TF4 3DT,1
TF4 3DU,1
TF4 3DW,1
TF4 3DX,1
TF4 3DY,1
TF4 3DZ,1
TF4 3EA,1
TF4 3EB,4
TF4 3ED,4
TF4 3EE,6
TF4 3EF,8
TF4 3EG,6
TF4 3EH,4
TF4 3EJ,4
TF4 3EL,4
TF4 3EN,4
TF4 3EP,4
TF4 3EQ,6
TF4 3ER,4
TF4 3ES,4
TF4 3ET,4
TF4 3EU,4
TF4 3EW,4
TF4 3EX,4
TF4 3EY,4
TF4 3EZ,4
TF4 3FA,6
TF4 3FB,6
TF4 3FD,6
TF4 3FE,6
TF4 3FG,6
TF4 3FH,6
TF4 3FJ,6
TF4 3FL,6
TF4 3FN,6
TF4 3FP,6
TF4 3FQ,6
TF4 3FR,6
TF4 3FS,6
TF4 3FT,6
TF4 3FU,6
TF4 3FX,6
TF4 3FY,1
TF4 3FZ,1
TF4 3GA,6
TF4 3GB,6
TF4 3GD,6
TF4 3GE,6
TF4 3GF,6
TF4 3GG,6
TF4 3GH,6
TF4 3GJ,6
TF4 3GL,1
TF4 3HA,4
TF4 3HB,8
TF4 3HD,4
TF4 3HE,4
TF4 3HF,4
TF4 3HG,4
TF4 3HH,4
TF4 3HJ,4
TF4 3HL,4
TF4 3HN,4
TF4 3HP,4
TF4 3HQ,4
TF4 3HR,8
TF4 3HS,8
TF4 3HT,8
TF4 3HU,8
TF4 3HW,8
TF4 3HX,8
TF4 3HY,8
TF4 3HZ,4
TF4 3JA,8
TF4 3JB,8
TF4 3JD,8
TF4 3JE,4
TF4 3JF,4
TF4 3JG,4
TF4 3JH,8
TF4 3JJ,1
TF4 3JL,1
TF4 3JN,1
TF4 3JP,1
TF4 3JQ,4
TF4 3JR,1
TF4 3JS,1
TF4 3JT,1
TF4 3JU,1
TF4 3JW,1
TF4 3JX,6
TF4 3JY,6
TF4 3JZ,1
TF4 3LA,1
TF4 3LB,6
TF4 3LD,6
TF4 3LE,1
TF4 3LF,6
TF4 3LG,6
TF4 3LH,1
TF4 3LJ,6
TF4 3LL,1
TF4 3LN,1
TF4 3LP,6
TF4 3LQ,1
TF4 3LR,1
TF4 3LS,6
TF4 3LT,6
TF4 3LU,6
TF4 3LW,1
TF4 3LX,4
TF4 3LY,6
TF4 3LZ,6
TF4 3NA,6
TF4 3NB,6
TF4 3ND,6
TF4 3NE,6
TF4 3NF,4
TF4 3NG,6
TF4 3NH,4
TF4 3NJ,4
TF4 3NL,4
TF4 3NN,6
TF4 3NP,6
TF4 3NQ,4
TF4 3NR,6
TF4 3NS,1
TF4 3NT,6
TF4 3NU,4
TF4 3NW,6
TF4 3NX,6
TF4 3NY,6
TF4 3NZ,1
TF4 3PA,1
TF4 3PB,6
TF4 3PD,6
TF4 3PE,6
TF4 3PF,6
TF4 3PG,6
TF4 3PH,6
TF4 3PJ,6
TF4 3PL,6
TF4 3PN,6
TF4 3PP,1
TF4 3PQ,6
TF4 3PR,1
TF4 3PS,1
TF4 3PT,6
TF4 3PU,6
TF4 3PW,6
TF4 3PX,6
TF4 3PY,6
TF4 3PZ,6
TF4 3QA,6
TF4 3QB,7
TF4 3QD,5
TF4 3QE,5
TF4 3QF,6
TF4 3QG,6
TF4 3QH,6
TF4 3QJ,6
TF4 3QL,6
TF4 3QN,6
TF4 3QP,6
TF4 3QQ,6
TF4 3QR,6
TF4 3QS,6
TF4 3QT,6
TF4 3QU,1
TF4 3QW,6
TF4 3QX,6
TF4 3QY,6
TF4 3QZ,6
TF4 3RA,8
TF4 3RB,8
TF4 3RD,4
TF4 3RE,4
TF4 3RF,4
TF4 3RG,4
TF4 3RH,4
TF4 3RJ,4
TF4 3RL,4
TF4 3RN,4
TF4 3RP,8
TF4 3RQ,4
TF4 3RR,8
TF4 3RS,8
TF4 3RT,8
TF4 3RU,8
TF4 3RW,4
TF4 3RX,8
TF4 3RY,8
TF4 3RZ,8
TF4 3SA,8
TF4 3SB,8
TF4 3SD,8
TF4 3SE,8
TF4 3SF,8
TF4 3SG,4
TF4 3SH,4
TF4 3SJ,4
TF4 3SL,8
TF4 3SN,8
TF4 3SP,8
TF4 3SQ,4
TF4 3SR,8
TF4 3SS,8
TF4 3ST,6
TF4 3SU,6
TF4 3SW,8
TF4 3SX,6
TF4 3SY,6
TF4 3SZ,6
TF4 3TA,8
TF4 3TB,6
TF4 3TD,6
TF4 3TE,4
TF4 3TG,4
TF4 3TH,4
TF4 3TJ,4
TF4 3TL,8
TF4 3TN,8
TF4 3TP,6
TF4 3TQ,4
TF4 3TR,4
TF4 3TS,4
TF4 3TT,6
TF4 3TU,6
TF4 3TW,8
TF4 3TX,6
TF4 3UA,6
TF4 3UB,6
TF4 3UD,6
TF4 3UE,6
TF4 3UF,6
TF4 3UG,8
TF4 3UH,6
TF4 3UJ,8
TF4 3UL,6
TF4 3UN,8
TF4 3UP,8
TF4 3UQ,8
TF4 3UR,6
TF4 3US,8
TF4 3WA,4
TF4 3WB,2
TF4 3WD,2
TF4 3WE,2
TF4 3WF,2
TF4 3WG,2
TF4 3WH,2
TF4 3WJ,8
TF4 3WL,2
TF4 3WN,2
TF4 3WP,2
TF4 3WQ,2
TF4 3WR,2
TF4 3WS,2
TF4 3WT,2
TF4 3WU,2
TF4 3WW,2
TF4 3WX,2
TF4 3WY,2
TF4 3WZ,2
TF4 3XA,2
TF4 3XB,2
TF4 3XD,2
TF4 3XE,2
TF4 3XZ,2
TF4 3ZA,8
TF4 3ZQ,2
TF4 3ZR,2
TF4 3ZS,2
TF4 3ZT,2
TF4 3ZY,2
TF5 0AA,10
TF5 0AB,7
TF5 0AD,7
TF5 0AE,8
TF5 0AF,8
TF5 0AG,8
TF5 0AH,8
TF5 0AJ,8
TF5 0AL,8
TF5 0AN,8
TF5 0AP,8
TF5 0AQ,8
TF5 0AR,8
TF5 0AS,8
TF5 0AT,8
TF5 0AU,8
TF5 0AW,8
TF5 0AX,8
TF5 0AY,8
TF5 0AZ,8
TF5 0BA,8
TF5 0BB,8
TF5 0BD,8
TF5 0BE,8
TF5 0BG,8
TF5 0BH,8
TF5 0BJ,7
TF5 0BL,8
TF5 0BN,8
TF5 0BP,7
TF5 0BQ,7
TF5 0BS,8
TF5 0BT,8
TF5 0BU,7
TF5 0BW,8
TF5 0BX,8
TF5 0BY,7
TF5 0BZ,7
TF5 0DA,7
TF5 0DB,8
TF5 0DD,7
TF5 0DE,7
TF5 0DF,7
TF5 0DG,8
TF5 0DH,7
TF5 0DJ,7
TF5 0DL,8
TF5 0DN,8
TF5 0DP,8
TF5 0DQ,3
TF5 0DR,7
TF5 0DS,7
TF5 0DT,8
TF5 0DU,7
TF5 0DW,7
TF5 0DX,7
TF5 0DY,7
TF5 0DZ,8
TF5 0EA,8
TF5 0EB,7
TF5 0ED,7
TF5 0JA,10
TF5 0JZ,10
TF5 0LA,6
TF5 0LB,6
TF5 0LD,6
TF5 0LE,6
TF5 0LF,6
TF5 0LG,6
TF5 0LH,6
TF5 0LJ,6
TF5 0LL,6
TF5 0LN,10
TF5 0LP,6
TF5 0LQ,6
TF5 0LR,10
TF5 0LS,10
TF5 0LT,6
TF5 0LU,6
TF5 0LW,10
TF5 0LX,6
TF5 0LY,6
TF5 0LZ,6
TF5 0NA,6
TF5 0NB,6
TF5 0ND,6
TF5 0NE,6
TF5 0NF,6
TF5 0NG,10
TF5 0NH,6
TF5 0NJ,10
TF5 0NL,10
TF5 0NN,10
TF5 0NP,10
TF5 0NQ,10
TF5 0NR,6
TF5 0NS,7
TF5 0NT,7
TF5 0NU,7
TF5 0NW,10
TF5 0NX,7
TF5 0NY,7
TF5 0NZ,7
TF5 0PA,7
TF5 0PB,7
TF5 0PD,7
TF5 0PE,8
TF5 0PF,7
TF5 0PG,7
TF5 0PH,7
TF5 0PJ,10
TF5 0PL,10
TF5 0PN,10
TF5 0PP,10
TF5 0PQ,7
TF5 0PR,10
TF5 0PS,10
TF5 0PT,6
TF5 0WA,3
TF5 0WB,3
TF5 0WD,3
TF5 0WE,3
TF5 0WF,3
TF5 0WG,3
TF5 0WH,3
TF5 0WJ,3
TF5 0WL,3
TF5 0WN,10
TF5 0WP,3
TF5 0WQ,3
TF5 0WR,3
TF5 0WS,10
TF5 0WT,3
TF5 0WU,3
TF5 0WZ,3
TF5 0YB,3
TF5 0YQ,3
TF5 0YR,3
TF6 2UD,
TF6 5AA,7
TF6 5AB,9
TF6 5AD,7
TF6 5AE,7
TF6 5AF,5
TF6 5AG,5
TF6 5AH,7
TF6 5AJ,7
TF6 5AL,7
TF6 5AN,7
TF6 5AP,7
TF6 5AQ,7
TF6 5AR,7
TF6 5AS,7
TF6 5AT,7
TF6 5AU,7
TF6 5AW,7
TF6 5AX,7
TF6 5AY,7
TF6 5AZ,7
TF6 5BA,7
TF6 5BB,7
TF6 5BD,7
TF6 5BE,7
TF6 5BF,9
TF6 5BG,7
TF6 5BH,7
TF6 5BJ,7
TF6 5BL,7
TF6 5BN,7
TF6 5BP,7
TF6 5BQ,7
TF6 5BS,7
TF6 5BT,7
TF6 5BU,7
TF6 5BW,7
TF6 5BX,7
TF6 5BY,7
TF6 5BZ,7
TF6 5DA,7
TF6 5DB,8
TF6 5DD,8
TF6 5DE,8
TF6 5DF,8
TF6 5DG,8
TF6 5DH,7
TF6 5DJ,8
TF6 5DL,8
TF6 5DN,8
TF6 5DP,8
TF6 5DQ,7
TF6 5DR,7
TF6 5DS,7
TF9 3PJ,8
TF9 3PL,4
TF9 3PN,4
TF9 3PP,4
TF9 3PQ,8
TF9 3PR,4
TF9 3PS,4
TF9 3PT,8
TF9 3PU,6
TF9 3PW,4
TF9 3PX,6
TF9 3PY,4
TF9 3PZ,4
TF9 3QA,8
TF9 3QB,6
TF9 3QD,6
TF9 3QE,6
TF9 3QF,4
TF9 3QG,6
TF9 3QH,6
TF9 3QJ,6
TF9 3QL,6
TF9 3QN,5
TF9 3QP,5
TF9 3QQ,6
TF9 3QR,8
TF9 3QS,4
TF9 3QT,8
TF9 3QU,8
TF9 3QW,5
TF9 3QX,8
TF9 3QY,4
TF9 3QZ,8
TF9 3RA,4
TF9 3RB,4
TF9 3RD,4
TF9 3RE,4
TF9 3RF,4
TF9 3RG,4
TF9 3RH,4
TF9 3RJ,4
TF9 3RL,4
TF9 3RN,4
TF9 3RP,8
TF9 3RQ,4
TF9 3RR,4
TF9 3RS,4
TF9 3RT,4
TF9 3RU,4
TF9 3RW,4
TF9 3RX,4
TF9 3RY,4
TF9 3RZ,4
TF9 3SA,5
TF9 3SB,5
TF9 3SD,5
TF9 3SE,5
TF9 3SF,4
TF9 3SG,8
TF9 3SH,2
TF9 3SJ,2
TF9 3SL,8
TF9 3SN,2
TF9 3SP,2
TF9 3SQ,8
TF9 3SR,4
TF9 3SS,4
TF9 3ST,4
TF9 3SU,4
TF9 3SW,2
TF9 3SX,4
TF9 3SY,4
TF9 3SZ,4
TF9 3TA,4
TF9 3TB,4
TF9 3TD,4
TF9 3TE,4
TF9 3TF,4
TF9 3TG,4
TF9 3TH,4
TF9 3TJ,4
TF9 3TL,4
TF9 3TN,4
TF9 3TP,7
TF9 3TQ,4
TF9 3TR,4
TF9 3TS,4
TF9 3TT,8
TF9 3TU,4
TF9 3TW,4
TF9 3TX,2
TF9 3TY,4
TF9 3TZ,4
TF9 3UA,8
TF9 3UB,8
TF9 3UD,8
TF9 3UE,8
TF9 3UF,8
TF9 3UG,8
TF9 3UH,8
TF9 3UJ,8
TF9 3UL,8
TF9 3UN,8
TF9 3UP,8
TF9 3UQ,8
TF9 3UR,8
TF9 3US,8
TF9 3UT,8
TF9 3UU,8
TF9 3UW,8
TF9 3UX,4
TF9 3UY,4
TF9 3WA,2
TF9 3WB,2
TF9 3WD,2
TF9 3WE,2
TF9 3WF,2
TF9 3WG,2
TF9 3WH,2
TF9 3WJ,8
TF9 3WL,2
TF9 3WN,2
TF9 3WP,2
TF9 3WQ,2
TF9 3WR,2
TF9 3WS,2
TF9 3WT,2
TF9 3WU,2
TF9 3WY,2
TF9 3WZ,2
TF9 3YB,2
TF9 3YF,2
TF9 3YG,2
TF9 3YQ,2
TF9 3YY,2
TF9 3ZA,2
TF9 3ZP,2
TF9 3ZU,2
TF9 3ZW,2
TF9 3ZZ,2
TF9 4AA,4
TF9 4AB,4
TF9 4AD,4
TF9 4AE,4
TF9 4AF,4
TF9 4AG,5
TF9 4AH,5
TF9 4AJ,5
TF9 4AL,5
TF9 4AN,7
TF9 4AP,7
TF9 4AQ,5
TF9 4AR,7
TF9 4AS,7
TF9 4AT,7
TF9 4AU,7
TF9 4AW,7
TF9 4AX,7
TF9 4AY,7
TF9 4AZ,7
TF9 4BA,7
TF9 4BB,4
TF9 4BD,2
TF9 4BE,4
TF9 4BF,7
TF9 4BG,4
TF9 4BH,4
TF9 4BJ,5
TF9 4BL,5
TF9 4BN,5
TF9 4BP,5
TF9 4BQ,4
TF9 4BS,5
TF9 4BT,5
TF9 4BU,5
TF9 4BW,5
TF9 4BX,5
TF9 4BY,5
TF9 4BZ,5
TF9 4DA,5
TF9 4DB,5
TF9 4DD,5
TF9 4DE,10
TF9 4DF,5
TF9 4DG,5
TF9 4DH,6
TF9 4DJ,5
TF9 4DL,5
TF9 4DN,5
TF9 4DP,5
TF9 4DQ,6
TF9 4DR,5
TF9 4DS,5
TF9 4DT,5
TF9 4DU,5
TF9 4DW,5
TF9 4DX,6
TF9 4DY,10
TF9 4DZ,10
TF9 4EA,10
TF9 4EB,10
TF9 4ED,6
TF9 4EE,10
TF9 4EF,5
TF9 4EG,5
TF9 4EH,5
TF9 4EJ,5
TF9 4EL,5
TF9 4EN,5
TF9 4EP,6
TF9 4EQ,5
TF9 4ER,10
TF9 4ES,10
TF9 4ET,8
TF9 4EU,8
TF9 4EW,6
TF9 4EX,8
TF9 4EY,10
TF9 4EZ,10
TF9 4FA,5
TF9 4FB,5
TF9 4FD,5
TF9 4FE,7
TF9 4FF,7
TF9 4FW,5
TF9 4GA,6
TF9 4GY,10
TF9 4GZ,10
TF9 4HA,7
TF9 4HB,10
TF9 4HD,7
TF9 4HE,5
TF9 4HF,7
TF9 4HG,7
TF9 4HH,7
TF9 4HJ,5
TF9 4HL,5
TF9 4HN,5
TF9 4HP,5
TF9 4HQ,7
TF9 4HR,5
TF9 4HS,5
TF9 4HT,7
TF9 4HU,7
TF9 4HW,5
TF9 4HX,7
TF9 4HY,7
TF9 4HZ,8
TF9 4JA,8
TF9 4JB,8
TF9 4JD,8
TF9 4JE,8
TF9 4JF,8
TF9 4JG,8
TF9 4JH,8
TF9 4JJ,5
TF9 4JL,5
TF9 4JN,5
TF9 4JP,5
TF9 4JQ,8
TF9 4JR,5
TF9 4JS,6
TF9 4JT,6
TF9 4JU,6
TF9 4JW,6
TF9 4JX,6
TF9 4JY,6
TF9 4JZ,6
TF9 4LA,6
TF9 4LB,6
TF9 4LD,6
TF9 4LE,6
TF9 4LF,6
TF9 4LG,6
TF9 4LH,6
TF9 4LJ,6
TF9 4LL,6
TF9 4LN,5
TF9 4LP,6
TF9 4LQ,6
TF9 4LR,6
TF9 4LS,6
TF9 4LT,6
TF9 4LU,6
TF9 4LW,6
TF9 4LX,5
TF9 4LY,5
TF9 4LZ,7
TF9 4NA,5
TF9 4NB,5
TF9 4ND,5
TF9 4NE,5
TF9 4NF,5
TF9 4NG,6
TF9 4NH,6
TF9 4NJ,6
TF9 4NL,6
TF9 4NN,6
TF9 4NP,6
TF9 4NQ,6
TF9 4NR,5
TF9 4NS,6
TF9 4NT,6
TF9 4NU,10
TF9 4NW,6
TF9 4NX,10
TF9 4NY,6
TF9 4NZ,10
TF9 4PA,10
TF9 4PB,10
TF9 4PD,10
TF9 4PE,10
TF9 4PF,10
TF9 4PG,10
TF9 4PH,10
TF9 4PJ,10
TF9 4PL,10
TF9 4PN,6
TF9 4PP,10
TF9 4PQ,10
TF9 4PR,6
TF9 4PS,10
TF9 4PT,10
TF9 4PU,10
TF9 4PW,6
TF9 4PX,10
TF9 4PY,10
TF9 4PZ,6
TF9 4QA,6
TF9 4QB,6
TF9 4QD,6
TF9 4QE,6
TF9 4QF,6
TF9 4QG,10
TF9 4QH,6
TF9 4QJ,6
TF9 4QL,5
TF9 4QN,7
TF9 4QP,6
TF9 4QQ,6
TF9 4QR,10
TF9 4QS,10
TF9 4QT,6
TF9 4QU,6
TF9 4QW,6
TF9 4QX,7
TF9 4QY,7
TF9 4QZ,7
TF9 4RA,10
TF9 4RB,10
TF9 4RD,10
TF9 4RE,10
TF9 4RF,10
TF9 4RG,10
TF9 4RH,10
TF9 4RJ,10
TF9 4RL,10
TF9 4RN,6
TF9 4RP,10
TF9 4RQ,10
TF9 4RR,7
TF9 4RS,4
TF9 4RT,4
TF9 4RW,10
TF9 4WA,2
TF9 4WB,2
TF9 4WD,2
TF9 4WE,2
TF9 4WF,2
TF9 4WG,2
TF9 4WH,5
TF9 4WJ,2
TF9 4WL,2
TF9 4WN,2
TF9 4WP,5
TF9 4WQ,5
TF9 4WR,2
TF9 4WS,2
TF9 4WT,5
TF9 4WU,2
TF9 4WW,2
TF9 4WZ,2
TF9 4ZB,6
TF9 4ZP,2
TF9 4ZS,2
TF9 4ZZ,5
TF9 9AA,2
TF9 9AB,2
TF9 9AD,2
TF9 9AE,2
TF9 9AF,2
TF9 9AG,2
TF9 9AH,2
TF9 9AJ,2
TF9 9AL,2
TF9 9AN,2
TF9 9AP,2
TF9 9AQ,2
TF9 9AR,2
TF9 9AS,2
TF9 9AT,2
TF9 9AU,2
TF9 9AW,2
TF9 9AX,2
TF9 9AY,2
TF9 9AZ,2
TF9 9BA,2
TF9 9BB,2
TF9 9BD,2
TF9 9BE,2
TF9 9BF,2
TF9 9BG,2
TF9 9BH,2
TF9 9BJ,2
TF9 9BL,2
TF9 9BN,2
TF9 9BP,2
TF9 9BQ,2
TF9 9BR,2
TF9 9BS,2
TF9 9BT,2
TF9 9BU,2
TF9 9BW,2
TF9 9BX,2
TF9 9BY,2
TF9 9BZ,2
TF9 9DA,2
TF9 9DB,2
TF9 9DD,2
TF9 9DE,2
TF9 9DF,2
TF9 9DG,2
TF9 9DH,2
TF9 9DJ,2
TF9 9DL,2
TF9 9DN,2
TF9 9DP,2
TF9 9DQ,2
TF9 9DR,2
TF9 9DS,2
TF9 9DT,2
TF9 9DU,2
TF9 9DW,2
TF9 9DX,2
TF9 9DY,2
TF9 9DZ,2
TF9 9EA,2
TF9 9EB,2
TF9 9ED,2
TF9 9EE,2
TF9 9EF,2
TF9 9EG,2
TF9 9EH,2
TF9 9EJ,2
TF9 9EL,2
TF9 9EN,2
TF9 9EP,2
TF9 9EQ,2
TF9 9ER,2
TF9 9ES,2
TF9 9ET,2
TF9 9EU,2
TF7 9FN,2
TF7 9FP,2
TF7 9FR,2
TF7 9FS,2
TF7 9FT,2
TF7 9FU,2
TF7 9FW,2
TF7 9FY,2
TF7 9FZ,2
TF7 9GA,2
TF7 9GB,2
TF7 9GD,2
TF7 9GE,2
TF7 9GF,2
TF7 9GG,2
TF7 9GH,2
TF7 9GJ,2
TF7 9GL,2
TF7 9GN,2
TF7 9SA,4
TF7 9SB,4
TF7 9SD,4
TF7 9SE,4
TF7 9SF,4
TF7 9SG,4
TF7 9SH,4
TF7 9SJ,4
TF7 9SL,4
TF7 9SN,4
TF7 9SP,4
TF7 9SQ,4
TF7 9SR,4
TF7 9SS,4
TF7 9ST,4
TF7 9SU,4
TF7 9SW,4
TF7 9SX,4
TF7 9SY,4
TF7 9SZ,4
TF7 9TA,4
TF7 9TB,4
TF7 9TD,4
TF7 9TE,4
TF7 9TF,4
TF7 9TG,4
TF7 9TH,4
TF7 9TJ,4
TF7 9TL,4
TF7 9TN,4
TF7 9TP,4
TF7 9TQ,4
TF7 9TR,4
TF7 9TS,4
TF7 9TT,4
TF7 9TU,4
TF7 9ZZ,4
TF8 7AA,7
TF8 7AB,7
TF8 7AD,7
TF8 7AE,7
TF8 7AF,7
TF8 7AG,7
TF8 7AH,7
TF8 7AJ,7
TF8 7AL,7
TF8 7AN,7
TF8 7AP,9
TF8 7AQ,7
TF8 7AR,7
TF8 7AS,7
TF8 7AT,7
TF8 7AU,7
TF8 7AW,7
TF8 7AX,7
TF8 7AY,7
TF8 7AZ,7
TF8 7BA,7
TF8 7BB,7
TF8 7BD,7
TF8 7BE,7
TF8 7BF,7
TF8 7BG,7
TF8 7BJ,5
TF8 7BL,5
TF8 7BN,5
TF8 7BP,5
TF8 7BS,5
TF8 7BT,4
TF8 7BU,5
TF8 7BW,5
TF8 7BX,5
TF8 7BY,5
TF8 7BZ,5
TF8 7DA,5
TF8 7DB,5
TF8 7DD,5
TF8 7DE,5
TF8 7DF,5
TF8 7DG,7
TF8 7DL,5
TF8 7DN,5
TF8 7DP,5
TF8 7DQ,5
TF8 7DR,5
TF8 7DS,7
TF8 7DT,5
TF8 7DU,5
TF8 7DW,5
TF8 7DX,5
TF8 7DY,5
TF8 7DZ,5
TF8 7EA,5
TF8 7EB,5
TF8 7ED,5
TF8 7EE,5
TF8 7EF,5
TF8 7EG,5
TF8 7EH,5
TF8 7EJ,5
TF8 7EL,5
TF8 7EN,5
TF8 7EP,5
TF8 7EQ,5
TF8 7ER,5
TF8 7ES,5
TF8 7ET,5
TF8 7EU,5
TF8 7EW,5
TF8 7EX,5
TF8 7EY,5
TF8 7EZ,5
TF8 7HA,9
TF8 7HG,7
TF8 7HH,7
TF8 7HJ,7
TF8 7HL,7
TF8 7HN,7
TF8 7HP,7
TF8 7HQ,7
TF8 7HR,7
TF8 7HS,7
TF8 7HT,7
TF8 7HU,7
TF8 7HX,7
TF8 7HY,7
TF8 7HZ,7
TF8 7JA,7
TF8 7JB,7
TF8 7JD,7
TF8 7JE,4
TF8 7JF,9
TF8 7JG,9
TF8 7JH,4
TF8 7JJ,7
TF8 7JN,7
TF8 7JP,7
TF8 7JQ,4
TF8 7JR,7
TF8 7JS,7
TF8 7JT,7
TF8 7JU,7
TF8 7JW,7
TF8 7JX,4
TF8 7JY,4
TF8 7JZ,9
TF8 7LA,7
TF8 7LB,9
TF8 7LD,9
TF8 7LE,9
TF8 7LF,7
TF8 7LG,9
TF8 7LH,7
TF8 7LJ,7
TF8 7LL,7
TF8 7LN,9
TF8 7LP,7
TF8 7LQ,7
TF8 7LR,7
TF8 7LS,7
TF8 7LT,9
TF8 7LU,7
TF8 7LW,7
TF8 7LX,7
TF8 7LY,7
TF8 7LZ,7
TF8 7NA,7
TF8 7NB,7
TF8 7ND,7
TF8 7NE,5
TF8 7NF,5
TF8 7NH,7
TF8 7NJ,7
TF8 7NL,5
TF8 7NN,5
TF8 7NP,5
TF8 7NQ,5
TF8 7NR,5
TF8 7NS,5
TF8 7NT,5
TF8 7NW,5
TF8 7NX,5
TF8 7NY,5
TF8 7NZ,5
TF8 7PA,7
TF8 7PB,7
TF8 7PD,7
TF8 7PE,7
TF8 7PF,7
TF8 7PP,7
TF8 7PR,7
TF8 7PS,7
TF8 7PU,7
TF8 7PW,7
TF8 7PX,7
TF8 7PY,7
TF8 7PZ,7
TF8 7QA,5
TF8 7QB,5
TF8 7QD,5
TF8 7QE,5
TF8 7QF,7
TF8 7QG,7
TF8 7QH,7
TF8 7QJ,7
TF8 7QL,7
TF8 7QN,7
TF8 7QP,7
TF8 7QQ,7
TF8 7QR,7
TF8 7QS,7
TF8 7QT,7
TF8 7QU,7
TF8 7QW,7
TF8 7QX,7
TF8 7QY,7
TF8 7QZ,7
TF8 7RA,7
TF8 7RB,4
TF8 7RD,7
TF8 7RE,5
TF8 7RG,5
TF8 7RH,2
TF8 7RJ,5
TF8 7RL,5
TF8 7RQ,5
TF8 7UZ,2
TF8 7WA,2
TF8 7WB,2
TF8 7WD,2
TF8 7WE,2
TF8 7WF,2
TF8 7WG,2
TF8 7WH,2
TF8 7WJ,7
TF8 7WL,2
TF8 7WN,7
TF8 7WP,2
TF8 7WQ,2
TF8 7WR,2
TF8 7WS,2
TF8 7WT,2
TF8 7WU,2
TF8 7WY,2
TF8 7WZ,2
TF8 7YR,2
TF8 7ZJ,2
TF8 7ZP,2
TF8 7ZR,2
TF9 1AA,6
TF9 1AB,6
TF9 1AD,6
TF9 1AE,2
TF9 1AF,6
TF9 1AG,6
TF9 1AH,6
TF9 1AJ,4
TF9 1AL,4
TF9 1AN,4
TF9 1AP,4
TF9 1AQ,6
TF9 1AR,4
TF9 1AS,4
TF9 1AT,4
TF9 1AU,4
TF9 1AW,4
TF9 1AX,4
TF9 1AY,6
TF9 1AZ,4
TF9 1BA,4
TF9 1BB,6
TF9 1BD,6
TF9 1BE,6
TF9 1BF,4
TF9 1BG,6
TF9 1BH,4
TF9 1BJ,2
TF9 1BL,6
TF9 1BN,6
TF9 1BP,4
TF9 1BQ,6
TF9 1BS,4
TF9 1BT,4
TF9 1BU,4
TF9 1BW,6
TF9 1BX,4
TF9 1BY,4
TF9 1BZ,4
TF9 1DA,4
TF9 1DB,4
TF9 1DD,4
TF9 1DE,4
TF9 1DF,4
TF9 1DG,6
TF9 1DH,6
TF9 1DJ,6
TF9 1DL,6
TF9 1DN,6
TF9 1DP,6
TF9 1DQ,4
TF9 1DR,6
TF9 1DS,6
TF9 1DT,6
TF9 1DU,6
TF9 1DW,6
TF9 1DX,6
TF9 1DY,6
TF9 1DZ,4
TF9 1EA,6
TF9 1EB,2
TF9 1ED,6
TF9 1EE,2
TF9 1EF,2
TF9 1EG,2
TF9 1EH,2
TF9 1EJ,2
TF9 1EL,6
TF9 1EN,2
TF9 1EP,2
TF9 1EQ,2
TF9 1ER,2
TF9 1ES,2
TF9 1ET,2
TF9 1EU,2
TF9 1EW,2
TF9 1EX,2
TF9 1EY,6
TF9 1EZ,2
TF9 1FB,6
TF9 1GA,6
TF9 1GB,6
TF9 1GD,2
TF9 1HA,2
TF9 1HB,2
TF9 1HD,6
TF9 1HE,6
TF9 1HF,6
TF9 1HG,6
TF9 1HH,6
TF9 1HJ,6
TF9 1HL,6
TF9 1HN,6
TF9 1HP,6
TF9 1HQ,6
TF9 1HR,2
TF9 1HS,6
TF9 1HT,6
TF9 1HU,6
TF9 1HW,6
TF9 1HX,2
TF9 1HY,2
TF9 1HZ,6
TF9 1JA,2
TF9 1JB,6
TF9 1JD,2
TF9 1JE,2
TF9 1JF,2
TF9 1JG,2
TF9 1JH,6
TF9 1JJ,6
TF9 1JL,6
TF9 1JN,6
TF9 1JP,6
TF9 1JQ,2
TF9 1JR,6
TF9 1JS,6
TF9 1JT,6
TF9 1JU,6
TF9 1JW,6
TF9 1JX,6
TF9 1JY,6
TF9 1JZ,6
TF9 1LA,6
TF9 1LB,6
TF9 1LD,6
TF9 1LE,6
TF9 1LF,6
TF9 1LG,6
TF9 1LH,4
TF9 1LJ,6
TF9 1LL,4
TF9 1LN,6
TF9 1LP,4
TF9 1LQ,6
TF9 1LR,2
TF9 1LS,6
TF9 1LT,4
TF9 1LU,4
TF9 1LW,6
TF9 1LX,4
TF9 1LY,4
TF9 1LZ,4
TF9 1NA,4
TF9 1NB,4
TF9 1ND,6
TF9 1NE,6
TF9 1NF,6
TF9 1NG,6
TF9 1NH,8
TF9 1NJ,8
TF9 1NL,8
TF9 1NN,8
TF9 1NP,8
TF9 1NQ,6
TF9 1NR,8
TF9 1NS,8
TF9 1NT,8
TF9 1NU,8
TF9 1NW,8
TF9 1NX,8
TF9 1NY,8
TF9 1NZ,6
TF9 1PA,6
TF9 1PB,2
TF9 1PD,2
TF9 1PE,6
TF9 1PF,2
TF9 1PG,2
TF9 1PH,2
TF9 1PJ,2
TF9 1PL,2
TF9 1PN,2
TF9 1PP,6
TF9 1PQ,2
TF9 1PR,2
TF9 1PS,2
TF9 1PT,4
TF9 1PU,2
TF9 1PW,2
TF9 1PX,2
TF9 1PY,2
TF9 1PZ,2
TF9 1QA,2
TF9 1QB,6
TF9 1QD,2
TF9 1QE,6
TF9 1QF,2
TF9 1QG,2
TF9 1QH,2
TF9 1QJ,2
TF9 1QL,2
TF9 1QN,2
TF9 1QP,2
TF9 1QQ,2
TF9 1QR,6
TF9 1QS,2
TF9 1QT,6
TF9 1QU,6
TF9 1QW,2
TF9 1QX,2
TF9 1QY,2
TF9 1QZ,2
TF9 1RA,2
TF9 1RB,6
TF9 1RD,2
TF9 1RE,6
TF9 1RF,6
TF9 1RG,6
TF9 1RH,6
TF9 1RJ,6
TF9 1RL,6
TF9 1RN,2
TF9 1RP,6
TF9 1RQ,6
TF9 1RR,6
TF9 1RS,2
TF9 1RT,2
TF9 1RU,2
TF9 1RW,6
TF9 1RX,2
TF9 1RZ,6
TF9 1SA,6
TF9 1SB,7
TF9 1SD,8
TF9 1SE,8
TF9 1SF,2
TF9 1SG,8
TF9 1SH,8
TF9 1SJ,8
TF9 1SL,8
TF9 1SN,2
TF9 1SQ,2
TF9 1SY,8
TF9 1SZ,8
TF9 1WA,2
TF9 1WB,2
TF9 1WD,2
TF9 1WE,2
TF9 1WF,2
TF9 1WG,2
TF9 1WH,2
TF9 1WJ,2
TF9 1WL,2
TF9 1WN,2
TF9 1WP,2
TF9 1WQ,2
TF9 1WR,2
TF9 1WS,4
TF9 1WT,2
TF9 1WU,6
TF9 1WW,6
TF9 1WX,6
TF9 1WY,2
TF9 1WZ,2
TF9 1XA,2
TF9 1XZ,4
TF9 1YH,2
TF9 1ZD,2
TF9 2AA,6
TF9 2AB,6
TF9 2AD,6
TF9 2AE,6
TF9 2AF,6
TF9 2AG,6
TF9 2AH,5
TF9 2AJ,5
TF9 2AL,6
TF9 2AN,6
TF9 2AP,6
TF9 2AQ,6
TF9 2AR,6
TF9 2AS,6
TF9 2AT,6
TF9 2AU,6
TF9 2AW,6
TF9 2AX,5
TF9 2AY,6
TF9 2AZ,6
TF9 2BA,6
TF9 2BB,6
TF9 2BD,6
TF9 2BE,6
TF9 2BF,5
TF9 2BG,6
TF9 2BH,6
TF9 2BJ,6
TF9 2BL,5
TF9 2BN,5
TF9 2BP,5
TF9 2BQ,6
TF9 2BS,4
TF9 2BT,4
TF9 2BU,4
TF9 2BW,5
TF9 2BX,4
TF9 2BY,5
TF9 2BZ,5
TF9 2DA,5
TF9 2DB,5
TF9 2DD,5
TF9 2DE,5
TF9 2DF,5
TF9 2DG,5
TF9 2DH,5
TF9 2DJ,5
TF9 2DL,5
TF9 2DN,5
TF9 2DP,4
TF9 2DQ,5
TF9 2DR,4
TF9 2DS,4
TF9 2DT,4
TF9 2DU,4
TF9 2DW,7
TF9 2DX,4
TF9 2DY,4
TF9 2DZ,6
TF9 2EA,5
TF9 2EB,5
TF9 2ED,6
TF9 2EE,6
TF9 2EF,5
TF9 2EG,5
TF9 2EH,5
TF9 2EJ,5
TF9 2EL,6
TF9 2EN,6
TF9 2EP,6
TF9 2EQ,5
TF9 2ER,6
TF9 2ES,6
TF9 2ET,6
TF9 2EU,6
TF9 2EW,6
TF9 2EX,6
TF9 2EY,6
TF9 2EZ,4
TF9 2FA,6
TF9 2GD,5
TF9 2HA,6
TF9 2HB,6
TF9 2HD,6
TF9 2HE,6
TF9 2HF,6
TF9 2HG,6
TF9 2HH,6
TF9 2HJ,6
TF9 2HL,6
TF9 2HN,6
TF9 2HQ,6
TF9 2HT,6
TF9 2HU,6
TF9 2HX,6
TF9 2HY,6
TF9 2HZ,6
TF9 2JA,6
TF9 2JB,6
TF9 2JD,6
TF9 2JE,6
TF9 2JF,6
TF9 2JG,6
TF9 2JH,6
TF9 2JJ,6
TF9 2JL,6
TF9 2JN,6
TF9 2JP,6
TF9 2JQ,6
TF9 2JR,6
TF9 2JS,6
TF9 2JT,6
TF9 2JU,6
TF9 2JW,6
TF9 2JX,6
TF9 2JY,6
TF9 2JZ,6
TF9 2LA,6
TF9 2LB,4
TF9 2LD,4
TF9 2LE,6
TF9 2LF,6
TF9 2LG,6
TF9 2LH,6
TF9 2LN,6
TF9 2LP,6
TF9 2LQ,6
TF9 2LR,5
TF9 2LS,5
TF9 2LT,6
TF9 2LU,5
TF9 2LW,6
TF9 2LX,6
TF9 2LY,6
TF9 2LZ,6
TF9 2NA,6
TF9 2NB,6
TF9 2ND,6
TF9 2NE,6
TF9 2NF,6
TF9 2NG,6
TF9 2NH,6
TF9 2NJ,6
TF9 2NL,6
TF9 2NN,6
TF9 2NP,6
TF9 2NQ,5
TF9 2NR,6
TF9 2NS,6
TF9 2NT,6
TF9 2NU,6
TF9 2NW,6
TF9 2NX,6
TF9 2NY,6
TF9 2NZ,6
TF9 2PA,5
TF9 2PB,5
TF9 2PD,5
TF9 2PE,5
TF9 2PF,5
TF9 2PG,5
TF9 2PH,5
TF9 2PJ,6
TF9 2PL,5
TF9 2PN,5
TF9 2PP,5
TF9 2PQ,5
TF9 2PR,5
TF9 2PS,5
TF9 2PT,5
TF9 2PU,5
TF9 2PW,5
TF9 2PX,5
TF9 2PY,5
TF9 2PZ,5
TF9 2QA,5
TF9 2QB,5
TF9 2QD,5
TF9 2QE,5
TF9 2QF,5
TF9 2QG,5
TF9 2QH,10
TF9 2QJ,5
TF9 2QL,10
TF9 2QN,5
TF9 2QP,5
TF9 2QQ,6
TF9 2QR,5
TF9 2QS,5
TF9 2QT,10
TF9 2QU,10
TF9 2QW,5
TF9 2QX,10
TF9 2QY,10
TF9 2QZ,10
TF9 2RA,6
TF9 2RB,6
TF9 2RD,6
TF9 2RE,6
TF9 2RF,6
TF9 2RG,6
TF9 2RH,6
TF9 2RJ,6
TF9 2RL,6
TF9 2RN,6
TF9 2RP,6
TF9 2RQ,6
TF9 2RR,6
TF9 2RS,6
TF9 2RT,6
TF9 2RU,6
TF9 2RW,6
TF9 2RX,6
TF9 2RY,6
TF9 2RZ,6
TF9 2SA,6
TF9 2SB,6
TF9 2SD,6
TF9 2SE,6
TF9 2SF,6
TF9 2SG,6
TF9 2SH,6
TF9 2SJ,6
TF9 2SL,5
TF9 2SN,5
TF9 2SP,5
TF9 2SQ,6
TF9 2SR,5
TF9 2SS,5
TF9 2ST,5
TF9 2SU,5
TF9 2SW,5
TF9 2SX,5
TF9 2SY,5
TF9 2SZ,6
TF9 2TA,5
TF9 2TB,5
TF9 2TD,6
TF9 2TE,6
TF9 2TF,6
TF9 2TG,5
TF9 2TH,5
TF9 2TJ,5
TF9 2TL,5
TF9 2TN,5
TF9 2TP,5
TF9 2TQ,5
TF9 2TR,5
TF9 2TS,5
TF9 2TT,6
TF9 2TU,5
TF9 2TW,5
TF9 2TX,5
TF9 2TY,5
TF9 2TZ,6
TF9 2UA,5
TF9 2UB,6
TF9 2UD,6
TF9 2UE,5
TF9 2UF,5
TF9 2UG,5
TF9 2UN,6
TF9 2WA,2
TF9 2WB,2
TF9 2WD,2
TF9 2WE,6
TF9 2WF,2
TF9 2WG,2
TF9 2WH,2
TF9 2WJ,2
TF9 2WL,2
TF9 2WN,2
TF9 2WQ,2
TF9 2WR,2
TF9 2WW,2
TF9 2WX,2
TF9 2WY,2
TF9 2WZ,2
TF9 2YA,2
TF9 2YB,2
TF9 2YZ,5
TF9 2ZW,2
TF9 2ZZ,2
TF9 3AA,2
TF9 3AB,4
TF9 3AD,4
TF9 3AE,2
TF9 3AF,2
TF9 3AG,8
TF9 3AH,2
TF9 3AJ,8
TF9 3AL,2
TF9 3AN,2
TF9 3AP,8
TF9 3AQ,4
TF9 3AR,8
TF9 3AS,4
TF9 3AT,4
TF9 3AU,4
TF9 3AW,2
TF9 3AX,2
TF9 3AY,4
TF9 3AZ,4
TF9 3BA,4
TF9 3BB,4
TF9 3BD,4
TF9 3BE,8
TF9 3BF,8
TF9 3BG,8
TF9 3BH,8
TF9 3BJ,8
TF9 3BL,4
TF9 3BN,4
TF9 3BP,4
TF9 3BQ,8
TF9 3BS,2
TF9 3BT,4
TF9 3BU,2
TF9 3BW,4
TF9 3BX,4
TF9 3BY,2
TF9 3BZ,6
TF9 3DA,6
TF9 3DB,6
TF9 3DD,4
TF9 3DE,8
TF9 3DF,4
TF9 3DG,4
TF9 3DH,6
TF9 3DJ,4
TF9 3DL,4
TF9 3DN,4
TF9 3DP,4
TF9 3DQ,6
TF9 3DR,4
TF9 3DS,4
TF9 3DT,4
TF9 3DU,4
TF9 3DW,4
TF9 3DX,4
TF9 3DY,8
TF9 3DZ,8
TF9 3EA,8
TF9 3EB,2
TF9 3ED,4
TF9 3EE,4
TF9 3EF,2
TF9 3EG,4
TF9 3EH,4
TF9 3EJ,4
TF9 3EL,4
TF9 3EN,4
TF9 3EP,4
TF9 3EQ,4
TF9 3ER,8
TF9 3ES,4
TF9 3ET,4
TF9 3EU,8
TF9 3EW,4
TF9 3EX,8
TF9 3EY,8
TF9 3EZ,8
TF9 3FA,4
TF9 3FD,4
TF9 3FE,8
TF9 3FF,8
TF9 3FG,8
TF9 3FH,6
TF9 3FJ,4
TF9 3FL,8
TF9 3FN,4
TF9 3FP,8
TF9 3FQ,4
TF9 3FR,8
TF9 3FS,8
TF9 3FT,8
TF9 3FW,8
TF9 3FZ,8
TF9 3GA,4
TF9 3GD,4
TF9 3GE,8
TF9 3GF,8
TF9 3GG,8
TF9 3GH,8
TF9 3GJ,8
TF9 3GL,8
TF9 3HA,8
TF9 3HB,8
TF9 3HD,8
TF9 3HE,8
TF9 3HF,8
TF9 3HG,8
TF9 3HH,8
TF9 3HJ,8
TF9 3HL,8
TF9 3HN,8
TF9 3HP,4
TF9 3HQ,8
TF9 3HR,4
TF9 3HS,4
TF9 3HT,4
TF9 3HU,8
TF9 3HW,8
TF9 3HX,8
TF9 3HY,8
TF9 3HZ,8
TF9 3JA,4
TF9 3JB,4
TF9 3JD,4
TF9 3JE,4
TF9 3JF,4
TF9 3JG,4
TF9 3JH,4
TF9 3JJ,4
TF9 3JL,4
TF9 3JN,4
TF9 3JP,4
TF9 3JQ,4
TF9 3JR,4
TF9 3JS,4
TF9 3JT,4
TF9 3JU,4
TF9 3JW,4
TF9 3JX,4
TF9 3JY,4
TF9 3JZ,4
TF9 3LA,4
TF9 3LB,4
TF9 3LD,4
TF9 3LE,4
TF9 3LF,5
TF9 3LG,4
TF9 3LH,5
TF9 3LJ,5
TF9 3LL,5
TF9 3LN,5
TF9 3LP,8
TF9 3LQ,5
TF9 3LR,8
TF9 3LS,2
TF9 3LT,5
TF9 3LU,5
TF9 3LW,4
TF9 3LX,5
TF9 3LY,5
TF9 3LZ,5
TF9 3NA,5
TF9 3NB,5
TF9 3ND,5
TF9 3NE,5
TF9 3NF,4
TF9 3NG,5
TF9 3NH,4
TF9 3NJ,4
TF9 3NL,4
TF9 3NN,4
TF9 3NP,4
TF9 3NQ,4
TF9 3NR,4
TF9 3NS,4
TF9 3NT,4
TF9 3NU,4
TF9 3NW,4
TF9 3NX,5
TF9 3NY,5
TF9 3NZ,5
TF9 3PA,4
TF9 3PB,4
TF9 3PD,5
TF9 3PE,4
TF9 3PF,8
TF9 3PG,8
TF9 3PH,8
