WC1A1AA,5
WC1A1AB,4
WC1A1AD,3
WC1A1AH,5
WC1A1AJ,3
WC1A1AL,4
WC1A1AP,3
WC1A1AR,3
WC1A1AS,4
WC1A1AT,4
WC1A1AW,5
WC1A1AX,5
WC1A1AY,4
WC1A1AZ,3
WC1A1BA,3
WC1A1BE,3
WC1A1BH,3
WC1A1BJ,3
WC1A1BL,4
WC1A1BN,3
WC1A1BQ,4
WC1A1BR,4
WC1A1BS,4
WC1A1BT,3
WC1A1BU,3
WC1A1BW,4
WC1A1BX,4
WC1A1DA,4
WC1A1DB,4
WC1A1DD,4
WC1A1DE,5
WC1A1DF,4
WC1A1DG,4
WC1A1DL,4
WC1A1DN,4
WC1A1DP,4
WC1A1DQ,3
WC1A1DR,4
WC1A1DS,4
WC1A1DT,4
WC1A1DU,4
WC1A1DW,5
WC1A1DX,4
WC1A1DY,4
WC1A1DZ,3
WC1A1EA,4
WC1A1EB,4
WC1A1ED,3
WC1A1EE,3
WC1A1EF,5
WC1A1EG,4
WC1A1EH,3
WC1A1EJ,4
WC1A1EN,3
WC1A1EP,3
WC1A1ES,3
WC1A1ET,4
WC1A1EU,5
WC1A1FJ,3
WC1A1GG,3
WC1A1HB,5
WC1A1HD,5
WC1A1HE,5
WC1A1HH,5
WC1A1HJ,5
WC1A1HL,5
WC1A1HN,5
WC1A1HP,5
WC1A1HQ,5
WC1A1HT,5
WC1A1HU,3
WC1A1HX,5
WC1A1HY,5
WC1A1HZ,5
WC1A1JA,5
WC1A1JB,5
WC1A1JD,4
WC1A1JE,5
WC1A1JF,3
WC1A1JG,3
WC1A1JH,4
WC1A1JJ,3
WC1A1JL,3
WC1A1JN,3
WC1A1JP,4
WC1A1JQ,4
WC1A1JR,4
WC1A1JS,3
WC1A1JT,3
WC1A1JU,3
WC1A1JY,3
WC1A1LA,3
WC1A1LB,3
WC1A1LD,3
WC1A1LF,3
WC1A1LG,3
WC1A1LH,3
WC1A1LJ,3
WC1A1LN,3
WC1A1LP,3
WC1A1LQ,3
WC1A1LR,3
WC1A1LT,3
WC1A1LU,3
WC1A1LW,3
WC1A1LX,3
WC1A1LY,3
WC1A1LZ,3
WC1A1NA,4
WC1A1NB,3
WC1A1ND,3
WC1A1NE,3
WC1A1NF,3
WC1A1NG,4
WC1A1NH,3
WC1A1NJ,3
WC1A1NL,3
WC1A1NN,3
WC1A1NP,3
WC1A1NQ,3
WC1A1NR,3
WC1A1NS,3
WC1A1NT,3
WC1A1NU,3
WC1A1NW,3
WC1A1NX,3
WC1A1NY,3
WC1A1PA,3
WC1A1PB,3
WC1A1PD,3
WC1A1PE,3
WC1A1PF,3
WC1A1PG,4
WC1A1PH,3
WC1A1PJ,4
WC1A1PL,3
WC1A1PN,4
WC1A1PP,4
WC1A1PQ,3
WC1A1PR,4
WC1A1PS,4
WC1A1PT,4
WC1A1PU,3
WC1A1PX,4
WC1A1PY,3
WC1A1QA,3
WC1A1QB,3
WC1A1QD,3
WC1A1QE,3
WC1A1QF,4
WC1A1QG,3
WC1A1QH,3
WC1A1QN,3
WC1A1QP,3
WC1A1QQ,4
WC1A1QT,4
WC1A1QZ,3
WC1A1RB,4
WC1A1RD,3
WC1A1RE,4
WC1A1RF,4
WC1A1RG,4
WC1A1RH,4
WC1A1RJ,3
WC1A1TP,3
WC1A1UP,3
WC1A1WE,3
WC1A1WP,3
WC1A1WQ,3
WC1A1WR,3
WC1A1WS,3
WC1A1WT,3
WC1A1WU,3
WC1A1WW,3
WC1A1WX,3
WC1A1WY,3
WC1A1WZ,3
WC1A1XA,3
WC1A1XX,4
WC1A1YA,3
WC1A1YQ,3
WC1A1YT,3
WC1A2AA,3
WC1A2AB,3
WC1A2AD,3
WC1A2AE,3
WC1A2AG,3
WC1A2AH,3
WC1A2AJ,3
WC1A2AL,3
WC1A2AP,3
WC1A2AQ,3
WC1A2AR,3
WC1A2AS,3
WC1A2AT,3
WC1A2AU,3
WC1A2AW,3
WC1A2AX,3
WC1A2AY,3
WC1A2BA,3
WC1A2BB,3
WC1A2BL,3
WC1A2BN,3
WC1A2BP,3
WC1A2BQ,3
WC1A2BS,3
WC1A2BU,3
WC1A2BW,3
WC1A2BX,3
WC1A2BY,3
WC1A2BZ,3
WC1A2DA,6
WC1A2DB,6
WC1A2DE,3
WC1A2DQ,3
WC1A2DR,6
WC1A2DS,3
WC1A2DT,3
WC1A2DW,6
WC1A2DY,3
WC1A2DZ,3
WC1A2EA,6
WC1A2EB,6
WC1A2ED,3
WC1A2EF,3
WC1A2EG,3
WC1A2EH,3
WC1A2EJ,6
WC1A2EP,6
WC1A2ES,6
WC1A2ET,6
WC1A2EU,6
WC1A2HA,6
WC1A2HD,6
WC1A2HE,6
WC1A2HF,3
WC1A2HH,3
WC1A2HL,3
WC1A2HN,3
WC1A2HP,3
WC1A2HR,3
WC1A2HS,3
WC1A2HT,3
WC1A2HU,3
WC1A2HX,6
WC1A2HY,3
WC1A2HZ,3
WC1A2JA,3
WC1A2JB,3
WC1A2JD,3
WC1A2JE,3
WC1A2JF,3
WC1A2JG,3
WC1A2JH,3
WC1A2JJ,3
WC1A2JL,3
WC1A2JN,3
WC1A2JP,3
WC1A2JR,3
WC1A2JS,3
WC1A2JU,3
WC1A2JX,3
WC1A2JZ,3
WC1A2LA,3
WC1A2LB,3
WC1A2LD,3
WC1A2LE,3
WC1A2LF,3
WC1A2LG,3
WC1A2LH,3
WC1A2LJ,3
WC1A2LL,3
WC1A2LN,6
WC1A2LP,3
WC1A2LQ,3
WC1A2LR,3
WC1A2LS,3
WC1A2LT,3
WC1A2LX,3
WC1A2LY,3
WC1A2NA,5
WC1A2NB,3
WC1A2ND,3
WC1A2NE,3
WC1A2NG,3
WC1A2NH,3
WC1A2NJ,3
WC1A2NP,5
WC1A2NS,5
WC1A2NU,3
WC1A2PA,3
WC1A2PB,3
WC1A2PD,3
WC1A2PE,3
WC1A2PF,3
WC1A2PG,3
WC1A2PH,5
WC1A2PJ,5
WC1A2PL,5
WC1A2PN,5
WC1A2PS,5
WC1A2PT,3
WC1A2PU,5
WC1A2PW,6
WC1A2PX,3
WC1A2PY,3
WC1A2PZ,3
WC1A2QA,5
WC1A2QB,3
WC1A2QD,6
WC1A2QE,5
WC1A2QF,6
WC1A2QG,6
WC1A2QH,6
WC1A2QJ,6
WC1A2QL,5
WC1A2QN,5
WC1A2QP,5
WC1A2QQ,6
WC1A2QR,6
WC1A2QS,6
WC1A2QT,6
WC1A2QU,6
WC1A2QW,6
WC1A2QX,6
WC1A2QZ,6
WC1A2RA,6
WC1A2RB,6
WC1A2RE,6
WC1A2RH,3
WC1A2RJ,6
WC1A2RL,3
WC1A2RN,3
WC1A2RP,3
WC1A2RU,3
WC1A2RY,3
WC1A2SA,3
WC1A2SD,3
WC1A2SE,3
WC1A2SF,3
WC1A2SG,3
WC1A2SH,3
WC1A2SL,3
WC1A2SN,3
WC1A2SP,3
WC1A2SS,3
WC1A2SU,3
WC1A2TA,3
WC1A2TD,3
WC1A2TF,4
WC1A2TH,3
WC1A2TJ,4
WC1A2TL,3
WC1A2TN,3
WC1A2TP,3
WC1A2TR,3
WC1A2TS,3
WC1A2TT,3
WC1A2TU,3
WC1A2TX,3
WC1A2TY,3
WC1A2UA,3
WC1A2UB,3
WC1A2UJ,3
WC1A2UL,3
WC1A2UQ,3
WC1A2WA,3
WC1A2WE,3
WC1A2WR,3
WC1A2WS,3
WC1A2WY,3
WC1A2WZ,3
WC1A2XH,3
WC1A2XX,3
WC1A2YB,3
WC1A2YH,3
WC1A2YQ,3
WC1A5EH,3
WC1A9AA,3
WC1A9AB,3
WC1A9AD,3
WC1A9AE,3
WC1A9AF,
WC1A9AG,
WC1A9AH,
WC1A9AJ,
WC1A9AL,3
WC1A9AN,3
WC1A9AP,3
WC1A9AQ,3
WC1A9AR,3
WC1A9AS,
WC1A9AT,3
WC1A9AU,3
WC1A9AW,
WC1A9AX,3
WC1A9AY,3
WC1A9AZ,3
WC1A9BA,3
WC1A9BB,3
WC1A9BD,3
WC1A9BE,3
WC1A9BF,3
WC1A9BG,3
WC1A9BH,3
WC1A9BJ,3
WC1A9BL,3
WC1A9BN,
WC1A9BP,3
WC1A9BQ,3
WC1A9BR,3
WC1A9BS,3
WC1A9BT,3
WC1A9BU,3
WC1A9BW,3
WC1A9BX,3
WC1A9BY,3
WC1A9BZ,
WC1A9DA,
WC1A9DB,
WC1A9DD,
WC1A9DE,
WC1A9DF,3
WC1A9DG,3
WC1A9DH,3
WC1A9DJ,3
WC1A9DL,3
WC1A9DN,3
WC1A9DP,3
WC1A9DQ,3
WC1A9DR,3
WC1A9DS,3
WC1A9DT,3
WC1A9DU,3
WC1A9DW,3
WC1A9DX,3
WC1A9DY,3
WC1A9DZ,3
WC1A9EA,3
WC1A9EB,3
WC1A9ED,3
WC1A9EE,3
WC1A9EF,3
WC1A9EG,3
WC1A9EH,3
WC1A9EJ,3
WC1A9EL,3
WC1A9EN,3
WC1A9EP,3
WC1A9EQ,3
WC1A9ER,3
WC1A9ES,3
WC1A9ET,3
WC1A9EU,3
WC1A9EW,3
WC1A9EX,3
WC1A9EY,3
WC1A9FA,3
WC1A9FB,3
WC1A9FD,3
WC1A9FE,3
WC1A9FF,3
WC1A9FG,3
WC1A9FH,3
WC1A9FJ,3
WC1A9FL,3
WC1A9FN,3
WC1A9FP,3
WC1A9FQ,3
WC1A9FR,3
WC1A9FS,3
WC1A9FT,3
WC1A9FU,3
WC1A9FW,3
WC1A9FX,3
WC1A9FY,3
WC1A9FZ,3
WC1A9GA,3
WC1A9GB,3
WC1A9GD,3
WC1A9GE,3
WC1A9GF,3
WC1A9GG,3
WC1A9GH,3
WC1A9GJ,3
WC1A9GL,3
WC1A9GN,3
WC1A9GP,3
WC1A9GQ,3
WC1A9GR,3
WC1A9GS,3
WC1A9GT,3
WC1A9GU,3
WC1A9GW,3
WC1A9GX,3
WC1A9GY,3
WC1A9GZ,3
WC1A9HA,3
WC1A9HB,3
WC1A9HD,3
WC1A9HE,3
WC1A9HF,3
WC1A9HG,3
WC1A9HH,3
WC1A9HJ,3
WC1A9HL,3
WC1A9HN,3
WC1A9HP,3
WC1A9HQ,3
WC1A9HR,3
WC1A9HS,3
WC1A9HT,3
WC1A9HU,3
WC1A9HW,3
WC1A9HX,3
WC1A9HY,3
WC1A9HZ,3
WC1A9JA,3
WC1A9JB,3
WC1A9JD,3
WC1A9JE,3
WC1A9JF,3
WC1A9JG,3
WC1A9JH,3
WC1A9JJ,3
WC1A9JL,3
WC1A9JN,3
WC1A9JP,3
WC1A9JQ,3
WC1A9JR,3
WC1A9JS,3
WC1A9JT,3
WC1A9JU,3
WC1A9JW,3
WC1A9JX,3
WC1A9JY,3
WC1A9JZ,3
WC1A9LA,3
WC1A9LB,3
WC1A9LD,3
WC1A9LE,3
WC1A9LF,3
WC1A9LG,3
WC1A9LH,3
WC1A9LJ,3
WC1A9LL,3
WC1A9LN,3
WC1A9LP,3
WC1A9LQ,3
WC1A9LR,3
WC1A9LS,3
WC1A9LT,3
WC1A9LU,3
WC1A9LW,3
WC1A9LX,3
WC1A9LY,3
WC1A9LZ,3
WC1A9NA,3
WC1A9NB,3
WC1A9NE,3
WC1A9NF,3
WC1A9NG,3
WC1A9NH,3
WC1A9NJ,3
WC1A9NL,3
WC1A9NN,3
WC1A9NP,3
WC1A9NQ,3
WC1A9NR,3
WC1A9NS,3
WC1A9NT,3
WC1A9NU,3
WC1A9NW,3
WC1A9NX,3
WC1A9NY,3
WC1A9NZ,3
WC1A9PA,3
WC1A9PB,3
WC1A9PD,3
WC1A9PE,3
WC1A9PF,3
WC1A9PG,3
WC1A9PJ,3
WC1A9PL,3
WC1A9PN,3
WC1A9PP,3
WC1A9PR,3
WC1A9PS,3
WC1A9PT,3
WC1A9PU,3
WC1A9PY,3
WC1A9ZY,3
WC1A9ZZ,3
WC1B3AA,5
WC1B3AB,5
WC1B3AD,5
WC1B3AE,5
WC1B3AF,5
WC1B3AG,5
WC1B3AH,5
WC1B3AJ,5
WC1B3AL,5
WC1B3AN,5
WC1B3AP,5
WC1B3AQ,3
WC1B3AR,5
WC1B3AS,5
WC1B3AT,5
WC1B3AU,5
WC1B3AW,5
WC1B3AX,5
WC1B3AY,3
WC1B3AZ,5
WC1B3BA,3
WC1B3BB,5
WC1B3BD,3
WC1B3BE,3
WC1B3BF,3
WC1B3BG,3
WC1B3BH,3
WC1B3BJ,3
WC1B3BL,3
WC1B3BN,3
WC1B3BP,3
WC1B3BQ,5
WC1B3BS,5
WC1B3BU,3
WC1B3BW,3
WC1B3BZ,3
WC1B3DA,5
WC1B3DD,5
WC1B3DE,5
WC1B3DF,5
WC1B3DG,5
WC1B3DH,5
WC1B3DJ,3
WC1B3DN,5
WC1B3DP,5
WC1B3DQ,5
WC1B3DR,5
WC1B3DS,5
WC1B3DT,5
WC1B3DU,5
WC1B3DW,5
WC1B3DX,5
WC1B3DY,3
WC1B3DZ,5
WC1B3EA,5
WC1B3EB,5
WC1B3ED,5
WC1B3EE,5
WC1B3EF,5
WC1B3EG,5
WC1B3EH,5
WC1B3EJ,5
WC1B3EL,5
WC1B3EN,5
WC1B3EQ,5
WC1B3ES,5
WC1B3ET,3
WC1B3EU,5
WC1B3EW,5
WC1B3EX,5
WC1B3EY,5
WC1B3EZ,5
WC1B3GH,5
WC1B3HA,5
WC1B3HB,5
WC1B3HD,5
WC1B3HE,5
WC1B3HF,5
WC1B3HG,5
WC1B3HH,5
WC1B3HJ,5
WC1B3HL,5
WC1B3HN,5
WC1B3HP,5
WC1B3HR,5
WC1B3HT,5
WC1B3HU,5
WC1B3HW,5
WC1B3HX,5
WC1B3HY,5
WC1B3HZ,5
WC1B3JA,5
WC1B3JD,5
WC1B3JF,5
WC1B3JG,5
WC1B3JH,4
WC1B3JJ,3
WC1B3JL,3
WC1B3JN,5
WC1B3JP,5
WC1B3JQ,5
WC1B3JR,5
WC1B3JS,5
WC1B3JT,5
WC1B3JU,5
WC1B3JW,5
WC1B3JX,3
WC1B3JY,3
WC1B3LA,5
WC1B3LB,5
WC1B3LD,5
WC1B3LE,5
WC1B3LF,5
WC1B3LG,5
WC1B3LH,5
WC1B3LJ,5
WC1B3LL,5
WC1B3LN,5
WC1B3LP,5
WC1B3LQ,5
WC1B3LR,5
WC1B3LS,5
WC1B3LT,3
WC1B3LU,3
WC1B3LW,3
WC1B3LX,5
WC1B3LY,5
WC1B3NA,5
WC1B3NB,5
WC1B3ND,5
WC1B3NE,5
WC1B3NF,5
WC1B3NG,5
WC1B3NH,5
WC1B3NJ,3
WC1B3NL,3
WC1B3NN,5
WC1B3NP,5
WC1B3NQ,5
WC1B3NR,5
WC1B3NS,3
WC1B3NU,5
WC1B3NW,5
WC1B3NX,5
WC1B3NY,5
WC1B3NZ,4
WC1B3PA,3
WC1B3PB,3
WC1B3PD,3
WC1B3PE,3
WC1B3PF,5
WC1B3PG,5
WC1B3PH,4
WC1B3PJ,5
WC1B3PL,3
WC1B3PN,5
WC1B3PP,4
WC1B3PQ,3
WC1B3PR,3
WC1B3PS,5
WC1B3PT,5
WC1B3PU,5
WC1B3PW,5
WC1B3PX,5
WC1B3PY,3
WC1B3PZ,3
WC1B3QA,4
WC1B3QB,4
WC1B3QD,5
WC1B3QE,5
WC1B3QG,5
WC1B3QH,5
WC1B3QJ,5
WC1B3QL,5
WC1B3QN,5
WC1B3QP,5
WC1B3QQ,5
WC1B3QR,5
WC1B3QS,5
WC1B3QT,5
WC1B3QU,5
WC1B3QW,3
WC1B3QX,5
WC1B3QY,5
WC1B3QZ,5
WC1B3RA,5
WC1B3RB,5
WC1B3RD,5
WC1B3RE,5
WC1B3RF,5
WC1B3RH,5
WC1B3RJ,5
WC1B3RN,5
WC1B3RP,5
WC1B3RR,5
WC1B3RS,5
WC1B3RT,5
WC1B3RU,5
WC1B3RW,3
WC1B3RY,5
WC1B3RZ,3
WC1B3SA,5
WC1B3SH,5
WC1B3SL,5
WC1B3SN,5
WC1B3SR,4
WC1B3SS,5
WC1B3ST,4
WC1B3SU,3
WC1B3SW,3
WC1B3TA,5
WC1B3TB,5
WC1B3TD,5
WC1B3TR,5
WC1B3TS,5
WC1B3UB,5
WC1B3WA,5
WC1B3WB,3
WC1B3WD,3
WC1B3WE,3
WC1B3WJ,5
WC1B3WN,5
WC1B3WT,5
WC1B3WU,3
WC1B3WW,3
WC1B3WX,3
WC1B3WY,3
WC1B3WZ,3
WC1B3XA,3
WC1B3XB,3
WC1B3XD,3
WC1B3XE,3
WC1B3XF,3
WC1B3XG,5
WC1B3XH,3
WC1B3XJ,3
WC1B3XL,3
WC1B3XN,3
WC1B3XP,3
WC1B3XQ,5
WC1B3XR,3
WC1B3XS,3
WC1B3XT,3
WC1B3XY,3
WC1B3XZ,3
WC1B3YB,3
WC1B3YQ,3
WC1B4AA,6
WC1B4AB,6
WC1B4AD,6
WC1B4AE,6
WC1B4AF,6
WC1B4AG,5
WC1B4AP,6
WC1B4AQ,3
WC1B4AR,6
WC1B4AT,6
WC1B4AW,6
WC1B4AX,6
WC1B4BA,6
WC1B4BB,6
WC1B4BD,6
WC1B4BG,5
WC1B4BH,6
WC1B4BJ,6
WC1B4BL,6
WC1B4BN,6
WC1B4BP,6
WC1B4BQ,5
WC1B4BS,6
WC1B4BT,3
WC1B4BY,6
WC1B4DA,6
WC1B4DB,6
WC1B4DF,6
WC1B4DH,6
WC1B4DJ,6
WC1B4DN,6
WC1B4DP,6
WC1B4DQ,6
WC1B4DR,6
WC1B4DS,6
WC1B4DT,6
WC1B4DW,6
WC1B4DX,6
WC1B4DZ,6
WC1B4EA,6
WC1B4EB,6
WC1B4ED,6
WC1B4EE,3
WC1B4EF,6
WC1B4EJ,6
WC1B4EL,6
WC1B4EP,6
WC1B4ER,5
WC1B4ES,5
WC1B4ET,5
WC1B4EW,6
WC1B4EY,5
WC1B4HA,5
WC1B4HB,5
WC1B4HD,5
WC1B4HH,5
WC1B4HJ,5
WC1B4HL,5
WC1B4HN,5
WC1B4HP,5
WC1B4HQ,5
WC1B4HR,5
WC1B4HS,5
WC1B4HZ,3
WC1B4JA,5
WC1B4JB,6
WC1B4JF,5
WC1B4JN,5
WC1B4JP,5
WC1B4JQ,5
WC1B4JU,5
WC1B4JW,5
WC1B4JX,5
WC1B4JY,5
WC1B4LA,5
WC1B4LB,3
WC1B4LH,6
WC1B4LJ,6
WC1B4LL,6
WC1B4LN,5
WC1B4LW,3
WC1B4NA,5
WC1B4NB,6
WC1B4ND,6
WC1B4QA,3
WC1B4QB,3
WC1B4QD,6
WC1B4QE,3
WC1B4SE,6
WC1B4WA,3
WC1B4WB,3
WC1B4WD,3
WC1B4YZ,3
WC1B5AA,6
WC1B5AB,6
WC1B5AD,6
WC1B5AE,6
WC1B5AF,6
WC1B5AG,6
WC1B5AH,5
WC1B5AJ,6
WC1B5AL,6
WC1B5AN,6
WC1B5AP,6
WC1B5AQ,6
WC1B5AR,6
WC1B5AW,5
WC1B5AX,5
WC1B5AY,5
WC1B5BA,6
WC1B5BB,6
WC1B5BE,5
WC1B5BF,5
WC1B5BG,6
WC1B5BH,5
WC1B5BJ,5
WC1B5BL,5
WC1B5BN,3
WC1B5BP,5
WC1B5BQ,6
WC1B5BS,5
WC1B5BU,5
WC1B5BW,5
WC1B5BX,5
WC1B5BY,5
WC1B5BZ,5
WC1B5DA,5
WC1B5DB,5
WC1B5DD,5
WC1B5DG,5
WC1B5DL,5
WC1B5DN,5
WC1B5DP,5
WC1B5DQ,5
WC1B5DR,5
WC1B5DS,5
WC1B5DT,5
WC1B5DU,5
WC1B5DW,5
WC1B5DX,5
WC1B5EA,5
WC1B5ED,5
WC1B5EE,5
WC1B5EF,5
WC1B5EG,5
WC1B5EH,5
WC1B5EJ,5
WC1B5EL,5
WC1B5EN,5
WC1B5EP,5
WC1B5EQ,5
WC1B5ER,5
WC1B5ES,6
WC1B5ET,6
WC1B5HA,6
WC1B5HB,5
WC1B5HE,3
WC1B5HF,3
WC1B5HH,3
WC1B5HJ,6
WC1B5HL,6
WC1B5HN,6
WC1B5HP,6
WC1B5HQ,3
WC1B5HR,6
WC1B5HS,6
WC1B5HT,6
WC1B5HU,3
WC1B5HW,5
WC1B5HX,5
WC1B5HY,6
WC1B5JA,5
WC1B5JB,5
WC1B5JD,5
WC1B5JE,5
WC1B5JG,5
WC1B5JH,5
WC1B5JJ,5
WC1B5JL,5
WC1B5JN,5
WC1B5JP,5
WC1B5JR,5
WC1B5JS,6
WC1B5JT,5
WC1B5JU,5
WC1B5JW,5
WC1B5JX,6
WC1B5JY,5
WC1B5LA,5
WC1B5LB,5
WC1B5LF,5
WC1B5LG,3
WC1B5LH,3
WC1B5LJ,3
WC1B5LL,3
WC1B5LQ,5
WC1B5NA,6
WC1B5NB,6
WC1B5ND,6
WC1B5PA,3
WC1B5WA,3
WC1B5WB,3
WC1B5WD,3
WC1B5WH,3
WC1B5YB,3
WC1B5ZT,3
WC1E6AA,5
WC1E6AB,5
WC1E6AD,5
WC1E6AE,5
WC1E6AF,5
WC1E6AG,5
WC1E6AH,5
WC1E6AJ,5
WC1E6AL,3
WC1E6AN,3
WC1E6AP,5
WC1E6AQ,5
WC1E6AR,5
WC1E6AS,5
WC1E6AT,5
WC1E6AU,5
WC1E6AW,3
WC1E6AX,5
WC1E6AZ,5
WC1E6BA,5
WC1E6BB,5
WC1E6BD,5
WC1E6BH,5
WC1E6BJ,5
WC1E6BL,5
WC1E6BN,5
WC1E6BP,5
WC1E6BS,5
WC1E6BT,5
WC1E6BU,5
WC1E6BX,5
WC1E6BY,5
WC1E6DA,5
WC1E6DB,5
WC1E6DD,5
WC1E6DE,5
WC1E6DG,5
WC1E6DH,5
WC1E6DL,5
WC1E6DP,5
WC1E6DR,5
WC1E6DS,3
WC1E6DU,3
WC1E6DX,5
WC1E6DY,5
WC1E6DZ,5
WC1E6EA,5
WC1E6EB,5
WC1E6ED,5
WC1E6EE,5
WC1E6EF,5
WC1E6EG,5
WC1E6EH,5
WC1E6EJ,5
WC1E6EL,5
WC1E6EN,5
WC1E6EP,5
WC1E6EQ,5
WC1E6ER,5
WC1E6ES,5
WC1E6ET,5
WC1E6HA,5
WC1E6HB,5
WC1E6HD,5
WC1E6HE,5
WC1E6HF,5
WC1E6HG,5
WC1E6HH,5
WC1E6HJ,5
WC1E6HL,5
WC1E6HN,5
WC1E6HP,5
WC1E6HQ,5
WC1E6HR,5
WC1E6HS,5
WC1E6HU,5
WC1E6HW,5
WC1E6HX,5
WC1E6HY,5
WC1E6JA,5
WC1E6JB,5
WC1E6JD,5
WC1E6JE,5
WC1E6JF,5
WC1E6JH,5
WC1E6JJ,5
WC1E6JL,5
WC1E6JN,5
WC1E6JP,5
WC1E6JQ,5
WC1E6JR,5
WC1E6JS,5
WC1E6JT,5
WC1E6JU,3
WC1E6JW,5
WC1E6JX,5
WC1E6JZ,5
WC1E6LB,1
WC1E6LD,1
WC1E6LE,3
WC1E6LJ,1
WC1E6LL,5
WC1E6LP,5
WC1E6LR,5
WC1E6LS,3
WC1E6LT,3
WC1E6LU,3
WC1E6LW,5
WC1E6LX,3
WC1E6LY,3
WC1E6LZ,3
WC1E6NA,5
WC1E6NB,3
WC1E6ND,5
WC1E6NE,3
WC1E6NG,5
WC1E6WU,3
WC1E6WW,3
WC1E6WX,3
WC1E6WY,3
WC1E6WZ,3
WC1E6XA,5
WC1E6YA,5
WC1E7AA,5
WC1E7AB,5
WC1E7AD,5
WC1E7AE,5
WC1E7AF,5
WC1E7AG,5
WC1E7AH,5
WC1E7AJ,5
WC1E7AL,5
WC1E7AN,5
WC1E7AP,5
WC1E7AQ,5
WC1E7AR,5
WC1E7AS,5
WC1E7AT,5
WC1E7AU,5
WC1E7AW,5
WC1E7AX,5
WC1E7AY,5
WC1E7AZ,5
WC1E7BA,5
WC1E7BD,5
WC1E7BE,5
WC1E7BG,5
WC1E7BH,3
WC1E7BJ,5
WC1E7BL,5
WC1E7BN,5
WC1E7BP,3
WC1E7BQ,5
WC1E7BR,5
WC1E7BS,5
WC1E7BT,5
WC1E7BU,5
WC1E7BW,5
WC1E7BX,5
WC1E7BZ,5
WC1E7DA,5
WC1E7DB,5
WC1E7DD,5
WC1E7DE,5
WC1E7DF,5
WC1E7DG,5
WC1E7DH,5
WC1E7DJ,5
WC1E7DL,5
WC1E7DN,5
WC1E7DP,5
WC1E7DQ,5
WC1E7DS,5
WC1E7DT,5
WC1E7DU,5
WC1E7DW,3
WC1E7DX,5
WC1E7DY,5
WC1E7EA,5
WC1E7EB,5
WC1E7ED,5
WC1E7EE,5
WC1E7EF,3
WC1E7EG,5
WC1E7EJ,3
WC1E7EL,5
WC1E7EN,5
WC1E7EP,5
WC1E7EQ,5
WC1E7ER,5
WC1E7ES,5
WC1E7ET,5
WC1E7EU,5
WC1E7EW,5
WC1E7EX,5
WC1E7EY,5
WC1E7EZ,5
WC1E7FB,5
WC1E7HA,5
WC1E7HB,5
WC1E7HD,6
WC1E7HE,5
WC1E7HF,5
WC1E7HG,5
WC1E7HH,5
WC1E7HJ,5
WC1E7HL,5
WC1E7HN,5
WC1E7HP,5
WC1E7HQ,5
WC1E7HR,3
WC1E7HT,5
WC1E7HU,5
WC1E7HW,5
WC1E7HX,5
WC1E7HY,5
WC1E7HZ,5
WC1E7JA,5
WC1E7JB,5
WC1E7JD,5
WC1E7JE,5
WC1E7JF,3
WC1E7JG,5
WC1E7JH,5
WC1E7JJ,5
WC1E7JL,5
WC1E7JN,5
WC1E7JP,5
WC1E7JQ,3
WC1E7JR,5
WC1E7JS,5
WC1E7JT,5
WC1E7JU,5
WC1E7JW,5
WC1E7JX,5
WC1E7JZ,5
WC1E7LA,5
WC1E7LB,5
WC1E7LD,5
WC1E7LE,5
WC1E7LG,5
WC1E7LH,5
WC1E7LJ,5
WC1E7LL,5
WC1E7LN,3
WC1E7LP,5
WC1E7LR,5
WC1E7LS,3
WC1E7LT,5
WC1E7LW,5
WC1E7LX,5
WC1E7LY,5
WC1E7LZ,5
WC1E7NA,3
WC1E7NB,5
WC1E7NE,3
WC1E7NF,3
WC1E7NG,5
WC1E7NH,5
WC1E7NJ,3
WC1E7NL,3
WC1E7NP,5
WC1E7NQ,3
WC1E7NR,3
WC1E7NS,3
WC1E7NT,3
WC1E7NU,3
WC1E7NW,3
WC1E7NY,3
WC1E7PA,5
WC1E7PH,5
WC1E7PJ,5
WC1E7PL,5
WC1E7PN,5
WC1E7PR,5
WC1E7QB,5
WC1E7QD,5
WC1E7QE,5
WC1E7QF,5
WC1E7QX,5
WC1E7WA,3
WC1E7WB,3
WC1E7WD,5
WC1E7WF,3
WC1E7WQ,3
WC1E7WX,3
WC1E7WY,3
WC1E7WZ,3
WC1E7XA,5
WC1E7XE,3
WC1E7YZ,3
WC1E7ZB,3
WC1H0AA,5
WC1H0AB,5
WC1H0AD,5
WC1H0AE,6
WC1H0AF,5
WC1H0AG,5
WC1H0AH,5
WC1H0AJ,5
WC1H0AL,5
WC1H0AN,5
WC1H0AP,5
WC1H0AQ,5
WC1H0AR,5
WC1H0AT,5
WC1H0AW,5
WC1H0AX,5
WC1H0AY,5
WC1H0AZ,5
WC1H0BA,5
WC1H0BB,5
WC1H0BD,5
WC1H0BE,5
WC1H0BH,5
WC1H0BJ,5
WC1H0BQ,5
WC1H0BS,5
WC1H0BT,5
WC1H0BW,5
WC1H0BX,5
WC1H0BZ,3
WC1H0DA,5
WC1H0DB,5
WC1H0DD,5
WC1H0DE,5
WC1H0DG,5
WC1H0DH,5
WC1H0DJ,5
WC1H0DL,5
WC1H0DN,5
WC1H0DP,5
WC1H0DQ,5
WC1H0DS,5
WC1H0DU,5
WC1H0DW,5
WC1H0DX,5
WC1H0DZ,5
WC1H0EA,5
WC1H0EB,5
WC1H0ED,5
WC1H0EE,3
WC1H0EF,5
WC1H0EG,5
WC1H0EH,5
WC1H0EJ,5
WC1H0EN,5
WC1H0EP,5
WC1H0ES,5
WC1H0ET,5
WC1H0EU,5
WC1H0EW,3
WC1H0EX,5
WC1H0EZ,5
WC1H0HA,5
WC1H0HB,5
WC1H0HD,5
WC1H0HF,5
WC1H0HH,5
WC1H0HJ,5
WC1H0HL,5
WC1H0HP,5
WC1H0HQ,5
WC1H0HS,5
WC1H0HT,5
WC1H0HW,5
WC1H0HX,4
WC1H0HY,6
WC1H0HZ,3
WC1H0JB,6
WC1H0JD,6
WC1H0JE,6
WC1H0JF,3
WC1H0JH,4
WC1H0JJ,6
WC1H0JL,4
WC1H0JN,6
WC1H0JP,5
WC1H0JQ,5
WC1H0JR,5
WC1H0JS,5
WC1H0JU,5
WC1H0JW,4
WC1H0JX,5
WC1H0JY,5
WC1H0JZ,5
WC1H0LB,5
WC1H0LD,5
WC1H0LF,5
WC1H0LH,5
WC1H0LJ,3
WC1H0LL,5
WC1H0LN,5
WC1H0LP,5
WC1H0LQ,5
WC1H0LR,5
WC1H0LS,5
WC1H0LT,5
WC1H0LU,5
WC1H0LW,5
WC1H0LX,5
WC1H0LY,5
WC1H0NB,5
WC1H0ND,5
WC1H0NF,5
WC1H0NG,5
WC1H0NH,5
WC1H0NJ,5
WC1H0NL,5
WC1H0NN,6
WC1H0NP,5
WC1H0NQ,5
WC1H0NR,5
WC1H0NS,5
WC1H0NT,5
WC1H0NU,5
WC1H0NW,5
WC1H0NX,3
WC1H0PA,5
WC1H0PD,5
WC1H0PF,5
WC1H0PG,3
WC1H0PH,5
WC1H0PJ,5
WC1H0PL,5
WC1H0PN,5
WC1H0PP,5
WC1H0PQ,5
WC1H0PS,5
WC1H0PT,5
WC1H0PW,5
WC1H0PX,5
WC1H0PY,5
WC1H0QA,6
WC1H0QB,5
WC1H0QD,5
WC1H0QE,5
WC1H0QF,5
WC1H0QG,5
WC1H0QH,3
WC1H0QJ,3
WC1H0QL,5
WC1H0QN,5
WC1H0QP,5
WC1H0QQ,5
WC1H0QS,3
WC1H0QU,5
WC1H0QW,5
WC1H0QX,5
WC1H0QY,5
WC1H0QZ,3
WC1H0RA,5
WC1H0RF,3
WC1H0RG,5
WC1H0RH,5
WC1H0RJ,5
WC1H0RL,3
WC1H0RN,3
WC1H0RQ,3
WC1H0TA,5
WC1H0TB,5
WC1H0TD,5
WC1H0TE,5
WC1H0TG,6
WC1H0TH,6
WC1H0WA,6
WC1H0WB,6
WC1H0WF,3
WC1H0WH,3
WC1H0WL,3
WC1H0WN,6
WC1H0WQ,3
WC1H0WR,3
WC1H0WY,3
WC1H0WZ,3
WC1H0XA,5
WC1H0XB,3
WC1H0XD,5
WC1H0XE,5
WC1H0XF,5
WC1H0XG,5
WC1H0XP,5
WC1H0YB,3
WC1H8AA,1
WC1H8AB,1
WC1H8AD,1
WC1H8AE,1
WC1H8AF,2
WC1H8AG,1
WC1H8AH,5
WC1H8AJ,2
WC1H8AL,1
WC1H8AP,1
WC1H8AQ,5
WC1H8AR,1
WC1H8AS,1
WC1H8AT,1
WC1H8AU,1
WC1H8AY,1
WC1H8AZ,1
WC1H8BA,1
WC1H8BB,1
WC1H8BD,2
WC1H8BE,1
WC1H8BG,2
WC1H8BH,1
WC1H8BJ,1
WC1H8BL,1
WC1H8BP,1
WC1H8BS,2
WC1H8BU,2
WC1H8BW,1
WC1H8BX,2
WC1H8BY,1
WC1H8BZ,2
WC1H8DA,3
WC1H8DB,2
WC1H8DD,2
WC1H8DF,2
WC1H8DG,2
WC1H8DH,2
WC1H8DJ,2
WC1H8DL,2
WC1H8DN,2
WC1H8DR,1
WC1H8DT,1
WC1H8DU,1
WC1H8DY,1
WC1H8EA,1
WC1H8EB,1
WC1H8EE,1
WC1H8EF,1
WC1H8EG,6
WC1H8EH,1
WC1H8EJ,1
WC1H8EN,2
WC1H8EP,2
WC1H8EQ,6
WC1H8ER,2
WC1H8ES,3
WC1H8ET,2
WC1H8EU,2
WC1H8EW,2
WC1H8EX,6
WC1H8EZ,2
WC1H8HA,1
WC1H8HB,2
WC1H8HD,1
WC1H8HE,2
WC1H8HF,3
WC1H8HG,2
WC1H8HH,2
WC1H8HJ,2
WC1H8HL,2
WC1H8HN,3
WC1H8HP,1
WC1H8HQ,1
WC1H8HS,1
WC1H8HT,2
WC1H8HU,2
WC1H8HW,1
WC1H8HX,2
WC1H8HZ,5
WC1H8JA,1
WC1H8JB,5
WC1H8JD,5
WC1H8JE,2
WC1H8JF,1
WC1H8JG,1
WC1H8JH,5
WC1H8JJ,4
WC1H8JL,1
WC1H8JN,5
WC1H8JP,4
WC1H8JQ,2
WC1H8JR,2
WC1H8JS,2
WC1H8JT,1
WC1H8JU,2
WC1H8JW,5
WC1H8JX,5
WC1H8JY,3
WC1H8JZ,2
WC1H8LA,2
WC1H8LB,2
WC1H8LD,2
WC1H8LF,1
WC1H8LG,1
WC1H8LH,1
WC1H8LJ,1
WC1H8LL,1
WC1H8LP,1
WC1H8LR,4
WC1H8LS,1
WC1H8LT,1
WC1H8LX,1
WC1H8NA,1
WC1H8NB,1
WC1H8ND,6
WC1H8NE,5
WC1H8NF,3
WC1H8NG,6
WC1H8NH,6
WC1H8NJ,6
WC1H8NL,6
WC1H8NN,6
WC1H8NP,6
WC1H8RH,3
WC1H8RJ,3
WC1H8RL,3
WC1H8RN,1
WC1H8RP,3
WC1H8WA,3
WC1H8WB,3
WC1H8WD,3
WC1H8WF,3
WC1H8WG,3
WC1H8WH,3
WC1H8WJ,3
WC1H8WL,3
WC1H8WN,3
WC1H8WP,3
WC1H8WQ,3
WC1H8WR,3
WC1H8WS,3
WC1H8WT,3
WC1H8WU,3
WC1H8WW,3
WC1H8WX,3
WC1H8WY,3
WC1H8WZ,3
WC1H8XA,3
WC1H8XQ,3
WC1H8YA,3
WC1H8YQ,3
WC1H9AA,6
WC1H9AB,6
WC1H9AD,6
WC1H9AE,5
WC1H9AF,3
WC1H9AG,3
WC1H9AH,4
WC1H9AJ,6
WC1H9AL,4
WC1H9AN,3
WC1H9AP,6
WC1H9AQ,4
WC1H9AR,6
WC1H9AS,6
WC1H9AT,6
WC1H9AU,6
WC1H9AW,4
WC1H9AX,6
WC1H9AY,3
WC1H9AZ,6
WC1H9BA,6
WC1H9BB,6
WC1H9BD,6
WC1H9BE,6
WC1H9BF,6
WC1H9BG,3
WC1H9BH,6
WC1H9BJ,6
WC1H9BL,6
WC1H9BN,4
WC1H9BP,3
WC1H9BQ,4
WC1H9BR,6
WC1H9BS,6
WC1H9BT,6
WC1H9BU,5
WC1H9BX,3
WC1H9BY,4
WC1H9BZ,4
WC1H9DB,6
WC1H9DD,4
WC1H9DE,6
WC1H9DH,6
WC1H9DJ,6
WC1H9DL,6
WC1H9DP,6
WC1H9DQ,6
WC1H9DR,6
WC1H9DS,6
WC1H9DT,6
WC1H9DU,6
WC1H9DW,6
WC1H9DX,6
WC1H9DZ,2
WC1H9EA,4
WC1H9EB,4
WC1H9ED,4
WC1H9EE,4
WC1H9EF,6
WC1H9EG,2
WC1H9EH,4
WC1H9EJ,3
WC1H9EL,4
WC1H9EN,4
WC1H9EP,4
WC1H9ER,4
WC1H9ES,4
WC1H9ET,5
WC1H9EU,5
WC1H9EW,4
WC1H9EX,5
WC1H9EZ,5
WC1H9FG,5
WC1H9FQ,3
WC1H9GA,6
WC1H9GB,6
WC1H9GD,6
WC1H9GE,6
WC1H9GF,6
WC1H9GG,6
WC1H9GH,6
WC1H9GJ,6
WC1H9GL,6
WC1H9GN,6
WC1H9GP,6
WC1H9GQ,6
WC1H9GR,6
WC1H9GS,6
WC1H9GT,6
WC1H9GU,6
WC1H9GW,6
WC1H9GX,6
WC1H9HA,5
WC1H9HB,5
WC1H9HD,5
WC1H9HE,5
WC1H9HF,5
WC1H9HG,5
WC1H9HH,5
WC1H9HJ,5
WC1H9HL,5
WC1H9HN,5
WC1H9HP,5
WC1H9HQ,5
WC1H9HR,4
WC1H9HT,4
WC1H9HU,5
WC1H9HW,5
WC1H9HX,4
WC1H9HY,5
WC1H9HZ,5
WC1H9JA,4
WC1H9JB,6
WC1H9JD,5
WC1H9JE,6
WC1H9JF,6
WC1H9JG,6
WC1H9JH,4
WC1H9JJ,4
WC1H9JL,5
WC1H9JN,5
WC1H9JP,4
WC1H9JQ,5
WC1H9JR,4
WC1H9JS,4
WC1H9JU,5
WC1H9JW,3
WC1H9JX,5
WC1H9JY,4
WC1H9JZ,4
WC1H9LA,6
WC1H9LB,4
WC1H9LD,4
WC1H9LE,5
WC1H9LF,4
WC1H9LG,4
WC1H9LH,6
WC1H9LJ,5
WC1H9LL,5
WC1H9LN,4
WC1H9LP,6
WC1H9LQ,4
WC1H9LR,5
WC1H9LS,4
WC1H9LT,4
WC1H9LU,6
WC1H9LX,4
WC1H9LY,4
WC1H9LZ,6
WC1H9NA,4
WC1H9NB,4
WC1H9ND,5
WC1H9NE,6
WC1H9NF,4
WC1H9NG,3
WC1H9NH,3
WC1H9NJ,3
WC1H9NL,3
WC1H9NN,6
WC1H9NP,6
WC1H9NQ,4
WC1H9NR,6
WC1H9NS,6
WC1H9NT,6
WC1H9NU,6
WC1H9NW,3
WC1H9NX,6
WC1H9NY,4
WC1H9NZ,3
WC1H9PA,2
WC1H9PB,2
WC1H9PD,2
WC1H9PE,6
WC1H9PF,4
WC1H9PG,6
WC1H9PH,2
WC1H9PJ,6
WC1H9PL,4
WC1H9PN,6
WC1H9PP,4
WC1H9PQ,3
WC1H9PR,6
WC1H9PS,6
WC1H9PT,6
WC1H9PU,6
WC1H9PW,4
WC1H9PX,6
WC1H9PY,6
WC1H9PZ,6
WC1H9QA,6
WC1H9QB,6
WC1H9QD,6
WC1H9QE,6
WC1H9QF,4
WC1H9QG,4
WC1H9QH,4
WC1H9QJ,3
WC1H9QL,6
WC1H9QN,4
WC1H9QP,5
WC1H9QQ,4
WC1H9QR,5
WC1H9QS,5
WC1H9QT,5
WC1H9QU,5
WC1H9QW,5
WC1H9QX,2
WC1H9QZ,2
WC1H9RA,2
WC1H9RD,2
WC1H9RE,2
WC1H9RF,4
WC1H9RG,2
WC1H9RH,2
WC1H9RJ,5
WC1H9RL,2
WC1H9RN,6
WC1H9RP,2
WC1H9RR,2
WC1H9RS,2
WC1H9RT,2
WC1H9RU,2
WC1H9RW,5
WC1H9RX,2
WC1H9RZ,2
WC1H9SA,4
WC1H9SB,4
WC1H9SD,4
WC1H9SE,4
WC1H9SF,4
WC1H9SG,3
WC1H9SH,4
WC1H9SJ,3
WC1H9SN,4
WC1H9SP,6
WC1H9SQ,5
WC1H9SR,6
WC1H9SS,2
WC1H9ST,4
WC1H9SU,4
WC1H9SX,4
WC1H9SY,4
WC1H9SZ,6
WC1H9TA,4
WC1H9TB,3
WC1H9TD,3
WC1H9TE,3
WC1H9TF,5
WC1H9TG,3
WC1H9TH,4
WC1H9TJ,5
WC1H9TL,4
WC1H9TN,3
WC1H9TP,4
WC1H9TR,6
WC1H9TS,6
WC1H9TT,3
WC1H9TU,4
WC1H9TW,4
WC1H9TX,4
WC1H9TY,3
WC1H9TZ,4
WC1H9UA,4
WC1H9UB,4
WC1H9UD,3
WC1H9UE,4
WC1H9UF,4
WC1H9UG,3
WC1H9UH,3
WC1H9UJ,3
WC1H9UL,4
WC1H9UN,4
WC1H9UP,4
WC1H9UQ,4
WC1H9UR,4
WC1H9US,4
WC1H9UT,4
WC1H9UW,5
WC1H9UX,3
WC1H9UY,3
WC1H9UZ,3
WC1H9WA,3
WC1H9WB,3
WC1H9WD,3
WC1H9WE,3
WC1H9WF,3
WC1H9WG,3
WC1H9WH,3
WC1H9WJ,3
WC1H9WL,3
WC1H9WN,3
WC1H9WP,3
WC1H9WQ,3
WC1H9WR,3
WC1H9WS,3
WC1H9WT,3
WC1H9WU,3
WC1H9WW,3
WC1H9WX,3
WC1H9WY,3
WC1H9WZ,3
WC1H9XA,3
WC1H9XB,4
WC1H9XD,4
WC1H9XE,3
WC1H9XF,3
WC1H9XG,3
WC1H9XH,3
WC1H9XJ,3
WC1H9XL,6
WC1H9XP,4
WC1H9XQ,3
WC1H9XR,3
WC1H9XS,3
WC1H9XW,3
WC1H9XX,4
WC1H9XY,4
WC1H9XZ,4
WC1H9YA,6
WC1H9YB,3
WC1H9YD,3
WC1H9YE,3
WC1H9YF,3
WC1H9YP,3
WC1H9YQ,3
WC1H9YZ,3
WC1H9ZA,3
WC1H9ZD,6
WC1H9ZQ,3
WC1N1AA,2
WC1N1AB,2
WC1N1AD,5
WC1N1AE,2
WC1N1AF,2
WC1N1AG,4
WC1N1AH,2
WC1N1AJ,4
WC1N1AL,4
WC1N1AN,2
WC1N1AP,2
WC1N1AQ,2
WC1N1AR,5
WC1N1AS,5
WC1N1AT,5
WC1N1AU,5
WC1N1AW,2
WC1N1AX,5
WC1N1AY,2
WC1N1AZ,5
WC1N1BA,2
WC1N1BD,5
WC1N1BE,2
WC1N1BG,2
WC1N1BH,2
WC1N1BJ,2
WC1N1BL,5
WC1N1BN,5
WC1N1BP,2
WC1N1BQ,3
WC1N1BS,2
WC1N1BT,2
WC1N1BU,5
WC1N1BX,2
WC1N1BY,5
WC1N1BZ,5
WC1N1DA,5
WC1N1DB,6
WC1N1DD,5
WC1N1DE,6
WC1N1DF,5
WC1N1DG,5
WC1N1DH,5
WC1N1DJ,5
WC1N1DN,5
WC1N1DP,3
WC1N1DQ,5
WC1N1DR,5
WC1N1DS,5
WC1N1DT,5
WC1N1DU,5
WC1N1DW,5
WC1N1DX,5
WC1N1DY,5
WC1N1DZ,5
WC1N1EA,5
WC1N1EB,3
WC1N1EE,3
WC1N1EH,3
WC1N1EJ,6
WC1N1EP,6
WC1N1EQ,3
WC1N1ES,6
WC1N1ET,6
WC1N1EW,2
WC1N1EX,5
WC1N1EZ,3
WC1N1HA,5
WC1N1HB,5
WC1N1HD,5
WC1N1HE,2
WC1N1HF,5
WC1N1HJ,5
WC1N1HN,5
WC1N1HP,2
WC1N1HQ,5
WC1N1HR,5
WC1N1HS,5
WC1N1HT,2
WC1N1HU,2
WC1N1HX,5
WC1N1HZ,5
WC1N1JA,5
WC1N1JB,2
WC1N1JD,5
WC1N1JE,5
WC1N1JF,2
WC1N1JG,2
WC1N1JH,2
WC1N1JJ,2
WC1N1JL,5
WC1N1JN,2
WC1N1JP,2
WC1N1JQ,5
WC1N1JS,5
WC1N1JU,2
WC1N1JX,5
WC1N1LA,5
WC1N1LB,5
WC1N1LD,5
WC1N1LE,5
WC1N1LF,5
WC1N1LG,3
WC1N1LJ,5
WC1N1LN,5
WC1N1LT,5
WC1N1LW,5
WC1N1LX,5
WC1N1LY,5
WC1N1LZ,5
WC1N1NB,5
WC1N1ND,5
WC1N1NF,5
WC1N1NH,5
WC1N1NJ,2
WC1N1NL,2
WC1N1NN,2
WC1N1NP,2
WC1N1NQ,5
WC1N1NR,2
WC1N1NS,2
WC1N1NT,2
WC1N1NU,5
WC1N1NW,2
WC1N1NX,2
WC1N1NY,2
WC1N1NZ,2
WC1N1PA,5
WC1N1PB,5
WC1N1PD,5
WC1N1PE,5
WC1N1PF,5
WC1N1PG,5
WC1N1PH,5
WC1N1PJ,5
WC1N1PN,4
WC1N1PP,2
WC1N1PS,3
WC1N1PT,4
WC1N1PU,4
WC1N1PW,2
WC1N1PX,5
WC1N1QA,5
WC1N1QB,3
WC1N1QD,3
WC1N1QE,2
WC1N1QF,2
WC1N1QG,2
WC1N1QH,2
WC1N1QJ,5
WC1N1QL,3
WC1N1QN,2
WC1N1QP,3
WC1N1QQ,2
WC1N1QR,2
WC1N1QS,2
WC1N1QT,3
WC1N1QU,3
WC1N1QW,3
WC1N1QX,3
WC1N1QY,3
WC1N1QZ,3
WC1N1RB,5
WC1N1RD,4
WC1N1RE,2
WC1N1RF,2
WC1N1ST,5
WC1N1TA,3
WC1N1TD,3
WC1N1WA,3
WC1N1WB,3
WC1N1WD,3
WC1N1WE,3
WC1N1WF,3
WC1N1WH,3
WC1N1WJ,3
WC1N1WL,3
WC1N1WW,3
WC1N1WX,3
WC1N1WY,3
WC1N1WZ,3
WC1N1XF,3
WC1N1XL,3
WC1N1XP,3
WC1N1XQ,3
WC1N1YT,3
WC1N1ZR,3
WC1N2AA,3
WC1N2AB,3
WC1N2AD,3
WC1N2AE,3
WC1N2AF,4
WC1N2AG,4
WC1N2AH,4
WC1N2AJ,4
WC1N2AL,4
WC1N2AN,4
WC1N2AP,5
WC1N2AQ,3
WC1N2AR,5
WC1N2AS,5
WC1N2AT,5
WC1N2AU,5
WC1N2AW,5
WC1N2AX,5
WC1N2AY,3
WC1N2AZ,3
WC1N2BA,5
WC1N2BB,3
WC1N2BD,5
WC1N2BE,3
WC1N2BF,5
WC1N2BG,5
WC1N2BH,5
WC1N2BJ,5
WC1N2BL,5
WC1N2BN,3
WC1N2BP,5
WC1N2BQ,5
WC1N2BS,5
WC1N2BU,5
WC1N2BW,5
WC1N2BX,5
WC1N2BY,5
WC1N2DA,5
WC1N2DB,5
WC1N2DD,5
WC1N2DE,5
WC1N2DF,5
WC1N2DG,5
WC1N2DH,5
WC1N2DJ,5
WC1N2DL,5
WC1N2DN,5
WC1N2DR,5
WC1N2DS,5
WC1N2DT,5
WC1N2DX,5
WC1N2EA,5
WC1N2EB,5
WC1N2ED,5
WC1N2EF,3
WC1N2EG,5
WC1N2EH,5
WC1N2ER,3
WC1N2ES,5
WC1N2ET,5
WC1N2EU,5
WC1N2EX,3
WC1N2EZ,5
WC1N2HD,5
WC1N2HH,5
WC1N2HJ,5
WC1N2HL,5
WC1N2HP,3
WC1N2HT,3
WC1N2HX,5
WC1N2HY,5
WC1N2HZ,5
WC1N2JA,5
WC1N2JB,5
WC1N2JE,5
WC1N2JF,5
WC1N2JG,5
WC1N2JH,5
WC1N2JJ,5
WC1N2JL,5
WC1N2JN,5
WC1N2JP,5
WC1N2JQ,5
WC1N2JR,5
WC1N2JS,5
WC1N2JT,5
WC1N2JU,5
WC1N2JW,5
WC1N2JX,5
WC1N2JY,5
WC1N2JZ,5
WC1N2LA,5
WC1N2LB,5
WC1N2LD,5
WC1N2LE,5
WC1N2LF,5
WC1N2LG,5
WC1N2LH,5
WC1N2LJ,5
WC1N2LL,5
WC1N2LN,5
WC1N2LP,5
WC1N2LQ,5
WC1N2LR,5
WC1N2LS,5
WC1N2LT,3
WC1N2LU,5
WC1N2LW,5
WC1N2LX,5
WC1N2LY,5
WC1N2LZ,5
WC1N2NA,5
WC1N2NB,5
WC1N2ND,5
WC1N2NE,5
WC1N2NG,3
WC1N2NH,5
WC1N2NP,5
WC1N2NQ,3
WC1N2NR,5
WC1N2NS,5
WC1N2NT,5
WC1N2NU,5
WC1N2NW,5
WC1N2NX,5
WC1N2NY,5
WC1N2NZ,5
WC1N2PA,5
WC1N2PB,5
WC1N2PD,5
WC1N2PE,5
WC1N2PF,5
WC1N2PG,5
WC1N2PH,5
WC1N2PJ,3
WC1N2PL,5
WC1N2PN,5
WC1N2PP,5
WC1N2PR,3
WC1N2PS,5
WC1N2PT,5
WC1N2PU,5
WC1N2PW,5
WC1N2PX,3
WC1N2PZ,5
WC1N2QA,5
WC1N2QB,5
WC1N2QF,3
WC1N2QG,3
WC1N2QH,5
WC1N2QJ,3
WC1N2QL,5
WC1N2QN,5
WC1N2QP,5
WC1N2QR,3
WC1N2QT,5
WC1N2QW,3
WC1N2QX,3
WC1N2QY,3
WC1N2QZ,3
WC1N2WA,3
WC1N2WB,3
WC1N2WF,3
WC1N2WH,3
WC1N2WR,3
WC1N2WS,3
WC1N2WT,3
WC1N2WU,3
WC1N2WW,3
WC1N2WX,3
WC1N2WY,3
WC1N2WZ,3
WC1N2XB,3
WC1N2XD,3
WC1N2XE,3
WC1N2YQ,3
WC1N2ZQ,3
WC1N3AA,3
WC1N3AB,3
WC1N3AD,6
WC1N3AE,6
WC1N3AF,6
WC1N3AG,5
WC1N3AH,6
WC1N3AJ,6
WC1N3AL,6
WC1N3AN,6
WC1N3AP,6
WC1N3AQ,6
WC1N3AR,6
WC1N3AS,6
WC1N3AT,6
WC1N3AU,6
WC1N3AW,3
WC1N3AX,6
WC1N3AY,6
WC1N3AZ,6
WC1N3BA,6
WC1N3BB,6
WC1N3BD,3
WC1N3BE,6
WC1N3BF,6
WC1N3BG,6
WC1N3BH,3
WC1N3BJ,3
WC1N3BL,6
WC1N3BP,6
WC1N3BS,6
WC1N3BT,6
WC1N3BW,3
WC1N3BZ,3
WC1N3DA,3
WC1N3DB,3
WC1N3DE,3
WC1N3DF,3
WC1N3DG,3
WC1N3DH,3
WC1N3DJ,3
WC1N3DL,3
WC1N3DN,3
WC1N3DP,3
WC1N3DQ,3
WC1N3DR,3
WC1N3DS,3
WC1N3DT,3
WC1N3DX,3
WC1N3DY,3
WC1N3DZ,3
WC1N3EA,5
WC1N3EB,5
WC1N3ED,3
WC1N3EE,5
WC1N3EF,5
WC1N3EG,5
WC1N3EH,5
WC1N3EJ,5
WC1N3EL,3
WC1N3EN,5
WC1N3EP,5
WC1N3EQ,5
WC1N3ER,5
WC1N3ES,3
WC1N3EW,5
WC1N3EX,3
WC1N3EY,3
WC1N3EZ,3
WC1N3GS,3
WC1N3HA,3
WC1N3HB,3
WC1N3HD,3
WC1N3HF,3
WC1N3HG,3
WC1N3HH,3
WC1N3HL,3
WC1N3HP,3
WC1N3HQ,3
WC1N3HR,6
WC1N3HS,3
WC1N3HT,6
WC1N3HU,3
WC1N3HY,3
WC1N3HZ,3
WC1N3JA,6
WC1N3JB,5
WC1N3JD,3
WC1N3JE,3
WC1N3JF,6
WC1N3JG,3
WC1N3JH,3
WC1N3JJ,3
WC1N3JL,3
WC1N3JN,3
WC1N3JP,3
WC1N3JQ,3
WC1N3JS,6
WC1N3JT,3
WC1N3JU,3
WC1N3JW,3
WC1N3JX,3
WC1N3JY,3
WC1N3JZ,3
WC1N3LA,3
WC1N3LB,3
WC1N3LD,3
WC1N3LE,3
WC1N3LF,3
WC1N3LG,3
WC1N3LH,3
WC1N3LJ,3
WC1N3LL,5
WC1N3LN,5
WC1N3LP,5
WC1N3LQ,5
WC1N3LR,5
WC1N3LS,5
WC1N3LT,5
WC1N3LU,5
WC1N3LW,5
WC1N3LX,5
WC1N3LY,3
WC1N3LZ,5
WC1N3NA,5
WC1N3NB,5
WC1N3ND,3
WC1N3NE,3
WC1N3NF,3
WC1N3NG,5
WC1N3NH,5
WC1N3NJ,3
WC1N3NL,3
WC1N3NN,3
WC1N3NR,3
WC1N3NW,3
WC1N3NX,3
WC1N3PA,3
WC1N3PB,3
WC1N3PD,5
WC1N3PE,3
WC1N3PF,3
WC1N3PG,3
WC1N3PH,3
WC1N3PJ,3
WC1N3PL,3
WC1N3PP,3
WC1N3PR,3
WC1N3PS,3
WC1N3PT,3
WC1N3PW,3
WC1N3PX,3
WC1N3PZ,3
WC1N3QA,3
WC1N3QG,6
WC1N3QH,3
WC1N3QJ,3
WC1N3QL,3
WC1N3QN,3
WC1N3QP,3
WC1N3QQ,3
WC1N3QR,3
WC1N3QS,3
WC1N3QT,3
WC1N3QU,5
WC1N3QW,3
WC1N3QX,3
WC1N3QY,5
WC1N3QZ,5
WC1N3RA,5
WC1N3RB,5
WC1N3RD,3
WC1N3RE,3
WC1N3RH,5
WC1N3RJ,3
WC1N3RL,5
WC1N3RN,5
WC1N3RP,3
WC1N3RQ,3
WC1N3RX,6
WC1N3TB,3
WC1N3TX,3
WC1N3WA,3
WC1N3WB,3
WC1N3WH,3
WC1N3WS,3
WC1N3WT,3
WC1N3WU,3
WC1N3WW,3
WC1N3WX,3
WC1N3WY,3
WC1N3WZ,3
WC1N3XA,5
WC1N3XB,3
WC1N3XE,3
WC1N3XF,5
WC1N3XG,3
WC1N3XH,3
WC1N3XJ,3
WC1N3XL,5
WC1N3XN,5
WC1N3XP,3
WC1N3XT,3
WC1N3XX,3
WC1N3YF,3
WC1R4AA,6
WC1R4AB,6
WC1R4AD,6
WC1R4AE,6
WC1R4AF,6
WC1R4AG,6
WC1R4AH,6
WC1R4AJ,6
WC1R4AL,6
WC1R4AN,6
WC1R4AP,6
WC1R4AQ,6
WC1R4AR,6
WC1R4AS,6
WC1R4AT,6
WC1R4AU,6
WC1R4AW,3
WC1R4AX,6
WC1R4AY,6
WC1R4AZ,6
WC1R4BA,6
WC1R4BB,6
WC1R4BD,6
WC1R4BE,6
WC1R4BF,6
WC1R4BG,6
WC1R4BH,6
WC1R4BJ,6
WC1R4BL,6
WC1R4BN,6
WC1R4BP,6
WC1R4BQ,6
WC1R4BS,6
WC1R4BT,6
WC1R4BU,6
WC1R4BW,6
WC1R4BX,6
WC1R4BY,6
WC1R4BZ,6
WC1R4DB,6
WC1R4DE,6
WC1R4DF,3
WC1R4DG,3
WC1R4DL,6
WC1R4DN,6
WC1R4DQ,6
WC1R4DR,6
WC1R4DS,3
WC1R4DT,6
WC1R4DU,6
WC1R4DW,6
WC1R4DX,6
WC1R4DY,3
WC1R4DZ,6
WC1R4EB,6
WC1R4ED,6
WC1R4EE,6
WC1R4EF,6
WC1R4EG,6
WC1R4EH,6
WC1R4EJ,6
WC1R4EN,6
WC1R4EP,3
WC1R4EQ,6
WC1R4ER,6
WC1R4ET,6
WC1R4EU,6
WC1R4EW,6
WC1R4EX,6
WC1R4EY,6
WC1R4EZ,6
WC1R4FP,6
WC1R4FS,6
WC1R4GB,6
WC1R4HA,6
WC1R4HD,6
WC1R4HE,6
WC1R4HF,6
WC1R4HG,6
WC1R4HH,6
WC1R4HL,6
WC1R4HN,6
WC1R4HP,6
WC1R4HQ,6
WC1R4HT,6
WC1R4HX,6
WC1R4HZ,6
WC1R4JB,6
WC1R4JD,6
WC1R4JH,6
WC1R4JJ,6
WC1R4JL,6
WC1R4JN,6
WC1R4JP,6
WC1R4JR,3
WC1R4JS,6
WC1R4JT,6
WC1R4JU,3
WC1R4JW,3
WC1R4JX,3
WC1R4JY,3
WC1R4JZ,3
WC1R4LA,6
WC1R4LB,6
WC1R4LD,6
WC1R4LE,6
WC1R4LF,6
WC1R4LJ,6
WC1R4LL,6
WC1R4LN,6
WC1R4LP,6
WC1R4LR,6
WC1R4LS,6
WC1R4LT,6
WC1R4LU,6
WC1R4LX,6
WC1R4LY,6
WC1R4NA,6
WC1R4NB,6
WC1R4ND,6
WC1R4NF,6
WC1R4NG,6
WC1R4NH,6
WC1R4NJ,6
WC1R4NL,6
WC1R4NN,6
WC1R4NP,6
WC1R4NQ,6
WC1R4NR,6
WC1R4NS,6
WC1R4NT,6
WC1R4NU,6
WC1R4NW,6
WC1R4NX,6
WC1R4NY,6
WC1R4NZ,6
WC1R4PA,6
WC1R4PB,6
WC1R4PD,6
WC1R4PF,6
WC1R4PG,6
WC1R4PJ,6
WC1R4PL,6
WC1R4PN,6
WC1R4PP,6
WC1R4PQ,6
WC1R4PR,6
WC1R4PS,6
WC1R4PU,6
WC1R4PX,6
WC1R4PY,6
WC1R4PZ,6
WC1R4QA,6
WC1R4QB,6
WC1R4QD,6
WC1R4QF,6
WC1R4QG,6
WC1R4QH,6
WC1R4QJ,6
WC1R4QL,6
WC1R4QN,6
WC1R4QP,6
WC1R4QR,6
WC1R4QS,6
WC1R4QT,6
WC1R4QW,6
WC1R4QY,6
WC1R4QZ,6
WC1R4RA,6
WC1R4RB,6
WC1R4RD,6
WC1R4RE,6
WC1R4RG,6
WC1R4RH,6
WC1R4RJ,6
WC1R4RL,6
WC1R4RS,6
WC1R4RT,6
WC1R4RU,6
WC1R4RX,3
WC1R4SA,6
WC1R4SB,3
WC1R4SD,6
WC1R4SE,6
WC1R4SF,6
WC1R4SG,6
WC1R4SJ,6
WC1R4SP,6
WC1R4SR,6
WC1R4SS,6
WC1R4ST,6
WC1R4SU,6
WC1R4SX,6
WC1R4TA,6
WC1R4TB,6
WC1R4TD,6
WC1R4TE,6
WC1R4TF,6
WC1R4TG,6
WC1R4TH,6
WC1R4TJ,6
WC1R4TL,6
WC1R4TP,6
WC1R4TQ,6
WC1R4TU,3
WC1R4TW,6
WC1R4UD,6
WC1R4UF,6
WC1R4UH,6
WC1R4UJ,6
WC1R4UQ,6
WC1R4WA,3
WC1R4WB,3
WC1R4WH,6
WC1R4WN,3
WC1R4WQ,3
WC1R4WR,3
WC1R4WS,3
WC1R4WT,3
WC1R4WU,3
WC1R4WW,3
WC1R4WX,3
WC1R4WY,3
WC1R4WZ,3
WC1R4XA,6
WC1R4XB,6
WC1R4XD,6
WC1R4XE,6
WC1R4XF,6
WC1R4XG,6
WC1R4XH,6
WC1R4XJ,6
WC1R4XX,6
WC1R4YL,6
WC1R5AA,6
WC1R5AB,6
WC1R5AF,6
WC1R5AG,6
WC1R5AH,6
WC1R5AJ,6
WC1R5AN,6
WC1R5AP,6
WC1R5AS,6
WC1R5AT,6
WC1R5AU,6
WC1R5AX,6
WC1R5AY,6
WC1R5AZ,6
WC1R5BA,6
WC1R5BB,6
WC1R5BG,6
WC1R5BH,6
WC1R5BJ,6
WC1R5BN,6
WC1R5BP,6
WC1R5BQ,6
WC1R5BS,6
WC1R5BX,6
WC1R5BZ,6
WC1R5DA,6
WC1R5DD,6
WC1R5DF,6
WC1R5DH,6
WC1R5DJ,6
WC1R5DL,6
WC1R5DP,6
WC1R5DQ,6
WC1R5DR,6
WC1R5DU,6
WC1R5DW,6
WC1R5DX,6
WC1R5DY,6
WC1R5DZ,6
WC1R5EA,6
WC1R5EB,6
WC1R5EF,6
WC1R5EJ,6
WC1R5EL,6
WC1R5EN,6
WC1R5EP,6
WC1R5EQ,6
WC1R5ES,6
WC1R5ET,6
WC1R5EU,6
WC1R5EY,6
WC1R5HD,6
WC1R5HE,6
WC1R5HG,6
WC1R5HH,6
WC1R5HJ,6
WC1R5HP,6
WC1R5HR,6
WC1R5HT,6
WC1R5HX,6
WC1R5HZ,6
WC1R5JA,6
WC1R5JD,6
WC1R5JF,6
WC1R5JH,6
WC1R5JJ,6
WC1R5JL,6
WC1R5JN,6
WC1R5JP,6
WC1R5JQ,6
WC1R5JR,1
WC1R5JT,6
WC1R5JU,6
WC1R5JZ,6
WC1R5LA,6
WC1R5LB,6
WC1R5LF,6
WC1R5LH,6
WC1R5LJ,6
WC1R5LL,6
WC1R5LN,6
WC1R5LP,6
WC1R5LQ,6
WC1R5LR,6
WC1R5LS,6
WC1R5LU,6
WC1R5LW,6
WC1R5LX,6
WC1R5LY,6
WC1R5NB,6
WC1R5ND,6
WC1R5NR,6
WC1R5NT,6
WC1R5PA,6
WC1R5PB,3
WC1R5WZ,3
WC1V6AA,6
WC1V6AD,6
WC1V6AE,6
WC1V6AF,6
WC1V6AJ,6
WC1V6AL,6
WC1V6AN,6
WC1V6AP,6
WC1V6AQ,6
WC1V6AS,6
WC1V6AT,6
WC1V6AW,6
WC1V6AX,6
WC1V6AY,6
WC1V6AZ,6
WC1V6BA,6
WC1V6BB,6
WC1V6BD,6
WC1V6BE,6
WC1V6BG,6
WC1V6BH,6
WC1V6BL,6
WC1V6BN,6
WC1V6BP,6
WC1V6BS,6
WC1V6BU,6
WC1V6BX,6
WC1V6BY,6
WC1V6BZ,6
WC1V6DA,6
WC1V6DB,6
WC1V6DE,6
WC1V6DF,6
WC1V6DJ,6
WC1V6DL,6
WC1V6DP,6
WC1V6DR,6
WC1V6DS,6
WC1V6DT,6
WC1V6DU,6
WC1V6DW,6
WC1V6DX,6
WC1V6DY,6
WC1V6EA,6
WC1V6EB,6
WC1V6ED,6
WC1V6EF,6
WC1V6EG,6
WC1V6EL,6
WC1V6EP,6
WC1V6ER,6
WC1V6ES,6
WC1V6EU,6
WC1V6EX,6
WC1V6HA,6
WC1V6HB,3
WC1V6HD,6
WC1V6HE,6
WC1V6HG,6
WC1V6HL,6
WC1V6HN,6
WC1V6HP,6
WC1V6HQ,6
WC1V6HR,6
WC1V6HT,6
WC1V6HU,6
WC1V6HW,6
WC1V6HX,6
WC1V6HZ,6
WC1V6JD,6
WC1V6JE,6
WC1V6JF,6
WC1V6JJ,6
WC1V6JN,3
WC1V6JP,3
WC1V6JQ,6
WC1V6JS,6
WC1V6JT,6
WC1V6JU,3
WC1V6JY,6
WC1V6LA,6
WC1V6LD,6
WC1V6LE,6
WC1V6LF,6
WC1V6LG,6
WC1V6LH,6
WC1V6LJ,6
WC1V6LL,6
WC1V6LP,6
WC1V6LQ,6
WC1V6LR,6
WC1V6LS,6
WC1V6LU,6
WC1V6LW,6
WC1V6LX,3
WC1V6LY,6
WC1V6NA,6
WC1V6NB,6
WC1V6NF,6
WC1V6NG,6
WC1V6NH,6
WC1V6NJ,6
WC1V6NL,6
WC1V6NP,6
WC1V6NR,6
WC1V6NS,6
WC1V6NT,6
WC1V6NU,6
WC1V6NW,6
WC1V6NX,6
WC1V6NY,6
WC1V6NZ,6
WC1V6PA,4
WC1V6PB,4
WC1V6PD,4
WC1V6PE,3
WC1V6PG,6
WC1V6PH,3
WC1V6PJ,3
WC1V6PL,3
WC1V6PN,3
WC1V6PP,3
WC1V6PQ,3
WC1V6PR,4
WC1V6PS,3
WC1V6PU,3
WC1V6PW,3
WC1V6PX,3
WC1V6PY,3
WC1V6QA,6
WC1V6QB,6
WC1V6QD,3
WC1V6QE,6
WC1V6QF,6
WC1V6QH,3
WC1V6QL,6
WC1V6QN,3
WC1V6QP,3
WC1V6QQ,3
WC1V6QR,3
WC1V6QS,6
WC1V6QT,6
WC1V6QX,3
WC1V6QY,3
WC1V6QZ,3
WC1V6RA,6
WC1V6RB,6
WC1V6RD,6
WC1V6RE,6
WC1V6RF,3
WC1V6RH,3
WC1V6RL,6
WC1V6RN,6
WC1V6RP,6
WC1V6RQ,6
WC1V6RR,6
WC1V6RS,6
WC1V6RT,6
WC1V6RU,6
WC1V6RW,6
WC1V6RX,6
WC1V6RY,6
WC1V6RZ,6
WC1V6SA,6
WC1V6SB,6
WC1V6SD,6
WC1V6SE,6
WC1V6SG,6
WC1V6SH,6
WC1V6SJ,6
WC1V6SL,6
WC1V6SX,6
WC1V6TA,6
WC1V6TB,6
WC1V6TD,6
WC1V6TF,6
WC1V6TH,6
WC1V6TL,6
WC1V6TP,6
WC1V6TR,6
WC1V6TT,4
WC1V6TX,6
WC1V6UA,3
WC1V6UB,6
WC1V6UD,6
WC1V6UE,6
WC1V6WA,3
WC1V6WB,3
WC1V6WR,3
WC1V6WX,3
WC1V6WY,3
WC1V6WZ,3
WC1V6XB,6
WC1V6XD,6
WC1V6XX,6
WC1V6YA,3
WC1V6YB,3
WC1V6YD,6
WC1V6YE,6
WC1V6YF,3
WC1V6YG,3
WC1V6YH,3
WC1V6YJ,6
WC1V6YL,3
WC1V6YN,3
WC1V6YP,3
WC1V6YQ,3
WC1V6YR,3
WC1V7AA,4
WC1V7AB,3
WC1V7AF,4
WC1V7AG,6
WC1V7AL,6
WC1V7AN,6
WC1V7AP,3
WC1V7AQ,4
WC1V7AR,6
WC1V7AT,4
WC1V7AU,6
WC1V7AW,4
WC1V7AX,4
WC1V7AZ,4
WC1V7BA,6
WC1V7BB,3
WC1V7BD,3
WC1V7BE,3
WC1V7BF,3
WC1V7BG,3
WC1V7BH,3
WC1V7BJ,3
WC1V7BL,3
WC1V7BN,6
WC1V7BP,3
WC1V7BQ,3
WC1V7BT,3
WC1V7BU,3
WC1V7BW,3
WC1V7BX,3
WC1V7BZ,3
WC1V7DA,6
WC1V7DB,6
WC1V7DE,6
WC1V7DF,3
WC1V7DG,3
WC1V7DH,3
WC1V7DJ,6
WC1V7DL,3
WC1V7DN,6
WC1V7DP,6
WC1V7DQ,6
WC1V7DR,3
WC1V7DS,6
WC1V7DT,6
WC1V7DU,6
WC1V7DW,6
WC1V7DX,6
WC1V7DY,3
WC1V7DZ,6
WC1V7EA,3
WC1V7EB,6
WC1V7EE,6
WC1V7EG,6
WC1V7EH,6
WC1V7EJ,6
WC1V7EN,6
WC1V7EP,3
WC1V7EQ,6
WC1V7ER,6
WC1V7ES,6
WC1V7ET,3
WC1V7EU,3
WC1V7EW,6
WC1V7EX,6
WC1V7EY,6
WC1V7EZ,6
WC1V7HA,6
WC1V7HD,3
WC1V7HE,6
WC1V7HF,6
WC1V7HG,6
WC1V7HH,6
WC1V7HJ,6
WC1V7HN,6
WC1V7HP,6
WC1V7HS,6
WC1V7HT,6
WC1V7HU,6
WC1V7HX,6
WC1V7HY,6
WC1V7HZ,6
WC1V7JD,6
WC1V7JG,6
WC1V7JH,6
WC1V7JJ,6
WC1V7JL,6
WC1V7JN,3
WC1V7JQ,6
WC1V7JS,6
WC1V7JU,6
WC1V7JW,6
WC1V7JX,6
WC1V7JY,6
WC1V7JZ,6
WC1V7LA,6
WC1V7LB,6
WC1V7LE,6
WC1V7LH,6
WC1V7LJ,6
WC1V7LL,6
WC1V7LN,6
WC1V7LP,6
WC1V7LR,6
WC1V7LS,6
WC1V7LU,6
WC1V7LX,6
WC1V7LZ,6
WC1V7NA,6
WC1V7NB,6
WC1V7NE,6
WC1V7NF,6
WC1V7NG,6
WC1V7NH,6
WC1V7NJ,6
WC1V7NL,6
WC1V7NQ,6
WC1V7NS,6
WC1V7NW,3
WC1V7PA,6
WC1V7PB,6
WC1V7PD,6
WC1V7PE,6
WC1V7PF,6
WC1V7PH,6
WC1V7PL,6
WC1V7PN,6
WC1V7PP,6
WC1V7PQ,6
WC1V7PS,3
WC1V7PT,6
WC1V7PU,6
WC1V7PW,6
WC1V7PX,6
WC1V7PY,6
WC1V7PZ,6
WC1V7QA,6
WC1V7QB,6
WC1V7QD,6
WC1V7QE,6
WC1V7QF,6
WC1V7QG,6
WC1V7QH,6
WC1V7QJ,6
WC1V7QL,6
WC1V7QN,6
WC1V7QQ,6
WC1V7QR,6
WC1V7QS,6
WC1V7QT,6
WC1V7QU,6
WC1V7QW,6
WC1V7QX,3
WC1V7QY,6
WC1V7QZ,6
WC1V7RD,6
WC1V7RH,6
WC1V7RL,3
WC1V7RN,3
WC1V7RP,6
WC1V7RR,3
WC1V7RT,3
WC1V7RU,3
WC1V7RW,3
WC1V7RY,3
WC1V7RZ,3
WC1V7SA,3
WC1V7SB,3
WC1V7SD,3
WC1V7SE,3
WC1V7WA,3
WC1V7WB,3
WC1V7WE,3
WC1V7WF,3
WC1V7WR,3
WC1V7WS,3
WC1V7WT,3
WC1V7WU,3
WC1V7WW,3
WC1V7WX,3
WC1V7WY,3
WC1V7WZ,3
WC1V7XF,3
WC1V7XG,6
WC1V7XN,3
WC1V7YB,6
WC1V7YD,3
WC1V7YE,3
WC1V7YF,3
WC1V7YG,3
WC1V7YP,3
WC1V7YQ,3
WC1V7YZ,3
WC1X0AA,3
WC1X0AB,3
WC1X0AD,3
WC1X0AE,4
WC1X0AF,5
WC1X0AG,1
WC1X0AH,5
WC1X0AJ,3
WC1X0AL,1
WC1X0AN,1
WC1X0AP,3
WC1X0AQ,3
WC1X0AR,3
WC1X0AS,3
WC1X0AT,3
WC1X0AU,1
WC1X0AW,1
WC1X0AX,3
WC1X0AY,5
WC1X0AZ,1
WC1X0BA,1
WC1X0BB,3
WC1X0BD,1
WC1X0BE,1
WC1X0BG,1
WC1X0BH,1
WC1X0BJ,5
WC1X0BL,1
WC1X0BN,3
WC1X0BP,5
WC1X0BQ,5
WC1X0BS,3
WC1X0BT,5
WC1X0BX,3
WC1X0BZ,3
WC1X0DA,5
WC1X0DB,3
WC1X0DD,5
WC1X0DE,3
WC1X0DF,5
WC1X0DG,3
WC1X0DH,5
WC1X0DJ,3
WC1X0DL,5
WC1X0DP,3
WC1X0DR,3
WC1X0DS,3
WC1X0DT,3
WC1X0DU,3
WC1X0DW,3
WC1X0DX,3
WC1X0DY,3
WC1X0DZ,3
WC1X0EB,3
WC1X0ED,3
WC1X0EF,3
WC1X0EG,3
WC1X0EH,3
WC1X0EJ,3
WC1X0EL,3
WC1X0EN,3
WC1X0EQ,3
WC1X0ER,3
WC1X0ES,3
WC1X0ET,3
WC1X0EU,3
WC1X0EX,3
WC1X0EY,3
WC1X0EZ,3
WC1X0GA,3
WC1X0GB,3
WC1X0GD,3
WC1X0HA,3
WC1X0HB,3
WC1X0HD,3
WC1X0HE,3
WC1X0HF,3
WC1X0HG,3
WC1X0HH,3
WC1X0HJ,3
WC1X0HL,3
WC1X0HN,3
WC1X0HP,3
WC1X0HR,3
WC1X0HS,3
WC1X0HT,3
WC1X0HU,3
WC1X0HW,3
WC1X0HX,3
WC1X0HZ,3
WC1X0JA,3
WC1X0JB,3
WC1X0JD,3
WC1X0JE,3
WC1X0JG,3
WC1X0JH,3
WC1X0JJ,3
WC1X0JL,3
WC1X0JN,3
WC1X0JP,3
WC1X0JR,3
WC1X0JS,5
WC1X0JT,3
WC1X0JX,3
WC1X0JZ,5
WC1X0LA,3
WC1X0LB,3
WC1X0LD,3
WC1X0LG,3
WC1X0LJ,3
WC1X0LN,3
WC1X0LQ,3
WC1X0LR,3
WC1X0LS,3
WC1X0LT,4
WC1X0LX,4
WC1X0LZ,4
WC1X0NB,4
WC1X0ND,2
WC1X0NF,4
WC1X0NG,2
WC1X0NH,3
WC1X0NJ,3
WC1X0NL,3
WC1X0NN,2
WC1X0NP,3
WC1X0NR,3
WC1X0NW,3
WC1X0PA,3
WC1X0PB,4
WC1X0PE,3
WC1X0PF,3
WC1X0PG,4
WC1X0PH,3
WC1X0PQ,4
WC1X0UB,3
WC1X0WA,3
WC1X0WB,4
WC1X0WD,4
WC1X0WE,3
WC1X0WQ,3
WC1X0WZ,3
WC1X0YR,3
WC1X0ZW,3
WC1X8AA,6
WC1X8AB,6
WC1X8AD,6
WC1X8AE,6
WC1X8AF,6
WC1X8AG,5
WC1X8AH,6
WC1X8AJ,6
WC1X8AL,6
WC1X8AN,6
WC1X8AP,5
WC1X8AQ,1
WC1X8AR,6
WC1X8AS,1
WC1X8AT,6
WC1X8AU,6
WC1X8AW,6
WC1X8AX,1
WC1X8AY,6
WC1X8AZ,1
WC1X8BA,1
WC1X8BB,2
WC1X8BD,1
WC1X8BE,2
WC1X8BF,2
WC1X8BG,2
WC1X8BH,2
WC1X8BJ,2
WC1X8BL,2
WC1X8BN,5
WC1X8BP,2
WC1X8BQ,2
WC1X8BT,6
WC1X8BU,1
WC1X8BW,5
WC1X8BX,2
WC1X8BY,6
WC1X8BZ,1
WC1X8DA,1
WC1X8DD,1
WC1X8DH,1
WC1X8DL,1
WC1X8DN,3
WC1X8DP,2
WC1X8DR,1
WC1X8DS,2
WC1X8DU,2
WC1X8DW,1
WC1X8DX,4
WC1X8DY,2
WC1X8EA,5
WC1X8EB,4
WC1X8ED,1
WC1X8EE,1
WC1X8EF,5
WC1X8EG,5
WC1X8EH,1
WC1X8EJ,1
WC1X8EL,1
WC1X8EN,5
WC1X8EP,5
WC1X8EQ,5
WC1X8ER,5
WC1X8ES,5
WC1X8ET,5
WC1X8EU,1
WC1X8EW,5
WC1X8EX,5
WC1X8EY,5
WC1X8EZ,5
WC1X8HA,5
WC1X8HB,5
WC1X8HE,5
WC1X8HF,5
WC1X8HG,6
WC1X8HJ,5
WC1X8HL,5
WC1X8HN,6
WC1X8HP,6
WC1X8HR,6
WC1X8HT,5
WC1X8HU,6
WC1X8HX,6
WC1X8JA,6
WC1X8JD,6
WC1X8JF,3
WC1X8JG,6
WC1X8JJ,6
WC1X8JL,6
WC1X8JP,6
WC1X8JR,3
WC1X8JT,3
WC1X8JU,3
WC1X8JX,3
WC1X8JY,3
WC1X8JZ,3
WC1X8LA,1
WC1X8LD,3
WC1X8LE,5
WC1X8LF,6
WC1X8LH,4
WC1X8LL,4
WC1X8LN,4
WC1X8LP,6
WC1X8LR,6
WC1X8LS,1
WC1X8LT,1
WC1X8LU,1
WC1X8LW,4
WC1X8LX,6
WC1X8LY,3
WC1X8LZ,1
WC1X8NA,3
WC1X8NB,6
WC1X8NE,5
WC1X8NF,6
WC1X8NG,6
WC1X8NH,6
WC1X8NJ,1
WC1X8NL,3
WC1X8NN,6
WC1X8NP,5
WC1X8NR,3
WC1X8NS,3
WC1X8NW,3
WC1X8NX,5
WC1X8PA,5
WC1X8PB,6
WC1X8PD,6
WC1X8PE,1
WC1X8PF,5
WC1X8PG,5
WC1X8PH,6
WC1X8PJ,6
WC1X8PL,5
WC1X8PN,5
WC1X8PP,5
WC1X8PQ,5
WC1X8PR,5
WC1X8PS,5
WC1X8PT,2
WC1X8PX,2
WC1X8PY,2
WC1X8QA,1
WC1X8QB,1
WC1X8QD,1
WC1X8QE,1
WC1X8QF,1
WC1X8QG,2
WC1X8QH,1
WC1X8QJ,1
WC1X8QL,1
WC1X8QN,1
WC1X8QP,2
WC1X8QQ,2
WC1X8QR,2
WC1X8QS,2
WC1X8QT,1
WC1X8QU,1
WC1X8QX,1
WC1X8QY,1
WC1X8QZ,1
WC1X8RA,4
WC1X8RB,4
WC1X8RD,4
WC1X8RH,4
WC1X8RJ,6
WC1X8RL,6
WC1X8RP,6
WC1X8RR,3
WC1X8RS,6
WC1X8RT,6
WC1X8RU,3
WC1X8RW,3
WC1X8RX,6
WC1X8RY,6
WC1X8RZ,6
WC1X8SA,3
WC1X8SB,3
WC1X8SD,3
WC1X8SE,5
WC1X8SF,6
WC1X8SG,6
WC1X8SH,6
WC1X8SJ,5
WC1X8SL,6
WC1X8SN,6
WC1X8SP,6
WC1X8SQ,5
WC1X8SS,6
WC1X8ST,6
WC1X8SW,5
WC1X8SY,1
WC1X8TA,6
WC1X8TB,1
WC1X8TD,5
WC1X8TF,6
WC1X8TG,3
WC1X8TH,6
WC1X8TJ,6
WC1X8TL,5
WC1X8TN,6
WC1X8TP,5
WC1X8TQ,5
WC1X8TR,5
WC1X8TS,5
WC1X8TT,5
WC1X8TU,5
WC1X8TW,5
WC1X8TX,5
WC1X8TY,5
WC1X8TZ,5
WC1X8UB,3
WC1X8UD,3
WC1X8UE,3
WC1X8UF,3
WC1X8UL,4
WC1X8UP,3
WC1X8UQ,3
WC1X8US,5
WC1X8UT,5
WC1X8UU,3
WC1X8UW,4
WC1X8UX,5
WC1X8UY,3
WC1X8UZ,3
WC1X8WA,3
WC1X8WB,6
WC1X8WD,5
WC1X8WE,5
WC1X8WF,3
WC1X8WG,3
WC1X8WH,3
WC1X8WJ,3
WC1X8WL,3
WC1X8WN,3
WC1X8WP,3
WC1X8WQ,3
WC1X8WR,3
WC1X8WS,6
WC1X8WT,3
WC1X8WU,3
WC1X8WW,3
WC1X8WX,3
WC1X8WY,5
WC1X8WZ,3
WC1X8XA,3
WC1X8XB,3
WC1X8XD,3
WC1X8XE,3
WC1X8XF,6
WC1X8XG,3
WC1X8XH,6
WC1X8XQ,6
WC1X8XR,5
WC1X8XT,6
WC1X8XU,3
WC1X8XW,5
WC1X8XX,3
WC1X8XY,3
WC1X8XZ,5
WC1X8YA,3
WC1X8YB,3
WC1X8YD,3
WC1X8YE,3
WC1X8YF,3
WC1X8YG,3
WC1X8YH,3
WC1X8YJ,3
WC1X8YL,3
WC1X8YN,6
WC1X8YP,3
WC1X8YQ,6
WC1X8YS,5
WC1X8YT,3
WC1X8YU,3
WC1X8YW,3
WC1X8YZ,3
WC1X8ZP,3
WC1X9AA,2
WC1X9AB,2
WC1X9AD,2
WC1X9AE,2
WC1X9AF,2
WC1X9AG,2
WC1X9AH,1
WC1X9AJ,2
WC1X9AL,2
WC1X9AN,2
WC1X9AP,2
WC1X9AQ,1
WC1X9AR,2
WC1X9AS,2
WC1X9AT,2
WC1X9AU,2
WC1X9AW,2
WC1X9AX,3
WC1X9AY,1
WC1X9AZ,2
WC1X9BA,2
WC1X9BB,1
WC1X9BD,3
WC1X9BE,2
WC1X9BG,3
WC1X9BH,3
WC1X9BJ,2
WC1X9BN,2
WC1X9BP,2
WC1X9BS,2
WC1X9BT,3
WC1X9BU,2
WC1X9BZ,2
WC1X9DA,2
WC1X9DB,2
WC1X9DD,2
WC1X9DE,3
WC1X9DF,3
WC1X9DG,2
WC1X9DH,3
WC1X9DJ,3
WC1X9DL,2
WC1X9DN,2
WC1X9DP,2
WC1X9DQ,3
WC1X9DR,3
WC1X9DS,3
WC1X9DT,3
WC1X9DU,3
WC1X9DW,3
WC1X9DX,2
WC1X9DY,3
WC1X9DZ,2
WC1X9EA,3
WC1X9EB,3
WC1X9ED,3
WC1X9EE,3
WC1X9EF,3
WC1X9EG,3
WC1X9EH,3
WC1X9EJ,3
WC1X9EL,3
WC1X9EN,3
WC1X9EP,3
WC1X9EQ,3
WC1X9ER,2
WC1X9ES,2
WC1X9ET,2
WC1X9EU,2
WC1X9EW,3
WC1X9EX,3
WC1X9EY,2
WC1X9EZ,2
WC1X9HA,3
WC1X9HB,3
WC1X9HD,3
WC1X9HE,3
WC1X9HF,3
WC1X9HG,3
WC1X9HH,2
WC1X9HJ,2
WC1X9HL,2
WC1X9HN,2
WC1X9HP,1
WC1X9HQ,2
WC1X9HR,2
WC1X9HS,2
WC1X9HT,2
WC1X9HU,2
WC1X9HW,3
WC1X9HX,3
WC1X9HY,2
WC1X9HZ,2
WC1X9JA,2
WC1X9JD,2
WC1X9JE,2
WC1X9JF,2
WC1X9JG,2
WC1X9JH,2
WC1X9JJ,1
WC1X9JL,2
WC1X9JN,1
WC1X9JP,2
WC1X9JR,2
WC1X9JS,2
WC1X9JT,2
WC1X9JX,2
WC1X9JY,2
WC1X9JZ,1
WC1X9LA,2
WC1X9LB,3
WC1X9LD,2
WC1X9LE,2
WC1X9LF,2
WC1X9LG,2
WC1X9LH,2
WC1X9LJ,2
WC1X9LL,3
WC1X9LN,3
WC1X9LP,2
WC1X9LQ,3
WC1X9LR,2
WC1X9LS,2
WC1X9LT,2
WC1X9LW,3
WC1X9LX,2
WC1X9LZ,2
WC1X9NA,2
WC1X9NB,2
WC1X9ND,2
WC1X9NE,2
WC1X9NF,2
WC1X9NG,2
WC1X9NH,2
WC1X9NJ,3
WC1X9NL,2
WC1X9NN,2
WC1X9NP,2
WC1X9NQ,2
WC1X9NR,3
WC1X9NT,2
WC1X9NU,1
WC1X9NW,2
WC1X9NX,2
WC1X9PA,2
WC1X9PB,2
WC1X9PD,2
WC1X9PF,2
WC1X9PG,2
WC1X9PH,2
WC1X9PJ,2
WC1X9PL,3
WC1X9PN,2
WC1X9PP,2
WC1X9PR,2
WC1X9PT,2
WC1X9PX,2
WC1X9PY,2
WC1X9QA,2
WC1X9QB,2
WC1X9QE,2
WC1X9QG,2
WC1X9QH,2
WC1X9QJ,3
WC1X9QN,2
WC1X9QP,2
WC1X9QQ,2
WC1X9QR,2
WC1X9QS,2
WC1X9QT,2
WC1X9QU,2
WC1X9QW,2
WC1X9QX,2
WC1X9QZ,2
WC1X9RA,2
WC1X9RD,2
WC1X9RF,2
WC1X9RG,1
WC1X9RH,1
WC1X9RJ,3
WC1X9RL,3
WC1X9RN,3
WC1X9RP,2
WC1X9RU,2
WC1X9RW,3
WC1X9RX,2
WC1X9RY,3
WC1X9SA,3
WC1X9SB,3
WC1X9SD,3
WC1X9SE,2
WC1X9SF,2
WC1X9SG,3
WC1X9SJ,3
WC1X9SL,2
WC1X9SN,3
WC1X9SQ,3
WC1X9SR,1
WC1X9SS,3
WC1X9ST,3
WC1X9SW,3
WC1X9TF,2
WC1X9WA,3
WC1X9WB,3
WC1X9WD,3
WC1X9WE,3
WC1X9WF,3
WC1X9WG,3
WC1X9WH,3
WC1X9WJ,3
WC1X9WL,3
WC1X9WN,3
WC1X9WP,3
WC1X9WQ,3
WC1X9WR,3
WC1X9WS,3
WC1X9WT,3
WC1X9WU,3
WC1X9WW,3
WC1X9WX,3
WC1X9WY,3
WC1X9WZ,3
WC1X9XE,2
WC1X9XN,1
WC1X9XP,3
WC1X9XT,3
WC1X9XY,3
WC1X9XZ,3
WC1X9YA,3
WC1X9YT,3
WC1X9ZA,3
WC1X9ZB,3
WC1X9ZW,3
WC2A1AA,6
WC2A1AB,6
WC2A1AD,6
WC2A1AE,6
WC2A1AF,6
WC2A1AG,6
WC2A1AH,6
WC2A1AJ,6
WC2A1AL,6
WC2A1AN,6
WC2A1AP,6
WC2A1AR,6
WC2A1AT,6
WC2A1AW,6
WC2A1AX,3
WC2A1AY,6
WC2A1BA,6
WC2A1BD,6
WC2A1BP,6
WC2A1BQ,6
WC2A1DD,6
WC2A1DE,6
WC2A1DJ,6
WC2A1DL,6
WC2A1DN,6
WC2A1DP,6
WC2A1DR,6
WC2A1DS,6
WC2A1DT,6
WC2A1DU,6
WC2A1DW,6
WC2A1DX,6
WC2A1DZ,3
WC2A1EA,6
WC2A1EB,6
WC2A1ED,6
WC2A1EE,6
WC2A1EF,6
WC2A1EG,6
WC2A1EH,6
WC2A1EJ,3
WC2A1EL,6
WC2A1EN,6
WC2A1EP,6
WC2A1EQ,6
WC2A1ER,3
WC2A1ES,6
WC2A1ET,6
WC2A1EU,6
WC2A1EW,6
WC2A1EY,3
WC2A1HD,6
WC2A1HE,6
WC2A1HJ,6
WC2A1HL,6
WC2A1HN,6
WC2A1HP,6
WC2A1HR,6
WC2A1HS,6
WC2A1HT,6
WC2A1HU,3
WC2A1HW,6
WC2A1HX,6
WC2A1HZ,6
WC2A1JA,6
WC2A1JB,6
WC2A1JD,3
WC2A1JE,6
WC2A1JF,6
WC2A1JG,6
WC2A1JH,6
WC2A1JJ,6
WC2A1JN,6
WC2A1JP,6
WC2A1JQ,6
WC2A1JR,6
WC2A1JS,3
WC2A1JT,6
WC2A1JW,6
WC2A1LA,6
WC2A1LB,6
WC2A1LE,3
WC2A1LF,6
WC2A1LG,6
WC2A1LH,3
WC2A1LJ,3
WC2A1LL,6
WC2A1LN,3
WC2A1LP,3
WC2A1LQ,3
WC2A1LR,6
WC2A1LS,6
WC2A1LT,6
WC2A1LU,6
WC2A1LY,6
WC2A1NB,6
WC2A1NE,6
WC2A1NF,6
WC2A1NG,6
WC2A1NJ,6
WC2A1NL,6
WC2A1NR,3
WC2A1NS,6
WC2A1NT,6
WC2A1NU,6
WC2A1NW,6
WC2A1PA,6
WC2A1PB,6
WC2A1PF,6
WC2A1PG,6
WC2A1PH,6
WC2A1PJ,6
WC2A1PL,3
WC2A1PN,6
WC2A1PP,3
WC2A1PQ,6
WC2A1PR,3
WC2A1PS,3
WC2A1PT,3
WC2A1PU,3
WC2A1PW,6
WC2A1PX,6
WC2A1PY,3
WC2A1QB,6
WC2A1QD,6
WC2A1QE,3
WC2A1QH,3
WC2A1QL,3
WC2A1QP,6
WC2A1QR,6
WC2A1QS,6
WC2A1QT,6
WC2A1QU,6
WC2A1QW,6
WC2A1QX,6
WC2A1QY,6
WC2A1QZ,6
WC2A1RA,6
WC2A1RB,6
WC2A1RD,6
WC2A1RE,6
WC2A1RF,6
WC2A1RG,6
WC2A1RH,6
WC2A1RJ,6
WC2A1RL,6
WC2A1RN,6
WC2A1RP,6
WC2A1RQ,6
WC2A1RS,3
WC2A1RT,6
WC2A1RX,6
WC2A1RY,6
WC2A1SA,6
WC2A1SD,6
WC2A1SF,6
WC2A1SJ,6
WC2A1SL,6
WC2A1SN,6
WC2A1SP,6
WC2A1SR,6
WC2A1ST,6
WC2A1SU,6
WC2A1SX,6
WC2A1SZ,6
WC2A1TA,3
WC2A1TB,3
WC2A1TD,3
WC2A1TE,3
WC2A1TF,3
WC2A1TG,3
WC2A1WA,3
WC2A1WB,3
WC2A1WD,3
WC2A1WT,3
WC2A1WU,3
WC2A1WW,3
WC2A1WX,3
WC2A1WY,3
WC2A1WZ,3
WC2A1ZZ,6
WC2A2AA,3
WC2A2AB,3
WC2A2AD,3
WC2A2AE,3
WC2A2AF,6
WC2A2AG,3
WC2A2AH,6
WC2A2AJ,6
WC2A2AL,3
WC2A2AN,3
WC2A2AP,3
WC2A2AQ,3
WC2A2AR,3
WC2A2AS,3
WC2A2AT,3
WC2A2AU,3
WC2A2AZ,3
WC2A2DX,3
WC2A2EB,3
WC2A2EN,3
WC2A2ES,3
WC2A2EX,3
WC2A2EY,3
WC2A2EZ,3
WC2A2HA,3
WC2A2HB,3
WC2A2HD,3
WC2A2HE,3
WC2A2HF,3
WC2A2HG,3
WC2A2HH,3
WC2A2HJ,3
WC2A2HP,3
WC2A2HR,3
WC2A2HT,3
WC2A2HU,3
WC2A2HX,3
WC2A2JA,6
WC2A2JB,6
WC2A2JD,6
WC2A2JE,3
WC2A2JF,6
WC2A2JG,6
WC2A2JJ,3
WC2A2JL,6
WC2A2JN,6
WC2A2JP,3
WC2A2JQ,3
WC2A2JR,3
WC2A2JT,3
WC2A2JU,3
WC2A2JY,3
WC2A2JZ,3
WC2A2LA,3
WC2A2LD,3
WC2A2LF,3
WC2A2LH,3
WC2A2LJ,3
WC2A2LL,3
WC2A2LN,3
WC2A2LP,3
WC2A2LQ,3
WC2A2LR,3
WC2A2LS,3
WC2A2LT,3
WC2A2LX,3
WC2A2PL,3
WC2A2PR,3
WC2A2WZ,3
WC2A2XB,3
WC2A2XD,3
WC2A3AA,3
WC2A3AB,6
WC2A3AD,6
WC2A3AH,3
WC2A3AJ,6
WC2A3AL,6
WC2A3AS,6
WC2A3AU,3
WC2A3BA,3
WC2A3BE,6
WC2A3BH,6
WC2A3BL,3
WC2A3BP,6
WC2A3BS,6
WC2A3BT,6
WC2A3BZ,3
WC2A3DB,6
WC2A3DH,6
WC2A3DL,6
WC2A3DS,6
WC2A3DU,6
WC2A3DW,6
WC2A3EA,3
WC2A3ED,6
WC2A3EE,6
WC2A3EF,6
WC2A3EG,6
WC2A3EJ,6
WC2A3EQ,6
WC2A3ER,6
WC2A3ES,6
WC2A3ET,6
WC2A3EU,6
WC2A3EW,6
WC2A3EY,6
WC2A3HB,6
WC2A3HF,6
WC2A3HH,6
WC2A3HJ,6
WC2A3HL,6
WC2A3HN,6
WC2A3HP,6
WC2A3HR,6
WC2A3HT,6
WC2A3HU,6
WC2A3HX,6
WC2A3JA,3
WC2A3JB,3
WC2A3JD,6
WC2A3JE,3
WC2A3JF,3
WC2A3JG,6
WC2A3JH,3
WC2A3JJ,6
WC2A3JL,6
WC2A3JQ,3
WC2A3JS,6
WC2A3JU,3
WC2A3JW,6
WC2A3JX,6
WC2A3JY,3
WC2A3LA,3
WC2A3LH,6
WC2A3LJ,6
WC2A3LL,3
WC2A3LN,6
WC2A3LP,3
WC2A3LQ,6
WC2A3LR,3
WC2A3LS,6
WC2A3LT,3
WC2A3LU,3
WC2A3LW,6
WC2A3LX,3
WC2A3LY,3
WC2A3LZ,3
WC2A3NA,3
WC2A3NB,6
WC2A3ND,3
WC2A3NN,6
WC2A3NW,3
WC2A3PD,6
WC2A3PE,3
WC2A3PF,3
WC2A3PG,3
WC2A3PH,3
WC2A3PJ,3
WC2A3PN,3
WC2A3PP,3
WC2A3PR,3
WC2A3PS,3
WC2A3PT,3
WC2A3PU,3
WC2A3PX,3
WC2A3PZ,6
WC2A3QA,6
WC2A3QB,6
WC2A3QD,6
WC2A3QF,3
WC2A3QG,6
WC2A3QH,6
WC2A3QJ,3
WC2A3QN,6
WC2A3QP,6
WC2A3QQ,6
WC2A3QS,6
WC2A3QT,3
WC2A3QW,3
WC2A3QX,3
WC2A3RA,6
WC2A3RB,3
WC2A3RD,3
WC2A3RG,3
WC2A3RH,6
WC2A3RJ,6
WC2A3RN,6
WC2A3RP,6
WC2A3RS,6
WC2A3RU,6
WC2A3RX,3
WC2A3RZ,6
WC2A3SA,6
WC2A3SB,6
WC2A3SD,6
WC2A3SE,3
WC2A3SF,6
WC2A3SH,6
WC2A3SJ,6
WC2A3SP,6
WC2A3SR,6
WC2A3SS,6
WC2A3SU,6
WC2A3SW,6
WC2A3SX,6
WC2A3SZ,6
WC2A3TA,6
WC2A3TB,6
WC2A3TD,6
WC2A3TF,6
WC2A3TG,6
WC2A3TH,6
WC2A3TJ,6
WC2A3TL,6
WC2A3TN,6
WC2A3TP,6
WC2A3TS,6
WC2A3TT,6
WC2A3TX,6
WC2A3UA,6
WC2A3UB,6
WC2A3UE,6
WC2A3UG,6
WC2A3UJ,6
WC2A3UL,6
WC2A3UN,6
WC2A3UP,6
WC2A3UR,6
WC2A3UT,6
WC2A3UW,6
WC2A3UZ,6
WC2A3WG,3
WC2A3WP,6
WC2A3WT,3
WC2A3WX,3
WC2A3WY,3
WC2A3WZ,3
WC2A3XA,6
WC2A3XB,6
WC2A3XD,3
WC2A3XE,6
WC2A3XF,6
WC2A3XH,6
WC2A3XJ,6
WC2A3XL,6
WC2A3XN,6
WC2A3XP,6
WC2A3XS,6
WC2A3XT,6
WC2A3YD,6
WC2A3YF,6
WC2A3YG,6
WC2A3YN,3
WC2A3YP,6
WC2A3YQ,3
WC2B4AA,3
WC2B4AB,3
WC2B4AD,3
WC2B4AE,3
WC2B4AF,3
WC2B4AG,3
WC2B4AH,3
WC2B4AJ,3
WC2B4AL,3
WC2B4AN,3
WC2B4AP,3
WC2B4AQ,3
WC2B4AR,3
WC2B4AS,3
WC2B4AT,3
WC2B4AU,3
WC2B4AW,3
WC2B4AX,3
WC2B4AY,3
WC2B4AZ,3
WC2B4BA,3
WC2B4BB,3
WC2B4BD,3
WC2B4BE,3
WC2B4BF,3
WC2B4BG,3
WC2B4BJ,3
WC2B4BL,3
WC2B4BQ,3
WC2B4BS,3
WC2B4BW,3
WC2B4BX,3
WC2B4BZ,3
WC2B4DA,3
WC2B4DB,3
WC2B4DD,3
WC2B4DE,3
WC2B4DF,3
WC2B4DG,3
WC2B4DH,3
WC2B4DJ,3
WC2B4DL,3
WC2B4DN,3
WC2B4DP,3
WC2B4DQ,3
WC2B4DR,3
WC2B4DS,3
WC2B4DU,3
WC2B4DW,3
WC2B4DX,3
WC2B4DY,3
WC2B4EA,3
WC2B4EE,3
WC2B4EJ,3
WC2B4EL,3
WC2B4EP,3
WC2B4EQ,3
WC2B4ES,3
WC2B4ET,3
WC2B4EZ,3
WC2B4HD,3
WC2B4HL,3
WC2B4HN,3
WC2B4HP,3
WC2B4HQ,3
WC2B4HR,3
WC2B4HS,3
WC2B4HU,3
WC2B4HX,3
WC2B4HZ,3
WC2B4JE,3
WC2B4JF,3
WC2B4JG,3
WC2B4JH,3
WC2B4JJ,3
WC2B4JL,3
WC2B4JN,3
WC2B4JP,3
WC2B4JQ,3
WC2B4JT,3
WC2B4JU,3
WC2B4JX,3
WC2B4JY,3
WC2B4LA,3
WC2B4LB,3
WC2B4LD,3
WC2B4LF,3
WC2B4LG,3
WC2B4LJ,3
WC2B4LL,3
WC2B4LN,3
WC2B4LS,3
WC2B4LU,3
WC2B4LW,3
WC2B4LY,3
WC2B4LZ,3
WC2B4NA,3
WC2B4NB,3
WC2B4ND,3
WC2B4NE,3
WC2B4NH,3
WC2B4NL,3
WC2B4NW,3
WC2B4PA,3
WC2B4PE,3
WC2B4PG,3
WC2B4PH,3
WC2B4PJ,3
WC2B4PL,3
WC2B4PN,3
WC2B4PP,3
WC2B4PT,3
WC2B4PW,3
WC2B4PX,3
WC2B4PY,3
WC2B4PZ,3
WC2B4QA,3
WC2B4QB,3
WC2B4QD,3
WC2B4QE,3
WC2B4QF,3
WC2B4QG,3
WC2B4QH,3
WC2B4QJ,3
WC2B4QL,3
WC2B4QN,3
WC2B4QP,3
WC2B4QQ,3
WC2B4QR,3
WC2B4QS,3
WC2B4QT,3
WC2B4QU,3
WC2B4QZ,3
WC2B4RA,3
WC2B4RD,5
WC2B4RE,3
WC2B4RH,3
WC2B4RJ,3
WC2B4RL,3
WC2B4RN,3
WC2B4RP,3
WC2B4RR,3
WC2B4RW,3
WC2B4TS,3
WC2B4WA,3
WC2B4WQ,3
WC2B4WT,3
WC2B4WU,3
WC2B4WW,3
WC2B4WX,3
WC2B4WY,3
WC2B4WZ,3
WC2B4XD,3
WC2B4XE,3
WC2B4XF,3
WC2B4XG,3
WC2B4XH,3
WC2B4ZB,3
WC2B5AA,3
WC2B5AB,3
WC2B5AD,3
WC2B5AE,3
WC2B5AF,3
WC2B5AG,3
WC2B5AH,3
WC2B5AJ,3
WC2B5AL,3
WC2B5AP,3
WC2B5AQ,3
WC2B5AR,3
WC2B5AS,3
WC2B5AT,3
WC2B5AU,3
WC2B5AW,3
WC2B5AX,3
WC2B5AY,3
WC2B5AZ,3
WC2B5BA,3
WC2B5BB,3
WC2B5BD,3
WC2B5BE,3
WC2B5BF,3
WC2B5BG,3
WC2B5BH,3
WC2B5BJ,3
WC2B5BL,3
WC2B5BN,3
WC2B5BP,3
WC2B5BT,3
WC2B5BU,3
WC2B5BW,3
WC2B5BX,3
WC2B5BY,3
WC2B5BZ,3
WC2B5DA,3
WC2B5DB,3
WC2B5DD,3
WC2B5DE,3
WC2B5DF,3
WC2B5DG,3
WC2B5DH,3
WC2B5DJ,3
WC2B5DP,3
WC2B5DQ,3
WC2B5DT,3
WC2B5DU,3
WC2B5DW,3
WC2B5DX,3
WC2B5EA,3
WC2B5EB,3
WC2B5ED,3
WC2B5EF,3
WC2B5EG,3
WC2B5EH,3
WC2B5EL,3
WC2B5EN,3
WC2B5EP,3
WC2B5EQ,3
WC2B5ER,3
WC2B5ES,3
WC2B5ET,3
WC2B5EU,3
WC2B5EX,3
WC2B5EY,3
WC2B5EZ,3
WC2B5HA,3
WC2B5HB,3
WC2B5HD,3
WC2B5HF,3
WC2B5HH,3
WC2B5HJ,3
WC2B5HL,3
WC2B5HN,3
WC2B5HP,3
WC2B5HR,3
WC2B5HT,3
WC2B5HZ,3
WC2B5JA,3
WC2B5JD,3
WC2B5JE,3
WC2B5JF,3
WC2B5JG,3
WC2B5JJ,3
WC2B5JL,3
WC2B5JN,3
WC2B5JQ,3
WC2B5JR,3
WC2B5JS,3
WC2B5JT,3
WC2B5JU,3
WC2B5JW,3
WC2B5JY,3
WC2B5JZ,3
WC2B5LA,3
WC2B5LB,3
WC2B5LD,3
WC2B5LE,3
WC2B5LF,3
WC2B5LG,3
WC2B5LH,3
WC2B5LJ,3
WC2B5LL,3
WC2B5LN,3
WC2B5LP,3
WC2B5LQ,3
WC2B5LR,3
WC2B5LS,3
WC2B5LT,3
WC2B5LU,3
WC2B5LW,3
WC2B5LX,3
WC2B5LY,3
WC2B5LZ,3
WC2B5NA,3
WC2B5NB,3
WC2B5ND,3
WC2B5NE,3
WC2B5NF,3
WC2B5NG,3
WC2B5NH,3
WC2B5NJ,3
WC2B5NL,3
WC2B5NN,3
WC2B5NP,3
WC2B5NQ,3
WC2B5NR,3
WC2B5NS,3
WC2B5NT,3
WC2B5NU,3
WC2B5NW,3
WC2B5NX,3
WC2B5NZ,3
WC2B5PA,3
WC2B5PB,3
WC2B5PD,3
WC2B5PE,3
WC2B5PF,3
WC2B5PG,3
WC2B5PH,3
WC2B5PJ,3
WC2B5PL,3
WC2B5PN,3
WC2B5PP,3
WC2B5PQ,3
WC2B5PR,3
WC2B5PS,3
WC2B5PT,3
WC2B5PU,3
WC2B5PW,3
WC2B5PX,3
WC2B5PY,3
WC2B5PZ,3
WC2B5QA,3
WC2B5QB,3
WC2B5QD,3
WC2B5QE,3
WC2B5QF,3
WC2B5QG,3
WC2B5QH,3
WC2B5QJ,3
WC2B5QL,3
WC2B5QN,3
WC2B5QP,3
WC2B5QQ,3
WC2B5QR,3
WC2B5QS,3
WC2B5QT,3
WC2B5QU,3
WC2B5QW,3
WC2B5QX,3
WC2B5QY,3
WC2B5QZ,3
WC2B5RA,3
WC2B5RB,3
WC2B5RD,3
WC2B5RE,3
WC2B5RF,4
WC2B5RG,3
WC2B5RH,3
WC2B5RJ,3
WC2B5RL,3
WC2B5RN,3
WC2B5RP,3
WC2B5RQ,3
WC2B5RR,3
WC2B5RS,3
WC2B5RT,3
WC2B5RU,3
WC2B5RW,3
WC2B5RX,3
WC2B5RY,4
WC2B5RZ,3
WC2B5SA,3
WC2B5SB,3
WC2B5SD,3
WC2B5SE,3
WC2B5SF,3
WC2B5SG,3
WC2B5SH,3
WC2B5SJ,3
WC2B5SL,3
WC2B5SN,3
WC2B5SP,3
WC2B5SQ,3
WC2B5SR,3
WC2B5SS,3
WC2B5ST,3
WC2B5SU,3
WC2B5SW,3
WC2B5SY,3
WC2B5SZ,3
WC2B5TA,3
WC2B5TB,3
WC2B5TD,3
WC2B5TE,3
WC2B5TF,3
WC2B5TG,3
WC2B5TJ,3
WC2B5TL,3
WC2B5TN,3
WC2B5TP,3
WC2B5TQ,3
WC2B5TR,3
WC2B5TS,3
WC2B5TT,3
WC2B5TW,3
WC2B5TX,3
WC2B5TY,3
WC2B5UA,3
WC2B5UB,3
WC2B5UD,3
WC2B5UE,3
WC2B5UF,3
WC2B5UG,3
WC2H7AZ,3
WC2H7BA,3
WC2H7BB,3
WC2H7BD,3
WC2H7BE,3
WC2H7BF,3
WC2H7BG,3
WC2H7BH,3
WC2H7BJ,3
WC2H7BL,3
WC2H7BN,3
WC2H7BP,3
WC2H7BQ,3
WC2H7BT,3
WC2H7BU,3
WC2H7BW,3
WC2H7BX,3
WC2H7BY,3
WC2H7BZ,3
WC2H7DA,5
WC2H7DB,3
WC2H7DD,3
WC2H7DE,3
WC2H7DF,3
WC2H7DG,3
WC2H7DH,3
WC2H7DJ,3
WC2H7DL,5
WC2H7DN,3
WC2H7DP,3
WC2H7DQ,3
WC2H7DS,3
WC2H7DT,3
WC2H7DU,3
WC2H7DW,3
WC2H7DX,5
WC2H7DZ,5
WC2H7EA,3
WC2H7ED,3
WC2H7EE,5
WC2H7EF,3
WC2H7EG,3
WC2H7EJ,3
WC2H7EL,3
WC2H7EN,3
WC2H7EP,3
WC2H7EQ,5
WC2H7ER,3
WC2H7ET,5
WC2H7EU,5
WC2H7EW,5
WC2H7EZ,5
WC2H7FA,5
WC2H7FB,3
WC2H7FG,3
WC2H7HA,5
WC2H7HE,5
WC2H7HF,5
WC2H7HG,3
WC2H7HH,3
WC2H7HJ,3
WC2H7HL,3
WC2H7HN,3
WC2H7HP,3
WC2H7HQ,3
WC2H7HR,3
WC2H7HS,3
WC2H7HT,5
WC2H7HX,3
WC2H7HY,3
WC2H7JA,3
WC2H7JB,3
WC2H7JD,3
WC2H7JE,3
WC2H7JF,3
WC2H7JG,3
WC2H7JH,3
WC2H7JJ,3
WC2H7JL,3
WC2H7JN,3
WC2H7JP,3
WC2H7JR,3
WC2H7JS,3
WC2H7JT,3
WC2H7JU,3
WC2H7JW,3
WC2H7JX,3
WC2H7JY,3
WC2H7JZ,3
WC2H7LA,3
WC2H7LB,3
WC2H7LD,3
WC2H7LE,3
WC2H7LF,3
WC2H7LG,3
WC2H7LH,3
WC2H7LJ,3
WC2H7LL,3
WC2H7LN,3
WC2H7LP,3
WC2H7LQ,3
WC2H7LR,3
WC2H7LS,3
WC2H7LT,3
WC2H7LU,3
WC2H7LW,3
WC2H7LX,3
WC2H7LY,3
WC2H7LZ,3
WC2H7NA,3
WC2H7NB,3
WC2H7ND,3
WC2H7NG,3
WC2H7NH,3
WC2H7NJ,3
WC2H7NN,3
WC2H7NP,3
WC2H7NS,3
WC2H7NT,5
WC2H7NU,3
WC2H7NX,5
WC2H7PA,3
WC2H7PB,3
WC2H7PD,1
WC2H7PF,3
WC2H7PH,3
WC2H7PJ,3
WC2H7PL,5
WC2H7PP,3
WC2H7PQ,3
WC2H7PR,3
WC2H7PS,3
WC2H7PT,3
WC2H7PU,3
WC2H7PX,3
WC2H7PY,3
WC2H7PZ,3
WC2H7QA,3
WC2H7QB,3
WC2H7QD,3
WC2H7QF,3
WC2H7QH,3
WC2H7QJ,3
WC2H7QP,3
WC2H7QR,3
WC2H7QW,3
WC2H7RA,3
WC2H7RD,3
WC2H7RF,3
WC2H7RG,3
WC2H7RH,3
WC2H7RJ,3
WC2H7RL,3
WC2H7RN,3
WC2H7RP,3
WC2H7RQ,3
WC2H7RR,3
WC2H7RS,3
WC2H7RT,3
WC2H7RU,3
WC2H7RW,3
WC2H7RX,3
WC2H7TB,3
WC2H7TG,3
WC2H7TH,3
WC2H7TJ,3
WC2H7TL,3
WC2H7TN,3
WC2H7TP,3
WC2H7TQ,3
WC2H7TR,3
WC2H7TS,3
WC2H7TT,3
WC2H7TU,3
WC2H7TW,3
WC2H7TX,3
WC2H7TY,3
WC2H7TZ,3
WC2H7UZ,3
WC2H7WA,3
WC2H7WB,3
WC2H7WD,3
WC2H7WE,3
WC2H7WF,3
WC2H7WG,3
WC2H7WH,3
WC2H7WJ,3
WC2H7WL,3
WC2H7WN,3
WC2H7WP,3
WC2H7WQ,3
WC2H7WR,3
WC2H7WT,3
WC2H7WU,3
WC2H7WW,3
WC2H7WX,3
WC2H7WY,3
WC2H7WZ,3
WC2H7XA,3
WC2H7XB,3
WC2H7XD,3
WC2H7XE,3
WC2H7XX,3
WC2H7YB,3
WC2H8AA,4
WC2H8AB,4
WC2H8AD,4
WC2H8AE,4
WC2H8AF,4
WC2H8AG,4
WC2H8AH,4
WC2H8AJ,4
WC2H8AL,4
WC2H8AN,4
WC2H8AP,4
WC2H8AQ,4
WC2H8AR,4
WC2H8AW,3
WC2H8AX,4
WC2H8AZ,4
WC2H8BA,4
WC2H8BB,4
WC2H8BD,4
WC2H8BE,4
WC2H8BG,3
WC2H8BH,4
WC2H8BP,4
WC2H8BQ,3
WC2H8BS,4
WC2H8BT,3
WC2H8BU,4
WC2H8BX,4
WC2H8BZ,4
WC2H8DA,4
WC2H8DB,4
WC2H8DD,4
WC2H8DE,4
WC2H8DF,4
WC2H8DG,4
WC2H8DH,4
WC2H8DJ,4
WC2H8DL,4
WC2H8DN,4
WC2H8DP,4
WC2H8DQ,4
WC2H8DR,4
WC2H8DS,4
WC2H8DT,3
WC2H8DU,4
WC2H8DW,4
WC2H8DX,4
WC2H8DY,4
WC2H8DZ,4
WC2H8EA,4
WC2H8EB,4
WC2H8ED,4
WC2H8EE,4
WC2H8EG,4
WC2H8EH,4
WC2H8EJ,4
WC2H8EL,4
WC2H8EN,4
WC2H8EP,4
WC2H8EQ,3
WC2H8ER,4
WC2H8ES,4
WC2H8ET,4
WC2H8EU,4
WC2H8EW,4
WC2H8EX,4
WC2H8EZ,4
WC2H8HA,3
WC2H8HB,3
WC2H8HD,3
WC2H8HH,3
WC2H8HJ,4
WC2H8HL,4
WC2H8HN,4
WC2H8HQ,4
WC2H8HR,4
WC2H8HT,3
WC2H8HZ,4
WC2H8JA,4
WC2H8JB,4
WC2H8JD,4
WC2H8JE,4
WC2H8JF,4
WC2H8JG,4
WC2H8JH,4
WC2H8JJ,4
WC2H8JL,4
WC2H8JN,4
WC2H8JP,4
WC2H8JQ,4
WC2H8JR,4
WC2H8JS,4
WC2H8JT,4
WC2H8JU,4
WC2H8JX,4
WC2H8JY,4
WC2H8JZ,4
WC2H8LA,4
WC2H8LB,4
WC2H8LD,4
WC2H8LE,4
WC2H8LF,3
WC2H8LG,4
WC2H8LH,4
WC2H8LJ,4
WC2H8LL,4
WC2H8LN,4
WC2H8LP,4
WC2H8LQ,4
WC2H8LR,4
WC2H8LS,4
WC2H8LT,3
WC2H8LU,4
WC2H8LW,4
WC2H8LX,4
WC2H8LY,3
WC2H8LZ,4
WC2H8NA,4
WC2H8NB,4
WC2H8ND,4
WC2H8NE,4
WC2H8NF,3
WC2H8NG,4
WC2H8NH,4
WC2H8NJ,4
WC2H8NL,4
WC2H8NN,4
WC2H8NP,4
WC2H8NQ,4
WC2H8NR,3
WC2H8NS,4
WC2H8NT,3
WC2H8NU,4
WC2H8NX,3
WC2H8PA,3
WC2H8PB,3
WC2H8PD,3
WC2H8PF,3
WC2H8PH,3
WC2H8PJ,4
WC2H8PL,3
WC2H8PP,4
WC2H8PQ,3
WC2H8PR,4
WC2H8PS,3
WC2H8PT,4
WC2H8PU,4
WC2H8PW,4
WC2H8PX,3
WC2H8PY,3
WC2H8QA,3
WC2H8QB,4
WC2H8QD,4
WC2H8QE,4
WC2H8QF,4
WC2H8QG,3
WC2H8QH,3
WC2H8QJ,4
WC2H8QL,3
WC2H8QN,3
WC2H8QP,3
WC2H8QQ,3
WC2H8QR,4
WC2H8QS,3
WC2H8QT,3
WC2H8QU,3
WC2H8QW,3
WC2H8QX,4
WC2H8QY,3
WC2H8RY,3
WC2H8TA,4
WC2H8TB,4
WC2H8TD,4
WC2H8TE,3
WC2H8TF,4
WC2H8TG,4
WC2H8TH,3
WC2H8TJ,4
WC2H8WA,3
WC2H8WB,3
WC2H8WE,3
WC2H8WH,3
WC2H8WL,3
WC2H8WQ,3
WC2H8WR,3
WC2H8WS,3
WC2H8WT,3
WC2H8WU,3
WC2H8WW,3
WC2H8WX,3
WC2H8WY,3
WC2H8WZ,3
WC2H8XB,3
WC2H8XD,4
WC2H8XE,3
WC2H8XF,3
WC2H8YT,3
WC2H9AA,3
WC2H9AB,4
WC2H9AD,4
WC2H9AE,4
WC2H9AF,3
WC2H9AG,4
WC2H9AH,3
WC2H9AJ,4
WC2H9AL,4
WC2H9AN,3
WC2H9AP,4
WC2H9AQ,4
WC2H9AR,4
WC2H9AS,4
WC2H9AT,4
WC2H9AU,4
WC2H9AW,4
WC2H9AX,4
WC2H9AY,4
WC2H9AZ,4
WC2H9BA,4
WC2H9BB,3
WC2H9BD,3
WC2H9BE,4
WC2H9BF,4
WC2H9BG,3
WC2H9BH,3
WC2H9BJ,4
WC2H9BL,3
WC2H9BN,4
WC2H9BP,3
WC2H9BQ,3
WC2H9BS,4
WC2H9BT,3
WC2H9BU,3
WC2H9BW,4
WC2H9BX,3
WC2H9BY,3
WC2H9BZ,4
WC2H9DA,4
WC2H9DB,4
WC2H9DD,4
WC2H9DE,4
WC2H9DF,3
WC2H9DG,4
WC2H9DH,4
WC2H9DJ,3
WC2H9DL,4
WC2H9DN,4
WC2H9DP,4
WC2H9DQ,4
WC2H9DR,4
WC2H9DS,3
WC2H9DT,4
WC2H9DU,3
WC2H9DW,3
WC2H9DX,4
WC2H9DY,4
WC2H9DZ,4
WC2H9EA,3
WC2H9EB,4
WC2H9ED,4
WC2H9EE,4
WC2H9EF,3
WC2H9EG,4
WC2H9EH,3
WC2H9EJ,3
WC2H9EL,3
WC2H9EN,3
WC2H9EP,4
WC2H9EQ,4
WC2H9ER,4
WC2H9ES,4
WC2H9ET,4
WC2H9EU,4
WC2H9EW,4
WC2H9EX,4
WC2H9EY,4
WC2H9EZ,4
WC2H9FA,3
WC2H9FB,3
WC2H9FD,3
WC2H9GS,3
WC2H9GT,3
WC2H9GW,3
WC2H9GY,3
WC2H9HA,4
WC2H9HB,4
WC2H9HD,4
WC2H9HE,3
WC2H9HF,3
WC2H9HG,4
WC2H9HH,4
WC2H9HJ,4
WC2H9HL,4
WC2H9HN,4
WC2H9HP,3
WC2H9HQ,3
WC2H9HR,3
WC2H9HS,4
WC2H9HT,4
WC2H9HU,4
WC2H9HW,4
WC2H9HX,3
WC2H9HY,3
WC2H9HZ,3
WC2H9JA,3
WC2H9JB,4
WC2H9JD,3
WC2H9JE,3
WC2H9JF,4
WC2H9JG,3
WC2H9JH,4
WC2H9JJ,3
WC2H9JL,3
WC2H9JN,4
WC2H9JP,3
WC2H9JQ,3
WC2H9JR,3
WC2H9JS,3
WC2H9JT,3
WC2H9JU,3
WC2H9JW,4
WC2H9JX,3
WC2H9JY,3
WC2H9JZ,3
WC2H9LA,4
WC2H9LD,4
WC2H9LE,4
WC2H9LF,4
WC2H9LG,4
WC2H9LH,4
WC2H9LJ,4
WC2H9LL,4
WC2H9LN,4
WC2H9LP,3
WC2H9LQ,3
WC2H9LR,3
WC2H9LS,4
WC2H9LT,4
WC2H9LU,3
WC2H9LW,4
WC2H9LX,4
WC2H9LY,3
WC2H9LZ,3
WC2H9NA,4
WC2H9NB,4
WC2H9ND,4
WC2H9NE,3
WC2H9NF,3
WC2H9NG,4
WC2H9NH,3
WC2H9NJ,3
WC2H9NL,3
WC2H9NN,3
WC2H9NP,4
WC2H9NQ,3
WC2H9NR,3
WC2H9NS,4
WC2H9NT,4
WC2H9NU,4
WC2H9NW,4
WC2H9NX,4
WC2H9NY,3
WC2H9NZ,4
WC2H9PA,4
WC2H9PB,4
WC2H9PD,3
WC2H9PE,4
WC2H9PF,4
WC2H9PG,3
WC2H9PH,4
WC2H9PJ,4
WC2H9PL,4
WC2H9PP,4
WC2H9PQ,4
WC2H9PR,4
WC2H9PS,4
WC2H9PT,3
WC2H9PU,3
WC2H9PW,3
WC2H9PX,4
WC2H9PY,4
WC2H9PZ,4
WC2H9QA,3
WC2H9QB,3
WC2H9QD,3
WC2H9QE,3
WC2H9QF,4
WC2H9QG,4
WC2H9QH,4
WC2H9QJ,3
WC2H9QL,3
WC2H9QN,3
WC2H9QP,3
WC2H9QQ,4
WC2H9QR,4
WC2H9QS,4
WC2H9QT,4
WC2H9QU,4
WC2H9QW,4
WC2H9QX,3
WC2H9QZ,3
WC2H9RA,4
WC2H9RB,4
WC2H9RD,4
WC2H9RE,4
WC2H9RF,4
WC2H9RG,4
WC2H9RH,4
WC2H9RJ,4
WC2H9RL,4
WC2H9RN,4
WC2H9RP,3
WC2H9RQ,4
WC2H9RR,3
WC2H9RS,4
WC2H9RT,3
WC2H9RU,3
WC2H9RW,4
WC2H9RX,3
WC2H9RY,4
WC2H9RZ,4
WC2H9SA,3
WC2H9SB,3
WC2H9SD,3
WC2H9SE,3
WC2H9SF,4
WC2H9SG,3
WC2H9SH,4
WC2H9SJ,3
WC2H9SL,3
WC2H9SN,3
WC2H9SP,3
WC2H9SQ,4
WC2H9SR,3
WC2H9SS,4
WC2H9ST,4
WC2H9SU,3
WC2H9SW,4
WC2H9SX,3
WC2H9SY,3
WC2H9SZ,4
WC2H9TA,3
WC2H9TB,3
WC2H9TD,3
WC2H9TE,4
WC2H9TF,3
WC2H9TG,4
WC2H9TH,4
WC2H9TJ,4
WC2H9TN,4
WC2H9TP,4
WC2H9TQ,4
WC2H9TR,3
WC2H9TS,3
WC2H9TT,4
WC2H9TU,3
WC2H9TW,4
WC2H9TX,3
WC2H9TY,3
WC2H9TZ,3
WC2H9UA,4
WC2H9UB,3
WC2H9UD,3
WC2H9UE,4
WC2H9UF,3
WC2H9UG,3
WC2H9UH,4
WC2H9UJ,4
WC2H9UL,4
WC2H9UN,4
WC2H9UP,4
WC2H9UR,4
WC2H9US,4
WC2H9UT,4
WC2H9UU,4
WC2H9UW,3
WC2H9UX,3
WC2H9UY,3
WC2H9WA,3
WC2H9WB,3
WC2H9WD,3
WC2H9WE,3
WC2H9WF,3
WC2H9WG,3
WC2H9WH,3
WC2H9WJ,3
WC2H9WL,3
WC2H9WN,3
WC2H9WP,3
WC2H9WQ,3
WC2H9WR,3
WC2H9WS,3
WC2H9WT,3
WC2H9WU,3
WC2H9WW,3
WC2H9WX,3
WC2H9WY,3
WC2H9WZ,3
WC2H9XA,3
WC2H9XB,3
WC2H9XD,3
WC2H9XE,3
WC2H9XF,3
WC2H9XG,3
WC2H9XT,3
WC2H9YQ,3
WC2H9YT,3
WC2H9YZ,3
WC2N4AA,3
WC2N4AB,3
WC2N4AD,3
WC2N4AE,3
WC2N4AF,3
WC2N4AG,3
WC2N4AH,3
WC2N4AJ,3
WC2N4AL,3
WC2N4AN,3
WC2N4AP,3
WC2N4AQ,3
WC2N4AR,3
WC2N4AS,3
WC2N4AT,3
WC2N4AU,3
WC2N4AW,3
WC2N4AX,3
WC2N4AY,3
WC2N4AZ,3
WC2N4BA,3
WC2N4BB,3
WC2N4BD,3
WC2N4BE,3
WC2N4BF,3
WC2N4BG,3
WC2N4BH,3
WC2N4BJ,3
WC2N4BL,3
WC2N4BN,3
WC2N4BP,3
WC2N4BQ,5
WC2N4BS,3
WC2N4BT,3
WC2N4BU,3
WC2N4BW,3
WC2N4BX,3
WC2N4BY,3
WC2N4BZ,3
WC2N4DA,3
WC2N4DB,3
WC2N4DD,3
WC2N4DE,3
WC2N4DF,3
WC2N4DG,3
WC2N4DH,3
WC2N4DJ,3
WC2N4DL,3
WC2N4DN,3
WC2N4DP,5
WC2N4DQ,3
WC2N4DS,3
WC2N4DT,3
WC2N4DU,3
WC2N4DW,3
WC2N4DY,3
WC2N4EA,3
WC2N4EB,3
WC2N4ED,3
WC2N4EE,3
WC2N4EF,3
WC2N4EG,3
WC2N4EH,3
WC2N4EJ,3
WC2N4EL,3
WC2N4EN,3
WC2N4EP,3
WC2N4EQ,3
WC2N4ER,3
WC2N4ES,3
WC2N4ET,5
WC2N4EZ,3
WC2N4HA,3
WC2N4HB,3
WC2N4HD,3
WC2N4HE,3
WC2N4HF,3
WC2N4HG,3
WC2N4HH,3
WC2N4HJ,3
WC2N4HL,3
WC2N4HN,3
WC2N4HP,3
WC2N4HQ,3
WC2N4HR,3
WC2N4HS,3
WC2N4HT,3
WC2N4HU,3
WC2N4HW,3
WC2N4HX,3
WC2N4HY,3
WC2N4HZ,3
WC2N4JB,3
WC2N4JE,3
WC2N4JF,3
WC2N4JG,3
WC2N4JH,3
WC2N4JJ,3
WC2N4JL,3
WC2N4JP,3
WC2N4JQ,3
WC2N4JR,3
WC2N4JS,3
WC2N4JT,3
WC2N4JW,5
WC2N4JX,3
WC2N4JZ,3
WC2N4LA,3
WC2N4LB,3
WC2N4LD,3
WC2N4LE,3
WC2N4LF,3
WC2N4LG,3
WC2N4LH,3
WC2N4LJ,3
WC2N4LL,3
WC2N4LP,3
WC2N4LR,3
WC2N4LS,3
WC2N4LU,3
WC2N4LW,3
WC2N4LX,3
WC2N4LY,3
WC2N4LZ,3
WC2N4NA,3
WC2N4NB,3
WC2N4ND,3
WC2N4NE,3
WC2N4NH,3
WC2N4NJ,3
WC2N4NL,3
WC2N4NP,5
WC2N4NQ,3
WC2N4NR,5
WC2N4NS,5
WC2N4NT,5
WC2N4NU,5
WC2N4NW,3
WC2N4NX,3
WC2N4PA,3
WC2N4PB,3
WC2N4PD,3
WC2N4PF,5
WC2N4PH,5
WC2N4PJ,5
WC2N4PL,5
WC2N4PT,3
WC2N4PU,3
WC2N4PY,3
WC2N4QA,3
WC2N4QB,3
WC2N4QD,3
WC2N4QE,3
WC2N4QF,3
WC2N4QG,3
WC2N4QH,3
WC2N4QJ,3
WC2N4QL,3
WC2N4QN,3
WC2N4RB,3
WC2N4RD,3
WC2N4RE,3
WC2N4RF,3
WC2N4RG,3
WC2N4RJ,3
WC2N4RL,3
WC2N4RN,5
WC2N4TP,5
WC2N4WA,3
WC2N4WB,3
WC2N4WP,3
WC2N4WQ,3
WC2N4WR,3
WC2N4WS,3
WC2N4WT,3
WC2N4WU,3
WC2N4WW,3
WC2N4WX,3
WC2N4WY,3
WC2N4WZ,3
WC2N4XA,3
WC2N4XQ,3
WC2N4YQ,3
WC2N5AA,5
WC2N5AB,5
WC2N5AD,5
WC2N5AE,5
WC2N5AF,3
WC2N5AG,5
WC2N5AH,5
WC2N5AL,5
WC2N5AN,5
WC2N5AP,5
WC2N5AQ,5
WC2N5AR,5
WC2N5BA,5
WC2N5BB,5
WC2N5BE,3
WC2N5BG,5
WC2N5BH,5
WC2N5BJ,5
WC2N5BL,5
WC2N5BN,5
WC2N5BP,5
WC2N5BS,5
WC2N5BT,5
WC2N5BU,5
WC2N5BW,5
WC2N5BX,5
WC2N5BY,5
WC2N5BZ,5
WC2N5DA,5
WC2N5DB,5
WC2N5DD,5
WC2N5DE,5
WC2N5DG,5
WC2N5DH,5
WC2N5DJ,5
WC2N5DL,5
WC2N5DN,5
WC2N5DP,3
WC2N5DR,5
WC2N5DS,5
WC2N5DT,5
WC2N5DU,5
WC2N5DW,5
WC2N5DX,5
WC2N5DY,5
WC2N5DZ,5
WC2N5EA,5
WC2N5ED,5
WC2N5EE,5
WC2N5EF,5
WC2N5EG,5
WC2N5EH,5
WC2N5EJ,5
WC2N5EL,5
WC2N5EN,5
WC2N5EP,5
WC2N5ES,5
WC2N5EW,5
WC2N5EZ,5
WC2N5HA,5
WC2N5HB,5
WC2N5HD,5
WC2N5HE,5
WC2N5HF,5
WC2N5HG,5
WC2N5HH,5
WC2N5HJ,5
WC2N5HL,3
WC2N5HN,5
WC2N5HP,5
WC2N5HQ,5
WC2N5HR,5
WC2N5HS,5
WC2N5HT,5
WC2N5HU,5
WC2N5HX,5
WC2N5HY,3
WC2N5HZ,3
WC2N5JA,5
WC2N5JB,3
WC2N5JD,5
WC2N5JE,5
WC2N5JG,5
WC2N5JH,5
WC2N5JJ,5
WC2N5JN,5
WC2N5JP,5
WC2N5JQ,3
WC2N5JR,5
WC2N5JT,5
WC2N5JX,5
WC2N5LA,5
WC2N5LB,5
WC2N5LE,5
WC2N5LH,3
WC2N5LJ,3
WC2N5LL,3
WC2N5LP,3
WC2N5LR,3
WC2N5LS,3
WC2N5LT,3
WC2N5LW,5
WC2N5LZ,3
WC2N5NA,3
WC2N5NB,3
WC2N5ND,3
WC2B5UH,3
WC2B5UJ,3
WC2B5UL,3
WC2B5UN,3
WC2B5UP,3
WC2B5UQ,3
WC2B5UR,3
WC2B5US,3
WC2B5UW,3
WC2B5WA,3
WC2B5WB,3
WC2B5WD,3
WC2B5WE,3
WC2B5WL,3
WC2B5WN,3
WC2B5WP,3
WC2B5WQ,3
WC2B5WR,3
WC2B5WS,3
WC2B5WT,3
WC2B5WU,3
WC2B5WW,3
WC2B5WX,3
WC2B5WY,3
WC2B5WZ,3
WC2B5XF,3
WC2B5XY,3
WC2B5YZ,3
WC2B6AA,6
WC2B6AB,3
WC2B6AD,6
WC2B6AE,6
WC2B6AF,6
WC2B6AG,6
WC2B6AH,6
WC2B6AJ,3
WC2B6AL,3
WC2B6AN,3
WC2B6AP,3
WC2B6AQ,6
WC2B6AR,3
WC2B6AS,3
WC2B6AT,3
WC2B6AU,3
WC2B6AW,3
WC2B6AY,3
WC2B6AZ,3
WC2B6BA,3
WC2B6BB,6
WC2B6BD,6
WC2B6BE,3
WC2B6BG,6
WC2B6BJ,3
WC2B6BL,3
WC2B6BP,3
WC2B6BT,3
WC2B6BU,3
WC2B6BW,3
WC2B6BX,3
WC2B6BY,3
WC2B6DA,3
WC2B6DE,3
WC2B6DH,3
WC2B6DP,3
WC2B6DS,3
WC2B6DU,3
WC2B6DX,6
WC2B6EB,3
WC2B6ED,3
WC2B6EE,6
WC2B6EH,6
WC2B6EJ,3
WC2B6EL,6
WC2B6EN,6
WC2B6EP,6
WC2B6ES,6
WC2B6EW,6
WC2B6EX,6
WC2B6EY,6
WC2B6FA,3
WC2B6FD,3
WC2B6HA,3
WC2B6HH,3
WC2B6HP,3
WC2B6HS,3
WC2B6HX,3
WC2B6JA,3
WC2B6JG,3
WC2B6JL,3
WC2B6JN,3
WC2B6JP,3
WC2B6JR,6
WC2B6JS,3
WC2B6JU,3
WC2B6JX,6
WC2B6JY,3
WC2B6JZ,3
WC2B6LB,3
WC2B6LE,3
WC2B6LF,3
WC2B6LG,3
WC2B6LH,3
WC2B6LS,3
WC2B6LT,3
WC2B6LU,3
WC2B6NA,3
WC2B6NB,6
WC2B6ND,3
WC2B6NE,3
WC2B6NF,6
WC2B6NH,3
WC2B6NJ,3
WC2B6NL,6
WC2B6NN,6
WC2B6NP,3
WC2B6NR,3
WC2B6NS,3
WC2B6NT,3
WC2B6NX,3
WC2B6PA,3
WC2B6PE,3
WC2B6PG,3
WC2B6PH,3
WC2B6PJ,3
WC2B6PL,3
WC2B6PN,3
WC2B6PP,3
WC2B6PQ,3
WC2B6PT,3
WC2B6PU,3
WC2B6PX,3
WC2B6PY,3
WC2B6PZ,3
WC2B6QA,3
WC2B6QB,3
WC2B6QN,3
WC2B6QP,3
WC2B6QR,3
WC2B6QS,3
WC2B6QT,3
WC2B6QU,3
WC2B6QW,3
WC2B6QX,3
WC2B6QY,3
WC2B6RA,3
WC2B6RH,3
WC2B6RJ,3
WC2B6RU,3
WC2B6RY,3
WC2B6SA,3
WC2B6SB,3
WC2B6SD,3
WC2B6SE,3
WC2B6SF,3
WC2B6SG,3
WC2B6SJ,3
WC2B6SN,3
WC2B6SR,3
WC2B6SS,3
WC2B6ST,3
WC2B6SU,3
WC2B6SX,3
WC2B6SY,3
WC2B6TA,3
WC2B6TB,3
WC2B6TD,3
WC2B6TE,3
WC2B6TF,3
WC2B6TG,3
WC2B6TH,3
WC2B6TJ,3
WC2B6TL,3
WC2B6TN,3
WC2B6TP,3
WC2B6TQ,3
WC2B6TR,3
WC2B6TS,3
WC2B6TT,3
WC2B6TU,3
WC2B6TW,3
WC2B6TX,3
WC2B6TY,3
WC2B6TZ,3
WC2B6UA,3
WC2B6UB,3
WC2B6UD,3
WC2B6UE,3
WC2B6UF,3
WC2B6UG,3
WC2B6UH,3
WC2B6UJ,3
WC2B6UL,3
WC2B6UN,3
WC2B6UR,3
WC2B6US,3
WC2B6UU,3
WC2B6UW,3
WC2B6UX,3
WC2B6UY,3
WC2B6UZ,3
WC2B6WA,3
WC2B6WB,3
WC2B6WD,3
WC2B6WE,3
WC2B6WF,3
WC2B6WG,3
WC2B6WH,3
WC2B6WJ,3
WC2B6WL,3
WC2B6WN,3
WC2B6WP,3
WC2B6WQ,3
WC2B6WR,3
WC2B6WS,3
WC2B6WT,3
WC2B6WU,3
WC2B6WW,3
WC2B6WX,3
WC2B6WY,3
WC2B6WZ,3
WC2B6XA,3
WC2B6XB,3
WC2B6XD,3
WC2B6XE,3
WC2B6XF,3
WC2B6XG,3
WC2B6XH,3
WC2B6XJ,3
WC2B6XL,3
WC2B6XN,3
WC2B6XQ,3
WC2B6XY,3
WC2B6YA,3
WC2B6YD,3
WC2B6YE,3
WC2B6YF,3
WC2B6YL,3
WC2B6YQ,3
WC2B6YS,3
WC2B6YT,3
WC2B6YX,3
WC2B6YY,3
WC2B6YZ,3
WC2B8BB,3
WC2E7AA,3
WC2E7AB,3
WC2E7AD,3
WC2E7AE,3
WC2E7AF,3
WC2E7AH,3
WC2E7AJ,3
WC2E7AL,3
WC2E7AN,3
WC2E7AS,3
WC2E7AT,3
WC2E7AU,3
WC2E7AW,3
WC2E7AZ,3
WC2E7BA,3
WC2E7BB,3
WC2E7BD,3
WC2E7BE,3
WC2E7BG,3
WC2E7BJ,3
WC2E7BL,3
WC2E7BN,3
WC2E7BP,3
WC2E7BU,3
WC2E7BW,3
WC2E7BX,3
WC2E7BY,3
WC2E7BZ,3
WC2E7DA,3
WC2E7DB,3
WC2E7DD,3
WC2E7DF,3
WC2E7DH,3
WC2E7DJ,3
WC2E7DL,3
WC2E7DN,3
WC2E7DP,3
WC2E7DR,3
WC2E7DS,3
WC2E7DT,3
WC2E7DU,3
WC2E7DW,3
WC2E7DX,3
WC2E7DZ,3
WC2E7EA,3
WC2E7EB,3
WC2E7ED,3
WC2E7EE,3
WC2E7EF,3
WC2E7EG,3
WC2E7EH,3
WC2E7EJ,3
WC2E7EL,3
WC2E7EN,3
WC2E7EP,3
WC2E7EQ,3
WC2E7ER,3
WC2E7ET,3
WC2E7EU,3
WC2E7EW,3
WC2E7EY,3
WC2E7EZ,3
WC2E7HA,3
WC2E7HB,3
WC2E7HD,3
WC2E7HE,3
WC2E7HF,3
WC2E7HG,3
WC2E7HH,3
WC2E7HJ,3
WC2E7HL,3
WC2E7HN,3
WC2E7HP,3
WC2E7HQ,3
WC2E7HR,3
WC2E7HS,3
WC2E7HT,3
WC2E7HU,3
WC2E7HW,3
WC2E7HX,3
WC2E7HY,3
WC2E7HZ,3
WC2E7JA,3
WC2E7JB,3
WC2E7JD,3
WC2E7JE,3
WC2E7JG,3
WC2E7JH,3
WC2E7JJ,3
WC2E7JQ,3
WC2E7JR,3
WC2E7JS,3
WC2E7JT,3
WC2E7JW,3
WC2E7JY,3
WC2E7LB,3
WC2E7LG,3
WC2E7LH,3
WC2E7LJ,3
WC2E7LL,3
WC2E7LN,3
WC2E7LR,3
WC2E7LS,3
WC2E7LT,3
WC2E7LU,3
WC2E7LW,3
WC2E7LX,3
WC2E7LY,3
WC2E7NA,3
WC2E7NB,3
WC2E7ND,3
WC2E7NE,3
WC2E7NF,3
WC2E7NG,3
WC2E7NH,3
WC2E7NJ,3
WC2E7NL,3
WC2E7NN,3
WC2E7NP,3
WC2E7NQ,3
WC2E7NR,3
WC2E7NS,3
WC2E7NT,3
WC2E7NU,3
WC2E7NW,3
WC2E7NX,3
WC2E7NY,3
WC2E7NZ,3
WC2E7PA,3
WC2E7PB,3
WC2E7PD,3
WC2E7PE,3
WC2E7PF,3
WC2E7PG,3
WC2E7PH,3
WC2E7PJ,3
WC2E7PL,3
WC2E7PN,3
WC2E7PP,3
WC2E7PQ,3
WC2E7PR,3
WC2E7PS,3
WC2E7PT,3
WC2E7PU,3
WC2E7PW,3
WC2E7PX,3
WC2E7PY,3
WC2E7PZ,3
WC2E7QA,3
WC2E7QB,3
WC2E7QE,3
WC2E7QG,3
WC2E7QH,3
WC2E7QJ,3
WC2E7QL,3
WC2E7QP,3
WC2E7QS,3
WC2E7QT,3
WC2E7QZ,3
WC2E7RA,3
WC2E7RB,3
WC2E7RD,3
WC2E7RE,3
WC2E7RF,3
WC2E7RG,3
WC2E7RH,3
WC2E7RN,3
WC2E7RQ,3
WC2E7RS,3
WC2E7RY,3
WC2E7TL,3
WC2E7UB,3
WC2E7WA,3
WC2E7WB,3
WC2E7WD,3
WC2E7WE,3
WC2E7WF,3
WC2E7WG,3
WC2E7WH,3
WC2E7WJ,3
WC2E7WL,3
WC2E7WN,3
WC2E7WZ,3
WC2E7XQ,3
WC2E7YB,3
WC2E7YQ,3
WC2E7YT,3
WC2E8AA,3
WC2E8AB,3
WC2E8AF,3
WC2E8AH,3
WC2E8AP,3
WC2E8AR,3
WC2E8AS,3
WC2E8AT,3
WC2E8AW,3
WC2E8AX,3
WC2E8BA,3
WC2E8BB,3
WC2E8BD,3
WC2E8BE,3
WC2E8BG,3
WC2E8BH,3
WC2E8BT,3
WC2E8BU,3
WC2E8BY,3
WC2E8DA,3
WC2E8DE,3
WC2E8DG,3
WC2E8DP,3
WC2E8EA,3
WC2E8EB,3
WC2E8EJ,3
WC2E8EL,3
WC2E8EQ,3
WC2E8ES,3
WC2E8EX,3
WC2E8EZ,3
WC2E8HA,3
WC2E8HB,3
WC2E8HD,3
WC2E8HF,3
WC2E8HH,3
WC2E8HJ,3
WC2E8HL,3
WC2E8HN,3
WC2E8HQ,3
WC2E8HR,3
WC2E8HW,3
WC2E8HY,3
WC2E8HZ,3
WC2E8JA,3
WC2E8JB,3
WC2E8JD,3
WC2E8JE,3
WC2E8JF,3
WC2E8JG,3
WC2E8JJ,3
WC2E8JQ,3
WC2E8JR,3
WC2E8JS,3
WC2E8JT,3
WC2E8JU,3
WC2E8JW,3
WC2E8JX,3
WC2E8JY,3
WC2E8JZ,3
WC2E8LA,3
WC2E8LB,3
WC2E8LH,3
WC2E8LJ,3
WC2E8LL,3
WC2E8LQ,3
WC2E8LR,3
WC2E8LS,3
WC2E8LT,3
WC2E8LU,3
WC2E8LW,3
WC2E8LX,3
WC2E8LY,3
WC2E8NA,3
WC2E8NB,3
WC2E8ND,3
WC2E8NE,3
WC2E8NH,3
WC2E8NL,3
WC2E8NN,3
WC2E8NS,3
WC2E8NT,3
WC2E8NU,3
WC2E8NX,3
WC2E8PA,3
WC2E8PB,3
WC2E8PH,3
WC2E8PJ,3
WC2E8PL,3
WC2E8PN,3
WC2E8PP,3
WC2E8PQ,3
WC2E8PR,3
WC2E8PS,3
WC2E8PT,3
WC2E8PU,3
WC2E8PW,3
WC2E8PX,3
WC2E8PY,3
WC2E8PZ,3
WC2E8QA,3
WC2E8QB,3
WC2E8QD,3
WC2E8QE,3
WC2E8QF,3
WC2E8QG,3
WC2E8QH,3
WC2E8QJ,3
WC2E8QP,3
WC2E8QQ,3
WC2E8QR,3
WC2E8QS,3
WC2E8QU,3
WC2E8QX,3
WC2E8RA,3
WC2E8RB,3
WC2E8RD,3
WC2E8RE,3
WC2E8RF,3
WC2E8RG,3
WC2E8RH,3
WC2E8RJ,3
WC2E8RN,3
WC2E8SA,3
WC2E8SB,3
WC2E8SD,3
WC2E8SE,3
WC2E8SF,3
WC2E8SG,3
WC2E8SL,3
WC2E8WA,3
WC2E8WY,3
WC2E8WZ,3
WC2E9AA,3
WC2E9AB,3
WC2E9AD,3
WC2E9AE,3
WC2E9AF,3
WC2E9AG,3
WC2E9AH,3
WC2E9AJ,3
WC2E9AL,3
WC2E9AN,3
WC2E9AP,3
WC2E9AQ,3
WC2E9AR,3
WC2E9AS,3
WC2E9AT,3
WC2E9AU,3
WC2E9AW,3
WC2E9AX,3
WC2E9AY,3
WC2E9AZ,3
WC2E9BA,3
WC2E9BB,3
WC2E9BD,3
WC2E9BE,3
WC2E9BF,3
WC2E9BG,3
WC2E9BH,3
WC2E9BJ,3
WC2E9BL,3
WC2E9BN,3
WC2E9BP,3
WC2E9BQ,3
WC2E9BS,3
WC2E9BT,3
WC2E9BU,3
WC2E9BW,3
WC2E9BX,3
WC2E9BY,4
WC2E9BZ,3
WC2E9DA,3
WC2E9DB,3
WC2E9DD,3
WC2E9DE,3
WC2E9DF,3
WC2E9DG,3
WC2E9DH,3
WC2E9DJ,3
WC2E9DL,3
WC2E9DN,3
WC2E9DP,3
WC2E9DQ,3
WC2E9DR,3
WC2E9DS,3
WC2E9DT,3
WC2E9DU,3
WC2E9DW,3
WC2E9DX,3
WC2E9DY,3
WC2E9DZ,3
WC2E9EA,3
WC2E9EB,3
WC2E9ED,3
WC2E9EE,3
WC2E9EF,3
WC2E9EG,3
WC2E9EH,3
WC2E9EJ,3
WC2E9EL,3
WC2E9EN,3
WC2E9EP,3
WC2E9EQ,3
WC2E9ER,3
WC2E9ES,3
WC2E9ET,3
WC2E9EU,3
WC2E9EW,3
WC2E9EX,3
WC2E9EY,3
WC2E9EZ,3
WC2E9FA,3
WC2E9FB,3
WC2E9FE,3
WC2E9HA,3
WC2E9HB,3
WC2E9HD,3
WC2E9HE,3
WC2E9HF,3
WC2E9HG,3
WC2E9HH,3
WC2E9HJ,3
WC2E9HL,3
WC2E9HN,3
WC2E9HP,3
WC2E9HQ,3
WC2E9HR,3
WC2E9HS,3
WC2E9HT,3
WC2E9HU,3
WC2E9HW,3
WC2E9HY,3
WC2E9HZ,3
WC2E9JA,3
WC2E9JB,3
WC2E9JD,3
WC2E9JE,3
WC2E9JF,3
WC2E9JG,3
WC2E9JH,3
WC2E9JJ,3
WC2E9JL,3
WC2E9JN,3
WC2E9JP,3
WC2E9JQ,3
WC2E9JR,3
WC2E9JS,3
WC2E9JT,3
WC2E9JU,3
WC2E9JW,3
WC2E9JX,3
WC2E9JY,3
WC2E9JZ,3
WC2E9LA,3
WC2E9LB,3
WC2E9LD,3
WC2E9LE,3
WC2E9LF,3
WC2E9LG,3
WC2E9LH,3
WC2E9LJ,3
WC2E9LL,3
WC2E9LN,3
WC2E9LP,3
WC2E9LQ,3
WC2E9LR,3
WC2E9LS,3
WC2E9LT,3
WC2E9LU,3
WC2E9LW,3
WC2E9LX,3
WC2E9LY,3
WC2E9LZ,3
WC2E9NA,3
WC2E9NB,3
WC2E9ND,3
WC2E9NE,3
WC2E9NF,3
WC2E9NG,3
WC2E9NH,3
WC2E9NJ,3
WC2E9NL,3
WC2E9NN,3
WC2E9NP,3
WC2E9NQ,3
WC2E9NR,3
WC2E9NT,3
WC2E9NW,3
WC2E9PA,3
WC2E9PB,3
WC2E9PD,3
WC2E9PE,3
WC2E9PG,3
WC2E9PH,3
WC2E9PJ,3
WC2E9PL,3
WC2E9PN,3
WC2E9PP,3
WC2E9PQ,3
WC2E9PR,3
WC2E9PS,3
WC2E9PT,3
WC2E9PU,3
WC2E9PW,3
WC2E9PX,3
WC2E9QA,3
WC2E9QB,3
WC2E9QD,3
WC2E9QE,3
WC2E9QF,3
WC2E9QG,3
WC2E9QH,3
WC2E9QJ,3
WC2E9QL,3
WC2E9QN,3
WC2E9QP,3
WC2E9QQ,3
WC2E9QR,3
WC2E9QS,3
WC2E9QW,3
WC2E9QZ,3
WC2E9RA,3
WC2E9RB,3
WC2E9RD,3
WC2E9RE,3
WC2E9RG,3
WC2E9RH,3
WC2E9RL,3
WC2E9RP,3
WC2E9RR,3
WC2E9RS,3
WC2E9RT,3
WC2E9RW,3
WC2E9RX,3
WC2E9RY,3
WC2E9RZ,3
WC2E9SA,3
WC2E9SB,3
WC2E9SD,3
WC2E9SE,3
WC2E9SF,3
WC2E9SG,3
WC2E9SH,3
WC2E9SJ,3
WC2E9SL,3
WC2E9SN,3
WC2E9SP,3
WC2E9SQ,3
WC2E9SR,3
WC2E9SS,3
WC2E9ST,3
WC2E9SU,3
WC2E9SW,3
WC2E9SX,3
WC2E9SY,3
WC2E9SZ,3
WC2E9TA,3
WC2E9TB,3
WC2E9TD,3
WC2E9TE,3
WC2E9TF,3
WC2E9TT,3
WC2E9WA,3
WC2E9WB,3
WC2E9WD,3
WC2E9WE,3
WC2E9WF,3
WC2E9WG,3
WC2E9WQ,3
WC2E9WR,3
WC2E9WS,3
WC2E9WT,3
WC2E9WU,3
WC2E9WW,3
WC2E9WX,3
WC2E9WY,3
WC2E9WZ,3
WC2E9YQ,3
WC2E9YT,3
WC2H0AA,3
WC2H0AB,3
WC2H0AD,3
WC2H0AE,3
WC2H0AG,3
WC2H0AH,3
WC2H0AJ,3
WC2H0AL,3
WC2H0AN,3
WC2H0AP,3
WC2H0AQ,3
WC2H0AR,3
WC2H0AS,3
WC2H0AT,3
WC2H0AU,3
WC2H0AW,3
WC2H0AX,3
WC2H0AY,3
WC2H0BA,3
WC2H0BB,3
WC2H0BD,3
WC2H0BE,3
WC2H0BF,3
WC2H0BG,3
WC2H0BH,3
WC2H0BJ,3
WC2H0BL,3
WC2H0BN,3
WC2H0BP,3
WC2H0BQ,3
WC2H0BS,3
WC2H0BT,3
WC2H0BU,3
WC2H0BX,3
WC2H0BZ,3
WC2H0DA,3
WC2H0DB,3
WC2H0DD,3
WC2H0DE,3
WC2H0DF,3
WC2H0DG,3
WC2H0DH,3
WC2H0DJ,3
WC2H0DL,3
WC2H0DN,3
WC2H0DP,3
WC2H0DQ,3
WC2H0DS,3
WC2H0DT,3
WC2H0DU,3
WC2H0DW,3
WC2H0DX,3
WC2H0DY,3
WC2H0EA,3
WC2H0EB,3
WC2H0ED,3
WC2H0EE,3
WC2H0EF,3
WC2H0EG,3
WC2H0EH,3
WC2H0EJ,3
WC2H0EL,3
WC2H0EN,3
WC2H0EP,3
WC2H0EQ,3
WC2H0ER,3
WC2H0ES,3
WC2H0ET,3
WC2H0EU,3
WC2H0EW,3
WC2H0EX,3
WC2H0EY,3
WC2H0HA,3
WC2H0HB,3
WC2H0HE,5
WC2H0HF,3
WC2H0HG,3
WC2H0HH,3
WC2H0HJ,3
WC2H0HN,3
WC2H0HP,3
WC2H0HQ,3
WC2H0HR,3
WC2H0HS,3
WC2H0HU,3
WC2H0HW,3
WC2H0HX,3
WC2H0HY,3
WC2H0HZ,3
WC2H0JA,4
WC2H0JB,4
WC2H0JE,4
WC2H0JF,3
WC2H0JG,4
WC2H0JH,4
WC2H0JJ,3
WC2H0JL,3
WC2H0JN,4
WC2H0JP,4
WC2H0JR,4
WC2H0JU,3
WC2H0JW,4
WC2H0JX,3
WC2H0JZ,3
WC2H0LA,4
WC2H0LB,4
WC2H0LD,3
WC2H0LG,3
WC2H0LH,3
WC2H0LN,3
WC2H0LP,3
WC2H0LQ,3
WC2H0LR,3
WC2H0LS,3
WC2H0LT,3
WC2H0LU,3
WC2H0LX,3
WC2H0NA,3
WC2H0ND,3
WC2H0NE,3
WC2H0NF,3
WC2H0NH,3
WC2H0NL,3
WC2H0NN,3
WC2H0NP,3
WC2H0NT,3
WC2H0PA,3
WC2H0PB,3
WC2H0PD,3
WC2H0PE,3
WC2H0PF,3
WC2H0PG,3
WC2H0PH,3
WC2H0PJ,3
WC2H0PL,3
WC2H0PN,3
WC2H0PP,3
WC2H0PQ,3
WC2H0PR,3
WC2H0PS,3
WC2H0PT,3
WC2H0QA,3
WC2H0QB,3
WC2H0QD,3
WC2H0QE,3
WC2H0QF,3
WC2H0QG,3
WC2H0QH,3
WC2H0QJ,3
WC2H0QL,3
WC2H0QN,3
WC2H0QP,3
WC2H0QQ,3
WC2H0QR,3
WC2H0QS,3
WC2H0QT,3
WC2H0QU,3
WC2H0QW,3
WC2H0QX,3
WC2H0QY,3
WC2H0QZ,3
WC2H0RA,3
WC2H0RG,3
WC2H0WB,3
WC2H0WQ,3
WC2H0WS,3
WC2H0WY,3
WC2H0WZ,3
WC2H0YQ,3
WC2H0ZQ,3
WC2H7AA,3
WC2H7AB,3
WC2H7AD,3
WC2H7AE,3
WC2H7AF,3
WC2H7AG,3
WC2H7AH,3
WC2H7AJ,3
WC2H7AL,3
WC2H7AN,3
WC2H7AP,3
WC2H7AQ,3
WC2H7AR,3
WC2H7AS,3
WC2H7AT,3
WC2H7AU,3
WC2H7AW,3
WC2H7AX,3
WC2H7AY,3
WC2N5NF,5
WC2N5NG,5
WC2N5NJ,5
WC2N5NP,5
WC2N5NR,5
WC2N5NS,5
WC2N5NT,5
WC2N5NW,5
WC2N5NX,5
WC2N5PA,5
WC2N5PB,5
WC2N5PD,5
WC2N5PE,5
WC2N5PG,5
WC2N5PH,5
WC2N5PJ,5
WC2N5PL,3
WC2N5PR,3
WC2N5QA,3
WC2N5QB,5
WC2N5QD,5
WC2N5QF,5
WC2N5QG,3
WC2N5QH,5
WC2N5QJ,3
WC2N5QL,5
WC2N5QN,3
WC2N5QP,5
WC2N5QQ,3
WC2N5QR,3
WC2N5RA,5
WC2N5RB,5
WC2N5RD,5
WC2N5RF,3
WC2N5RG,3
WC2N5RH,3
WC2N5RJ,5
WC2N5RL,5
WC2N5RN,5
WC2N5RP,3
WC2N5RQ,5
WC2N5RR,5
WC2N5RW,3
WC2N5SA,5
WC2N5WA,3
WC2N5WR,3
WC2N5WY,3
WC2N5WZ,3
WC2N6AA,3
WC2N6AB,3
WC2N6AD,3
WC2N6AE,3
WC2N6AF,3
WC2N6AG,3
WC2N6AH,3
WC2N6AJ,3
WC2N6AL,3
WC2N6AN,3
WC2N6AP,3
WC2N6AQ,3
WC2N6AR,3
WC2N6AS,3
WC2N6AT,3
WC2N6AU,3
WC2N6AW,3
WC2N6AX,3
WC2N6AY,3
WC2N6AZ,3
WC2N6BA,3
WC2N6BB,3
WC2N6BD,3
WC2N6BH,3
WC2N6BJ,3
WC2N6BL,3
WC2N6BN,3
WC2N6BP,3
WC2N6BQ,3
WC2N6BS,5
WC2N6BT,3
WC2N6BU,3
WC2N6BW,3
WC2N6BX,3
WC2N6BY,3
WC2N6BZ,3
WC2N6DB,5
WC2N6DD,3
WC2N6DF,3
WC2N6DH,3
WC2N6DN,5
WC2N6DQ,5
WC2N6DR,3
WC2N6DS,3
WC2N6DT,3
WC2N6DU,3
WC2N6DX,5
WC2N6DY,5
WC2N6DZ,5
WC2N6EB,3
WC2N6ED,3
WC2N6EE,3
WC2N6EF,3
WC2N6EG,3
WC2N6EH,3
WC2N6EJ,3
WC2N6EL,3
WC2N6EQ,3
WC2N6ER,3
WC2N6ET,3
WC2N6EU,3
WC2N6EW,3
WC2N6EX,3
WC2N6EY,3
WC2N6EZ,3
WC2N6HA,3
WC2N6HD,3
WC2N6HE,3
WC2N6HF,3
WC2N6HG,3
WC2N6HH,3
WC2N6HJ,3
WC2N6HL,3
WC2N6HN,3
WC2N6HP,3
WC2N6HR,3
WC2N6HS,3
WC2N6HT,3
WC2N6HU,3
WC2N6HW,3
WC2N6HX,3
WC2N6HY,3
WC2N6HZ,3
WC2N6JA,3
WC2N6JB,3
WC2N6JF,3
WC2N6JG,3
WC2N6JL,3
WC2N6JN,3
WC2N6JP,3
WC2N6JR,3
WC2N6JT,3
WC2N6JU,3
WC2N6JW,3
WC2N6JY,5
WC2N6LA,3
WC2N6LB,3
WC2N6LD,3
WC2N6LE,3
WC2N6LG,3
WC2N6LL,3
WC2N6LP,5
WC2N6LS,3
WC2N6LU,3
WC2N6LX,5
WC2N6NA,5
WC2N6NB,3
WC2N6ND,3
WC2N6NE,5
WC2N6NG,5
WC2N6NH,3
WC2N6NJ,5
WC2N6NL,5
WC2N6NN,5
WC2N6NP,5
WC2N6NQ,5
WC2N6NR,3
WC2N6NS,5
WC2N6NT,5
WC2N6NU,5
WC2N6NW,3
WC2N6NY,5
WC2N6PA,5
WC2N6PB,5
WC2N6PF,3
WC2N6PG,5
WC2N6PJ,3
WC2N6PL,3
WC2N6PN,5
WC2N6PR,5
WC2N6PS,3
WC2N6PT,3
WC2N6PU,3
WC2N6PW,3
WC2N6PX,3
WC2N6QA,3
WC2N6QB,3
WC2N6QD,3
WC2N6QE,3
WC2N6QF,3
WC2N6QG,3
WC2N6QH,3
WC2N6QJ,3
WC2N6RA,3
WC2N6RB,3
WC2N6RD,3
WC2N6RE,3
WC2N6RF,3
WC2N6RG,3
WC2N6RH,5
WC2N6RJ,3
WC2N6RL,3
WC2N6RQ,5
WC2N6WA,3
WC2N6WB,5
WC2N6WY,3
WC2N6WZ,3
WC2N6ZW,3
WC2R0AA,3
WC2R0AB,3
WC2R0AD,3
WC2R0AE,3
WC2R0AF,3
WC2R0AG,3
WC2R0AH,3
WC2R0AJ,3
WC2R0AL,3
WC2R0AP,3
WC2R0AX,3
WC2R0AY,3
WC2R0AZ,3
WC2R0BA,3
WC2R0BB,3
WC2R0BD,3
WC2R0BE,3
WC2R0BG,3
WC2R0BH,3
WC2R0BJ,3
WC2R0BL,3
WC2R0BN,3
WC2R0BP,3
WC2R0BS,3
WC2R0BT,3
WC2R0BU,3
WC2R0BX,3
WC2R0BY,3
WC2R0BZ,3
WC2R0DA,3
WC2R0DB,3
WC2R0DD,3
WC2R0DE,3
WC2R0DF,3
WC2R0DH,3
WC2R0DL,3
WC2R0DP,3
WC2R0DQ,3
WC2R0DR,3
WC2R0DT,3
WC2R0DU,3
WC2R0DW,3
WC2R0DX,3
WC2R0DZ,3
WC2R0EA,3
WC2R0EB,3
WC2R0EG,3
WC2R0EH,3
WC2R0EL,3
WC2R0EP,3
WC2R0ER,3
WC2R0ES,3
WC2R0ET,3
WC2R0EU,3
WC2R0EW,3
WC2R0EX,3
WC2R0EY,3
WC2R0EZ,3
WC2R0FF,3
WC2R0GR,3
WC2R0HB,3
WC2R0HD,3
WC2R0HE,3
WC2R0HF,3
WC2R0HG,3
WC2R0HP,3
WC2R0HR,3
WC2R0HS,3
WC2R0HT,3
WC2R0HU,3
WC2R0HX,3
WC2R0JD,3
WC2R0JE,3
WC2R0JF,3
WC2R0JG,3
WC2R0JH,3
WC2R0JJ,3
WC2R0JL,3
WC2R0JN,3
WC2R0JP,3
WC2R0JQ,3
WC2R0JR,3
WC2R0JS,3
WC2R0JT,3
WC2R0JU,3
WC2R0JW,3
WC2R0LA,3
WC2R0LF,3
WC2R0LH,3
WC2R0LL,3
WC2R0LN,3
WC2R0LP,3
WC2R0LQ,3
WC2R0LR,3
WC2R0LS,3
WC2R0LT,3
WC2R0LU,3
WC2R0LW,3
WC2R0LX,3
WC2R0LZ,3
WC2R0NA,3
WC2R0NB,3
WC2R0NE,3
WC2R0NG,3
WC2R0NH,3
WC2R0NJ,3
WC2R0NL,3
WC2R0NN,3
WC2R0NP,3
WC2R0NR,3
WC2R0NS,3
WC2R0NT,3
WC2R0NW,3
WC2R0NX,3
WC2R0PA,3
WC2R0PB,3
WC2R0PD,3
WC2R0PE,3
WC2R0PF,3
WC2R0PH,3
WC2R0PJ,3
WC2R0PL,3
WC2R0PP,3
WC2R0PQ,3
WC2R0PS,3
WC2R0PT,3
WC2R0PU,3
WC2R0PW,3
WC2R0PZ,3
WC2R0QA,3
WC2R0QB,3
WC2R0QD,3
WC2R0QE,3
WC2R0QG,3
WC2R0QJ,3
WC2R0QN,3
WC2R0QR,3
WC2R0QS,3
WC2R0QT,3
WC2R0QU,5
WC2R0RB,3
WC2R0RE,3
WC2R0RG,3
WC2R0RH,3
WC2R0RJ,3
WC2R0RL,3
WC2R0RN,3
WC2R0RP,3
WC2R0RQ,3
WC2R0RS,3
WC2R0SA,3
WC2R0SB,3
WC2R0SD,3
WC2R0SE,3
WC2R0SF,3
WC2R0WA,3
WC2R0WB,3
WC2R0WE,3
WC2R0WF,3
WC2R0WS,3
WC2R0WX,3
WC2R0WY,3
WC2R0WZ,3
WC2R0YQ,3
WC2R0ZA,3
WC2R1AA,3
WC2R1AB,3
WC2R1AD,3
WC2R1AE,3
WC2R1AF,3
WC2R1AG,3
WC2R1AL,3
WC2R1AN,3
WC2R1AP,3
WC2R1AQ,3
WC2R1AR,3
WC2R1AS,3
WC2R1AT,3
WC2R1AU,3
WC2R1AW,3
WC2R1AY,3
WC2R1AZ,3
WC2R1BA,3
WC2R1BB,3
WC2R1BD,3
WC2R1BE,3
WC2R1BF,3
WC2R1BG,3
WC2R1BH,3
WC2R1BJ,3
WC2R1BL,3
WC2R1BN,3
WC2R1BP,3
WC2R1BQ,3
WC2R1BS,3
WC2R1BT,3
WC2R1BZ,3
WC2R1DA,3
WC2R1DB,3
WC2R1DD,3
WC2R1DE,3
WC2R1DG,3
WC2R1DH,3
WC2R1DJ,3
WC2R1DP,3
WC2R1DR,3
WC2R1DS,3
WC2R1DT,3
WC2R1DU,3
WC2R1DW,3
WC2R1DX,3
WC2R1DZ,3
WC2R1EA,3
WC2R1EF,3
WC2R1EG,3
WC2R1EH,3
WC2R1EJ,3
WC2R1EL,3
WC2R1EP,3
WC2R1ER,3
WC2R1ES,3
WC2R1ET,3
WC2R1EU,3
WC2R1EX,3
WC2R1EZ,3
WC2R1HA,3
WC2R1HB,3
WC2R1HD,3
WC2R1HE,3
WC2R1HG,3
WC2R1HH,3
WC2R1HL,3
WC2R1HP,3
WC2R1HQ,3
WC2R1HS,3
WC2R1HT,3
WC2R1JA,3
WC2R1JB,3
WC2R1JD,3
WC2R1JG,3
WC2R1JH,3
WC2R1JJ,3
WC2R1JL,3
WC2R1JN,3
WC2R1JP,3
WC2R1LA,3
WC2R1LB,3
WC2R1LD,3
WC2R1LL,3
WC2R1LN,3
WC2R1LP,3
WC2R1LQ,3
WC2R1LR,3
WC2R1LS,3
WC2R1LT,3
WC2R1LX,3
WC2R1NA,3
WC2R1NB,3
WC2R1ND,3
WC2R1NE,3
WC2R1NG,3
WC2R1NH,3
WC2R1PP,3
WC2R1QA,3
WC2R1QB,3
WC2R1QD,3
WC2R1QE,3
WC2R1QF,3
WC2R1TS,3
WC2R1WA,3
WC2R1WB,3
WC2R1WD,3
WC2R1WE,3
WC2R1WL,3
WC2R1WY,3
WC2R1WZ,3
WC2R1XA,3
WC2R1XB,3
WC2R1XE,3
WC2R1YQ,3
WC2R1ZP,3
WC2R2AB,3
WC2R2HH,3
WC2R2HS,3
WC2R2JA,3
WC2R2LA,3
WC2R2LS,3
WC2R2NA,3
WC2R2NB,3
WC2R2ND,3
WC2R2NE,3
WC2R2NG,3
WC2R2NJ,3
WC2R2NN,3
WC2R2NS,3
WC2R2NT,3
WC2R2NU,3
WC2R2PG,3
WC2R2PH,3
WC2R2PJ,3
WC2R2PL,3
WC2R2PN,3
WC2R2PP,3
WC2R2PR,3
WC2R2PS,3
WC2R2PY,3
WC2R2WZ,3
WC2R3AA,3
WC2R3AD,3
WC2R3AF,3
WC2R3AG,3
WC2R3AH,3
WC2R3AL,3
WC2R3AQ,3
WC2R3AR,3
WC2R3AS,3
WC2R3AT,3
WC2R3AU,3
WC2R3AW,3
WC2R3AX,3
WC2R3AZ,3
WC2R3BD,3
WC2R3BE,3
WC2R3BN,3
WC2R3BP,3
WC2R3BQ,3
WC2R3BR,3
WC2R3BS,3
WC2R3BT,3
WC2R3BW,3
WC2R3BX,3
WC2R3DA,3
WC2R3DB,3
WC2R3DF,3
WC2R3DL,3
WC2R3DR,3
WC2R3DT,3
WC2R3DW,3
WC2R3DX,3
WC2R3DZ,3
WC2R3EA,3
WC2R3EB,3
WC2R3ED,3
WC2R3EE,3
WC2R3EF,3
WC2R3EG,3
WC2R3EH,3
WC2R3EJ,3
WC2R3EL,3
WC2R3EP,3
WC2R3EQ,3
WC2R3ER,3
WC2R3ES,3
WC2R3ET,3
WC2R3EU,3
WC2R3EX,3
WC2R3GA,3
WC2R3GH,3
WC2R3HA,3
WC2R3HH,3
WC2R3HL,3
WC2R3HP,3
WC2R3HS,3
WC2R3HT,3
WC2R3HU,3
WC2R3HY,3
WC2R3JB,3
WC2R3JD,3
WC2R3JE,3
WC2R3JF,3
WC2R3JG,3
WC2R3JH,3
WC2R3JJ,3
WC2R3JL,3
WC2R3JQ,3
WC2R3JR,3
WC2R3JT,3
WC2R3JX,3
WC2R3JY,3
WC2R3JZ,3
WC2R3LA,3
WC2R3LB,3
WC2R3LD,3
WC2R3LF,3
WC2R3LH,3
WC2R3LJ,3
WC2R3LL,3
WC2R3LN,3
WC2R3LQ,3
WC2R3LS,3
WC2R3LT,3
WC2R3LW,3
WC2R3NA,3
WC2R3NB,3
WC2R3ND,3
WC2R3NE,3
WC2R3NG,3
WC2R3NH,3
WC2R3NJ,3
WC2R3NL,3
WC2R3WE,3
WC2R3WY,3
WC2R3WZ,3
WC2R3XP,3
WC2R4PQ,
WC990LF,3
WC999AP,3
