WN1 2QS,9
WN1 2QT,9
WN1 2QU,10
WN1 2QW,10
WN1 2QX,10
WN1 2QY,10
WN1 2QZ,10
WN1 2RA,10
WN1 2RB,10
WN1 2RD,10
WN1 2RE,10
WN1 2RF,10
WN1 2RG,10
WN1 2RH,10
WN1 2RJ,10
WN1 2RL,10
WN1 2RN,10
WN1 2RP,10
WN1 2RQ,10
WN1 2RR,10
WN1 2RS,10
WN1 2RT,10
WN1 2RU,9
WN1 2RW,10
WN1 2RX,9
WN1 2RY,9
WN1 2RZ,10
WN1 2SA,8
WN1 2SB,8
WN1 2SD,8
WN1 2SE,8
WN1 2SF,8
WN1 2SG,7
WN1 2SH,8
WN1 2SJ,8
WN1 2SL,10
WN1 2SN,8
WN1 2SP,10
WN1 2SQ,7
WN1 2SR,8
WN1 2SS,8
WN1 2ST,8
WN1 2SU,8
WN1 2SW,10
WN1 2SX,8
WN1 2SY,8
WN1 2SZ,8
WN1 2TA,8
WN1 2TB,10
WN1 2TE,8
WN1 2TF,8
WN1 2TG,8
WN1 2TH,8
WN1 2TJ,8
WN1 2TL,8
WN1 2TN,8
WN1 2TP,8
WN1 2TQ,8
WN1 2TS,8
WN1 2TT,8
WN1 2TU,8
WN1 2TW,10
WN1 2TX,10
WN1 2TY,10
WN1 2TZ,10
WN1 2UG,8
WN1 2UH,8
WN1 2UJ,7
WN1 2UN,8
WN1 2UP,7
WN1 2UQ,8
WN1 2UR,8
WN1 2UU,8
WN1 2UW,7
WN1 2UX,8
WN1 2UY,10
WN1 2UZ,9
WN1 2WA,2
WN1 2WD,8
WN1 2WH,2
WN1 2WJ,2
WN1 2WL,2
WN1 2WN,2
WN1 2WP,2
WN1 2WQ,9
WN1 2WR,2
WN1 2WS,8
WN1 2WT,8
WN1 2WU,2
WN1 2WW,8
WN1 2WX,2
WN1 2WY,8
WN1 2WZ,2
WN1 2XA,8
WN1 2XD,10
WN1 2XE,10
WN1 2XF,8
WN1 2XG,8
WN1 2XH,8
WN1 2XJ,8
WN1 2XL,8
WN1 2XN,8
WN1 2XP,8
WN1 2XQ,8
WN1 2XR,2
WN1 2XS,2
WN1 2XW,8
WN1 2ZP,2
WN1 2ZR,2
WN1 2ZW,2
WN1 3AA,5
WN1 3AB,1
WN1 3AD,2
WN1 3AE,1
WN1 3AF,2
WN1 3AG,2
WN1 3AH,1
WN1 3AJ,1
WN1 3AL,1
WN1 3AN,4
WN1 3AP,1
WN1 3AQ,1
WN1 3AR,1
WN1 3AT,1
WN1 3AU,1
WN1 3AW,1
WN1 3AX,1
WN1 3AY,1
WN1 3AZ,1
WN1 3BA,1
WN1 3BB,1
WN1 3BD,1
WN1 3BE,1
WN1 3BF,1
WN1 3BH,1
WN1 3BJ,1
WN1 3BL,1
WN1 3BN,2
WN1 3BP,2
WN1 3BQ,1
WN1 3BS,2
WN1 3BT,2
WN1 3BW,1
WN1 3DA,2
WN1 3DB,2
WN1 3DD,2
WN1 3DE,2
WN1 3DF,2
WN1 3DG,2
WN1 3DH,2
WN1 3DJ,2
WN1 3DL,2
WN1 3DN,2
WN1 3DP,2
WN1 3DQ,2
WN1 3DR,2
WN1 3DS,2
WN1 3DT,2
WN1 3DU,2
WN1 3DX,2
WN1 3DY,2
WN1 3DZ,2
WN1 3EA,1
WN1 3EB,1
WN1 3ED,1
WN1 3EE,1
WN1 3EF,1
WN1 3EG,1
WN1 3EH,1
WN1 3EJ,1
WN1 3EL,1
WN1 3EN,1
WN1 3EP,1
WN1 3EQ,1
WN1 3ER,1
WN1 3ET,1
WN1 3EU,1
WN1 3EW,1
WN1 3EX,1
WN1 3EY,1
WN1 3EZ,1
WN1 3FA,2
WN1 3FB,1
WN1 3FD,1
WN1 3FE,1
WN1 3FF,2
WN1 3FG,1
WN1 3FH,1
WN1 3FJ,2
WN1 3FL,2
WN1 3FS,1
WN1 3GU,1
WN1 3GW,2
WN1 3GX,1
WN1 3GY,1
WN1 3GZ,2
WN1 3HA,1
WN1 3HB,2
WN1 3HD,2
WN1 3HE,2
WN1 3HF,2
WN1 3HG,2
WN1 3HH,2
WN1 3HJ,2
WN1 3HL,2
WN1 3HN,2
WN1 3HP,2
WN1 3HQ,2
WN1 3HR,2
WN1 3HT,2
WN1 3HW,2
WN1 3JA,1
WN1 3JB,1
WN1 3JD,1
WN1 3JE,1
WN1 3JF,2
WN1 3JG,1
WN1 3JH,1
WN1 3JJ,1
WN1 3JL,1
WN1 3JN,1
WN1 3JP,1
WN1 3JQ,1
WN1 3JR,1
WN1 3JS,1
WN1 3JT,2
WN1 3JU,1
WN1 3JW,1
WN1 3JX,1
WN1 3JY,1
WN1 3JZ,1
WN1 3LA,1
WN1 3LB,1
WN1 3LD,1
WN1 3LE,1
WN1 3LF,1
WN1 3LG,1
WN1 3LH,1
WN1 3LJ,1
WN1 3LL,1
WN1 3LN,1
WN1 3LP,1
WN1 3LQ,1
WN1 3LR,1
WN1 3LS,1
WN1 3LT,1
WN1 3LU,1
WN1 3LW,1
WN1 3LX,1
WN1 3LY,1
WN1 3LZ,1
WN1 3NA,1
WN1 3NB,1
WN1 3ND,1
WN1 3NE,1
WN1 3NF,6
WN1 3NG,5
WN1 3NH,5
WN1 3NJ,1
WN1 3NL,1
WN1 3NN,6
WN1 3NP,6
WN1 3NQ,6
WN1 3NR,5
WN1 3NS,5
WN1 3NT,5
WN1 3NU,5
WN1 3NW,5
WN1 3NX,4
WN1 3NY,4
WN1 3NZ,4
WN1 3PA,4
WN1 3PB,5
WN1 3PD,5
WN1 3PE,5
WN1 3PF,5
WN1 3PG,5
WN1 3PH,5
WN1 3PJ,5
WN1 3PL,5
WN1 3PN,5
WN1 3PP,5
WN1 3PQ,5
WN1 3PR,5
WN1 3PS,5
WN1 3PT,5
WN1 3PU,4
WN1 3PW,5
WN1 3PX,4
WN1 3PY,5
WN1 3PZ,5
WN1 3QA,1
WN1 3QD,1
WN1 3QF,1
WN1 3QG,1
WN1 3QH,1
WN1 3QJ,1
WN1 3QL,1
WN1 3QN,1
WN1 3QQ,1
WN1 3QS,1
WN1 3QT,1
WN1 3QU,1
WN1 3QX,1
WN1 3QY,1
WN1 3QZ,1
WN1 3RA,1
WN1 3RB,1
WN1 3RD,1
WN1 3RE,1
WN1 3RF,1
WN1 3RG,1
WN1 3RH,1
WN1 3RJ,1
WN1 3RL,1
WN1 3RN,1
WN1 3RP,1
WN1 3RQ,1
WN1 3RR,1
WN1 3RS,1
WN1 3RT,1
WN1 3RU,1
WN1 3RW,1
WN1 3RX,1
WN1 3RY,1
WN1 3RZ,1
WN1 3SA,1
WN1 3SB,1
WN1 3SD,1
WN1 3SE,1
WN1 3SF,1
WN1 3SG,1
WN1 3SH,1
WN1 3SJ,1
WN1 3SL,1
WN1 3SN,4
WN1 3SP,1
WN1 3SS,1
WN1 3SU,1
WN1 3SW,1
WN1 3SX,1
WN1 3SY,1
WN1 3SZ,1
WN1 3TA,1
WN1 3TB,1
WN1 3TD,1
WN1 3TE,5
WN1 3TG,1
WN1 3UA,5
WN1 3UB,4
WN1 3UD,4
WN1 3UE,4
WN1 3UF,4
WN1 3UG,4
WN1 3UH,4
WN1 3UJ,6
WN1 3UL,6
WN1 3UN,4
WN1 3UP,4
WN1 3UQ,4
WN1 3UR,4
WN1 3US,4
WN1 3UT,4
WN1 3UU,4
WN1 3UW,2
WN1 3UX,4
WN1 3UY,4
WN1 3UZ,4
WN1 3WU,4
WN1 3WW,4
WN1 3WX,4
WN1 3WY,2
WN1 3WZ,2
WN1 3XA,5
WN1 3XB,4
WN1 3XD,4
WN1 3XE,4
WN1 3XF,4
WN1 3XG,4
WN1 3XH,4
WN1 3XJ,1
WN1 3XL,5
WN1 3XN,5
WN1 3XP,4
WN1 3XQ,4
WN1 3XR,4
WN1 3XS,4
WN1 3XT,4
WN1 3XU,4
WN1 3XW,4
WN1 3XX,5
WN1 3XY,5
WN1 3XZ,5
WN1 3YA,6
WN1 3YB,6
WN1 3YD,6
WN1 3YE,5
WN1 3YF,6
WN1 3YG,6
WN1 3YH,6
WN1 3YJ,5
WN1 3YL,5
WN1 3YN,6
WN1 3YP,6
WN1 3YQ,5
WN1 3YR,1
WN1 3YS,5
WN1 3YT,6
WN1 3YU,6
WN1 3YW,6
WN1 3YX,6
WN1 3YY,6
WN1 3YZ,6
WN1 3ZB,1
WN1 3ZW,2
WN1 9AA,2
WN1 9AB,2
WN1 9AD,2
WN1 9AE,2
WN1 9AF,2
WN1 9AG,2
WN1 9AH,2
WN1 9AJ,2
WN1 9AL,2
WN1 9AN,2
WN1 9AP,2
WN1 9AQ,2
WN1 9AR,2
WN1 9AS,2
WN1 9AT,2
WN1 9AU,2
WN1 9AW,2
WN1 9AX,2
WN1 9AY,2
WN1 9AZ,2
WN1 9BA,2
WN1 9BB,2
WN1 9BD,2
WN1 9BE,2
WN1 9BF,2
WN1 9BG,2
WN1 9BH,2
WN1 9BJ,2
WN1 9BL,2
WN1 9BN,2
WN1 9BP,2
WN1 9BQ,2
WN1 9BR,2
WN1 9BS,2
WN1 9BT,2
WN1 9BU,2
WN1 9BW,2
WN1 9BX,2
WN1 9BY,2
WN1 9BZ,2
WN1 9DA,2
WN1 9DB,2
WN1 9DD,2
WN1 9DE,2
WN1 9DF,2
WN1 9DG,2
WN1 9DH,2
WN1 9DJ,2
WN1 9DL,2
WN1 9DN,2
WN1 9DP,2
WN1 9DQ,2
WN1 9DR,2
WN1 9DS,2
WN1 9DT,2
WN1 9DU,2
WN1 9DW,2
WN1 9DX,2
WN1 9DY,2
WN1 9DZ,2
WN1 9EA,2
WN1 9EB,2
WN1 9ED,2
WN1 9EE,2
WN1 9EF,2
WN1 9EG,2
WN1 9EH,2
WN1 9EJ,2
WN1 9EL,2
WN1 9EN,2
WN1 9EP,2
WN1 9EQ,2
WN1 9ER,2
WN1 9ES,2
WN1 9ET,2
WN1 9EU,2
WN1 9EW,2
WN1 9EX,2
WN1 9EY,2
WN1 9EZ,2
WN1 9FA,2
WN1 9FB,2
WN1 9FD,2
WN1 9FE,2
WN1 9FG,2
WN1 9FH,2
WN1 9FJ,2
WN1 9FL,2
WN1 9FN,2
WN1 9FP,2
WN1 9FQ,2
WN1 9FR,2
WN1 9FS,2
WN1 9FT,2
WN1 9FU,2
WN1 9FW,2
WN1 9FX,2
WN1 9FY,2
WN1 9FZ,2
WN1 9GA,2
WN1 9GB,2
WN1 9GD,2
WN1 9GE,2
WN1 9GF,2
WN1 9GG,2
WN1 9GH,2
WN1 9GJ,2
WN1 9GL,2
WN1 9GN,2
WN1 9GP,2
WN1 9GQ,2
WN1 9GR,2
WN1 9GS,2
WN1 9GT,2
WN1 9GU,2
WN1 9GW,2
WN1 9GX,2
WN1 9GY,2
WN1 9GZ,2
WN1 9HA,2
WN1 9HB,2
WN1 9HD,2
WN1 9HE,2
WN1 9HF,2
WN1 9HG,2
WN1 9HH,2
WN1 9HJ,2
WN1 9HL,2
WN1 9HN,2
WN1 9HP,2
WN1 9HQ,2
WN1 9HR,2
WN1 9HS,2
WN1 9HT,2
WN1 9HU,2
WN1 9HW,2
WN1 9HX,2
WN1 9HY,2
WN1 9HZ,2
WN1 9JA,2
WN1 9JB,2
WN1 9JD,2
WN1 9JE,2
WN1 9JG,2
WN1 9JH,2
WN1 9JJ,2
WN1 9JL,2
WN1 9JN,2
WN1 9JP,2
WN1 9JQ,2
WN1 9JR,2
WN1 9JS,2
WN1 9JT,2
WN1 9JU,2
WN1 9JW,2
WN1 9JX,2
WN1 9JY,2
WN1 9JZ,2
WN1 9LA,2
WN1 9LB,2
WN1 9LD,2
WN1 9LE,2
WN1 9LF,2
WN1 9LG,2
WN1 9LH,2
WN1 9LJ,2
WN1 9LL,2
WN1 9LN,2
WN1 9LP,2
WN1 9LQ,2
WN1 9LR,2
WN1 9LS,2
WN1 9LT,2
WN1 9LU,2
WN1 9LW,2
WN1 9LX,2
WN1 9LZ,2
WN1 9NA,2
WN1 9NB,2
WN1 9ND,2
WN1 9NE,2
WN1 9NF,2
WN1 9NG,2
WN1 9NH,2
WN1 9NJ,2
WN1 9NL,2
WN1 9NN,
WN1 9NP,2
WN1 9NQ,2
WN1 9NR,2
WN1 9NS,2
WN1 9NT,2
WN1 9NU,2
WN1 9NW,2
WN1 9NX,2
WN1 9NY,2
WN1 9NZ,2
WN1 9PA,2
WN1 9PB,2
WN1 9PD,2
WN1 9PE,2
WN1 9PF,2
WN1 9PG,2
WN1 9PH,2
WN1 9PJ,2
WN1 9PL,2
WN1 9PN,2
WN1 9PP,2
WN1 9PQ,2
WN1 9PR,2
WN1 9PS,2
WN1 9PT,2
WN1 9PU,2
WN1 9PW,2
WN1 9PX,2
WN1 9PY,2
WN1 9PZ,2
WN1 9QA,2
WN1 9QB,2
WN1 9QD,2
WN1 9QE,2
WN1 9QF,2
WN1 9QG,2
WN1 9QH,2
WN1 9QJ,2
WN1 9QL,2
WN1 9QN,2
WN1 9QP,2
WN1 9QQ,2
WN1 9QR,2
WN1 9QS,2
WN1 9QT,2
WN1 9QU,2
WN1 9QW,2
WN1 9QX,2
WN1 9QY,2
WN1 9QZ,2
WN1 9RA,2
WN1 9RB,2
WN1 9RD,2
WN1 9RE,2
WN1 9RF,2
WN1 9RG,2
WN1 9RH,2
WN1 9RL,2
WN1 9RN,2
WN1 9RP,2
WN1 9RQ,2
WN1 9RR,2
WN1 9RS,2
WN1 9RT,2
WN1 9RU,2
WN1 9RW,2
WN1 9SA,2
WN1 9SB,2
WN1 9SD,2
WN1 9SE,2
WN1 9SF,2
WN1 9SG,2
WN1 9SH,2
WN1 9SJ,2
WN1 9SL,2
WN1 9SN,2
WN1 9SP,2
WN1 9SQ,2
WN1 9SR,2
WN1 9SS,2
WN1 9ST,2
WN1 9SU,2
WN1 9SW,2
WN1 9SX,2
WN1 9SY,2
WN1 9SZ,2
WN1 9TA,2
WN1 9TB,2
WN1 9TD,2
WN1 9TE,2
WN1 9TF,2
WN1 9TG,2
WN1 9TH,2
WN1 9TJ,2
WN1 9TQ,2
WN1 9WY,2
WN1 9WZ,2
WN1 9ZZ,2
WN2 1AA,5
WN2 1AB,5
WN2 1AD,5
WN2 1AE,5
WN2 1AF,5
WN2 1AG,5
WN2 1AH,4
WN2 1AJ,5
WN2 1AL,5
WN2 1AN,5
WN2 1AP,5
WN2 1AQ,5
WN2 1AR,5
WN2 1AS,5
WN2 1AT,5
WN2 1AU,5
WN2 1AW,5
WN2 1AX,5
WN2 1AY,5
WN2 1AZ,5
WN2 1BA,5
WN2 1BB,5
WN2 1BD,5
WN2 1BE,5
WN2 1BF,5
WN2 1BG,5
WN2 1BH,5
WN2 1BJ,5
WN2 1BL,5
WN2 1BN,4
WN2 1BP,5
WN2 1BQ,5
WN2 1BS,6
WN2 1BT,4
WN2 1BW,5
WN2 1BX,4
WN2 1DA,5
WN2 1DB,5
WN2 1DD,8
WN2 1DE,3
WN2 1DG,5
WN2 1DH,4
WN2 1DJ,4
WN2 1DL,4
WN2 1DN,9
WN2 1DP,4
WN2 1DQ,5
WN2 1DR,9
WN2 1DS,3
WN2 1DT,7
WN2 1DU,9
WN2 1DX,9
WN2 1DY,9
WN2 1DZ,4
WN2 1EA,9
WN2 1EE,8
WN2 1EF,8
WN2 1EG,8
WN2 1EH,4
WN2 1EJ,4
WN2 1EL,4
WN2 1EN,4
WN2 1EP,4
WN2 1EQ,4
WN2 1ER,4
WN2 1ES,4
WN2 1ET,4
WN2 1EU,4
WN2 1EW,4
WN2 1EX,4
WN2 1EY,4
WN2 1EZ,4
WN2 1FA,9
WN2 1FB,3
WN2 1FD,3
WN2 1FE,3
WN2 1FF,2
WN2 1FG,3
WN2 1FH,2
WN2 1FJ,2
WN2 1FL,2
WN2 1FN,2
WN2 1FP,9
WN2 1FQ,2
WN2 1GZ,2
WN2 1HA,4
WN2 1HB,4
WN2 1HD,4
WN2 1HE,4
WN2 1HF,2
WN2 1HG,4
WN2 1HH,5
WN2 1HJ,4
WN2 1HL,4
WN2 1HN,4
WN2 1HP,4
WN2 1HQ,4
WN2 1HR,4
WN2 1HS,4
WN2 1HT,4
WN2 1HU,4
WN2 1HW,4
WN2 1HX,2
WN2 1HY,5
WN2 1JA,9
WN2 1JB,7
WN2 1JD,4
WN2 1JE,4
WN2 1JF,4
WN2 1JG,4
WN2 1JH,4
WN2 1JJ,4
WN2 1JL,4
WN2 1JN,4
WN2 1JP,5
WN2 1JQ,4
WN2 1JR,2
WN2 1JS,4
WN2 1JT,2
WN2 1JW,4
WN2 1LA,8
WN2 1LB,7
WN2 1LD,7
WN2 1LE,7
WN2 1LF,7
WN2 1LG,7
WN2 1LH,7
WN2 1LJ,7
WN2 1LL,7
WN2 1LQ,7
WN2 1LR,7
WN2 1LS,8
WN2 1LT,8
WN2 1LU,8
WN2 1LX,8
WN2 1LY,8
WN2 1LZ,7
WN2 1NA,7
WN2 1NB,7
WN2 1ND,7
WN2 1NH,7
WN2 1PA,7
WN2 1PB,7
WN2 1PD,7
WN2 1PE,7
WN2 1PF,8
WN2 1PG,7
WN2 1PH,3
WN2 1PJ,3
WN2 1PL,9
WN2 1PN,9
WN2 1PP,9
WN2 1PQ,9
WN2 1PR,9
WN2 1PS,9
WN2 1PU,9
WN2 1PW,3
WN2 1PX,9
WN2 1PY,9
WN2 1PZ,9
WN2 1QA,9
WN2 1QB,4
WN2 1QD,7
WN2 1QE,9
WN2 1QF,9
WN2 1QG,7
WN2 1QH,9
WN2 1QJ,9
WN2 1QL,9
WN2 1QN,9
WN2 1QP,9
WN2 1QQ,9
WN2 1QR,9
WN2 1QS,9
WN2 1QT,9
WN2 1QU,9
WN2 1QW,9
WN2 1QX,9
WN2 1QY,9
WN2 1QZ,9
WN2 1RA,9
WN2 1RB,9
WN2 1RD,9
WN2 1RH,3
WN2 1RJ,3
WN2 1RL,7
WN2 1RN,7
WN2 1RP,7
WN2 1RQ,3
WN2 1RR,3
WN2 1RS,3
WN2 1RT,3
WN2 1RU,3
WN2 1RW,7
WN2 1RX,3
WN2 1RY,3
WN2 1RZ,3
WN2 1SA,3
WN2 1SB,3
WN2 1SD,3
WN2 1SE,3
WN2 1SF,3
WN2 1SG,3
WN2 1SH,7
WN2 1SJ,3
WN2 1SL,7
WN2 1SN,7
WN2 1SP,7
WN2 1SQ,3
WN2 1SR,3
WN2 1SS,3
WN2 1ST,3
WN2 1SU,3
WN2 1SW,3
WN2 1SX,3
WN2 1SY,3
WN2 1SZ,3
WN2 1TA,7
WN2 1UH,6
WN2 1UJ,6
WN2 1UQ,2
WN2 1UR,9
WN2 1US,7
WN2 1UT,6
WN2 1UU,6
WN2 1UW,6
WN2 1UX,6
WN2 1UY,6
WN2 1UZ,6
WN2 1WA,2
WN2 1WB,6
WN2 1WT,7
WN2 1WU,2
WN2 1WW,6
WN2 1WX,2
WN2 1WY,2
WN2 1WZ,2
WN2 1XA,6
WN2 1XB,6
WN2 1XD,6
WN2 1XE,6
WN2 1XF,9
WN2 1XG,6
WN2 1XH,7
WN2 1XJ,7
WN2 1XL,7
WN2 1XN,7
WN2 1XP,3
WN2 1XQ,6
WN2 1XR,6
WN2 1XS,9
WN2 1XT,9
WN2 1XU,9
WN2 1XW,7
WN2 1XX,6
WN2 1XY,6
WN2 1XZ,6
WN2 1YA,7
WN2 1YB,7
WN2 1YD,7
WN2 1YE,7
WN2 1YF,7
WN2 1YG,7
WN2 1YH,7
WN2 1YJ,6
WN2 1YL,6
WN2 1YN,6
WN2 1YP,6
WN2 1YQ,7
WN2 1YR,6
WN2 1YS,9
WN2 1YT,6
WN2 1YU,6
WN2 1YW,6
WN2 1YX,6
WN2 1YY,6
WN2 1YZ,6
WN2 1ZA,7
WN2 1ZB,7
WN2 1ZD,7
WN2 1ZE,7
WN2 1ZF,7
WN2 1ZG,7
WN2 1ZH,7
WN2 2AA,2
WN2 2AB,2
WN2 2AD,2
WN2 2AF,2
WN2 2AG,3
WN2 2AH,3
WN2 2AJ,2
WN2 2AL,2
WN2 2AN,2
WN2 2AP,2
WN2 2AR,2
WN2 2AS,2
WN2 2AT,2
WN2 2AU,2
WN2 2AW,2
WN2 2AX,2
WN1 1AA,2
WN1 1AB,2
WN1 1AD,2
WN1 1AE,4
WN1 1AF,2
WN1 1AG,2
WN1 1AH,4
WN1 1AJ,2
WN1 1AL,2
WN1 1AN,2
WN1 1AP,2
WN1 1AR,2
WN1 1AS,2
WN1 1AT,2
WN1 1AU,2
WN1 1AW,2
WN1 1AX,2
WN1 1AY,2
WN1 1AZ,2
WN1 1BA,2
WN1 1BB,2
WN1 1BD,2
WN1 1BE,2
WN1 1BF,4
WN1 1BG,2
WN1 1BH,2
WN1 1BJ,2
WN1 1BL,1
WN1 1BN,2
WN1 1BP,4
WN1 1BQ,2
WN1 1BS,2
WN1 1BT,2
WN1 1BU,2
WN1 1BW,2
WN1 1BX,2
WN1 1BY,6
WN1 1BZ,2
WN1 1DA,2
WN1 1DB,2
WN1 1DD,2
WN1 1DE,2
WN1 1DF,2
WN1 1DG,2
WN1 1DH,1
WN1 1DJ,2
WN1 1DL,2
WN1 1DN,4
WN1 1DP,2
WN1 1DQ,2
WN1 1DR,1
WN1 1DS,1
WN1 1DT,6
WN1 1DU,2
WN1 1DW,1
WN1 1DX,1
WN1 1DY,2
WN1 1EA,2
WN1 1EB,2
WN1 1ED,2
WN1 1EE,2
WN1 1EF,2
WN1 1EG,2
WN1 1EH,2
WN1 1EJ,2
WN1 1EL,2
WN1 1EN,2
WN1 1EP,2
WN1 1EQ,2
WN1 1ER,4
WN1 1EX,2
WN1 1EY,2
WN1 1EZ,2
WN1 1FA,2
WN1 1FB,2
WN1 1FD,2
WN1 1FE,2
WN1 1FF,2
WN1 1FG,2
WN1 1FH,2
WN1 1FJ,2
WN1 1FL,2
WN1 1FN,2
WN1 1FP,2
WN1 1GZ,2
WN1 1HA,2
WN1 1HB,2
WN1 1HD,2
WN1 1HE,2
WN1 1HF,2
WN1 1HG,2
WN1 1HH,2
WN1 1HJ,2
WN1 1HL,2
WN1 1HN,2
WN1 1HP,2
WN1 1HQ,2
WN1 1HR,2
WN1 1HS,2
WN1 1HT,2
WN1 1HU,2
WN1 1HW,2
WN1 1HX,2
WN1 1HY,2
WN1 1HZ,2
WN1 1JA,2
WN1 1JB,2
WN1 1JD,2
WN1 1JE,2
WN1 1JF,2
WN1 1JG,2
WN1 1JH,2
WN1 1JJ,2
WN1 1JL,2
WN1 1JN,2
WN1 1JP,4
WN1 1JQ,2
WN1 1JR,2
WN1 1JS,2
WN1 1JT,2
WN1 1JU,2
WN1 1JW,2
WN1 1JZ,2
WN1 1LA,2
WN1 1LB,2
WN1 1LD,2
WN1 1LE,2
WN1 1LF,2
WN1 1LG,2
WN1 1LH,2
WN1 1LJ,2
WN1 1LL,2
WN1 1LN,2
WN1 1LP,2
WN1 1LQ,2
WN1 1LR,2
WN1 1LS,2
WN1 1LT,2
WN1 1LU,2
WN1 1NA,2
WN1 1NB,2
WN1 1ND,2
WN1 1NE,2
WN1 1NF,2
WN1 1NG,2
WN1 1NH,2
WN1 1NJ,2
WN1 1NL,2
WN1 1NN,2
WN1 1NP,2
WN1 1NQ,2
WN1 1NR,2
WN1 1NS,2
WN1 1NT,2
WN1 1NU,2
WN1 1NW,2
WN1 1NX,2
WN1 1NY,4
WN1 1NZ,2
WN1 1PA,2
WN1 1PD,2
WN1 1PE,2
WN1 1PF,2
WN1 1PG,2
WN1 1PH,2
WN1 1PJ,2
WN1 1PL,2
WN1 1PN,2
WN1 1PP,2
WN1 1PQ,2
WN1 1PR,2
WN1 1PS,2
WN1 1PW,2
WN1 1PX,2
WN1 1PZ,2
WN1 1QA,2
WN1 1QB,4
WN1 1QD,2
WN1 1QE,2
WN1 1QF,2
WN1 1QG,2
WN1 1QH,2
WN1 1QJ,6
WN1 1QL,2
WN1 1QN,2
WN1 1QP,4
WN1 1QQ,2
WN1 1QR,6
WN1 1QS,2
WN1 1QT,4
WN1 1QW,4
WN1 1QX,4
WN1 1QY,4
WN1 1QZ,4
WN1 1RD,6
WN1 1RG,4
WN1 1RL,4
WN1 1RN,2
WN1 1RP,2
WN1 1RQ,4
WN1 1RR,2
WN1 1RS,2
WN1 1RT,6
WN1 1RU,6
WN1 1RW,2
WN1 1RX,6
WN1 1RY,6
WN1 1RZ,6
WN1 1SA,6
WN1 1SE,2
WN1 1SF,2
WN1 1SG,2
WN1 1SH,6
WN1 1SJ,6
WN1 1SL,6
WN1 1SN,6
WN1 1SP,6
WN1 1SQ,6
WN1 1SR,2
WN1 1SS,6
WN1 1ST,6
WN1 1SU,2
WN1 1SW,6
WN1 1SX,6
WN1 1SY,6
WN1 1SZ,6
WN1 1TB,6
WN1 1TD,6
WN1 1TE,6
WN1 1TF,6
WN1 1TG,6
WN1 1TJ,6
WN1 1TN,6
WN1 1TP,6
WN1 1TQ,6
WN1 1TR,6
WN1 1TS,2
WN1 1TT,6
WN1 1TU,6
WN1 1TW,6
WN1 1TX,6
WN1 1TY,6
WN1 1TZ,6
WN1 1UE,2
WN1 1UF,2
WN1 1UG,2
WN1 1UH,2
WN1 1UJ,2
WN1 1UL,4
WN1 1UN,4
WN1 1UP,4
WN1 1UR,4
WN1 1UT,4
WN1 1UW,4
WN1 1UX,4
WN1 1UY,4
WN1 1UZ,2
WN1 1WA,2
WN1 1WB,2
WN1 1WP,2
WN1 1WW,2
WN1 1WX,2
WN1 1WY,2
WN1 1WZ,2
WN1 1XA,4
WN1 1XB,4
WN1 1XD,4
WN1 1XE,4
WN1 1XF,4
WN1 1XG,4
WN1 1XH,4
WN1 1XJ,2
WN1 1XL,4
WN1 1XN,2
WN1 1XP,4
WN1 1XQ,2
WN1 1XR,4
WN1 1XS,4
WN1 1XT,4
WN1 1XU,4
WN1 1XW,4
WN1 1XX,4
WN1 1XY,4
WN1 1YA,2
WN1 1YB,2
WN1 1YD,2
WN1 1YE,1
WN1 1YF,1
WN1 1YG,2
WN1 1YH,2
WN1 1YJ,2
WN1 1YL,2
WN1 1YN,2
WN1 1YP,4
WN1 1YQ,2
WN1 1YR,2
WN1 1YS,2
WN1 1YT,2
WN1 1YW,2
WN1 1ZL,4
WN1 1ZZ,2
WN1 2AA,4
WN1 2AB,4
WN1 2AD,4
WN1 2AE,6
WN1 2AF,4
WN1 2AG,4
WN1 2AH,4
WN1 2AN,4
WN1 2AP,6
WN1 2AQ,4
WN1 2AS,4
WN1 2AT,6
WN1 2AU,4
WN1 2AW,4
WN1 2AX,6
WN1 2AY,6
WN1 2AZ,6
WN1 2BA,6
WN1 2BB,6
WN1 2BD,6
WN1 2BE,6
WN1 2BF,6
WN1 2BG,6
WN1 2BH,6
WN1 2BJ,6
WN1 2BL,4
WN1 2BN,4
WN1 2BP,4
WN1 2BQ,6
WN1 2BS,4
WN1 2BT,4
WN1 2BU,4
WN1 2BW,6
WN1 2BX,6
WN1 2BY,6
WN1 2BZ,6
WN1 2DA,9
WN1 2DB,9
WN1 2DD,9
WN1 2DE,9
WN1 2DF,9
WN1 2DG,9
WN1 2DH,6
WN1 2DJ,6
WN1 2DL,6
WN1 2DN,4
WN1 2DP,4
WN1 2DQ,6
WN1 2DR,6
WN1 2DS,6
WN1 2DT,6
WN1 2DU,6
WN1 2DW,4
WN1 2DX,9
WN1 2DY,9
WN1 2DZ,9
WN1 2EA,6
WN1 2EB,6
WN1 2ED,4
WN1 2EE,9
WN1 2EF,9
WN1 2EG,4
WN1 2EH,6
WN1 2EJ,9
WN1 2EL,9
WN1 2EN,9
WN1 2EP,9
WN1 2EQ,6
WN1 2ER,9
WN1 2EU,9
WN1 2EW,4
WN1 2EX,9
WN1 2EY,9
WN1 2EZ,9
WN1 2FA,2
WN1 2FB,2
WN1 2FD,2
WN1 2FE,2
WN1 2FF,2
WN1 2FG,9
WN1 2FH,2
WN1 2FJ,2
WN1 2FL,9
WN1 2FN,9
WN1 2FP,9
WN1 2FQ,9
WN1 2FR,9
WN1 2FS,9
WN1 2FT,9
WN1 2FU,2
WN1 2FW,2
WN1 2FX,2
WN1 2FY,2
WN1 2FZ,2
WN1 2GT,2
WN1 2GU,9
WN1 2GW,2
WN1 2GX,2
WN1 2GY,9
WN1 2GZ,2
WN1 2HA,9
WN1 2HB,9
WN1 2HD,9
WN1 2HE,9
WN1 2HF,9
WN1 2HG,9
WN1 2HH,9
WN1 2HJ,9
WN1 2HL,9
WN1 2HN,9
WN1 2HP,9
WN1 2HQ,9
WN1 2HR,9
WN1 2HS,9
WN1 2HT,9
WN1 2HU,9
WN1 2HW,9
WN1 2HX,9
WN1 2HY,9
WN1 2HZ,9
WN1 2JA,9
WN1 2JB,9
WN1 2JD,9
WN1 2JE,4
WN1 2JH,6
WN1 2JJ,9
WN1 2JN,6
WN1 2JX,6
WN1 2LA,4
WN1 2LB,4
WN1 2LD,4
WN1 2LE,4
WN1 2LF,4
WN1 2LG,4
WN1 2LH,4
WN1 2LJ,4
WN1 2LP,4
WN1 2LQ,4
WN1 2LR,4
WN1 2LS,4
WN1 2LT,10
WN1 2LU,4
WN1 2LW,4
WN1 2LX,4
WN1 2LY,4
WN1 2LZ,4
WN1 2NA,4
WN1 2NB,4
WN1 2ND,4
WN1 2NE,4
WN1 2NF,4
WN1 2NG,10
WN1 2NH,9
WN1 2NJ,4
WN1 2NL,9
WN1 2NN,4
WN1 2NP,9
WN1 2NQ,9
WN1 2NR,9
WN1 2NS,9
WN1 2NT,10
WN1 2NU,10
WN1 2NW,9
WN1 2NX,9
WN1 2NY,10
WN1 2NZ,10
WN1 2PA,10
WN1 2PB,10
WN1 2PD,10
WN1 2PE,10
WN1 2PF,10
WN1 2PG,9
WN1 2PH,9
WN1 2PJ,9
WN1 2PL,9
WN1 2PN,9
WN1 2PP,9
WN1 2PQ,9
WN1 2PR,10
WN1 2PS,10
WN1 2PT,10
WN1 2PU,10
WN1 2PW,9
WN1 2PX,10
WN1 2PY,10
WN1 2PZ,9
WN1 2QA,10
WN1 2QB,9
WN1 2QD,10
WN1 2QE,8
WN1 2QF,9
WN1 2QG,9
WN1 2QH,10
WN1 2QJ,9
WN1 2QL,10
WN1 2QN,10
WN1 2QP,9
WN1 2QQ,10
WN1 2QR,9
WN2 5NG,1
WN2 5NH,2
WN2 5NL,1
WN2 5NN,1
WN2 5NQ,1
WN2 5NR,2
WN2 5NS,2
WN2 5NT,1
WN2 5NU,1
WN2 5NW,1
WN2 5NX,1
WN2 5NY,1
WN2 5NZ,1
WN2 5PA,2
WN2 5PB,2
WN2 5PD,2
WN2 5PE,2
WN2 5PF,1
WN2 5PG,2
WN2 5PH,2
WN2 5PJ,2
WN2 5PL,2
WN2 5PN,2
WN2 5PP,5
WN2 5PQ,5
WN2 5PR,5
WN2 5PS,5
WN2 5PT,5
WN2 5PU,5
WN2 5PW,5
WN2 5PX,5
WN2 5PY,5
WN2 5PZ,5
WN2 5QA,5
WN2 5QB,5
WN2 5QD,5
WN2 5QE,5
WN2 5QF,2
WN2 5QG,5
WN2 5QH,2
WN2 5QJ,5
WN2 5QL,5
WN2 5QN,5
WN2 5QP,5
WN2 5QQ,5
WN2 5QR,5
WN2 5QS,5
WN2 5QT,5
WN2 5QU,5
WN2 5QW,5
WN2 5QX,5
WN2 5QY,2
WN2 5QZ,2
WN2 5RA,2
WN2 5RB,2
WN2 5RD,2
WN2 5RE,5
WN2 5RF,2
WN2 5RG,2
WN2 5RH,2
WN2 5RJ,2
WN2 5RL,2
WN2 5RN,6
WN2 5RP,2
WN2 5RQ,2
WN2 5RR,6
WN2 5RS,6
WN2 5RT,6
WN2 5RU,6
WN2 5RW,2
WN2 5RX,2
WN2 5RY,2
WN2 5RZ,2
WN2 5SA,5
WN2 5SB,2
WN2 5TA,1
WN2 5TB,5
WN2 5TD,5
WN2 5TE,2
WN2 5TF,2
WN2 5TG,2
WN2 5TH,2
WN2 5TJ,2
WN2 5TL,2
WN2 5TN,2
WN2 5TP,2
WN2 5TQ,2
WN2 5TR,2
WN2 5TS,2
WN2 5TT,2
WN2 5TU,2
WN2 5TW,2
WN2 5TX,2
WN2 5TY,2
WN2 5TZ,2
WN2 5WU,2
WN2 5WW,2
WN2 5WX,2
WN2 5WY,2
WN2 5WZ,2
WN2 5XA,2
WN2 5XB,2
WN2 5XD,6
WN2 5XE,6
WN2 5XF,6
WN2 5XG,6
WN2 5XH,6
WN2 5XJ,6
WN2 5XL,6
WN2 5XN,6
WN2 5XP,6
WN2 5XQ,6
WN2 5XR,6
WN2 5XS,6
WN2 5XT,6
WN2 5XU,6
WN2 5XW,5
WN2 5XX,2
WN2 5XY,6
WN2 5XZ,2
WN2 5YA,1
WN2 5YB,1
WN2 5YD,1
WN2 5YE,6
WN2 5YF,6
WN2 5YG,6
WN2 5YH,6
WN2 5YJ,2
WN2 5YL,6
WN2 5YN,6
WN2 5YP,6
WN2 5YQ,6
WN2 5YR,6
WN2 5YS,6
WN2 5YT,6
WN2 5YU,6
WN2 5YW,6
WN2 5YX,6
WN3 4AA,4
WN3 4AB,4
WN3 4AD,4
WN3 4AE,4
WN3 4AF,4
WN3 4AG,4
WN3 4AH,4
WN3 4AJ,4
WN3 4AL,4
WN3 4AN,4
WN3 4AP,4
WN3 4AQ,4
WN3 4AR,4
WN3 4AS,4
WN3 4AT,4
WN3 4AU,4
WN3 4AW,4
WN3 4AX,4
WN3 4AY,3
WN3 4AZ,4
WN3 4BA,1
WN3 4BB,4
WN3 4BD,4
WN3 4BE,4
WN3 4BF,4
WN3 4BG,4
WN3 4BH,4
WN3 4BJ,4
WN3 4BL,4
WN3 4BN,4
WN3 4BQ,4
WN3 4BS,4
WN3 4BT,4
WN3 4BU,4
WN3 4BW,4
WN3 4BX,4
WN3 4BY,4
WN3 4BZ,4
WN3 4DA,4
WN3 4DB,4
WN3 4DD,4
WN3 4DE,4
WN3 4DF,1
WN3 4DG,4
WN3 4DH,4
WN3 4DJ,4
WN3 4DL,4
WN3 4DN,4
WN3 4DP,4
WN3 4DQ,4
WN3 4DR,4
WN3 4DS,4
WN3 4DT,1
WN3 4DU,4
WN3 4DW,4
WN3 4DX,2
WN3 4DY,4
WN3 4DZ,4
WN3 4EA,4
WN3 4EB,4
WN3 4ED,4
WN3 4EE,4
WN3 4EF,4
WN3 4EG,4
WN3 4EH,4
WN3 4EJ,4
WN3 4EL,4
WN3 4EN,4
WN3 4EP,4
WN3 4EQ,4
WN3 4ER,4
WN3 4ES,4
WN3 4ET,4
WN3 4EU,4
WN3 4EW,4
WN3 4EX,4
WN3 4EY,4
WN3 4EZ,4
WN3 4FA,4
WN3 4FB,2
WN3 4FD,1
WN3 4FE,1
WN3 4FF,2
WN3 4FG,1
WN3 4FH,2
WN3 4FJ,1
WN3 4FN,4
WN3 4FP,2
WN3 4HA,4
WN3 4HB,4
WN3 4HD,4
WN3 4HE,1
WN3 4HF,2
WN3 4HG,4
WN3 4HH,1
WN3 4HJ,4
WN3 4HL,4
WN3 4HN,4
WN3 4HP,2
WN3 4HQ,4
WN3 4HR,4
WN3 4HS,4
WN3 4HT,4
WN3 4HU,4
WN3 4HW,4
WN3 4HX,4
WN3 4HY,4
WN3 4HZ,1
WN3 4JA,3
WN3 4JB,3
WN3 4JD,3
WN3 4JE,3
WN3 4JF,3
WN3 4JG,3
WN3 4JH,1
WN3 4JJ,3
WN3 4JL,1
WN3 4JN,1
WN3 4JP,3
WN3 4JQ,1
WN3 4JR,1
WN3 4JS,1
WN3 4JT,1
WN3 4JU,1
WN3 4JW,1
WN3 4JX,1
WN3 4JY,1
WN3 4JZ,1
WN3 4LA,1
WN3 4LB,1
WN3 4LD,1
WN3 4LE,1
WN3 4LF,1
WN3 4LG,1
WN3 4LH,1
WN3 4LJ,1
WN3 4LL,1
WN3 4LN,1
WN3 4LP,1
WN3 4LQ,1
WN3 4LR,1
WN3 4LS,1
WN3 4LT,3
WN3 4LU,1
WN3 4LW,1
WN3 4LX,2
WN3 4LY,1
WN3 4LZ,3
WN3 4NA,1
WN3 4NB,2
WN3 4ND,2
WN3 4NE,1
WN3 4NF,1
WN3 4NG,1
WN3 4NH,3
WN3 4NJ,1
WN3 4NL,1
WN3 4NN,1
WN3 4NP,1
WN3 4NQ,1
WN3 4NR,1
WN3 4NS,1
WN3 4NT,1
WN3 4NU,1
WN3 4NW,2
WN3 4NX,1
WN3 4NY,1
WN3 4NZ,3
WN3 4PA,1
WN3 4PB,1
WN3 4PD,1
WN3 4PE,3
WN3 4PF,1
WN3 4PG,3
WN3 4PH,3
WN3 4PJ,3
WN3 4PL,3
WN3 4PN,3
WN3 4PP,3
WN3 4PQ,3
WN3 4PR,3
WN3 4PS,3
WN3 4PT,3
WN3 4PU,3
WN3 4PW,3
WN3 4PX,1
WN3 4PY,1
WN3 4PZ,1
WN3 4QA,3
WN3 4QB,3
WN3 4QD,3
WN3 4QE,3
WN3 4QF,2
WN3 4QG,1
WN3 4QH,2
WN3 4QJ,1
WN3 4QL,2
WN3 4QN,2
WN3 4QP,1
WN3 4QR,2
WN3 4QS,2
WN3 4QT,2
WN3 4QU,2
WN3 4QX,2
WN3 4QY,2
WN3 4QZ,2
WN3 4RA,2
WN3 4RB,2
WN3 4RD,1
WN3 4RE,2
WN3 4RF,2
WN3 4RG,2
WN3 4RH,2
WN3 4RJ,2
WN3 4RL,2
WN3 4RN,2
WN3 4RP,2
WN3 4RQ,2
WN3 4RR,2
WN3 4RS,2
WN3 4RT,2
WN3 4RU,1
WN3 4RW,2
WN3 4RX,1
WN3 4RY,1
WN3 4RZ,1
WN3 4SA,1
WN3 4SB,1
WN3 4SD,1
WN3 4SE,1
WN3 4SF,1
WN3 4SH,2
WN3 4SL,2
WN3 4SQ,2
WN3 4TA,1
WN3 4TB,1
WN3 4TD,1
WN3 4TE,3
WN3 4TF,3
WN3 4TG,3
WN3 4TH,3
WN3 4TJ,3
WN3 4TL,3
WN3 4TN,3
WN3 4TP,3
WN3 4TQ,3
WN3 4TR,3
WN3 4TS,3
WN3 4TT,3
WN3 4TU,3
WN3 4TW,3
WN3 4TX,3
WN3 4TY,3
WN3 4TZ,3
WN3 4UA,3
WN3 4UF,3
WN3 4UG,3
WN3 4UH,3
WN3 4UJ,3
WN3 4UL,3
WN3 4UN,3
WN3 4UP,1
WN3 4UQ,3
WN3 4UW,3
WN3 4WW,2
WN3 4WY,2
WN3 4WZ,2
WN3 4XA,2
WN3 5AA,4
WN3 5AB,4
WN3 5AD,4
WN3 5AE,4
WN3 5AF,4
WN3 5AG,4
WN3 5AH,4
WN3 5AJ,2
WN3 5AN,1
WN3 5AP,4
WN3 5AQ,4
WN3 5AR,4
WN3 5AS,4
WN3 5AT,4
WN3 5AU,4
WN3 5AW,4
WN3 5AX,2
WN3 5AY,4
WN3 5AZ,4
WN3 5BA,4
WN3 5BB,4
WN3 5BD,4
WN3 5BE,4
WN3 5BF,3
WN3 5BG,4
WN3 5BH,4
WN3 5BJ,4
WN3 5BL,4
WN3 5BN,4
WN3 5BP,4
WN3 5BQ,4
WN3 5BS,4
WN3 5BT,4
WN3 5BU,4
WN3 5BW,4
WN3 5BX,4
WN3 5BY,4
WN3 5BZ,4
WN3 5DA,2
WN3 5DB,2
WN3 5DD,3
WN3 5DE,4
WN3 5DF,2
WN3 5DG,4
WN3 5DH,4
WN3 5DJ,2
WN3 5DL,3
WN3 5DN,4
WN3 5DP,2
WN3 5DQ,4
WN3 5DR,4
WN3 5DS,4
WN3 5DT,2
WN3 5DU,2
WN3 5DW,4
WN3 5DX,2
WN3 5DY,2
WN3 5EA,2
WN3 5EB,2
WN3 5ED,2
WN3 5EE,2
WN3 5EG,2
WN3 5EH,2
WN3 5EJ,2
WN3 5EL,2
WN3 5EN,2
WN3 5EP,4
WN3 5EQ,2
WN3 5ER,2
WN3 5ES,2
WN3 5ET,4
WN3 5EU,4
WN3 5EW,2
WN3 5EX,4
WN3 5EY,4
WN3 5EZ,4
WN3 5FA,2
WN3 5FB,5
WN3 5FD,5
WN3 5FE,5
WN3 5FF,5
WN3 5FG,5
WN3 5FH,5
WN3 5FJ,4
WN3 5FL,4
WN3 5FN,2
WN3 5FP,2
WN3 5FQ,5
WN3 5FR,2
WN3 5FS,5
WN3 5GB,1
WN3 5GY,5
WN3 5GZ,4
WN3 5HA,2
WN3 5HB,4
WN3 5HD,4
WN3 5HE,4
WN3 5HF,4
WN3 5HG,4
WN3 5HH,4
WN3 5HJ,2
WN3 5HL,2
WN3 5HN,3
WN3 5HP,3
WN3 5HQ,4
WN3 5HR,3
WN3 5HS,3
WN3 5HU,5
WN3 5HW,5
WN3 5HX,5
WN3 5HY,3
WN3 5HZ,3
WN3 5JA,3
WN3 5JB,3
WN3 5JD,5
WN3 5JE,5
WN3 5JF,5
WN3 5JG,5
WN3 5JH,5
WN3 5JJ,8
WN3 5JL,5
WN3 5JN,5
WN3 5JP,5
WN3 5JQ,5
WN3 5JR,5
WN3 5JS,5
WN3 5JT,5
WN3 5JU,5
WN3 5JW,8
WN3 5JX,5
WN3 5JY,5
WN3 5JZ,5
WN3 5LA,5
WN3 5LF,5
WN3 5LG,3
WN3 5LH,2
WN3 5LJ,3
WN3 5LL,3
WN3 5LN,2
WN3 5LP,3
WN3 5LQ,3
WN3 5LR,3
WN3 5LS,3
WN3 5LT,2
WN3 5LU,3
WN3 5LW,3
WN3 5LX,3
WN3 5LY,5
WN3 5LZ,8
WN3 5NA,7
WN3 5NB,8
WN3 5ND,8
WN3 5NE,5
WN3 5NF,8
WN3 5NG,5
WN3 5NH,8
WN3 5NJ,8
WN3 5NL,8
WN3 5NN,5
WN3 5NP,8
WN3 5NQ,8
WN3 5NR,8
WN3 5NS,8
WN3 5NT,8
WN3 5NU,8
WN3 5NW,8
WN3 5NX,8
WN3 5NY,8
WN3 5NZ,8
WN3 5PA,8
WN3 5PB,5
WN3 5PD,8
WN3 5PE,7
WN3 5PF,8
WN3 5PG,8
WN3 5PH,7
WN3 5PJ,8
WN3 5PL,8
WN3 5PN,8
WN3 5PP,7
WN3 5PQ,8
WN3 5PR,7
WN3 5PS,7
WN3 5PT,8
WN3 5PU,7
WN3 5PW,7
WN3 5PX,7
WN3 5PY,7
WN3 5PZ,7
WN3 5QA,7
WN3 5QB,5
WN3 5QD,7
WN3 5QE,7
WN3 5QF,7
WN3 5QG,7
WN3 5QH,7
WN3 5QJ,7
WN3 5QL,7
WN3 5QN,7
WN3 5QP,7
WN3 5QQ,7
WN3 5QR,7
WN3 5QS,7
WN3 5QT,7
WN3 5QU,7
WN3 5QW,7
WN3 5QX,7
WN3 5QY,7
WN3 5QZ,7
WN3 5RA,3
WN3 5RB,3
WN3 5RE,7
WN3 5RF,7
WN3 5RG,7
WN3 5RH,7
WN3 5RJ,8
WN3 5RL,8
WN3 5RN,7
WN3 5RP,7
WN3 5RQ,7
WN3 5RR,7
WN3 5RS,7
WN3 5RT,4
WN3 5RW,7
WN3 5RX,4
WN3 5SA,7
WN3 5SB,7
WN3 5SD,7
WN3 5TA,1
WN3 5TB,1
WN3 5TD,1
WN3 5TE,1
WN3 5TF,3
WN3 5TG,1
WN3 5TH,1
WN3 5TJ,1
WN3 5TL,1
WN3 5TN,1
WN3 5TP,2
WN3 5TQ,1
WN3 5TR,1
WN3 5TS,1
WN3 5TT,2
WN3 5TU,2
WN3 5TW,2
WN3 5TX,2
WN3 5TY,2
WN3 5TZ,2
WN3 5UA,2
WN3 5UB,2
WN3 5UD,2
WN3 5UE,1
WN3 5UF,1
WN3 5UG,1
WN3 5UH,1
WN3 5UJ,2
WN3 5UL,1
WN3 5UN,1
WN3 5UP,1
WN3 5UQ,2
WN3 5UR,1
WN3 5UT,1
WN3 5UU,1
WN3 5UW,1
WN3 5UX,1
WN3 5UY,1
WN3 5UZ,1
WN3 5WA,1
WN3 5WB,2
WN3 5WL,2
WN3 5WN,2
WN3 5WP,2
WN3 5WQ,2
WN3 5WR,2
WN3 5WS,2
WN3 5WT,2
WN3 5WU,2
WN3 5WW,2
WN3 5WX,2
WN3 5WY,2
WN3 5WZ,2
WN3 5XA,1
WN3 5XB,1
WN3 5XD,1
WN3 5XE,1
WN3 5XF,2
WN3 5XG,2
WN3 5XH,1
WN3 5XJ,1
WN3 5XL,2
WN3 5XN,2
WN3 5XP,2
WN3 5XQ,2
WN3 5XR,3
WN3 5XS,1
WN3 5XT,1
WN3 5XU,1
WN3 5XW,2
WN3 5XX,2
WN3 5XY,1
WN3 5XZ,1
WN3 5YA,3
WN3 5YB,1
WN3 5YD,1
WN3 5YE,2
WN3 5YF,2
WN3 5YG,2
WN3 5YH,2
WN3 5YN,1
WN3 5ZU,2
WN3 6AA,9
WN3 6AB,9
WN3 6AD,8
WN3 6AE,9
WN3 6AF,9
WN3 6AG,8
WN3 6AH,8
WN3 6AJ,8
WN3 6AL,8
WN3 6AN,8
WN3 6AP,8
WN3 6AQ,8
WN3 6AR,8
WN3 6AS,8
WN3 6AT,8
WN3 6AU,8
WN3 6AW,8
WN3 6AX,8
WN3 6AY,8
WN3 6AZ,8
WN3 6BA,8
WN3 6BB,8
WN3 6BD,8
WN3 6BE,8
WN3 6BF,9
WN3 6BG,8
WN3 6BH,8
WN3 6BJ,8
WN3 6BL,8
WN3 6BN,9
WN3 6BP,8
WN3 6BQ,8
WN3 6BS,9
WN3 6BT,9
WN3 6BU,8
WN3 6BW,9
WN3 6BX,2
WN3 6BY,9
WN3 6BZ,9
WN3 6DA,9
WN3 6DB,9
WN3 6DD,9
WN3 6DE,8
WN3 6DF,9
WN3 6DG,9
WN3 6DH,9
WN3 6DJ,9
WN3 6DL,8
WN3 6DN,9
WN3 6DP,9
WN3 6DQ,9
WN3 6DR,9
WN3 6DS,9
WN3 6DT,9
WN3 6DU,9
WN3 6DW,9
WN3 6DX,9
WN3 6DY,9
WN3 6DZ,9
WN3 6EA,9
WN3 6EB,9
WN3 6ED,9
WN3 6EE,9
WN3 6EF,9
WN3 6EG,9
WN3 6EH,9
WN3 6EJ,9
WN3 6EL,9
WN3 6EN,9
WN3 6EP,9
WN3 6EQ,9
WN3 6ER,9
WN3 6ES,9
WN3 6ET,9
WN3 6EU,9
WN3 6EW,9
WN3 6EX,9
WN3 6EY,9
WN3 6EZ,9
WN3 6FA,9
WN3 6FB,2
WN3 6FD,9
WN3 6FE,2
WN3 6FF,2
WN3 6FG,2
WN3 6FH,2
WN3 6FJ,9
WN3 6FL,9
WN3 6FN,9
WN3 6FP,9
WN3 6FQ,9
WN3 6FR,9
WN3 6FS,9
WN3 6FT,9
WN3 6FU,9
WN3 6FW,9
WN3 6FX,2
WN3 6FY,9
WN3 6FZ,2
WN3 6GA,2
WN3 6GB,2
WN3 6GD,9
WN3 6GE,8
WN3 6GF,8
WN3 6GG,10
WN3 6GH,8
WN3 6GJ,9
WN3 6GL,7
WN3 6GN,9
WN3 6GP,9
WN3 6GQ,9
WN3 6GR,9
WN3 6GS,9
WN3 6GT,2
WN3 6HA,9
WN3 6HB,9
WN3 6HD,9
WN3 6HE,9
WN3 6HF,9
WN3 6HG,9
WN3 6HH,9
WN3 6HJ,9
WN3 6HL,9
WN3 6HN,9
WN3 6HP,10
WN3 6HQ,9
WN3 6HR,10
WN3 6HS,10
WN3 6HT,10
WN3 6HU,10
WN3 6HW,10
WN3 6HX,9
WN3 6HY,9
WN3 6HZ,9
WN3 6JA,9
WN3 6JB,10
WN3 6JD,10
WN3 6JE,9
WN3 6JF,9
WN3 6JG,10
WN3 6JH,10
WN3 6JJ,9
WN3 6JL,9
WN3 6JN,9
WN3 6JP,10
WN3 6JQ,9
WN3 6JR,10
WN3 6JS,10
WN3 6JT,10
WN3 6JU,10
WN3 6JW,10
WN3 6JX,10
WN3 6JY,9
WN3 6JZ,10
WN3 6LA,9
WN3 6LB,10
WN3 6LD,9
WN3 6LE,9
WN3 6LF,9
WN3 6LG,10
WN3 6LH,10
WN3 6LJ,10
WN3 6LL,10
WN3 6LN,10
WN3 6LP,9
WN3 6LQ,9
WN3 6LR,9
WN3 6LS,9
WN3 6LT,10
WN3 6LU,10
WN3 6LW,10
WN3 6LX,10
WN3 6LY,10
WN3 6LZ,10
WN3 6NA,10
WN3 6NB,9
WN3 6ND,10
WN3 6NE,10
WN3 6NF,10
WN3 6NH,10
WN3 6NL,10
WN3 6NN,10
WN3 6NT,10
WN3 6NY,2
WN3 6PA,2
WN3 6PB,2
WN3 6PD,2
WN3 6PE,2
WN3 6PF,2
WN3 6PG,2
WN3 6PH,2
WN3 6PJ,2
WN3 6PL,2
WN3 6PN,2
WN3 6PP,2
WN3 6PQ,2
WN3 6PR,2
WN3 6PS,2
WN3 6PT,2
WN3 6PW,2
WN3 6PX,2
WN3 6PY,2
WN3 6PZ,2
WN3 6QA,2
WN3 6QB,2
WN3 6QD,2
WN3 6QE,2
WN3 6QF,2
WN3 6QG,2
WN3 6QH,2
WN3 6QP,2
WN3 6QQ,3
WN3 6QR,2
WN3 6QS,8
WN3 6QT,2
WN3 6QU,2
WN3 6QX,2
WN3 6QY,2
WN3 6QZ,2
WN3 6RA,8
WN3 6RB,2
WN3 6RD,2
WN3 6RE,2
WN3 6RF,8
WN3 6RG,2
WN3 6RH,8
WN3 6RJ,8
WN3 6RL,9
WN3 6RN,8
WN3 6RP,8
WN3 6RQ,2
WN3 6RR,8
WN3 6RS,8
WN3 6RT,8
WN3 6RU,8
WN3 6RW,8
WN3 6RX,8
WN3 6RY,8
WN3 6SA,2
WN3 6SB,8
WN3 6SD,8
WN3 6SE,8
WN3 6SF,8
WN3 6SG,8
WN3 6SH,8
WN3 6SJ,8
WN3 6SL,8
WN3 6SN,8
WN3 6SP,8
WN3 6SQ,8
WN3 6SR,8
WN3 6SS,8
WN3 6ST,8
WN3 6SU,8
WN3 6SW,8
WN3 6SX,8
WN3 6SY,8
WN3 6SZ,8
WN3 6TA,9
WN3 6TB,9
WN3 6TD,9
WN3 6TE,9
WN3 6TF,9
WN3 6TG,9
WN3 6TH,9
WN3 6TJ,8
WN3 6TL,9
WN3 6TN,8
WN3 6TP,9
WN3 6TQ,9
WN3 6TR,9
WN3 6TS,9
WN3 6TT,9
WN3 6TU,9
WN3 6TW,9
WN3 6TX,9
WN3 6TY,9
WN3 6TZ,9
WN3 6UE,8
WN3 6UF,9
WN3 6UG,9
WN3 6UH,9
WN3 6UJ,9
WN3 6UQ,9
WN2 2AY,2
WN2 2AZ,2
WN2 2BA,2
WN2 2BB,2
WN2 2BD,2
WN2 2BE,2
WN2 2BG,2
WN2 2BH,2
WN2 2BJ,2
WN2 2BL,2
WN2 2BP,2
WN2 2BQ,2
WN2 2BS,2
WN2 2BT,2
WN2 2BU,2
WN2 2BW,2
WN2 2BX,2
WN2 2BY,2
WN2 2BZ,2
WN2 2DA,2
WN2 2DB,2
WN2 2DD,2
WN2 2DE,2
WN2 2DF,2
WN2 2DG,2
WN2 2DH,2
WN2 2DJ,2
WN2 2DQ,2
WN2 2DS,2
WN2 2DT,2
WN2 2DW,2
WN2 2DX,2
WN2 2DY,2
WN2 2DZ,1
WN2 2EA,2
WN2 2EB,2
WN2 2ED,2
WN2 2EE,2
WN2 2EF,2
WN2 2EG,2
WN2 2EH,2
WN2 2EJ,2
WN2 2EL,2
WN2 2EN,2
WN2 2EP,2
WN2 2EQ,2
WN2 2ER,2
WN2 2ES,1
WN2 2ET,2
WN2 2EU,2
WN2 2EW,2
WN2 2EX,1
WN2 2EY,2
WN2 2EZ,2
WN2 2FA,2
WN2 2FB,2
WN2 2FD,2
WN2 2FE,2
WN2 2HA,2
WN2 2HE,1
WN2 2HF,2
WN2 2HG,2
WN2 2HH,2
WN2 2HJ,2
WN2 2HL,2
WN2 2HN,2
WN2 2HP,2
WN2 2HQ,2
WN2 2HR,2
WN2 2HS,2
WN2 2HT,2
WN2 2HU,2
WN2 2HW,2
WN2 2HX,2
WN2 2HY,2
WN2 2HZ,2
WN2 2JA,2
WN2 2JG,2
WN2 2JH,2
WN2 2JJ,2
WN2 2JL,2
WN2 2JN,2
WN2 2JP,2
WN2 2JQ,2
WN2 2JR,2
WN2 2JS,2
WN2 2JT,2
WN2 2JU,2
WN2 2JW,2
WN2 2JZ,1
WN2 2LA,2
WN2 2LB,2
WN2 2LD,2
WN2 2LE,3
WN2 2LF,1
WN2 2LG,1
WN2 2LH,1
WN2 2LJ,1
WN2 2LL,1
WN2 2LN,1
WN2 2LP,1
WN2 2LQ,1
WN2 2LR,1
WN2 2LS,1
WN2 2LT,1
WN2 2LU,1
WN2 2LW,1
WN2 2LX,2
WN2 2LY,1
WN2 2LZ,1
WN2 2NA,2
WN2 2NB,1
WN2 2ND,1
WN2 2NE,1
WN2 2NF,1
WN2 2NG,1
WN2 2NH,1
WN2 2NJ,1
WN2 2NL,1
WN2 2NN,1
WN2 2NP,1
WN2 2NQ,1
WN2 2NR,1
WN2 2NS,1
WN2 2NT,1
WN2 2NU,1
WN2 2NW,1
WN2 2NX,1
WN2 2NY,1
WN2 2NZ,1
WN2 2PA,1
WN2 2PB,2
WN2 2PD,1
WN2 2PE,1
WN2 2PF,1
WN2 2PG,1
WN2 2PH,2
WN2 2PJ,2
WN2 2PL,1
WN2 2PN,2
WN2 2PP,1
WN2 2PQ,1
WN2 2PR,2
WN2 2PS,2
WN2 2PW,2
WN2 2PY,6
WN2 2QA,3
WN2 2QB,3
WN2 2QD,3
WN2 2QE,3
WN2 2QF,3
WN2 2QG,6
WN2 2QH,6
WN2 2QJ,6
WN2 2QL,6
WN2 2QN,6
WN2 2QP,3
WN2 2QQ,6
WN2 2QR,6
WN2 2QS,6
WN2 2QT,6
WN2 2QU,6
WN2 2QW,3
WN2 2QX,3
WN2 2QY,6
WN2 2QZ,3
WN2 2RA,6
WN2 2RB,6
WN2 2RD,6
WN2 2RE,6
WN2 2RF,6
WN2 2RG,3
WN2 2RH,3
WN2 2RJ,3
WN2 2RL,3
WN2 2RN,6
WN2 2RP,6
WN2 2RQ,3
WN2 2RT,6
WN2 2RU,3
WN2 2RW,6
WN2 2RX,3
WN2 2RY,3
WN2 2RZ,3
WN2 2SA,6
WN2 2SB,6
WN2 2SD,6
WN2 2SE,6
WN2 2SF,6
WN2 2SG,6
WN2 2SH,9
WN2 2SJ,9
WN2 2SL,9
WN2 2SN,9
WN2 2SP,9
WN2 2SQ,9
WN2 2SR,9
WN2 2SS,9
WN2 2ST,9
WN2 2SU,9
WN2 2SW,6
WN2 2SX,9
WN2 2SY,2
WN2 2SZ,2
WN2 2TA,2
WN2 2TB,2
WN2 2UX,1
WN2 2WW,2
WN2 2WY,2
WN2 2WZ,2
WN2 2ZW,2
WN2 3AA,4
WN2 3AB,4
WN2 3AD,4
WN2 3AE,3
WN2 3AF,3
WN2 3AG,6
WN2 3AH,3
WN2 3AJ,3
WN2 3AL,3
WN2 3AN,3
WN2 3AP,3
WN2 3AQ,3
WN2 3AR,3
WN2 3AS,3
WN2 3AT,3
WN2 3AU,3
WN2 3AW,3
WN2 3AX,4
WN2 3AY,4
WN2 3AZ,4
WN2 3BA,4
WN2 3BB,4
WN2 3BD,4
WN2 3BE,3
WN2 3BF,4
WN2 3BG,4
WN2 3BH,4
WN2 3BJ,4
WN2 3BL,3
WN2 3BN,4
WN2 3BP,4
WN2 3BQ,4
WN2 3BS,4
WN2 3BT,4
WN2 3BU,3
WN2 3BW,4
WN2 3BX,4
WN2 3BY,4
WN2 3BZ,3
WN2 3DA,3
WN2 3DB,3
WN2 3DD,3
WN2 3DE,3
WN2 3DF,3
WN2 3DG,3
WN2 3DH,3
WN2 3DJ,4
WN2 3DL,2
WN2 3DN,3
WN2 3DP,3
WN2 3DQ,4
WN2 3DR,3
WN2 3DS,2
WN2 3DT,3
WN2 3DU,3
WN2 3DW,3
WN2 3DX,4
WN2 3DY,4
WN2 3DZ,4
WN2 3EA,3
WN2 3EB,4
WN2 3ED,4
WN2 3EE,6
WN2 3EF,6
WN2 3EG,6
WN2 3EH,6
WN2 3EJ,6
WN2 3EL,6
WN2 3EN,6
WN2 3EP,6
WN2 3EQ,2
WN2 3ER,4
WN2 3ES,6
WN2 3ET,6
WN2 3EU,4
WN2 3EW,6
WN2 3EX,6
WN2 3EY,2
WN2 3EZ,4
WN2 3FA,6
WN2 3FB,4
WN2 3FD,6
WN2 3FE,6
WN2 3FF,2
WN2 3FG,6
WN2 3FH,2
WN2 3FJ,6
WN2 3FL,6
WN2 3FN,2
WN2 3FP,2
WN2 3FQ,4
WN2 3FR,4
WN2 3FS,2
WN2 3FT,2
WN2 3GB,1
WN2 3GD,1
WN2 3HA,4
WN2 3HB,4
WN2 3HD,4
WN2 3HE,4
WN2 3HF,4
WN2 3HG,4
WN2 3HH,4
WN2 3HJ,4
WN2 3HL,4
WN2 3HN,4
WN2 3HP,4
WN2 3HQ,4
WN2 3HR,4
WN2 3HS,4
WN2 3HT,4
WN2 3HU,4
WN2 3HW,4
WN2 3HX,4
WN2 3HY,4
WN2 3HZ,4
WN2 3JA,4
WN2 3JB,4
WN2 3JD,4
WN2 3JE,4
WN2 3JF,6
WN2 3JG,6
WN2 3JH,6
WN2 3JJ,6
WN2 3JL,6
WN2 3JN,6
WN2 3JP,6
WN2 3JQ,6
WN2 3JR,6
WN2 3JS,6
WN2 3JT,6
WN2 3JU,6
WN2 3JW,6
WN2 3JX,4
WN2 3JY,4
WN2 3JZ,4
WN2 3LA,3
WN2 3LB,6
WN2 3LD,6
WN2 3LE,6
WN2 3LF,4
WN2 3LG,3
WN2 3LH,4
WN2 3LJ,6
WN2 3LL,1
WN2 3LN,3
WN2 3LP,3
WN2 3LQ,3
WN2 3LR,2
WN2 3LS,3
WN2 3LT,1
WN2 3LU,3
WN2 3LW,3
WN2 3LX,1
WN2 3LY,1
WN2 3LZ,1
WN2 3NA,1
WN2 3NB,2
WN2 3ND,2
WN2 3NE,4
WN2 3NF,6
WN2 3NG,6
WN2 3NH,1
WN2 3NJ,1
WN2 3NL,6
WN2 3NN,1
WN2 3NP,6
WN2 3NQ,6
WN2 3NR,6
WN2 3NS,6
WN2 3NT,6
WN2 3NU,6
WN2 3NW,1
WN2 3NX,1
WN2 3NY,4
WN2 3PA,3
WN2 3PB,3
WN2 3PD,6
WN2 3PE,3
WN2 3PF,2
WN2 3PG,2
WN2 3PH,2
WN2 3PJ,2
WN2 3PL,2
WN2 3PN,2
WN2 3PP,2
WN2 3PQ,3
WN2 3PR,2
WN2 3PS,2
WN2 3PT,2
WN2 3PU,2
WN2 3PW,2
WN2 3PX,2
WN2 3PY,2
WN2 3PZ,2
WN2 3QA,2
WN2 3QB,2
WN2 3QD,3
WN2 3QE,2
WN2 3QF,2
WN2 3QG,2
WN2 3QH,2
WN2 3QJ,2
WN2 3QL,2
WN2 3QN,1
WN2 3QP,1
WN2 3QQ,2
WN2 3QR,1
WN2 3QS,1
WN2 3QT,1
WN2 3QU,2
WN2 3QW,1
WN2 3QX,2
WN2 3QY,1
WN2 3QZ,3
WN2 3RA,3
WN2 3RB,3
WN2 3RN,6
WN2 3RP,6
WN2 3RR,6
WN2 3RS,6
WN2 3RT,6
WN2 3RU,6
WN2 3RW,9
WN2 3RX,6
WN2 3RY,6
WN2 3RZ,6
WN2 3SA,6
WN2 3SB,6
WN2 3SD,9
WN2 3SE,6
WN2 3SF,9
WN2 3SG,6
WN2 3SH,9
WN2 3SJ,9
WN2 3SL,9
WN2 3SN,9
WN2 3SP,9
WN2 3SQ,9
WN2 3SR,9
WN2 3SS,9
WN2 3ST,6
WN2 3SU,6
WN2 3SW,9
WN2 3SY,1
WN2 3SZ,1
WN2 3TA,2
WN2 3TB,2
WN2 3TD,2
WN2 3TE,2
WN2 3TF,2
WN2 3TG,2
WN2 3TH,2
WN2 3TJ,1
WN2 3TL,1
WN2 3TN,1
WN2 3TP,1
WN2 3TQ,1
WN2 3TR,2
WN2 3TS,2
WN2 3TT,1
WN2 3TU,2
WN2 3TW,1
WN2 3TX,2
WN2 3TY,1
WN2 3TZ,1
WN2 3UA,1
WN2 3UB,1
WN2 3UD,1
WN2 3UE,1
WN2 3UF,1
WN2 3UG,1
WN2 3UH,1
WN2 3UJ,2
WN2 3UL,2
WN2 3UN,2
WN2 3UP,2
WN2 3UQ,1
WN2 3UT,4
WN2 3UW,2
WN2 3WA,2
WN2 3WB,2
WN2 3WD,2
WN2 3WX,2
WN2 3WY,2
WN2 3WZ,2
WN2 3XA,9
WN2 3XB,9
WN2 3XD,9
WN2 3XE,3
WN2 3XF,9
WN2 3XG,9
WN2 3XH,9
WN2 3XJ,9
WN2 3XL,9
WN2 3XN,9
WN2 3XQ,9
WN2 3XR,3
WN2 3YZ,2
WN2 4AA,2
WN2 4AB,2
WN2 4AD,2
WN2 4AE,2
WN2 4AF,2
WN2 4AG,2
WN2 4AH,2
WN2 4AJ,2
WN2 4AL,2
WN2 4AN,2
WN2 4AP,2
WN2 4AQ,2
WN2 4AR,8
WN2 4AS,8
WN2 4AT,8
WN2 4AU,8
WN2 4AW,4
WN2 4AX,3
WN2 4AY,8
WN2 4AZ,2
WN2 4BA,6
WN2 4BB,6
WN2 4BD,6
WN2 4BE,3
WN2 4BF,3
WN2 4BG,6
WN2 4BH,6
WN2 4BJ,6
WN2 4BL,6
WN2 4BN,3
WN2 4BP,6
WN2 4BQ,3
WN2 4BS,3
WN2 4BT,3
WN2 4BU,3
WN2 4BW,6
WN2 4BX,3
WN2 4BY,3
WN2 4BZ,3
WN2 4DA,3
WN2 4DB,3
WN2 4DD,3
WN2 4DE,3
WN2 4DF,3
WN2 4DG,3
WN2 4DH,3
WN2 4DJ,1
WN2 4DL,3
WN2 4DN,1
WN2 4DP,2
WN2 4DQ,1
WN2 4DR,2
WN2 4DS,2
WN2 4DT,2
WN2 4DU,1
WN2 4DW,3
WN2 4DX,1
WN2 4DY,3
WN2 4DZ,3
WN2 4EA,2
WN2 4EB,8
WN2 4ED,6
WN2 4EE,2
WN2 4EF,2
WN2 4EG,6
WN2 4EH,3
WN2 4EJ,3
WN2 4EL,3
WN2 4EN,3
WN2 4EP,2
WN2 4EQ,3
WN2 4ER,2
WN2 4ES,2
WN2 4ET,8
WN2 4EU,8
WN2 4EW,3
WN2 4EX,5
WN2 4EY,8
WN2 4EZ,8
WN2 4FA,2
WN2 4FB,2
WN2 4FD,4
WN2 4FE,8
WN2 4FF,3
WN2 4FG,2
WN2 4FH,8
WN2 4FJ,2
WN2 4FL,2
WN2 4FN,4
WN2 4FP,4
WN2 4FQ,2
WN2 4FR,2
WN2 4FS,2
WN2 4FT,2
WN2 4FU,8
WN2 4FW,4
WN2 4FX,2
WN2 4FY,4
WN2 4FZ,2
WN2 4GA,8
WN2 4GB,8
WN2 4GD,8
WN2 4GE,8
WN2 4GF,7
WN2 4GG,7
WN2 4GH,7
WN2 4GJ,7
WN2 4GL,7
WN2 4GN,4
WN2 4GP,4
WN2 4GQ,2
WN2 4GR,3
WN2 4GS,8
WN2 4GT,4
WN2 4GU,4
WN2 4GW,4
WN2 4GX,8
WN2 4GY,8
WN2 4GZ,8
WN2 4HA,8
WN2 4HB,7
WN2 4HD,8
WN2 4HE,4
WN2 4HF,4
WN2 4HG,4
WN2 4HH,4
WN2 4HJ,4
WN2 4HL,4
WN2 4HN,8
WN2 4HP,7
WN2 4HQ,4
WN2 4HR,4
WN2 4HS,4
WN2 4HT,7
WN2 4HU,8
WN2 4HW,8
WN2 4HX,8
WN2 4HY,8
WN2 4HZ,8
WN2 4JA,2
WN2 4JB,2
WN2 4JD,2
WN2 4JE,2
WN2 4JF,2
WN2 4JG,1
WN2 4JH,1
WN2 4JJ,2
WN2 4JL,2
WN2 4JN,2
WN2 4JP,2
WN2 4JQ,1
WN2 4JR,2
WN2 4JS,2
WN2 4JT,2
WN2 4JU,2
WN2 4JW,2
WN2 4JX,2
WN2 4JY,2
WN2 4JZ,2
WN2 4LA,2
WN2 4LB,3
WN2 4LD,3
WN2 4LE,3
WN2 4LF,3
WN2 4LG,1
WN2 4LH,3
WN2 4LJ,7
WN2 4LL,2
WN2 4LN,4
WN2 4LP,4
WN2 4LQ,1
WN2 4LR,4
WN2 4LS,4
WN2 4LT,4
WN2 4LU,4
WN2 4LW,4
WN2 4LX,4
WN2 4LY,4
WN2 4LZ,4
WN2 4NA,4
WN2 4NB,4
WN2 4ND,4
WN2 4NE,4
WN2 4NF,8
WN2 4NG,9
WN2 4NH,9
WN2 4NJ,8
WN2 4NL,8
WN2 4NN,8
WN2 4NP,9
WN2 4NQ,9
WN2 4NR,9
WN2 4NS,9
WN2 4NT,9
WN2 4NU,9
WN2 4NW,9
WN2 4NX,9
WN2 4NY,9
WN2 4NZ,9
WN2 4PA,3
WN2 4PB,3
WN2 4PD,3
WN2 4PE,3
WN2 4PF,3
WN2 4PG,3
WN2 4PH,3
WN2 4PJ,3
WN2 4PL,3
WN2 4PN,4
WN2 4PP,4
WN2 4PQ,3
WN2 4PR,4
WN2 4PS,4
WN2 4PT,4
WN2 4PU,8
WN2 4PW,4
WN2 4PX,3
WN2 4PY,4
WN2 4PZ,3
WN2 4QA,9
WN2 4QB,9
WN2 4QD,3
WN2 4QE,4
WN2 4QF,4
WN2 4QG,4
WN2 4QH,4
WN2 4QJ,4
WN2 4QL,8
WN2 4QN,3
WN2 4QP,3
WN2 4QQ,4
WN2 4QR,8
WN2 4QS,8
WN2 4QT,8
WN2 4QU,8
WN2 4QW,3
WN2 4QX,8
WN2 4QY,8
WN2 4QZ,8
WN2 4RA,8
WN2 4RB,8
WN2 4RD,4
WN2 4RE,4
WN2 4RF,4
WN2 4RG,3
WN2 4RH,8
WN2 4RJ,8
WN2 4RL,8
WN2 4RN,8
WN2 4RP,2
WN2 4RQ,8
WN2 4RR,9
WN2 4RS,9
WN2 4RT,9
WN2 4RU,9
WN2 4RW,4
WN2 4RX,4
WN2 4RY,4
WN2 4RZ,4
WN2 4SA,7
WN2 4SB,4
WN2 4SD,4
WN2 4SE,4
WN2 4SF,8
WN2 4SG,9
WN2 4SH,9
WN2 4SJ,4
WN2 4SL,4
WN2 4SN,4
WN2 4SP,9
WN2 4SQ,4
WN2 4SR,4
WN2 4SS,4
WN2 4ST,7
WN2 4SU,4
WN2 4SW,9
WN2 4SX,4
WN2 4SY,9
WN2 4SZ,7
WN2 4TA,8
WN2 4TB,7
WN2 4TD,8
WN2 4TE,7
WN2 4TF,8
WN2 4TG,8
WN2 4TH,7
WN2 4TJ,8
WN2 4TL,7
WN2 4TN,2
WN2 4TP,7
WN2 4TQ,8
WN2 4TR,7
WN2 4TS,7
WN2 4TT,7
WN2 4TU,7
WN2 4TW,4
WN2 4TX,7
WN2 4TY,7
WN2 4TZ,7
WN2 4UA,2
WN2 4UB,2
WN2 4UD,4
WN2 4UE,7
WN2 4UF,1
WN2 4UG,1
WN2 4UL,2
WN2 4UQ,2
WN2 4UR,1
WN2 4WJ,2
WN2 4WL,2
WN2 4WN,2
WN2 4WP,2
WN2 4WQ,2
WN2 4WR,2
WN2 4WS,2
WN2 4WT,2
WN2 4WU,2
WN2 4WW,7
WN2 4WX,2
WN2 4WY,2
WN2 4WZ,2
WN2 4XA,8
WN2 4XB,3
WN2 4XD,2
WN2 4XE,2
WN2 4XF,2
WN2 4XG,2
WN2 4XH,2
WN2 4XJ,2
WN2 4XL,2
WN2 4XN,2
WN2 4XP,2
WN2 4XQ,2
WN2 4XR,2
WN2 4XS,2
WN2 4XT,2
WN2 4XU,1
WN2 4XW,2
WN2 4XX,2
WN2 4XY,2
WN2 4XZ,2
WN2 4YA,2
WN2 4YB,2
WN2 5AA,2
WN2 5AB,2
WN2 5AD,2
WN2 5AE,2
WN2 5AF,2
WN2 5AG,1
WN2 5AH,1
WN2 5AJ,1
WN2 5AL,2
WN2 5AN,2
WN2 5AP,2
WN2 5AQ,2
WN2 5AR,2
WN2 5AS,2
WN2 5AT,2
WN2 5AU,2
WN2 5AW,2
WN2 5AX,1
WN2 5AY,1
WN2 5AZ,1
WN2 5BA,2
WN2 5BB,2
WN2 5BD,2
WN2 5BE,2
WN2 5BF,2
WN2 5BG,2
WN2 5BH,2
WN2 5BJ,2
WN2 5BL,2
WN2 5BN,2
WN2 5BP,2
WN2 5BQ,2
WN2 5BS,2
WN2 5BT,2
WN2 5BU,2
WN2 5BW,2
WN2 5BX,2
WN2 5BY,2
WN2 5BZ,2
WN2 5DA,1
WN2 5DB,2
WN2 5DD,1
WN2 5DE,1
WN2 5DF,1
WN2 5DG,1
WN2 5DH,1
WN2 5DJ,4
WN2 5DL,1
WN2 5DN,1
WN2 5DP,1
WN2 5DQ,1
WN2 5DR,1
WN2 5DS,1
WN2 5DT,1
WN2 5DU,1
WN2 5DW,1
WN2 5DX,1
WN2 5DY,1
WN2 5DZ,1
WN2 5EA,1
WN2 5EB,2
WN2 5ED,1
WN2 5EE,2
WN2 5EF,1
WN2 5EG,1
WN2 5EH,1
WN2 5EJ,2
WN2 5EL,1
WN2 5EN,2
WN2 5EP,2
WN2 5EQ,1
WN2 5ER,2
WN2 5ES,2
WN2 5ET,2
WN2 5EU,2
WN2 5EW,1
WN2 5EX,1
WN2 5EY,2
WN2 5EZ,2
WN2 5FA,5
WN2 5FB,5
WN2 5FD,1
WN2 5FE,5
WN2 5FL,1
WN2 5FP,2
WN2 5HA,2
WN2 5HB,2
WN2 5HD,2
WN2 5HE,2
WN2 5HF,2
WN2 5HG,2
WN2 5HH,2
WN2 5HJ,2
WN2 5HL,2
WN2 5HN,2
WN2 5HP,4
WN2 5HQ,2
WN2 5HR,4
WN2 5HS,4
WN2 5HT,4
WN2 5HU,4
WN2 5HX,4
WN2 5HY,4
WN2 5JA,4
WN2 5JB,4
WN2 5JD,4
WN2 5JE,4
WN2 5JF,4
WN2 5JG,4
WN2 5JH,4
WN2 5JJ,4
WN2 5JL,4
WN2 5JN,1
WN2 5JP,1
WN2 5JQ,4
WN2 5JR,1
WN2 5JS,1
WN2 5JT,1
WN2 5JU,4
WN2 5JW,1
WN2 5JX,1
WN2 5JY,1
WN2 5JZ,1
WN2 5LA,1
WN2 5LB,1
WN2 5LD,1
WN2 5LE,1
WN2 5LF,1
WN2 5LG,1
WN2 5LH,1
WN2 5LJ,2
WN2 5LL,4
WN2 5LN,1
WN2 5LP,1
WN2 5LQ,1
WN2 5LR,4
WN2 5LS,1
WN2 5LT,1
WN2 5LU,4
WN2 5LW,1
WN2 5LY,1
WN2 5LZ,1
WN2 5NA,1
WN2 5NB,1
WN2 5ND,2
WN2 5NE,1
WN2 5NF,2
WN3 6WA,2
WN3 6WB,9
WN3 6WD,2
WN3 6WS,2
WN3 6WT,2
WN3 6WU,9
WN3 6WW,9
WN3 6WX,2
WN3 6WY,9
WN3 6WZ,2
WN3 6XA,8
WN3 6XB,7
WN3 6XD,7
WN3 6XE,8
WN3 6XF,8
WN3 6XG,8
WN3 6XH,8
WN3 6XJ,8
WN3 6XL,2
WN3 6XN,7
WN3 6XP,10
WN3 6XQ,8
WN3 6XR,8
WN3 6XS,2
WN3 6XT,8
WN3 6XU,10
WN3 6XW,7
WN3 6XX,8
WN3 6XY,8
WN3 6XZ,8
WN3 6YA,2
WN3 6YB,2
WN3 6YD,8
WN3 6YZ,2
WN4 0AA,5
WN4 0AB,2
WN4 0AD,7
WN4 0AE,2
WN4 0AR,5
WN4 0AS,2
WN4 0AT,2
WN4 0AU,2
WN4 0AX,2
WN4 0AY,2
WN4 0AZ,2
WN4 0BA,2
WN4 0BB,2
WN4 0BD,7
WN4 0BE,7
WN4 0BG,7
WN4 0BH,2
WN4 0BL,2
WN4 0BN,2
WN4 0BP,2
WN4 0BQ,2
WN4 0BS,2
WN4 0BT,5
WN4 0BU,2
WN4 0BW,2
WN4 0BX,2
WN4 0BY,2
WN4 0BZ,2
WN4 0DA,2
WN4 0DB,2
WN4 0DD,2
WN4 0DE,2
WN4 0DF,2
WN4 0DG,2
WN4 0DH,5
WN4 0DJ,5
WN4 0DL,5
WN4 0DN,7
WN4 0DP,2
WN4 0DQ,2
WN4 0DR,2
WN4 0DS,2
WN4 0DT,2
WN4 0DU,2
WN4 0DW,7
WN4 0DX,2
WN4 0DY,2
WN4 0DZ,2
WN4 0EA,2
WN4 0EB,2
WN4 0ED,2
WN4 0EE,2
WN4 0EF,2
WN4 0EG,2
WN4 0EH,2
WN4 0EJ,2
WN4 0EL,2
WN4 0EP,2
WN4 0EQ,2
WN4 0ER,2
WN4 0ES,2
WN4 0ET,2
WN4 0FA,7
WN4 0FB,7
WN4 0FD,7
WN4 0FE,2
WN4 0FF,2
WN4 0FG,2
WN4 0FH,2
WN4 0JA,2
WN4 0JH,10
WN4 0JJ,7
WN4 0JP,7
WN4 0JR,2
WN4 0JS,2
WN4 0JT,7
WN4 0JU,2
WN4 0JX,7
WN4 0JY,7
WN4 0JZ,7
WN4 0LA,7
WN4 0LB,7
WN4 0LD,7
WN4 0LH,7
WN4 0LJ,7
WN4 0LL,7
WN4 0LN,7
WN4 0LP,7
WN4 0LR,7
WN4 0LS,2
WN4 0LT,7
WN4 0LU,7
WN4 0LW,7
WN4 0LX,2
WN4 0LY,7
WN4 0LZ,7
WN4 0NA,7
WN4 0NB,7
WN4 0ND,7
WN4 0NF,7
WN4 0NG,7
WN4 0NH,7
WN4 0NJ,7
WN4 0NP,7
WN4 0NQ,7
WN4 0NR,7
WN4 0PA,7
WN4 0PW,4
WN4 0PX,4
WN4 0PY,4
WN4 0PZ,4
WN4 0QA,4
WN4 0QB,4
WN4 0QD,4
WN4 0QE,4
WN4 0QF,4
WN4 0QG,4
WN4 0QJ,4
WN4 0QL,4
WN4 0QN,4
WN4 0QP,4
WN4 0QR,4
WN4 0QS,4
WN4 0QT,4
WN4 0QU,4
WN4 0QW,4
WN4 0QX,4
WN4 0QY,4
WN4 0QZ,4
WN4 0RB,4
WN4 0RD,4
WN4 0RE,4
WN4 0RF,4
WN4 0RG,4
WN4 0RH,8
WN4 0RJ,8
WN4 0RL,8
WN4 0RN,8
WN4 0RP,8
WN4 0RQ,8
WN4 0RR,7
WN4 0RS,7
WN4 0RT,7
WN4 0RU,8
WN4 0RW,8
WN4 0RX,7
WN4 0RY,8
WN4 0RZ,8
WN4 0SA,8
WN4 0SB,8
WN4 0SD,8
WN4 0SE,8
WN4 0SF,8
WN4 0SG,8
WN4 0SH,8
WN4 0SJ,8
WN4 0SL,8
WN4 0SN,8
WN4 0SP,8
WN4 0SQ,8
WN4 0SR,8
WN4 0SS,8
WN4 0ST,8
WN4 0SU,8
WN4 0SW,8
WN4 0SX,2
WN4 0SY,8
WN4 0SZ,8
WN4 0TA,8
WN4 0TB,7
WN4 0TD,7
WN4 0TF,8
WN4 0TT,7
WN4 0TU,8
WN4 0TW,2
WN4 0TX,8
WN4 0TY,8
WN4 0TZ,8
WN4 0UA,8
WN4 0UB,8
WN4 0UD,8
WN4 0UE,8
WN4 0UF,8
WN4 0UG,4
WN4 0UH,8
WN4 0UJ,4
WN4 0UL,8
WN4 0UN,8
WN4 0UQ,4
WN4 0UT,7
WN4 0UU,7
WN4 0WA,2
WN4 0WB,2
WN4 0WT,2
WN4 0WU,2
WN4 0WW,2
WN4 0WX,2
WN4 0WY,2
WN4 0WZ,2
WN4 0XA,7
WN4 0XB,2
WN4 0XD,7
WN4 0XE,2
WN4 0XF,2
WN4 0XG,2
WN4 0XH,7
WN4 0XJ,8
WN4 0XL,7
WN4 0XN,7
WN4 0XP,7
WN4 0XQ,7
WN4 0XR,7
WN4 0XS,7
WN4 0XU,7
WN4 0YA,7
WN4 0YB,7
WN4 0YD,7
WN4 0YE,7
WN4 0YF,7
WN4 0YR,7
WN4 0YS,7
WN4 0YT,7
WN4 0YU,7
WN4 0YX,7
WN4 8AA,4
WN4 8AB,3
WN4 8AD,6
WN4 8AE,6
WN4 8AH,6
WN4 8AJ,6
WN4 8AL,8
WN4 8AN,8
WN4 8AP,8
WN4 8AR,8
WN4 8AS,8
WN4 8AT,8
WN4 8AU,8
WN4 8AW,8
WN4 8AX,8
WN4 8AY,8
WN4 8AZ,8
WN4 8BA,8
WN4 8BB,8
WN4 8BD,8
WN4 8BE,8
WN4 8BF,2
WN4 8BG,8
WN4 8BH,8
WN4 8BJ,8
WN4 8BN,8
WN4 8BP,8
WN4 8BQ,8
WN4 8BS,8
WN4 8BT,8
WN4 8BU,5
WN4 8BW,8
WN4 8BX,5
WN4 8BY,8
WN4 8BZ,8
WN4 8DA,5
WN4 8DB,5
WN4 8DD,2
WN4 8DE,8
WN4 8DF,5
WN4 8DG,5
WN4 8DH,5
WN4 8DJ,2
WN4 8DL,5
WN4 8DN,5
WN4 8DP,5
WN4 8DQ,5
WN4 8DT,5
WN4 8DU,5
WN4 8DW,8
WN4 8DY,2
WN4 8DZ,2
WN4 8EA,2
WN4 8EB,5
WN4 8ED,5
WN4 8EE,5
WN4 8EF,5
WN4 8EG,5
WN4 8EQ,2
WN4 8FA,2
WN4 8FB,2
WN4 8FD,6
WN4 8FE,2
WN4 8FF,6
WN4 8FG,6
WN4 8FH,2
WN4 8FJ,6
WN4 8FL,2
WN4 8FN,2
WN4 8FP,6
WN4 8FQ,2
WN4 8FR,6
WN4 8FS,6
WN4 8FT,5
WN4 8LA,4
WN4 8LB,4
WN4 8LD,4
WN4 8LE,4
WN4 8LG,8
WN4 8LH,6
WN4 8LJ,8
WN4 8LL,8
WN4 8LN,8
WN4 8LT,8
WN4 8LU,5
WN4 8LW,8
WN4 8LX,8
WN4 8LY,5
WN4 8PA,4
WN4 8PB,4
WN4 8PD,4
WN4 8PE,4
WN4 8PF,6
WN4 8PG,6
WN4 8PH,8
WN4 8PJ,4
WN4 8PL,4
WN4 8PN,4
WN4 8PP,8
WN4 8PQ,4
WN4 8PR,4
WN4 8PS,8
WN4 8PT,8
WN4 8QA,6
WN4 8QB,6
WN4 8QD,6
WN4 8QN,6
WN4 8QP,6
WN4 8QQ,6
WN4 8QR,6
WN4 8QS,6
WN4 8QT,8
WN4 8QU,6
WN4 8QW,6
WN4 8QX,4
WN4 8QY,6
WN4 8QZ,6
WN4 8RH,6
WN4 8RP,6
WN4 8RQ,6
WN4 8RR,6
WN4 8RS,6
WN4 8RT,6
WN4 8RU,7
WN4 8RW,6
WN4 8RX,7
WN4 8RY,6
WN4 8RZ,7
WN4 8SA,7
WN4 8SB,7
WN4 8SD,7
WN4 8SE,6
WN4 8SF,7
WN4 8SG,6
WN4 8SH,6
WN4 8SJ,3
WN4 8SL,7
WN4 8SN,7
WN4 8SP,8
WN4 8SQ,6
WN4 8SR,8
WN4 8SS,5
WN4 8ST,3
WN4 8SU,3
WN4 8SW,7
WN4 8SX,3
WN4 8SY,7
WN4 8SZ,7
WN4 8TA,7
WN4 8TB,7
WN4 8TD,3
WN4 8TE,3
WN4 8TF,6
WN4 8TG,6
WN4 8TH,3
WN4 8TJ,3
WN4 8TL,3
WN4 8TN,3
WN4 8TP,3
WN4 8TQ,7
WN4 8TR,3
WN4 8TS,3
WN4 8TT,7
WN4 8TU,3
WN4 8TW,3
WN4 8TX,7
WN4 8TY,7
WN4 8TZ,6
WN4 8UA,3
WN4 8UB,3
WN4 8UD,3
WN4 8UE,3
WN4 8UF,3
WN4 8UG,3
WN4 8UN,3
WN4 8UQ,3
WN4 8UW,3
WN4 8WA,8
WN4 8WB,8
WN4 8WD,8
WN4 8WS,8
WN4 8WT,8
WN4 8WW,8
WN4 8XA,7
WN4 8XB,7
WN4 8XD,7
WN4 8XE,7
WN4 8XF,7
WN4 8XG,7
WN4 8XH,7
WN4 8XJ,7
WN4 8XL,7
WN4 8XN,7
WN4 8XP,7
WN4 8XQ,7
WN4 8XR,8
WN4 8XS,8
WN4 8XT,3
WN4 8XU,8
WN4 8XW,8
WN4 8XX,8
WN4 8XY,7
WN4 8XZ,7
WN4 8YA,3
WN4 8YB,3
WN4 8YE,3
WN4 8YF,3
WN4 8YG,3
WN4 8YJ,2
WN4 8YL,2
WN4 8YN,2
WN4 8YP,2
WN4 8YQ,2
WN4 8YW,2
WN4 8ZG,3
WN4 8ZH,3
WN4 8ZJ,3
WN4 8ZL,3
WN4 8ZN,3
WN4 8ZP,3
WN4 8ZQ,3
WN4 8ZR,3
WN4 8ZS,3
WN4 8ZT,3
WN4 9AA,4
WN4 9AB,4
WN4 9AD,4
WN4 9AE,4
WN4 9AF,4
WN4 9AG,4
WN4 9AH,4
WN4 9AJ,4
WN4 9AL,4
WN4 9AN,4
WN4 9AP,4
WN4 9AQ,4
WN4 9AR,4
WN4 9AS,4
WN4 9AT,4
WN4 9AU,4
WN4 9AW,5
WN4 9AX,5
WN4 9AY,5
WN4 9AZ,5
WN4 9BA,5
WN4 9BB,4
WN4 9BD,5
WN4 9BE,5
WN4 9BF,6
WN4 9BG,5
WN4 9BH,5
WN4 9BJ,4
WN4 9BL,4
WN4 9BN,4
WN4 9BP,5
WN4 9BQ,5
WN4 9BT,5
WN4 9BW,4
WN4 9DA,4
WN4 9DB,4
WN4 9DD,4
WN4 9DE,4
WN4 9DF,4
WN4 9DG,4
WN4 9DH,4
WN4 9DJ,4
WN4 9DL,4
WN4 9DN,8
WN4 9DP,4
WN4 9DQ,4
WN4 9DR,4
WN4 9DS,4
WN4 9DT,4
WN4 9DU,6
WN4 9DW,2
WN4 9DX,4
WN4 9DY,4
WN4 9DZ,7
WN4 9EA,7
WN4 9EB,7
WN4 9ED,7
WN4 9EE,7
WN4 9EF,6
WN4 9EG,6
WN4 9EH,6
WN4 9EJ,7
WN4 9EL,7
WN4 9EN,7
WN4 9EP,6
WN4 9EQ,6
WN4 9ER,6
WN4 9ES,6
WN4 9ET,6
WN4 9EU,6
WN4 9EW,6
WN4 9EX,6
WN4 9EY,6
WN4 9EZ,6
WN4 9FA,2
WN4 9FB,5
WN4 9FD,2
WN4 9FE,5
WN4 9FF,2
WN4 9FG,5
WN4 9FH,5
WN4 9FJ,5
WN4 9FL,6
WN4 9FN,5
WN4 9FP,2
WN4 9FQ,2
WN4 9FR,2
WN4 9FS,6
WN4 9FT,2
WN4 9FU,2
WN4 9FW,2
WN4 9FX,2
WN4 9FY,2
WN4 9FZ,2
WN4 9GA,2
WN4 9GB,2
WN4 9GD,2
WN4 9GZ,2
WN4 9HE,4
WN4 9HH,6
WN4 9HJ,6
WN4 9HL,6
WN4 9HN,4
WN4 9HP,6
WN4 9HR,6
WN4 9HS,6
WN4 9HT,6
WN4 9HU,8
WN4 9HW,6
WN4 9HX,8
WN4 9HY,8
WN4 9HZ,6
WN4 9JA,6
WN4 9JB,6
WN4 9JD,8
WN4 9JE,8
WN4 9JF,6
WN4 9JG,6
WN4 9JL,6
WN4 9JN,6
WN4 9JP,6
WN4 9JR,6
WN4 9JW,6
WN4 9JX,5
WN4 9JY,5
WN4 9JZ,9
WN4 9LA,5
WN4 9LB,9
WN4 9LD,9
WN4 9LE,5
WN4 9LF,5
WN4 9LG,5
WN4 9LH,7
WN4 9LJ,5
WN4 9LL,5
WN4 9LN,7
WN4 9LP,5
WN4 9LQ,9
WN4 9LR,5
WN4 9LS,7
WN4 9LT,9
WN4 9LU,7
WN4 9LW,7
WN4 9LX,9
WN4 9LY,7
WN4 9LZ,7
WN4 9NA,7
WN4 9NB,7
WN4 9ND,7
WN4 9NE,7
WN4 9NF,9
WN4 9NG,9
WN4 9NH,9
WN4 9NJ,9
WN4 9NL,7
WN4 9NN,7
WN4 9NP,7
WN4 9NQ,9
WN4 9NR,7
WN4 9NS,7
WN4 9NT,7
WN4 9NU,7
WN4 9NX,7
WN4 9PA,7
WN4 9PB,7
WN4 9PD,7
WN4 9PE,7
WN4 9PF,7
WN4 9PG,7
WN4 9PH,3
WN4 9PJ,7
WN4 9PL,7
WN4 9PN,7
WN4 9PP,7
WN4 9PQ,7
WN4 9PR,7
WN4 9PS,6
WN4 9PT,5
WN4 9PU,5
WN4 9PW,7
WN4 9PX,5
WN4 9PY,5
WN4 9PZ,5
WN4 9QD,5
WN4 9QG,5
WN4 9QH,5
WN4 9QJ,5
WN4 9QL,5
WN4 9QN,5
WN4 9QP,5
WN4 9QQ,5
WN4 9QR,5
WN4 9QS,5
WN4 9QT,5
WN4 9QU,5
WN4 9QW,5
WN4 9QX,9
WN4 9QY,5
WN4 9QZ,5
WN4 9RA,9
WN4 9RB,9
WN4 9RD,9
WN4 9RE,9
WN4 9RF,9
WN4 9RG,9
WN4 9RH,9
WN4 9RJ,9
WN4 9RL,9
WN4 9RN,9
WN4 9RP,9
WN4 9RQ,9
WN4 9RR,5
WN4 9RS,5
WN4 9RT,5
WN4 9RU,5
WN4 9RW,5
WN4 9RX,7
WN4 9RY,5
WN4 9RZ,5
WN4 9SA,9
WN4 9SB,5
WN4 9SD,9
WN4 9SE,5
WN4 9SF,5
WN4 9SG,5
WN4 9SH,8
WN4 9SJ,5
WN4 9SL,5
WN4 9SN,5
WN4 9SP,5
WN4 9SQ,5
WN4 9SR,5
WN4 9SS,5
WN4 9ST,5
WN4 9SU,5
WN4 9SW,5
WN4 9SX,5
WN4 9SY,5
WN4 9SZ,5
WN4 9TA,5
WN4 9TB,5
WN4 9TD,5
WN4 9TE,8
WN4 9TP,5
WN4 9TR,5
WN4 9TS,5
WN4 9TT,5
WN4 9TU,5
WN4 9TW,5
WN4 9TX,5
WN4 9TY,5
WN4 9TZ,5
WN4 9UA,5
WN4 9UB,5
WN4 9UD,5
WN4 9UE,5
WN4 9UF,5
WN4 9UG,2
WN4 9UH,2
WN4 9UJ,2
WN4 9UL,2
WN4 9UN,2
WN4 9UP,2
WN4 9UQ,2
WN4 9UR,2
WN4 9US,2
WN4 9UT,2
WN4 9UU,5
WN4 9UW,2
WN4 9UX,5
WN4 9UY,2
WN4 9UZ,2
WN4 9WA,2
WN4 9WS,2
WN4 9WT,2
WN4 9WU,2
WN4 9WW,2
WN4 9WX,2
WN4 9WY,2
WN4 9WZ,2
WN4 9XA,2
WN4 9XB,2
WN4 9XD,2
WN4 9XE,2
WN4 9XF,2
WN4 9XG,2
WN4 9XH,5
WN4 9XJ,2
WN4 9XL,2
WN4 9XQ,5
WN4 9YZ,2
WN5 0AA,4
WN5 0AB,4
WN5 0AD,3
WN5 0AE,4
WN5 0AF,3
WN5 0AG,4
WN5 0AH,4
WN5 0AJ,4
WN5 0AL,4
WN5 0AN,4
WN5 0AP,2
WN5 0AQ,4
WN5 0AR,4
WN5 0AS,2
WN5 0AT,2
WN5 0AU,4
WN5 0AW,4
WN5 0AX,3
WN5 0AY,2
WN5 0AZ,2
WN5 0BA,2
WN5 0BB,2
WN5 0BD,4
WN5 0BE,3
WN5 0BF,4
WN5 0BG,3
WN5 0BH,4
WN5 0BJ,2
WN5 0BL,3
WN5 0BN,2
WN5 0BP,2
WN5 0BQ,2
WN5 0BS,2
WN5 0BT,2
WN5 0BU,2
WN5 0BW,2
WN5 0BX,1
WN5 0BY,1
WN5 0DA,6
WN5 0DB,6
WN5 0DD,3
WN5 0DE,3
WN5 0DF,3
WN5 0DG,3
WN5 0DH,3
WN5 0DJ,3
WN5 0DL,3
WN5 0DN,3
WN5 0DP,3
WN5 0DQ,3
WN5 0DR,3
WN5 0DS,3
WN5 0DT,3
WN5 0DU,3
WN5 0DW,2
WN5 0DX,3
WN5 0DY,3
WN5 0DZ,3
WN5 0EA,3
WN5 0EB,3
WN5 0ED,3
WN5 0EE,1
WN5 0EF,1
WN5 0EG,1
WN5 0EH,1
WN5 0EJ,1
WN5 0EL,2
WN5 0EN,1
WN5 0EP,1
WN5 0EQ,1
WN5 0ER,1
WN5 0ES,1
WN5 0ET,1
WN5 0EU,1
WN5 0EW,2
WN5 0EX,2
WN5 0FA,2
WN5 0FB,2
WN5 0FD,2
WN5 0FE,2
WN5 0FF,2
WN5 0FG,2
WN5 0FS,2
WN5 0HA,6
WN5 0HB,6
WN5 0HD,6
WN5 0HE,6
WN5 0HF,2
WN5 0HG,1
WN5 0HH,1
WN5 0HJ,1
WN5 0HL,2
WN5 0HN,2
WN5 0HP,2
WN5 0HQ,1
WN5 0HR,2
WN5 0HS,6
WN5 0HT,2
WN5 0HU,2
WN5 0HW,2
WN5 0HX,2
WN5 0HY,2
WN5 0HZ,2
WN5 0JA,6
WN5 0JB,6
WN5 0JD,6
WN5 0JF,6
WN5 0JG,6
WN5 0JH,6
WN5 0JJ,6
WN5 0JL,6
WN5 0JN,6
WN5 0JP,6
WN5 0JQ,6
WN5 0JR,6
WN5 0JS,6
WN5 0JT,6
WN5 0JU,6
WN5 0JW,6
WN5 0JX,6
WN5 0JY,6
WN5 0JZ,1
WN5 0LA,1
WN5 0LB,1
WN5 0LD,1
WN5 0LE,1
WN5 0LF,1
WN5 0LG,1
WN5 0LH,6
WN5 0LJ,6
WN5 0LL,6
WN5 0LN,6
WN5 0LP,1
WN5 0LQ,1
WN5 0LR,1
WN5 0LS,1
WN5 0LT,1
WN5 0LU,6
WN5 0LW,6
WN5 0LX,1
WN5 0LY,1
WN5 0LZ,1
WN5 0PH,2
WN5 0PN,1
WN5 0PP,1
WN5 0PR,1
WN5 0PS,1
WN5 0PT,1
WN5 0PU,1
WN5 0PW,1
WN5 0PX,1
WN5 0PY,1
WN5 0PZ,1
WN5 0QA,1
WN5 0QB,1
WN5 0QD,1
WN5 0QE,1
WN5 0QF,1
WN5 0QG,1
WN5 0QH,1
WN5 0QJ,1
WN5 0QL,1
WN5 0QN,1
WN5 0QP,1
WN5 0QQ,1
WN5 0QR,1
WN5 0QS,1
WN5 0QT,1
WN5 0QU,1
WN5 0QW,1
WN5 0QX,1
WN5 0QY,1
WN5 0QZ,1
WN5 0RA,1
WN5 0RB,1
WN5 0RD,1
WN5 0RE,1
WN5 0RF,1
WN5 0RG,1
WN5 0RH,1
WN5 0RJ,1
WN5 0RL,1
WN5 0RQ,1
WN5 0RZ,1
WN5 0TQ,2
WN5 0TR,4
WN5 0TS,2
WN5 0TT,4
WN5 0TU,2
WN5 0TX,2
WN5 0TY,2
WN5 0TZ,2
WN5 0UA,2
WN5 0UB,2
WN5 0UD,2
WN5 0UE,2
WN5 0UF,2
WN5 0UG,2
WN5 0UH,2
WN5 0UJ,2
WN5 0UL,2
WN5 0UN,1
WN5 0UP,2
WN5 0UQ,4
WN5 0UR,2
WN5 0UU,4
WN5 0UW,4
WN5 0UX,4
WN5 0UY,2
WN5 0UZ,1
WN5 0WA,2
WN5 0WB,2
WN5 0WU,2
WN5 0WW,2
WN5 0WX,2
WN5 0WY,2
WN5 0WZ,2
WN5 0XA,4
WN5 0XB,4
WN5 0XD,4
WN5 0XE,4
WN5 0XF,4
WN5 0XG,4
WN5 0XH,4
WN5 0XJ,4
WN5 0XL,2
WN5 0XN,4
WN5 0XQ,4
WN5 0XZ,2
WN5 7AA,9
WN5 7AB,9
WN5 7AD,9
WN5 7AE,5
WN5 7AF,5
WN5 7AG,5
WN5 7AH,9
WN5 7AJ,9
WN5 7AL,7
WN5 7AN,9
WN5 7AP,5
WN5 7AQ,7
WN5 7AR,9
WN5 7AS,5
WN5 7AT,5
WN5 7AU,5
WN5 7AW,7
WN5 7AX,5
WN5 7AY,5
WN5 7AZ,5
WN5 7BA,5
WN5 7BB,9
WN5 7BD,9
WN5 7BE,9
WN5 7BF,9
WN5 7BG,9
WN5 7BH,9
WN5 7BJ,9
WN5 7BL,5
WN5 7BN,5
WN5 7BP,9
WN5 7BQ,9
WN5 7BS,9
WN5 7BT,9
WN5 7BU,5
WN5 7BW,5
WN5 7BX,9
WN5 7BY,9
WN5 7BZ,9
WN5 7DA,9
WN5 7DB,9
WN5 7DD,9
WN5 7DE,9
WN5 7DF,9
WN5 7DG,9
WN5 7DH,5
WN5 7DJ,5
WN5 7DL,9
WN5 7DN,5
WN5 7DP,5
WN5 7DQ,9
WN5 7DR,5
WN5 7DS,9
WN5 7DT,9
WN5 7DU,9
WN5 7DW,5
WN5 7DX,7
WN5 7DY,9
WN5 7DZ,7
WN5 7EA,7
WN5 7EB,9
WN5 7ED,7
WN5 7EE,9
WN5 7EF,7
WN5 7EG,7
WN5 7EH,5
WN5 7EJ,9
WN5 7EL,9
WN5 7EN,9
WN5 7EP,7
WN5 7EQ,5
WN5 7ER,5
WN5 7ET,9
WN5 7EU,9
WN5 7EW,7
WN5 7EX,9
WN5 7EY,5
WN5 7EZ,5
WN5 7FA,2
WN5 7FB,5
WN5 7FD,2
WN5 7FE,5
WN5 7FF,5
WN5 7FG,2
WN5 7FH,5
WN5 7FJ,2
WN5 7FL,2
WN5 7FN,2
WN5 7FP,5
WN5 7FQ,5
WN5 7FR,5
WN5 7FS,5
WN5 7GA,7
WN5 7GB,9
WN5 7GD,9
WN5 7GE,9
WN5 7GL,9
WN5 7GY,5
WN5 7GZ,2
WN5 7HA,5
WN5 7HB,5
WN5 7HD,5
WN5 7HE,5
WN5 7HF,5
WN5 7HG,5
WN5 7HQ,5
WN5 7HR,5
WN5 7HS,6
WN5 7HT,6
WN5 7HU,6
WN5 7HY,5
WN5 7HZ,7
WN5 7JA,5
WN5 7JB,7
WN5 7JD,7
WN5 7JE,7
WN5 7JF,7
WN5 7JG,7
WN5 7JH,7
WN5 7JJ,7
WN5 7JL,7
WN5 7JN,7
WN5 7JP,7
WN5 7JQ,7
WN5 7JR,7
WN5 7JS,7
WN5 7JT,7
WN5 7JU,9
WN5 7JW,7
WN5 7JX,9
WN5 7JY,5
WN5 7JZ,5
WN5 7LA,6
WN5 7LB,6
WN5 7LD,6
WN5 7LE,6
WN5 7LF,6
WN5 7LG,6
WN5 7LH,6
WN5 7LJ,6
WN5 7LL,6
WN5 7LN,6
WN5 7LP,6
WN5 7LQ,6
WN5 7LR,5
WN5 7LS,6
WN5 7LT,6
WN5 7LU,5
WN5 7LW,5
WN5 7LX,6
WN5 7LY,5
WN5 7LZ,5
WN5 7NA,5
WN5 7NB,6
WN5 7ND,6
WN5 7NE,6
WN5 7NF,6
WN5 7NG,5
WN5 7NH,5
WN5 7NJ,5
WN5 7NL,5
WN5 7NN,5
WN5 7NP,5
WN5 7NQ,5
WN5 7NR,6
WN5 7NS,6
WN5 7NT,6
WN5 7NU,5
WN5 7NW,5
WN5 7NX,5
WN5 7NY,9
WN5 7NZ,9
WN5 7PA,5
WN5 7PB,9
WN5 7PD,5
WN5 7PE,5
WN5 7PF,9
WN5 7PG,5
WN5 7PH,9
WN5 7PJ,9
WN5 7PL,9
WN5 7PN,5
WN5 7PP,9
WN5 7PQ,9
WN5 7PR,9
WN5 7PS,5
WN5 7PT,9
WN5 7PU,5
WN5 7PW,5
WN5 7PX,5
WN5 7PY,5
WN5 7PZ,5
WN5 7QA,9
WN5 7QB,5
WN5 7QD,9
WN5 7QE,9
WN5 7QF,9
WN5 7QG,9
WN5 7QH,9
WN5 7QJ,9
WN5 7QL,9
WN5 7QN,9
WN5 7QP,9
WN5 7QQ,9
WN5 7QR,9
WN5 7QS,9
WN5 7QT,9
WN5 7QU,9
WN5 7QW,9
WN5 7QX,9
WN5 7QY,9
WN5 7QZ,9
WN5 7RX,9
WN5 7RY,9
WN5 7RZ,9
WN5 7SA,9
WN5 7SB,9
WN5 7SD,9
WN5 7SE,9
WN5 7SF,9
WN5 7TA,6
WN5 7TB,6
WN5 7TD,6
WN5 7TE,9
WN5 7TF,9
WN5 7TG,9
WN5 7TH,9
WN5 7TJ,5
WN5 7TL,9
WN5 7TN,9
WN5 7TP,9
WN5 7TQ,9
WN5 7TR,9
WN5 7TS,9
WN5 7TT,9
WN5 7TU,9
WN5 7TW,9
WN5 7TX,9
WN5 7TY,9
WN5 7TZ,9
WN5 7UA,5
WN5 7UB,9
WN5 7UD,9
WN5 7UE,9
WN5 7UZ,7
WN5 7WA,2
WN5 7WT,2
WN5 7WU,2
WN5 7WW,2
WN5 7WX,2
WN5 7WY,9
WN5 7WZ,2
WN5 7XA,5
WN5 7XB,5
WN5 7XD,5
WN5 7XE,5
WN5 7XF,5
WN5 7XG,7
WN5 7XH,5
WN5 7XL,7
WN5 7XN,5
WN5 7XP,2
WN5 7XQ,2
WN5 7XR,6
WN5 7XS,7
WN5 7XT,7
WN5 7XU,7
WN5 7XW,7
WN5 7XX,7
WN5 7XY,7
WN5 7XZ,7
WN5 7YA,2
WN5 7YB,7
WN5 7YD,2
WN5 8AA,3
WN5 8AB,3
WN5 8AD,3
WN5 8AE,3
WN5 8AF,3
WN5 8AG,3
WN5 8AH,3
WN5 8AJ,2
WN5 8AL,3
WN5 8AN,3
WN5 8AP,3
WN5 8AQ,3
WN5 8AR,3
WN5 8AS,3
WN5 8AT,3
WN5 8AU,3
WN5 8AW,3
WN5 8AX,3
WN5 8AY,3
WN5 8AZ,4
WN5 8BA,3
WN5 8BB,3
WN5 8BD,3
WN5 8BE,3
WN5 8BF,3
WN5 8BG,3
WN5 8BH,3
WN5 8BJ,3
WN5 8BL,3
WN5 8BN,3
WN5 8BP,3
WN5 8BQ,3
WN5 8BS,3
WN5 8BT,3
WN5 8BU,3
WN5 8BW,3
WN5 8BX,3
WN5 8BY,3
WN5 8BZ,3
WN5 8DA,3
WN5 8DB,3
WN5 8DD,5
WN5 8DE,5
WN5 8DF,5
WN5 8DG,5
WN5 8DH,3
WN5 8DJ,3
WN5 8DL,3
WN5 8DN,3
WN5 8DP,3
WN5 8DQ,3
WN5 8DR,3
WN5 8DS,3
WN5 8DT,3
WN5 8DU,9
WN5 8DW,3
WN5 8DX,5
WN5 8DY,3
WN5 8DZ,2
WN5 8EA,3
WN5 8EB,3
WN5 8ED,3
WN5 8EE,5
WN5 8EF,3
WN5 8EG,3
WN5 8EH,2
WN5 8EJ,3
WN5 8EL,3
WN5 8EN,3
WN5 8EP,3
WN5 8EQ,3
WN5 8ER,3
WN5 8ES,2
WN5 8ET,2
WN5 8EU,2
WN5 8EW,3
WN5 8EX,3
WN5 8EY,4
WN5 8EZ,4
WN5 8FA,8
WN5 8FB,4
WN5 8FD,8
WN5 8FE,8
WN5 8FF,8
WN5 8FG,8
WN5 8FH,2
WN5 8FJ,2
WN5 8FL,9
WN5 8FN,2
WN5 8FP,8
WN5 8FQ,2
WN5 8FR,3
WN5 8FZ,9
WN5 8HA,4
WN5 8HB,4
WN5 8HD,4
WN5 8HE,3
WN5 8HF,9
WN5 8HG,9
WN5 8HH,8
WN5 8HJ,4
WN5 8HL,4
WN5 8HN,4
WN5 8HP,4
WN5 8HQ,8
WN5 8HR,4
WN5 8HS,4
WN5 8HT,4
WN5 8HU,4
WN5 8HW,4
WN5 8HX,4
WN5 8HY,4
WN5 8HZ,4
WN5 8JA,4
WN5 8JB,4
WN5 8JD,4
WN5 8JE,4
WN5 8JF,4
WN5 8JG,3
WN5 8JH,3
WN5 8JL,3
WN5 8JN,3
WN5 8JP,3
WN5 8JQ,8
WN5 8JR,3
WN5 8JS,3
WN5 8JT,3
WN5 8JU,3
WN5 8JW,3
WN5 8JX,3
WN5 8JY,3
WN5 8JZ,3
WN5 8LA,9
WN5 8LB,3
WN5 8LP,8
WN5 8LR,8
WN5 8LS,8
WN5 8LT,8
WN5 8LU,8
WN5 8LX,8
WN5 8LY,8
WN5 8LZ,8
WN5 8NA,8
WN5 8NB,9
WN5 8ND,5
WN5 8NE,5
WN5 8NF,5
WN5 8NG,5
WN5 8NH,5
WN5 8NJ,5
WN5 8NL,5
WN5 8NN,5
WN5 8NP,9
WN5 8NQ,5
WN5 8NR,9
WN5 8NS,8
WN5 8NT,8
WN5 8NU,8
WN5 8NX,8
WN5 8NY,8
WN5 8NZ,8
WN5 8PA,8
WN5 8PB,8
WN5 8PD,8
WN5 8PE,8
WN5 8PF,8
WN5 8PG,8
WN5 8PH,8
WN5 8PJ,8
WN5 8PL,8
WN5 8PN,8
WN5 8PP,8
WN5 8PQ,8
WN5 8PR,8
WN5 8PS,8
WN5 8PT,8
WN5 8PU,9
WN5 8PW,9
WN5 8PX,9
WN5 8PY,8
WN5 8PZ,8
WN5 8QA,9
WN5 8QB,9
WN5 8QD,9
WN5 8QE,9
WN5 8QF,9
WN5 8QG,9
WN5 8QH,9
WN5 8QJ,9
WN5 8QL,9
WN5 8QU,5
WN5 8QX,9
WN5 8QY,9
WN5 8QZ,9
WN5 8RA,9
WN5 8RB,9
WN5 8RD,9
WN5 8RF,9
WN5 8RG,9
WN5 8RH,9
WN5 8RJ,9
WN5 8RL,9
WN5 8RN,9
WN5 8RP,9
WN5 8RQ,9
WN5 8RR,9
WN5 8RS,9
WN5 8RT,5
WN5 8RU,5
WN5 8RW,9
WN5 8RX,5
WN5 8RY,5
WN5 8RZ,5
WN5 8SA,5
WN5 8SB,9
WN5 8SD,9
WN5 8SE,5
WN5 8SF,9
WN5 8SG,9
WN5 8SH,9
WN5 8SJ,5
WN5 8SL,5
WN5 8SN,5
WN5 8SP,9
WN5 8SQ,9
WN5 8SR,9
WN5 8SS,9
WN5 8ST,5
WN5 8SU,5
WN5 8SW,9
WN5 8SX,9
WN5 8SY,9
WN5 8SZ,9
WN5 8TA,9
WN5 8TB,9
WN5 8TD,9
WN5 8TE,9
WN5 8TF,9
WN5 8TG,9
WN5 8TH,5
WN5 8TJ,5
WN5 8TL,5
WN5 8TN,9
WN5 8TP,9
WN5 8TQ,5
WN5 8TR,9
WN5 8TS,9
WN5 8TT,9
WN5 8TU,9
WN5 8TW,9
WN5 8TX,9
WN5 8TY,9
WN5 8TZ,9
WN5 8UA,7
WN5 8UB,7
WN5 8UD,7
WN5 8UE,7
WN5 8UF,7
WN5 8UG,7
WN5 8UH,9
WN5 8UJ,7
WN5 8UL,9
WN5 8UN,7
WN5 8UP,9
WN5 8UQ,7
WN5 8UR,9
WN5 8US,9
WN5 8UT,9
WN5 8UU,9
WN5 8UW,7
WN5 8UX,5
WN5 8UY,5
WN5 8UZ,5
WN5 8WA,7
WN5 8WT,2
WN5 8WU,7
WN5 8WW,2
WN5 8WX,2
WN5 8WY,2
WN5 8WZ,7
WN5 8XA,2
WN5 8XB,2
WN5 9AA,2
WN5 9AB,4
WN5 9AD,4
WN5 9AE,2
WN5 9AJ,4
WN5 9AL,2
WN5 9AN,4
WN5 9AP,2
WN5 9AR,4
WN5 9AS,2
WN5 9AT,2
WN5 9AU,4
WN5 9AW,2
WN5 9AX,2
WN5 9AY,4
WN5 9AZ,4
WN5 9BA,4
WN5 9BB,4
WN5 9BD,4
WN5 9BG,2
WN5 9BH,2
WN5 9BJ,2
WN5 9BL,2
WN5 9BN,2
WN5 9BP,2
WN5 9BQ,2
WN5 9BW,2
WN5 9BX,4
WN5 9BY,2
WN5 9BZ,2
WN5 9DA,4
WN5 9DB,4
WN5 9DD,4
WN5 9DE,4
WN5 9DF,4
WN5 9DG,2
WN5 9DH,2
WN5 9DJ,5
WN5 9DL,4
WN5 9DN,1
WN5 9DP,2
WN5 9DQ,2
WN5 9DR,2
WN5 9DS,2
WN5 9DT,4
WN5 9DU,2
WN5 9DX,2
WN5 9DZ,2
WN5 9EA,4
WN5 9EB,4
WN5 9ED,2
WN5 9EE,4
WN5 9EF,4
WN5 9EH,4
WN5 9EJ,4
WN5 9EL,4
WN5 9EN,4
WN5 9EP,4
WN5 9EQ,4
WN5 9ER,4
WN5 9ES,4
WN5 9ET,4
WN5 9EU,5
WN5 9EX,5
WN5 9EY,4
WN5 9EZ,4
WN5 9FA,4
WN5 9FB,1
WN5 9FD,1
WN5 9FE,1
WN5 9FF,1
WN5 9FG,2
WN5 9HA,4
WN5 9HB,5
WN5 9HD,5
WN5 9HE,5
WN5 9HF,5
WN5 9HG,5
WN5 9HH,2
WN5 9HJ,2
WN5 9HL,5
WN5 9HN,5
WN5 9HP,5
WN5 9HQ,2
WN5 9HR,5
WN5 9HS,5
WN5 9HT,5
WN5 9HU,4
WN5 9HW,5
WN5 9HX,5
WN5 9HY,5
WN5 9HZ,5
WN5 9JA,5
WN5 9JB,5
WN5 9JD,5
WN5 9JE,5
WN5 9JF,5
WN5 9JG,5
WN5 9JH,4
WN5 9JJ,4
WN5 9JL,5
WN5 9JN,4
WN5 9JP,4
WN5 9JQ,5
WN5 9JR,5
WN5 9JU,2
WN5 9JW,4
WN5 9JX,2
WN5 9JY,2
WN5 9LA,2
WN5 9LB,2
WN5 9LD,2
WN5 9LE,2
WN5 9LF,2
WN5 9LG,2
WN5 9LH,3
WN5 9LJ,3
WN5 9LL,3
WN5 9LN,3
WN5 9LP,1
WN5 9LQ,3
WN5 9LR,1
WN5 9LS,1
WN5 9LT,1
WN5 9LU,1
WN5 9LW,1
WN5 9LX,1
WN5 9LY,1
WN5 9LZ,1
WN5 9NA,1
WN5 9NB,1
WN5 9ND,1
WN5 9NE,1
WN5 9NF,1
WN5 9NG,1
WN5 9NH,1
WN5 9NJ,3
WN5 9NL,1
WN5 9NQ,1
WN5 9NT,2
WN5 9NU,2
WN5 9NX,4
WN5 9NY,2
WN5 9NZ,2
WN5 9PA,4
WN5 9PB,2
WN5 9PD,4
WN5 9PE,1
WN5 9PF,1
WN5 9PG,1
WN5 9PH,1
WN5 9PJ,1
WN5 9PL,1
WN5 9PN,1
WN5 9PP,1
WN5 9PQ,1
WN5 9PR,1
WN5 9PS,1
WN5 9PT,1
WN5 9PU,1
WN5 9PW,1
WN5 9PX,1
WN5 9PY,1
WN5 9PZ,1
WN5 9QA,1
WN5 9QB,1
WN5 9QD,1
WN5 9QE,1
WN5 9QF,1
WN5 9QG,1
WN5 9QH,1
WN5 9QJ,2
WN5 9QL,2
WN5 9QN,2
WN5 9QP,2
WN5 9QQ,1
WN5 9QR,3
WN5 9QS,3
WN5 9QT,2
WN5 9QU,2
WN5 9QW,2
WN5 9QX,2
WN5 9QY,1
WN5 9QZ,1
WN5 9RA,1
WN5 9RB,1
WN5 9RD,1
WN5 9RE,1
WN5 9RF,1
WN5 9RG,1
WN5 9RH,1
WN5 9RJ,1
WN5 9RL,1
WN5 9RN,1
WN5 9RP,1
WN5 9RQ,1
WN5 9RR,1
WN5 9RS,1
WN5 9RT,1
WN5 9RU,1
WN5 9RW,1
WN5 9RX,1
WN5 9RY,1
WN5 9RZ,2
WN5 9SA,1
WN5 9SB,1
WN5 9SD,1
WN5 9SE,1
WN5 9SG,1
WN5 9SH,1
WN5 9SJ,1
WN5 9SL,1
WN5 9SN,1
WN5 9SP,1
WN5 9SQ,1
WN5 9SR,1
WN5 9SS,1
WN5 9ST,1
WN5 9SU,1
WN5 9SW,1
WN5 9SX,1
WN5 9SY,2
WN5 9SZ,1
WN5 9TA,1
WN5 9TB,1
WN5 9TG,3
WN5 9TH,3
WN5 9TJ,3
WN5 9TL,1
WN5 9TN,3
WN5 9TP,3
WN5 9TQ,3
WN5 9TR,1
WN5 9TS,1
WN5 9TT,3
WN5 9TU,3
WN5 9TW,3
WN5 9TX,3
WN5 9TY,3
WN5 9TZ,3
WN5 9UA,2
WN5 9UB,2
WN5 9UD,2
WN5 9UE,3
WN5 9UF,3
WN5 9UG,2
WN5 9UH,1
WN5 9UJ,1
WN5 9UL,1
WN5 9UN,1
WN5 9UP,1
WN5 9UQ,2
WN5 9UR,2
WN5 9UT,2
WN5 9UU,2
WN5 9UW,1
WN5 9UX,2
WN5 9UY,2
WN5 9UZ,2
WN5 9WA,2
WN5 9WU,2
WN5 9WW,2
WN5 9WX,2
WN5 9WZ,2
WN5 9XA,1
WN5 9XB,1
WN5 9XH,2
WN5 9XJ,1
WN5 9XL,1
WN5 9XN,1
WN5 9XP,2
WN5 9XR,2
WN5 9XS,1
WN5 9XT,1
WN5 9XU,2
WN5 9XW,1
WN5 9XX,2
WN5 9XY,2
WN5 9YA,1
WN5 9YB,1
WN5 9YD,2
WN5 9YZ,2
WN6 0AA,8
WN6 0AB,8
WN6 0AD,9
WN6 0AE,9
WN6 0AF,8
WN6 0AG,9
WN6 0AH,9
WN6 0AJ,8
WN6 0AL,8
WN6 0AN,8
WN6 0AP,9
WN6 0AQ,9
WN6 0AR,9
WN6 0AS,9
WN6 0AT,9
WN6 0AU,9
WN6 0AW,8
WN6 0AX,9
WN6 0AY,9
WN6 0AZ,9
WN6 0BA,8
WN6 0BB,8
WN6 0BD,8
WN6 0BE,8
WN6 0BF,8
WN6 0BG,8
WN6 0BH,9
WN6 0BJ,9
WN6 0BL,9
WN6 0BN,9
WN6 0BP,8
WN6 0BQ,9
WN6 0BS,9
WN6 0BT,9
WN6 0BU,8
WN6 0BW,9
WN6 0BX,8
WN6 0BY,8
WN6 0BZ,8
WN6 0DA,8
WN6 0DB,3
WN6 0DD,8
WN6 0DE,3
WN6 0DF,3
WN6 0DG,3
WN6 0DH,3
WN6 0DJ,8
WN6 0DL,8
WN6 0DN,3
WN6 0DP,3
WN6 0DQ,3
WN6 0DR,3
WN6 0DS,3
WN6 0DT,8
WN6 0DU,3
WN6 0DW,3
WN6 0DX,3
WN6 0DY,8
WN6 0DZ,8
WN6 0EA,8
WN6 0EB,8
WN6 0ED,8
WN6 0EE,8
WN6 0EF,8
WN6 0EG,8
WN6 0EH,8
WN6 0EJ,8
WN6 0EL,8
WN6 0EN,8
WN6 0EP,3
WN6 0EQ,8
WN6 0ER,8
WN6 0ES,3
WN6 0ET,8
WN6 0EU,8
WN6 0EW,3
WN6 0EX,8
WN6 0EY,8
WN6 0EZ,8
WN6 0FA,8
WN6 0FB,2
WN6 0FD,3
WN6 0FE,3
WN6 0FF,2
WN6 0FG,3
WN6 0FH,3
WN6 0FJ,3
WN6 0FL,8
WN6 0FN,2
WN6 0FP,3
WN6 0FQ,2
WN6 0FR,3
WN6 0FS,3
WN6 0FT,3
WN6 0FU,3
WN6 0FW,2
WN6 0FX,3
WN6 0FY,3
WN6 0FZ,2
WN6 0GA,8
WN6 0GB,2
WN6 0GD,2
WN6 0GE,2
WN6 0GF,8
WN6 0GG,9
WN6 0GH,9
WN6 0GJ,8
WN6 0GL,10
WN6 0GN,10
WN6 0GP,10
WN6 0GQ,8
WN6 0GR,10
WN6 0GS,10
WN6 0GT,10
WN6 0GU,8
WN6 0GW,3
WN6 0GX,3
WN6 0GY,8
WN6 0GZ,3
WN6 0HA,8
WN6 0HB,8
WN6 0HD,8
WN6 0HE,8
WN6 0HF,8
WN6 0HG,8
WN6 0HH,8
WN6 0HJ,8
WN6 0HL,8
WN6 0HN,3
WN6 0HP,3
WN6 0HQ,8
WN6 0HR,3
WN6 0HS,9
WN6 0HT,3
WN6 0HU,8
WN6 0HW,8
WN6 0HX,8
WN6 0HY,9
WN6 0HZ,10
WN6 0JA,9
WN6 0JB,6
WN6 0JD,6
WN6 0JE,6
WN6 0JF,9
WN6 0JG,6
WN6 0JH,3
WN6 0JJ,3
WN6 0JL,3
WN6 0JN,3
WN6 0JP,8
WN6 0JQ,6
WN6 0JR,3
WN6 0JS,8
WN6 0JT,8
WN6 0JU,8
WN6 0JW,3
WN6 0JX,3
WN6 0JY,8
WN6 0JZ,3
WN6 0LA,3
WN6 0LB,3
WN6 0LD,9
WN6 0LE,6
WN6 0LF,3
WN6 0LG,6
WN6 0LH,6
WN6 0LJ,3
WN6 0LL,6
WN6 0LN,6
WN6 0LP,6
WN6 0LQ,6
WN6 0LR,6
WN6 0LS,6
WN6 0LT,3
WN6 0LU,3
WN6 0LW,6
WN6 0LX,6
WN6 0LY,3
WN6 0LZ,3
WN6 0NA,10
WN6 0NB,10
WN6 0ND,10
WN6 0NE,10
WN6 0NF,10
WN6 0NG,3
WN6 0NH,3
WN6 0NJ,3
WN6 0NL,3
WN6 0NN,6
WN6 0NP,6
WN6 0NQ,9
WN6 0NR,8
WN6 0NS,8
WN6 0NT,8
WN6 0NU,6
WN6 0NW,6
WN6 0NX,8
WN6 0NY,8
WN6 0NZ,8
WN6 0PA,6
WN6 0PB,6
WN6 0PD,9
WN6 0PE,2
WN6 0PG,6
WN6 0PH,9
WN6 0PJ,9
WN6 0PL,8
WN6 0PN,8
WN6 0PP,8
WN6 0PQ,10
WN6 0PR,8
WN6 0PS,8
WN6 0PT,8
WN6 0PU,8
WN6 0PW,8
WN6 0PX,8
WN6 0PY,8
WN6 0PZ,8
WN6 0QA,8
WN6 0QB,8
WN6 0QD,8
WN6 0QE,8
WN6 0QF,6
WN6 0QG,6
WN6 0QH,6
WN6 0QJ,6
WN6 0QL,6
WN6 0QN,6
WN6 0QP,8
WN6 0QQ,6
WN6 0QR,8
WN6 0QS,9
WN6 0QT,8
WN6 0QU,8
WN6 0QW,8
WN6 0QX,8
WN6 0QY,8
WN6 0QZ,8
WN6 0RA,9
WN6 0RB,9
WN6 0RD,9
WN6 0RE,9
WN6 0RF,9
WN6 0RG,9
WN6 0RH,9
WN6 0RJ,9
WN6 0RL,9
WN6 0RN,9
WN6 0RP,9
WN6 0RQ,9
WN6 0RR,9
WN6 0RS,9
WN6 0RT,9
WN6 0RU,9
WN6 0RW,9
WN6 0RX,9
WN6 0RY,9
WN6 0RZ,9
WN6 0SA,9
WN6 0SB,9
WN6 0SD,9
WN6 0SE,9
WN6 0SF,9
WN6 0SG,9
WN6 0SH,9
WN6 0SJ,9
WN6 0SL,9
WN6 0SN,9
WN6 0SP,9
WN6 0SQ,9
WN6 0SR,9
WN6 0SS,9
WN6 0ST,9
WN6 0SU,9
WN6 0SW,9
WN6 0SX,9
WN6 0SY,9
WN6 0SZ,9
WN6 0TA,9
WN6 0TB,9
WN6 0TD,9
WN6 0TE,8
WN6 0TF,9
WN6 0TG,8
WN6 0TH,8
WN6 0TJ,8
WN6 0TL,8
WN6 0TN,8
WN6 0TP,8
WN6 0TQ,8
WN6 0TR,8
WN6 0TS,8
WN6 0TT,8
WN6 0TU,8
WN6 0TW,8
WN6 0TX,8
WN6 0TY,8
WN6 0TZ,8
WN6 0UA,9
WN6 0UB,9
WN6 0UD,9
WN6 0UE,8
WN6 0UF,8
WN6 0UG,8
WN6 0UH,9
WN6 0UJ,9
WN6 0UL,8
WN6 0UN,9
WN6 0UP,9
WN6 0UQ,8
WN6 0UR,9
WN6 0US,9
WN6 0UT,6
WN6 0UU,8
WN6 0UW,9
WN6 0UX,9
WN6 0UY,8
WN6 0UZ,8
WN6 0WA,2
WN6 0WF,8
WN6 0WG,8
WN6 0WQ,2
WN6 0WR,2
WN6 0WS,2
WN6 0WT,2
WN6 0WU,2
WN6 0WW,3
WN6 0WX,2
WN6 0WY,2
WN6 0WZ,2
WN6 0XA,3
WN6 0XB,10
WN6 0XD,10
WN6 0XE,10
WN6 0XF,10
WN6 0XG,10
WN6 0XH,10
WN6 0XJ,3
WN6 0XL,10
WN6 0XN,10
WN6 0XP,8
WN6 0XQ,10
WN6 0XR,10
WN6 0XS,10
WN6 0XT,10
WN6 0XU,10
WN6 0XW,10
WN6 0XX,2
WN6 0XY,10
WN6 0XZ,2
WN6 0YA,1
WN6 0YB,8
WN6 0YD,8
WN6 0YE,8
WN6 0YF,8
WN6 0YG,8
WN6 0YH,9
WN6 0YJ,9
WN6 0YL,9
WN6 0YN,9
WN6 0YP,9
WN6 0YQ,8
WN6 0YR,10
WN6 0YS,10
WN6 0YX,9
WN6 0ZB,9
WN6 0ZD,9
WN6 0ZE,9
WN6 0ZF,9
WN6 0ZG,9
WN6 0ZH,9
WN6 0ZJ,9
WN6 0ZL,9
WN6 0ZT,8
WN6 0ZU,8
WN6 7AA,6
WN6 7AB,2
WN6 7AD,6
WN6 7AE,2
WN6 7AF,2
WN6 7AG,2
WN6 7AH,5
WN6 7AJ,5
WN6 7AL,6
WN6 7AN,6
WN6 7AP,6
WN6 7AQ,6
WN6 7AR,6
WN6 7AS,6
WN6 7AT,5
WN6 7AU,5
WN6 7AW,6
WN6 7AX,5
WN6 7AY,5
WN6 7AZ,6
WN6 7BA,5
WN6 7BB,6
WN6 7BD,5
WN6 7BE,5
WN6 7BF,6
WN6 7BG,6
WN6 7BH,6
WN6 7BJ,6
WN6 7BL,6
WN6 7BN,6
WN6 7BP,6
WN6 7BQ,6
WN6 7BS,6
WN6 7BT,6
WN6 7BU,6
WN6 7BW,6
WN6 7BX,6
WN6 7DA,2
WN6 7DB,2
WN6 7DD,2
WN6 7DE,2
WN6 7DF,2
WN6 7DG,2
WN6 7DH,6
WN6 7DJ,6
WN6 7DL,6
WN6 7DN,6
WN6 7DP,2
WN6 7DQ,2
WN6 7DR,2
WN6 7DS,2
WN6 7DT,2
WN6 7DU,2
WN6 7DW,6
WN6 7DX,2
WN6 7DY,6
WN6 7DZ,2
WN6 7EA,2
WN6 7EB,2
WN6 7ED,2
WN6 7EE,2
WN6 7EF,6
WN6 7EG,6
WN6 7EH,2
WN6 7EJ,5
WN6 7EL,5
WN6 7EN,5
WN6 7EP,2
WN6 7EQ,6
WN6 7ER,5
WN6 7ES,5
WN6 7ET,6
WN6 7EU,5
WN6 7EW,5
WN6 7EX,5
WN6 7EY,5
WN6 7EZ,5
WN6 7FA,6
WN6 7FB,2
WN6 7FD,6
WN6 7FE,6
WN6 7FF,6
WN6 7FG,1
WN6 7FH,6
WN6 7FJ,6
WN6 7FL,6
WN6 7FN,2
WN6 7FP,6
WN6 7FQ,1
WN6 7FR,2
WN6 7FS,2
WN6 7FT,6
WN6 7FU,2
WN6 7FW,5
WN6 7FX,2
WN6 7FY,2
WN6 7GZ,2
WN6 7HA,6
WN6 7HB,6
WN6 7HD,6
WN6 7HE,6
WN6 7HF,6
WN6 7HG,6
WN6 7HH,6
WN6 7HJ,6
WN6 7HL,6
WN6 7HN,6
WN6 7HP,3
WN6 7HQ,6
WN6 7HR,6
WN6 7HS,6
WN6 7HT,6
WN6 7HU,6
WN6 7HW,6
WN6 7HX,6
WN6 7HY,6
WN6 7HZ,6
WN6 7JA,6
WN6 7JB,6
WN6 7JD,6
WN6 7JE,6
WN6 7JF,6
WN6 7JG,6
WN6 7JH,6
WN6 7JJ,6
WN6 7JN,6
WN6 7JQ,6
WN6 7JZ,2
WN6 7LA,1
WN6 7LB,2
WN6 7LD,2
WN6 7LE,5
WN6 7LF,2
WN6 7LG,5
WN6 7LH,5
WN6 7LJ,5
WN6 7LL,5
WN6 7LN,2
WN6 7LP,5
WN6 7LQ,2
WN6 7LR,2
WN6 7LS,2
WN6 7LT,2
WN6 7LU,2
WN6 7LW,5
WN6 7LX,2
WN6 7LY,5
WN6 7LZ,5
WN6 7NA,5
WN6 7NB,5
WN6 7ND,5
WN6 7NE,5
WN6 7NF,5
WN6 7NG,5
WN6 7NH,5
WN6 7NJ,5
WN6 7NL,5
WN6 7NN,5
WN6 7NP,5
WN6 7NQ,5
WN6 7NR,5
WN6 7NS,5
WN6 7NT,3
WN6 7NU,3
WN6 7NW,5
WN6 7NX,3
WN6 7NY,5
WN6 7NZ,5
WN6 7PA,6
WN6 7PD,6
WN6 7PE,6
WN6 7PF,6
WN6 7PG,6
WN6 7PH,6
WN6 7PJ,6
WN6 7PL,6
WN6 7PN,6
WN6 7PP,6
WN6 7PQ,6
WN6 7PR,6
WN6 7PS,6
WN6 7PT,1
WN6 7PU,6
WN6 7PW,6
WN6 7PX,1
WN6 7PY,6
WN6 7PZ,6
WN6 7QA,6
WN6 7QB,3
WN6 7QD,3
WN6 7QE,1
WN6 7QF,5
WN6 7QG,5
WN6 7QH,5
WN6 7QJ,5
WN6 7QL,5
WN6 7QN,5
WN6 7QP,5
WN6 7RA,6
WN6 7RB,6
WN6 7RD,5
WN6 7RE,6
WN6 7RF,6
WN6 7RG,6
WN6 7RH,5
WN6 7RJ,1
WN6 7RL,1
WN6 7RN,5
WN6 7RP,3
WN6 7RQ,5
WN6 7RR,5
WN6 7RS,3
WN6 7RT,5
WN6 7RU,5
WN6 7RW,3
WN6 7RX,5
WN6 7RY,5
WN6 7RZ,5
WN6 7SA,5
WN6 7SB,5
WN6 7SD,5
WN6 7SE,5
WN6 7SF,5
WN6 7SG,5
WN6 7SH,5
WN6 7SJ,5
WN6 7SL,5
WN6 7SN,1
WN6 7SQ,3
WN6 7SZ,1
WN6 7TA,1
WN6 7TB,1
WN6 7TD,5
WN6 7TE,5
WN6 7TF,5
WN6 7TG,4
WN6 7TH,5
WN6 7TJ,4
WN6 7TL,4
WN6 7TN,4
WN6 7TP,4
WN6 7TQ,4
WN6 7TR,3
WN6 7TW,2
WN6 7WA,2
WN6 7WB,2
WN6 7WD,2
WN6 7WE,2
WN6 7WW,2
WN6 7WZ,2
WN6 7XA,2
WN6 7XB,2
WN6 7XD,2
WN6 7XE,2
WN6 7XF,2
WN6 7XG,2
WN6 7XH,2
WN6 7XJ,2
WN6 8AA,9
WN6 8AB,8
WN6 8AD,8
WN6 8AE,8
WN6 8AF,8
WN6 8AG,8
WN6 8AH,8
WN6 8AJ,9
WN6 8AN,8
WN6 8AP,9
WN6 8AQ,8
WN6 8AR,9
WN6 8AS,9
WN6 8AT,9
WN6 8AU,8
WN6 8AW,9
WN6 8AX,8
WN6 8AY,8
WN6 8AZ,9
WN6 8BA,9
WN6 8BB,9
WN6 8BD,9
WN6 8BE,9
WN6 8BG,9
WN6 8BH,8
WN6 8BJ,8
WN6 8BL,9
WN6 8BN,9
WN6 8BP,8
WN6 8BQ,9
WN6 8BS,8
WN6 8BT,9
WN6 8BU,8
WN6 8BW,8
WN6 8BX,8
WN6 8BY,9
WN6 8BZ,8
WN6 8DA,8
WN6 8DB,8
WN6 8DD,8
WN6 8DE,8
WN6 8DF,8
WN6 8DG,9
WN6 8DH,9
WN6 8DJ,9
WN6 8DL,9
WN6 8DN,10
WN6 8DP,10
WN6 8DQ,9
WN6 8DR,10
WN6 8DS,10
WN6 8DT,10
WN6 8DU,10
WN6 8DW,10
WN6 8DX,8
WN6 8DY,8
WN6 8DZ,8
WN6 8EA,8
WN6 8EB,8
WN6 8ED,8
WN6 8EE,8
WN6 8EF,8
WN6 8EG,8
WN6 8EH,8
WN6 8EJ,8
WN6 8EL,8
WN6 8EN,8
WN6 8EP,10
WN6 8EQ,8
WN6 8ER,10
WN6 8ES,8
WN6 8ET,8
WN6 8EU,8
WN6 8EW,8
WN6 8EX,8
WN6 8EY,10
WN6 8EZ,10
WN6 8FA,2
WN6 8FB,2
WN6 8FD,2
WN6 8FE,6
WN6 8FF,6
WN6 8FG,2
WN6 8FH,10
WN6 8FJ,6
WN6 8FL,2
WN6 8FN,6
WN6 8FP,8
WN6 8FZ,2
WN6 8GA,2
WN6 8GB,2
WN6 8GD,2
WN6 8GE,2
WN6 8GF,2
WN6 8GG,2
WN6 8GH,2
WN6 8GJ,8
WN6 8GL,8
WN6 8GN,2
WN6 8GT,6
WN6 8HA,8
WN6 8HB,2
WN6 8HD,2
WN6 8HE,2
WN6 8HF,2
WN6 8HG,2
WN6 8HH,10
WN6 8HJ,10
WN6 8HL,8
WN6 8HN,2
WN6 8HP,2
WN6 8HQ,2
WN6 8HR,2
WN6 8HS,8
WN6 8HT,8
WN6 8HU,8
WN6 8HW,2
WN6 8HX,8
WN6 8HY,8
WN6 8HZ,8
WN6 8JA,8
WN6 8JB,6
WN6 8JD,8
WN6 8JE,8
WN6 8JF,8
WN6 8JG,8
WN6 8JH,6
WN6 8JJ,6
WN6 8JL,6
WN6 8JN,6
WN6 8JP,6
WN6 8JQ,2
WN6 8JR,3
WN6 8JS,6
WN6 8JT,6
WN6 8JU,6
WN6 8JW,3
WN6 8JX,3
WN6 8JY,3
WN6 8JZ,3
WN6 8LA,3
WN6 8LB,6
WN6 8LD,6
WN6 8LE,6
WN6 8LF,6
WN6 8LG,6
WN6 8LH,6
WN6 8LJ,6
WN6 8LL,6
WN6 8LN,2
WN6 8LP,6
WN6 8LQ,6
WN6 8LR,2
WN6 8LS,6
WN6 8LT,6
WN6 8LU,6
WN6 8LW,6
WN6 8LX,6
WN6 8LY,6
WN6 8LZ,6
WN6 8NA,6
WN6 8NB,6
WN6 8ND,6
WN6 8NE,1
WN6 8NF,1
WN6 8NG,1
WN6 8NH,1
WN6 8NJ,1
WN6 8NL,1
WN6 8NN,3
WN6 8NP,3
WN6 8NQ,3
WN6 8NR,1
WN6 8NS,1
WN6 8NT,1
WN6 8NU,1
WN6 8NW,1
WN6 8NX,1
WN6 8NY,1
WN6 8NZ,1
WN6 8PA,3
WN6 8PB,3
WN6 8PD,3
WN6 8PE,1
WN6 8PF,3
WN6 8PG,1
WN6 8PH,1
WN6 8PJ,3
WN6 8PL,3
WN6 8PN,3
WN6 8PQ,1
WN6 8PR,8
WN6 8PW,3
WN6 8PY,2
WN6 8QA,3
WN6 8QB,3
WN6 8QD,3
WN6 8QE,3
WN6 8QF,3
WN6 8QG,3
WN6 8QH,3
WN6 8QJ,3
WN6 8QL,3
WN6 8QN,3
WN6 8QP,3
WN6 8QQ,3
WN6 8QR,3
WN6 8QS,3
WN6 8QT,3
WN6 8QU,3
WN6 8QW,3
WN6 8QX,3
WN6 8QY,3
WN6 8QZ,3
WN6 8RA,1
WN6 8RB,3
WN6 8RD,3
WN6 8RE,3
WN6 8RF,3
WN6 8RG,3
WN6 8RH,3
WN6 8RJ,3
WN6 8RL,3
WN6 8RN,3
WN6 8RP,9
WN6 8RQ,3
WN6 8RR,9
WN6 8RS,9
WN6 8RT,1
WN6 8RU,1
WN6 8RW,3
WN6 8RX,8
WN6 8RY,1
WN6 8RZ,3
WN6 8TA,6
WN6 8WA,2
WN6 8WH,2
WN6 8WJ,2
WN6 8WL,2
WN6 8WN,2
WN6 8WP,2
WN6 8WQ,6
WN6 8WR,2
WN6 8WS,2
WN6 8WT,2
WN6 8WU,2
WN6 8WW,2
WN6 8WX,2
WN6 8WY,2
WN6 8WZ,2
WN6 8XA,2
WN6 8YZ,2
WN6 9AA,10
WN6 9AB,8
WN6 9AD,8
WN6 9AE,8
WN6 9AF,8
WN6 9AG,8
WN6 9AH,8
WN6 9AJ,8
WN6 9AL,8
WN6 9AN,8
WN6 9AP,8
WN6 9AQ,8
WN6 9AR,8
WN6 9AS,8
WN6 9AT,8
WN6 9AU,8
WN6 9AW,8
WN6 9AX,8
WN6 9AY,8
WN6 9AZ,8
WN6 9BA,8
WN6 9BB,10
WN6 9BD,10
WN6 9BE,8
WN6 9BH,8
WN6 9DA,8
WN6 9DB,8
WN6 9DD,10
WN6 9DE,10
WN6 9DF,10
WN6 9DG,10
WN6 9DH,10
WN6 9DJ,8
WN6 9DL,8
WN6 9DN,8
WN6 9DP,8
WN6 9DQ,10
WN6 9DR,8
WN6 9DS,8
WN6 9DT,8
WN6 9DU,8
WN6 9DW,8
WN6 9DX,8
WN6 9DY,8
WN6 9DZ,8
WN6 9EA,8
WN6 9EB,8
WN6 9ED,8
WN6 9EE,8
WN6 9EF,9
WN6 9EG,9
WN6 9EH,10
WN6 9EJ,8
WN6 9EL,9
WN6 9EN,9
WN6 9EP,9
WN6 9EQ,9
WN6 9ER,9
WN6 9ES,9
WN6 9ET,8
WN6 9EU,8
WN6 9EW,9
WN6 9FA,2
WN6 9FB,9
WN6 9FD,9
WN6 9FE,9
WN6 9FF,9
WN6 9FG,9
WN6 9FH,2
WN6 9FJ,2
WN6 9GZ,9
WN6 9HA,8
WN6 9HB,8
WN6 9HD,8
WN6 9HE,10
WN6 9HF,8
WN6 9HT,8
WN6 9HU,10
WN6 9HW,9
WN6 9HX,10
WN6 9HY,8
WN6 9HZ,10
WN6 9JA,10
WN6 9JB,10
WN6 9JD,10
WN6 9JE,10
WN6 9JF,10
WN6 9JG,9
WN6 9JH,9
WN6 9JJ,9
WN6 9JL,9
WN6 9JN,9
WN6 9JP,9
WN6 9JQ,9
WN6 9JR,9
WN6 9JS,10
WN6 9JT,10
WN6 9JU,10
WN6 9JW,9
WN6 9JX,10
WN6 9JY,9
WN6 9JZ,9
WN6 9LA,9
WN6 9LB,9
WN6 9LD,9
WN6 9LE,9
WN6 9LF,9
WN6 9LG,9
WN6 9LH,9
WN6 9LJ,8
WN6 9LL,9
WN6 9LN,8
WN6 9LP,9
WN6 9LQ,9
WN6 9LW,9
WN6 9PA,9
WN6 9PB,9
WN6 9PD,9
WN6 9PE,9
WN6 9PF,9
WN6 9PJ,9
WN6 9PL,9
WN6 9PN,9
WN6 9PP,9
WN6 9PR,9
WN6 9PS,9
WN6 9PT,10
WN6 9PU,9
WN6 9PW,9
WN6 9PX,9
WN6 9PY,9
WN6 9PZ,9
WN6 9QA,9
WN6 9QB,9
WN6 9QD,9
WN6 9QE,9
WN6 9QF,9
WN6 9QG,9
WN6 9QP,2
WN6 9QQ,9
WN6 9QZ,9
WN6 9RA,9
WN6 9RB,9
WN6 9RD,9
WN6 9RE,9
WN6 9RF,9
WN6 9RG,9
WN6 9RH,9
WN6 9RJ,9
WN6 9RL,9
WN6 9RN,9
WN6 9RP,9
WN6 9RQ,9
WN6 9RR,9
WN6 9RS,9
WN6 9RT,9
WN6 9RU,9
WN6 9RW,9
WN6 9RX,9
WN6 9RY,9
WN6 9RZ,9
WN6 9SA,9
WN6 9SB,9
WN6 9SD,9
WN6 9SE,9
WN6 9SF,9
WN6 9SG,9
WN6 9SH,9
WN6 9SJ,9
WN6 9SL,9
WN6 9SN,9
WN6 9SP,9
WN6 9SQ,9
WN6 9SR,9
WN6 9SS,9
WN6 9SW,7
WN6 9WA,2
WN6 9WW,2
WN6 9WX,2
WN6 9WY,2
WN6 9WZ,7
WN6 9XA,2
WN6 9YZ,2
WN6 9ZP,2
WN6 9ZW,7
WN7 1AA,2
WN7 1AB,2
WN7 1AE,2
WN7 1AF,2
WN7 1AG,2
WN7 1AH,1
WN7 1AJ,2
WN7 1AL,2
WN7 1AN,2
WN7 1AP,2
WN7 1AQ,2
WN7 1AT,2
WN7 1AU,2
WN7 1AW,2
WN7 1AX,2
WN7 1AY,2
WN7 1AZ,2
WN7 1BA,2
WN7 1BB,2
WN7 1BD,2
WN7 1BE,2
WN7 1BF,2
WN7 1BG,2
WN7 1BH,2
WN7 1BJ,2
WN7 1BL,4
WN7 1BN,2
WN7 1BP,4
WN7 1BQ,2
WN7 1BS,2
WN7 1BT,2
WN7 1BU,2
WN7 1BW,2
WN7 1BX,2
WN7 1BY,2
WN7 1BZ,2
WN7 1DA,2
WN7 1DB,2
WN7 1DE,2
WN7 1DF,1
WN7 1DH,2
WN7 1DL,2
WN7 1DP,2
WN7 1DR,2
WN7 1DS,1
WN7 1DT,2
WN7 1DU,2
WN7 1DW,1
WN7 1DX,1
WN7 1DY,1
WN7 1DZ,2
WN7 1EA,1
WN7 1EB,1
WN7 1ED,2
WN7 1EE,2
WN7 1EF,7
WN7 1EG,2
WN7 1EH,7
WN7 1EJ,7
WN7 1EL,1
WN7 1EN,7
WN7 1EP,2
WN7 1EQ,2
WN7 1ER,1
WN7 1ES,1
WN7 1ET,2
WN7 1EU,1
WN7 1EW,7
WN7 1EX,2
WN7 1EY,2
WN7 1EZ,7
WN7 1FA,1
WN7 1FB,1
WN7 1FD,1
WN7 1FE,2
WN7 1FF,1
WN7 1GZ,1
WN7 1HA,7
WN7 1HB,7
WN7 1HD,7
WN7 1HE,2
WN7 1HF,3
WN7 1HG,7
WN7 1HH,7
WN7 1HJ,9
WN7 1HL,9
WN7 1HN,9
WN7 1HP,7
WN7 1HQ,7
WN7 1HR,7
WN7 1HS,7
WN7 1HT,7
WN7 1HU,7
WN7 1HW,9
WN7 1HX,2
WN7 1HY,9
WN7 1HZ,9
WN7 1JA,9
WN7 1JB,9
WN7 1JD,7
WN7 1JE,7
WN7 1JF,7
WN7 1JG,9
WN7 1JH,4
WN7 1JJ,4
WN7 1JL,4
WN7 1JN,7
WN7 1JP,7
WN7 1JQ,9
WN7 1JR,7
WN7 1JS,9
WN7 1JT,7
WN7 1JU,9
WN7 1JW,7
WN7 1JX,9
WN7 1JY,4
WN7 1JZ,9
WN7 1LA,7
WN7 1LB,7
WN7 1LD,7
WN7 1LE,7
WN7 1LH,2
WN7 1LJ,2
WN7 1LL,2
WN7 1LN,2
WN7 1LP,2
WN7 1LR,2
WN7 1LS,2
WN7 1LT,2
WN7 1LU,2
WN7 1LX,2
WN7 1LZ,2
WN7 1NA,1
WN7 1NB,2
WN7 1ND,1
WN7 1NE,2
WN7 1NF,2
WN7 1NG,1
WN7 1NH,1
WN7 1NJ,3
WN7 1NL,3
WN7 1NN,3
WN7 1NP,2
WN7 1NQ,1
WN7 1NR,3
WN7 1NS,3
WN7 1NT,3
WN7 1NU,3
WN7 1NW,3
WN7 1NX,5
WN7 1NY,5
WN7 1NZ,1
WN7 1PA,7
WN7 1PB,2
WN7 1PG,7
WN7 1PH,7
WN7 1PJ,7
WN7 1PP,7
WN7 1PQ,7
WN7 1PR,5
WN7 1PS,3
WN7 1PT,7
WN7 1PU,3
WN7 1PX,3
WN7 1PY,2
WN7 1PZ,3
WN7 1QA,2
WN7 1QB,2
WN7 1QD,2
WN7 1QH,2
WN7 1QJ,2
WN7 1QL,2
WN7 1QN,1
WN7 1QP,1
WN7 1QR,1
WN7 1QS,1
WN7 1QT,1
WN7 1QU,1
WN7 1QX,1
WN7 1QY,1
WN7 1QZ,1
WN7 1RB,1
WN7 1RD,1
WN7 1RE,1
WN7 1RF,1
WN7 1RG,1
WN7 1RH,1
WN7 1RJ,1
WN7 1RL,1
WN7 1RN,1
WN7 1RP,1
WN7 1RQ,1
WN7 1RR,1
WN7 1RS,1
WN7 1RT,1
WN7 1RU,1
WN7 1RW,1
WN7 1RX,1
WN7 1RY,3
WN7 1RZ,3
WN7 1SA,3
WN7 1SB,3
WN7 1SD,3
WN7 1SE,3
WN7 1SF,3
WN7 1SG,3
WN7 1SH,3
WN7 1SJ,3
WN7 1SL,1
WN7 1SN,5
WN7 1SP,5
WN7 1SQ,3
WN7 1SR,3
WN7 1SS,5
WN7 1ST,5
WN7 1SU,5
WN7 1SW,5
WN7 1TA,3
WN7 1TB,3
WN7 1TD,1
WN7 1TE,5
WN7 1TF,3
WN7 1TG,1
WN7 1TH,3
WN7 1TJ,5
WN7 1TL,5
WN7 1TN,5
WN7 1TP,5
WN7 1TQ,3
WN7 1TR,5
WN7 1TS,5
WN7 1TT,5
WN7 1TU,5
WN7 1TW,5
WN7 1TX,5
WN7 1TY,5
WN7 1TZ,5
WN7 1UA,5
WN7 1UB,5
WN7 1UD,5
WN7 1UE,5
WN7 1UG,3
WN7 1US,1
WN7 1UT,1
WN7 1UU,1
WN7 1UX,1
WN7 1UY,1
WN7 1UZ,1
WN7 1WG,1
WN7 1WH,1
WN7 1WJ,1
WN7 1WL,1
WN7 1WN,1
WN7 1WP,1
WN7 1WQ,1
WN7 1WR,1
WN7 1WS,1
WN7 1WT,1
WN7 1WU,1
WN7 1WW,2
WN7 1WX,1
WN7 1WY,1
WN7 1WZ,1
WN7 1XA,2
WN7 1XB,1
WN7 1XD,1
WN7 1XE,2
WN7 1XF,1
WN7 1XG,2
WN7 1XH,2
WN7 1XJ,2
WN7 1XL,2
WN7 1XN,2
WN7 1XP,2
WN7 1XQ,1
WN7 1XR,2
WN7 1XS,1
WN7 1XT,1
WN7 1XU,1
WN7 1XW,2
WN7 1XX,1
WN7 1XY,1
WN7 1XZ,1
WN7 1YA,1
WN7 1YB,4
WN7 1YD,1
WN7 1YE,1
WN7 1YF,1
WN7 1YG,1
WN7 1YH,1
WN7 1YJ,1
WN7 1YL,1
WN7 1YN,1
WN7 1ZT,1
WN7 2AA,4
WN7 2AB,1
WN7 2AD,4
WN7 2AE,3
WN7 2AF,3
WN7 2AG,3
WN7 2AH,4
WN7 2AJ,4
WN7 2AL,3
WN7 2AN,3
WN7 2AP,3
WN7 2AQ,3
WN7 2AR,3
WN7 2AS,3
WN7 2AT,3
WN7 2AU,3
WN7 2AW,3
WN7 2AX,3
WN7 2AY,3
WN7 2AZ,3
WN7 2BA,3
WN7 2BB,3
WN7 2BD,7
WN7 2BE,7
WN7 2BF,2
WN7 2BG,3
WN7 2BH,3
WN7 2BJ,3
WN7 2BL,3
WN7 2BN,3
WN7 2BP,3
WN7 2BQ,5
WN7 2BS,3
WN7 2BT,3
WN7 2BU,3
WN7 2BW,3
WN7 2BX,3
WN7 2BY,3
WN7 2BZ,3
WN7 2DA,4
WN7 2DB,4
WN7 2DD,3
WN7 2DE,4
WN7 2DF,4
WN7 2DG,4
WN7 2DH,4
WN7 2DJ,3
WN7 2DL,3
WN7 2DN,3
WN7 2DP,4
WN7 2DQ,1
WN7 2DR,3
WN7 2DS,3
WN7 2DT,3
WN7 2DU,3
WN7 2DW,3
WN7 2DX,3
WN7 2DY,3
WN7 2DZ,3
WN7 2EA,3
WN7 2EB,3
WN7 2ED,3
WN7 2EE,3
WN7 2EF,3
WN7 2EG,3
WN7 2EH,1
WN7 2EJ,1
WN7 2EL,1
WN7 2EN,1
WN7 2EP,1
WN7 2EQ,3
WN7 2ER,3
WN7 2EU,1
WN7 2EX,1
WN7 2EY,1
WN7 2EZ,1
WN7 2FA,7
WN7 2FB,9
WN7 2FD,7
WN7 2FE,9
WN7 2FF,7
WN7 2FG,7
WN7 2FH,7
WN7 2FJ,1
WN7 2FL,7
WN7 2FZ,7
WN7 2GA,9
WN7 2GB,9
WN7 2GD,9
WN7 2GE,9
WN7 2GF,9
WN7 2GG,9
WN7 2GH,9
WN7 2GJ,9
WN7 2GL,9
WN7 2GN,9
WN7 2GP,9
WN7 2HA,4
WN7 2HB,4
WN7 2HD,4
WN7 2HE,9
WN7 2HF,4
WN7 2HG,4
WN7 2HH,9
WN7 2HJ,9
WN7 2HL,9
WN7 2HN,1
WN7 2HP,7
WN7 2HQ,9
WN7 2HR,9
WN7 2HS,9
WN7 2HT,9
WN7 2HU,7
WN7 2HW,4
WN7 2HX,7
WN7 2HY,7
WN7 2HZ,7
WN7 2JA,7
WN7 2JB,7
WN7 2JD,4
WN7 2JE,4
WN7 2JF,7
WN7 2JG,7
WN7 2JH,7
WN7 2JJ,7
WN7 2JL,7
WN7 2JN,4
WN7 2JP,4
WN7 2JQ,7
WN7 2LA,7
WN7 2LB,3
WN7 2LD,7
WN7 2LE,7
WN7 2LF,7
WN7 2LG,7
WN7 2LH,3
WN7 2LL,2
WN7 2LN,2
WN7 2LP,2
WN7 2LQ,7
WN7 2LR,3
WN7 2LS,2
WN7 2LT,2
WN7 2LU,3
WN7 2LW,7
WN7 2LX,2
WN7 2LY,3
WN7 2LZ,2
WN7 2NA,2
WN7 2ND,2
WN7 2NE,3
WN7 2NF,3
WN7 2NG,3
WN7 2NH,3
WN7 2NJ,3
WN7 2NL,3
WN7 2NN,3
WN7 2NP,2
WN7 2NQ,3
WN7 2NR,2
WN7 2NS,3
WN7 2NT,2
WN7 2NU,2
WN7 2NW,3
WN7 2NX,2
WN7 2NY,2
WN7 2PA,4
WN7 2PB,4
WN7 2PD,4
WN7 2PE,4
WN7 2PF,4
WN7 2PG,4
WN7 2PH,1
WN7 2PJ,4
WN7 2PL,4
WN7 2PN,4
WN7 2PQ,4
WN7 2PR,4
WN7 2PS,4
WN7 2PT,4
WN7 2PW,4
WN7 2RA,2
WN7 2RB,4
WN7 2RD,4
WN7 2RE,4
WN7 2RF,4
WN7 2RG,4
WN7 2RH,4
WN7 2RJ,4
WN7 2RL,4
WN7 2RN,4
WN7 2RP,4
WN7 2RQ,4
WN7 2RR,4
WN7 2RS,4
WN7 2RT,4
WN7 2RU,4
WN7 2RW,4
WN7 2RX,4
WN7 2RY,4
WN7 2TA,7
WN7 2TB,7
WN7 2TD,7
WN7 2TE,7
WN7 2TF,7
WN7 2TG,7
WN7 2TH,7
WN7 2TJ,7
WN7 2TL,7
WN7 2TN,7
WN7 2TP,1
WN7 2TR,2
WN7 2TS,2
WN7 2TW,1
WN7 2TX,2
WN7 2TY,2
WN7 2TZ,2
WN7 2UA,2
WN7 2UB,2
WN7 2UG,2
WN7 2UH,2
WN7 2UJ,2
WN7 2UL,2
WN7 2UN,2
WN7 2UP,1
WN7 2UQ,2
WN7 2UR,2
WN7 2UT,1
WN7 2UU,2
WN7 2UW,1
WN7 2UY,2
WN7 2UZ,2
WN7 2WA,1
WN7 2WS,1
WN7 2WT,1
WN7 2WU,1
WN7 2WW,1
WN7 2WX,1
WN7 2WY,1
WN7 2WZ,1
WN7 2XA,1
WN7 2XB,1
WN7 2XD,2
WN7 2XE,1
WN7 2XF,2
WN7 2XG,1
WN7 2XH,1
WN7 2XJ,1
WN7 2XL,1
WN7 2XN,1
WN7 2XQ,1
WN7 2XS,1
WN7 2XT,1
WN7 2XU,1
WN7 2XW,1
WN7 2XX,1
WN7 2XY,1
WN7 2XZ,1
WN7 2YD,1
WN7 2YE,1
WN7 2YF,1
WN7 2YG,1
WN7 2YH,1
WN7 2YJ,1
WN7 2YL,1
WN7 2YN,1
WN7 2YP,1
WN7 2YQ,1
WN7 2YR,1
WN7 2YS,1
WN7 2YT,1
WN7 2YW,1
WN7 2YX,1
WN7 2YY,1
WN7 2YZ,1
WN7 3AA,2
WN7 3AB,2
WN7 3AD,2
WN7 3AE,2
WN7 3AF,2
WN7 3AG,2
WN7 3AH,2
WN7 3AJ,2
WN7 3AL,2
WN7 3AN,2
WN7 3AP,2
WN7 3AQ,2
WN7 3AR,2
WN7 3AS,2
WN7 3AT,2
WN7 3AU,2
WN7 3AW,2
WN7 3AX,2
WN7 3AY,2
WN7 3AZ,2
WN7 3BA,2
WN7 3BB,1
WN7 3BD,2
WN7 3BE,2
WN7 3BF,3
WN7 3BG,3
WN7 3BH,3
WN7 3BJ,3
WN7 3BL,3
WN7 3BN,3
WN7 3BP,3
WN7 3BQ,3
WN7 3BS,6
WN7 3BT,6
WN7 3BU,3
WN7 3BW,3
WN7 3BX,6
WN7 3BY,6
WN7 3BZ,3
WN7 3DA,6
WN7 3DB,3
WN7 3DD,2
WN7 3DE,1
WN7 3DG,6
WN7 3DH,6
WN7 3DJ,6
WN7 3DL,6
WN7 3DN,6
WN7 3DP,6
WN7 3DQ,6
WN7 3DR,6
WN7 3DS,6
WN7 3DT,6
WN7 3DU,6
WN7 3DW,6
WN7 3DX,6
WN7 3DY,6
WN7 3DZ,6
WN7 3EA,6
WN7 3EB,2
WN7 3ED,6
WN7 3EE,6
WN7 3EF,6
WN7 3EG,6
WN7 3EH,2
WN7 3EJ,4
WN7 3EL,2
WN7 3EN,1
WN7 3EP,1
WN7 3EQ,2
WN7 3ER,1
WN7 3ES,1
WN7 3ET,1
WN7 3EU,1
WN7 3EW,1
WN7 3EX,2
WN7 3EY,1
WN7 3EZ,1
WN7 3FA,1
WN7 3FB,1
WN7 3FD,1
WN7 3FE,1
WN7 3FF,1
WN7 3FG,9
WN7 3FH,1
WN7 3FJ,9
WN7 3FL,9
WN7 3FN,9
WN7 3FP,1
WN7 3FQ,9
WN7 3FR,1
WN7 3FS,9
WN7 3FT,1
WN7 3FU,9
WN7 3FW,1
WN7 3FX,1
WN7 3FY,2
WN7 3GP,7
WN7 3GZ,9
WN7 3HA,1
WN7 3HB,1
WN7 3HD,1
WN7 3HE,2
WN7 3HF,1
WN7 3HG,1
WN7 3HH,1
WN7 3HJ,2
WN7 3HL,2
WN7 3HN,2
WN7 3HP,1
WN7 3HQ,2
WN7 3HR,1
WN7 3HS,1
WN7 3HT,1
WN7 3HU,1
WN7 3HW,9
WN7 3HX,1
WN7 3HY,9
WN7 3HZ,9
WN7 3JA,9
WN7 3JB,9
WN7 3JD,8
WN7 3JE,8
WN7 3JF,8
WN7 3JG,8
WN7 3JH,9
WN7 3JJ,9
WN7 3JL,9
WN7 3JN,9
WN7 3JP,9
WN7 3JQ,9
WN7 3JR,9
WN7 3JS,9
WN7 3JT,9
WN7 3JU,9
WN7 3JW,9
WN7 3JX,9
WN7 3JY,9
WN7 3JZ,9
WN7 3LA,9
WN7 3LB,9
WN7 3LD,1
WN7 3LE,9
WN7 3LF,9
WN7 3LG,1
WN7 3LH,9
WN7 3LJ,9
WN7 3LL,9
WN7 3LN,9
WN7 3LP,9
WN7 3LQ,1
WN7 3LR,9
WN7 3LS,9
WN7 3LT,9
WN7 3LU,8
WN7 3LW,9
WN7 3LX,9
WN7 3LY,9
WN7 3LZ,9
WN7 3NA,9
WN7 3NB,9
WN7 3ND,9
WN7 3NE,9
WN7 3NF,9
WN7 3NG,9
WN7 3NH,9
WN7 3NJ,9
WN7 3NL,9
WN7 3NN,9
WN7 3NP,9
WN7 3NQ,9
WN7 3NR,9
WN7 3NS,8
WN7 3NT,9
WN7 3NU,9
WN7 3NW,9
WN7 3NX,9
WN7 3NY,9
WN7 3NZ,9
WN7 3PA,7
WN7 3PB,8
WN7 3PD,7
WN7 3PE,7
WN7 3PF,7
WN7 3PG,7
WN7 3PH,8
WN7 3PJ,8
WN7 3PL,7
WN7 3PN,8
WN7 3PP,8
WN7 3PQ,7
WN7 3PR,7
WN7 3PS,8
WN7 3PT,8
WN7 3PU,8
WN7 3PW,8
WN7 3PX,8
WN7 3PY,8
WN7 3PZ,8
WN7 3QA,8
WN7 3QB,8
WN7 3QD,8
WN7 3QF,8
WN7 3QG,8
WN7 3QH,7
WN7 3QJ,7
WN7 3QL,7
WN7 3QN,7
WN7 3QP,7
WN7 3QQ,7
WN7 3QR,7
WN7 3QS,7
WN7 3QT,7
WN7 3QU,7
WN7 3QW,7
WN7 3QX,7
WN7 3QY,8
WN7 3QZ,9
WN7 3RA,9
WN7 3RB,9
WN7 3RT,9
WN7 3RU,9
WN7 3RW,9
WN7 3RX,9
WN7 3RY,9
WN7 3RZ,9
WN7 3SA,8
WN7 3SB,6
WN7 3SD,8
WN7 3SE,2
WN7 3SF,8
WN7 3TA,9
WN7 3TS,7
WN7 3TX,9
WN7 3UA,9
WN7 3UB,8
WN7 3UD,9
WN7 3UE,8
WN7 3UF,8
WN7 3UG,8
WN7 3UH,8
WN7 3UP,8
WN7 3UQ,8
WN7 3UR,8
WN7 3UZ,2
WN7 3WA,1
WN7 3WB,1
WN7 3WD,8
WN7 3WG,1
WN7 3WH,1
WN7 3WJ,1
WN7 3WL,1
WN7 3WN,1
WN7 3WP,1
WN7 3WQ,1
WN7 3WR,1
WN7 3WS,1
WN7 3WT,1
WN7 3WU,8
WN7 3WW,1
WN7 3WX,1
WN7 3WY,1
WN7 3WZ,8
WN7 3XA,2
WN7 3XB,2
WN7 3XD,2
WN7 3XE,6
WN7 3XF,2
WN7 3XG,6
WN7 3XH,2
WN7 3XJ,2
WN7 3XL,1
WN7 3XN,1
WN7 3XP,1
WN7 3XQ,2
WN7 3XR,1
WN7 3XT,2
WN7 3XZ,2
WN7 3ZS,1
WN7 4AA,1
WN7 4AB,1
WN7 4AD,1
WN7 4AE,1
WN7 4AF,1
WN7 4AG,1
WN7 4AH,2
WN7 4AJ,2
WN7 4AL,2
WN7 4AN,2
WN7 4AP,1
WN7 4AQ,2
WN7 4AR,1
WN7 4AS,1
WN7 4AT,1
WN7 4AU,1
WN7 4AW,1
WN7 4AX,1
WN7 4AY,1
WN7 4AZ,1
WN7 4BA,2
WN7 4BB,1
WN7 4BD,8
WN7 4BE,1
WN7 4BF,1
WN7 4BG,8
WN7 4BH,1
WN7 4BJ,1
WN7 4BL,8
WN7 4BN,8
WN7 4BP,1
WN7 4BQ,1
WN7 4BS,1
WN7 4BT,1
WN7 4BU,1
WN7 4BW,1
WN7 4BX,1
WN7 4BY,1
WN7 4BZ,1
WN7 4DA,1
WN7 4DB,1
WN7 4DD,1
WN7 4DE,1
WN7 4DF,1
WN7 4DG,1
WN7 4DH,1
WN7 4DJ,1
WN7 4DL,1
WN7 4DN,1
WN7 4DP,1
WN7 4DQ,1
WN7 4DR,1
WN7 4DS,1
WN7 4DT,1
WN7 4DU,1
WN7 4DW,1
WN7 4DX,2
WN7 4DY,1
WN7 4DZ,2
WN7 4EA,2
WN7 4EB,2
WN7 4ED,2
WN7 4EE,2
WN7 4EF,1
WN7 4EG,2
WN7 4EH,2
WN7 4EJ,1
WN7 4EL,2
WN7 4EN,1
WN7 4EP,2
WN7 4EQ,2
WN7 4ER,2
WN7 4ES,2
WN7 4ET,1
WN7 4EU,1
WN7 4EW,1
WN7 4EX,1
WN7 4EY,1
WN7 4EZ,1
WN7 4FA,1
WN7 4FB,1
WN7 4FD,1
WN7 4FE,1
WN7 4FF,1
WN7 4FG,1
WN7 4FH,1
WN7 4FJ,1
WN7 4FL,1
WN7 4FN,1
WN7 4FP,1
WN7 4FQ,1
WN7 4FR,2
WN7 4GW,8
WN7 4GX,8
WN7 4GY,8
WN7 4GZ,2
WN7 4HA,2
WN7 4HB,1
WN7 4HD,1
WN7 4HE,1
WN7 4HF,2
WN7 4HG,8
WN7 4HH,2
WN7 4HJ,2
WN7 4HL,2
WN7 4HN,2
WN7 4HP,8
WN7 4HQ,2
WN7 4HR,8
WN7 4HS,8
WN7 4HT,8
WN7 4HU,2
WN7 4HW,2
WN7 4HX,2
WN7 4HY,2
WN7 4HZ,8
WN7 4JA,2
WN7 4JB,2
WN7 4JD,8
WN7 4JE,2
WN7 4JF,8
WN7 4JG,2
WN7 4JH,2
WN7 4JJ,2
WN7 4JL,2
WN7 4JN,8
WN7 4JP,8
WN7 4JQ,2
WN7 4JR,2
WN7 4JS,8
WN7 4JT,2
WN7 4JU,2
WN7 4JW,2
WN7 4JX,2
WN7 4JY,8
WN7 4JZ,8
WN7 4LA,2
WN7 4LB,2
WN7 4LD,2
WN7 4LE,2
WN7 4LF,2
WN7 4LG,1
WN7 4LH,2
WN7 4LJ,2
WN7 4LL,2
WN7 4LN,1
WN7 4LP,2
WN7 4LQ,2
WN7 4LR,1
WN7 4LS,1
WN7 4LT,2
WN7 4LU,2
WN7 4LW,2
WN7 4LX,2
WN7 4LY,2
WN7 4LZ,2
WN7 4NA,2
WN7 4NB,2
WN7 4ND,2
WN7 4NE,2
WN7 4NF,2
WN7 4NG,2
WN7 4NH,2
WN7 4NL,2
WN7 4NP,2
WN7 4NQ,2
WN7 4NR,2
WN7 4NS,2
WN7 4NT,2
WN7 4NW,2
WN7 4NY,2
WN7 4NZ,2
WN7 4PA,2
WN7 4PB,2
WN7 4PD,2
WN7 4PE,2
WN7 4PF,4
WN7 4PG,2
WN7 4PP,1
WN7 4PR,1
WN7 4PS,1
WN7 4PT,1
WN7 4PU,1
WN7 4PX,1
WN7 4PY,1
WN7 4QA,1
WN7 4QB,1
WN7 4QD,1
WN7 4QE,1
WN7 4QF,1
WN7 4QG,3
WN7 4QH,1
WN7 4QJ,3
WN7 4QL,3
WN7 4QN,3
WN7 4QP,3
WN7 4QQ,3
WN7 4QR,3
WN7 4QS,3
WN7 4QT,3
WN7 4QU,3
WN7 4QW,3
WN7 4QX,3
WN7 4QY,3
WN7 4QZ,3
WN7 4RA,1
WN7 4RB,1
WN7 4RD,1
WN7 4RE,1
WN7 4RF,1
WN7 4RG,1
WN7 4RH,1
WN7 4RJ,1
WN7 4RL,1
WN7 4RN,1
WN7 4RP,1
WN7 4RQ,1
WN7 4RR,1
WN7 4RS,1
WN7 4RY,1
WN7 4RZ,1
WN7 4SA,1
WN7 4SB,1
WN7 4SD,3
WN7 4SE,1
WN7 4SF,1
WN7 4SG,3
WN7 4SH,3
WN7 4SJ,3
WN7 4SL,1
WN7 4SN,1
WN7 4SP,1
WN7 4SQ,3
WN7 4SR,1
WN7 4SS,1
WN7 4ST,1
WN7 4SU,3
WN7 4SW,1
WN7 4SX,3
WN7 4SY,3
WN7 4SZ,1
WN7 4TA,3
WN7 4TB,3
WN7 4TD,3
WN7 4TE,3
WN7 4TF,1
WN7 4TG,3
WN7 4TH,3
WN7 4TJ,3
WN7 4TL,3
WN7 4TN,3
WN7 4TP,3
WN7 4TQ,3
WN7 4TR,3
WN7 4TS,1
WN7 4TT,3
WN7 4TU,3
WN7 4TW,1
WN7 4TX,3
WN7 4TY,3
WN7 4TZ,3
WN7 4UA,1
WN7 4UB,1
WN7 4UD,1
WN7 4UE,1
WN7 4UF,3
WN7 4UG,1
WN7 4UH,1
WN7 4UJ,3
WN7 4UL,1
WN7 4UN,1
WN7 4UP,1
WN7 4UQ,1
WN7 4UR,1
WN7 4WA,1
WN7 4WQ,1
WN7 4WR,1
WN7 4WS,1
WN7 4WT,1
WN7 4WU,1
WN7 4WW,1
WN7 4WX,1
WN7 4WY,1
WN7 4WZ,1
WN7 4XA,1
WN7 4XB,1
WN7 4XD,1
WN7 4XE,1
WN7 4XF,1
WN7 4XG,1
WN7 4XQ,1
WN7 4YA,1
WN7 4YZ,1
WN7 5AA,2
WN7 5AB,1
WN7 5AD,2
WN7 5AE,2
WN7 5AF,2
WN7 5AG,1
WN7 5AH,2
WN7 5AJ,1
WN7 5AL,1
WN7 5AN,1
WN7 5AP,3
WN7 5AQ,1
WN7 5AR,1
WN7 5AS,1
WN7 5AT,1
WN7 5AU,1
WN7 5AW,1
WN7 5AX,1
WN7 5AY,1
WN7 5AZ,2
WN7 5BA,1
WN7 5BB,2
WN7 5BD,2
WN7 5BE,2
WN7 5BG,1
WN7 5BH,1
WN7 5BJ,1
WN7 5BL,1
WN7 5BN,1
WN7 5BP,3
WN7 5BQ,1
WN7 5BS,2
WN7 5BT,2
WN7 5BU,2
WN7 5BW,1
WN7 5BX,2
WN7 5BY,2
WN7 5BZ,1
WN7 5DD,1
WN7 5DE,1
WN7 5DF,2
WN7 5DG,2
WN7 5DH,2
WN7 5DJ,2
WN7 5DL,2
WN7 5DN,2
WN7 5DP,2
WN7 5DQ,2
WN7 5DR,1
WN7 5DS,1
WN7 5DT,1
WN7 5DU,1
WN7 5DW,2
WN7 5DX,1
WN7 5DY,1
WN7 5DZ,2
WN7 5EA,1
WN7 5EB,1
WN7 5ED,1
WN7 5EE,1
WN7 5EF,1
WN7 5EG,1
WN7 5EH,1
WN7 5EJ,1
WN7 5EL,2
WN7 5EN,1
WN7 5EP,1
WN7 5EQ,1
WN7 5ES,2
WN7 5ET,2
WN7 5EU,1
WN7 5EW,1
WN7 5EX,1
WN7 5EY,2
WN7 5EZ,2
WN7 5FA,1
WN7 5FB,1
WN7 5FD,2
WN7 5FE,2
WN7 5FF,2
WN7 5FG,2
WN7 5FH,2
WN7 5FJ,1
WN7 5FL,2
WN7 5FN,1
WN7 5FP,2
WN7 5FQ,2
WN7 5GW,2
WN7 5GX,2
WN7 5GY,2
WN7 5GZ,2
WN7 5HA,2
WN7 5HB,1
WN7 5HD,1
WN7 5HE,2
WN7 5HF,2
WN7 5HG,2
WN7 5HH,2
WN7 5HJ,2
WN7 5HL,3
WN7 5HN,2
WN7 5HP,2
WN7 5HQ,2
WN7 5HR,2
WN7 5HS,2
WN7 5HT,2
WN7 5HU,2
WN7 5HW,2
WN7 5HX,3
WN7 5HY,3
WN7 5HZ,3
WN7 5JA,3
WN7 5JB,3
WN7 5JD,1
WN7 5JE,1
WN7 5JF,3
WN7 5JG,1
WN7 5JH,1
WN7 5JJ,1
WN7 5JL,1
WN7 5JN,3
WN7 5JP,3
WN7 5JQ,1
WN7 5JR,3
WN7 5JS,3
WN7 5JT,3
WN7 5JU,3
WN7 5JW,1
WN7 5JX,2
WN7 5JY,1
WN7 5JZ,2
WN7 5LA,2
WN7 5LB,1
WN7 5LD,1
WN7 5LE,2
WN7 5LF,2
WN7 5LG,1
WN7 5LH,2
WN7 5LJ,2
WN7 5LL,2
WN7 5LN,1
WN7 5LP,2
WN7 5LQ,1
WN7 5LR,2
WN7 5LS,3
WN7 5LT,2
WN7 5LU,3
WN7 5LW,1
WN7 5LX,2
WN7 5LY,3
WN7 5LZ,2
WN7 5NA,2
WN7 5NB,2
WN7 5ND,1
WN7 5NE,1
WN7 5NF,1
WN7 5NG,3
WN7 5NH,3
WN7 5NJ,3
WN7 5NL,3
WN7 5NN,3
WN7 5NP,3
WN7 5NQ,3
WN7 5NR,3
WN7 5NS,2
WN7 5NT,2
WN7 5NU,2
WN7 5NW,3
WN7 5NX,3
WN7 5NY,3
WN7 5NZ,3
WN7 5PA,2
WN7 5PB,2
WN7 5PD,3
WN7 5PE,3
WN7 5PF,3
WN7 5PG,3
WN7 5PH,3
WN7 5PJ,3
WN7 5PL,3
WN7 5PN,3
WN7 5PP,8
WN7 5PQ,3
WN7 5PR,2
WN7 5PS,2
WN7 5PT,8
WN7 5PU,8
WN7 5PW,8
WN7 5PX,8
WN7 5PY,8
WN7 5PZ,8
WN7 5QA,8
WN7 5QB,3
WN7 5QD,3
WN7 5QE,8
WN7 5QF,8
WN7 5QG,8
WN7 5QH,3
WN7 5QJ,1
WN7 5QL,3
WN7 5QN,1
WN7 5QP,3
WN7 5QQ,3
WN7 5QR,1
WN7 5QS,1
WN7 5QT,1
WN7 5QU,1
WN7 5QW,3
WN7 5QX,1
WN7 5QY,1
WN7 5QZ,1
WN7 5RA,1
WN7 5RB,1
WN7 5RD,1
WN7 5RE,5
WN7 5RF,1
WN7 5RG,1
WN7 5RH,1
WN7 5RJ,1
WN7 5RL,1
WN7 5RN,1
WN7 5RP,1
WN7 5RQ,1
WN7 5RR,1
WN7 5RS,1
WN7 5RT,1
WN7 5RU,1
WN7 5RW,1
WN7 5RX,1
WN7 5RY,1
WN7 5RZ,1
WN7 5SA,3
WN7 5SB,1
WN7 5SD,1
WN7 5SE,1
WN7 5SF,1
WN7 5SG,1
WN7 5SH,1
WN7 5SJ,1
WN7 5SL,1
WN7 5SN,1
WN7 5SP,1
WN7 5SQ,3
WN7 5SR,3
WN7 5SS,1
WN7 5ST,1
WN7 5SU,1
WN7 5SW,3
WN7 5SX,5
WN7 5SY,2
WN7 5SZ,5
WN7 5TA,5
WN7 5TB,8
WN7 5TD,8
WN7 5TE,7
WN7 5TF,8
WN7 5TG,8
WN7 5TH,3
WN7 5TJ,2
WN7 5TL,1
WN7 5TQ,8
WN7 5WS,1
WN7 5WT,1
WN7 5WU,1
WN7 5WW,1
WN7 5WX,1
WN7 5WY,1
WN7 5WZ,1
WN7 5XA,1
WN7 5XB,1
WN7 5XD,1
WN7 5XE,1
WN7 5YZ,1
WN7 9AA,
WN7 9AB,
WN7 9AD,
WN7 9AE,
WN7 9AF,
WN7 9AG,1
WN7 9AH,1
WN7 9AJ,
WN7 9AL,
WN7 9AN,
WN7 9AP,
WN7 9AQ,1
WN7 9AR,
WN7 9AT,
WN7 9AU,
WN7 9AW,1
WN7 9AX,1
WN7 9AY,1
WN7 9AZ,1
WN7 9BA,1
WN7 9BB,1
WN7 9BD,1
WN7 9BF,1
WN7 9BG,1
WN7 9BH,1
WN7 9BJ,1
WN7 9BL,1
WN7 9BN,1
WN7 9BQ,1
WN7 9BR,1
WN7 9BS,1
WN7 9BT,1
WN7 9BU,1
WN8 0AA,6
WN8 0AB,6
WN8 0AD,9
WN8 0AE,9
WN8 0AF,9
WN8 0AG,3
WN8 0AH,3
WN8 0AJ,3
WN8 0AL,9
WN8 0AN,9
WN8 0AP,9
WN8 0AQ,3
WN8 0AR,6
WN8 0AS,6
WN8 0AT,6
WN8 0AU,9
WN8 0AW,9
WN8 0AX,6
WN8 0AY,6
WN8 0AZ,6
WN8 0BA,6
WN8 0BB,6
WN8 0BD,6
WN8 0BE,9
WN8 0BF,3
WN8 0BG,9
WN8 0BH,9
WN8 0BJ,9
WN8 0BL,9
WN8 0BN,9
WN8 0BP,9
WN8 0BQ,9
WN8 0BS,9
WN8 0BT,8
WN8 0DA,6
WN8 0DB,6
WN8 0DD,6
WN8 0DE,6
WN8 0DQ,9
WN8 0DR,9
WN8 0DS,9
WN8 0DT,7
WN8 0DU,9
WN8 0DW,7
WN8 0DX,9
WN8 0DY,9
WN8 0DZ,7
WN8 0EF,2
WN8 0EN,8
WN8 0EP,8
WN8 0ER,8
WN8 0EW,8
WN8 0FA,2
WN8 0FB,2
WN8 0FD,3
WN8 0FE,3
WN8 0GS,8
WN8 0HA,9
WN8 0HB,9
WN8 0HD,9
WN8 0HE,9
WN8 0HF,9
WN8 0HG,9
WN8 0HH,8
WN8 0HJ,3
WN8 0HL,8
WN8 0HN,8
WN8 0HP,3
WN8 0HQ,9
WN8 0HR,3
WN8 0HS,3
WN8 0HT,3
WN8 0HU,3
WN8 0HW,8
WN8 0HX,3
WN8 0HY,3
WN8 0HZ,3
WN8 0JA,3
WN8 0JB,3
WN8 0JD,3
WN8 0JE,3
WN8 0JF,3
WN8 0JG,3
WN8 0JH,3
WN8 0JJ,3
WN8 0JL,3
WN8 0JN,3
WN8 0JP,3
WN8 0LD,7
WN8 0LE,3
WN8 0LF,9
WN8 0LG,8
WN8 0LH,8
WN8 0LJ,8
WN8 0LL,7
WN8 0LN,7
WN8 0LP,7
WN8 0LR,7
WN8 0LS,7
WN8 0LT,7
WN8 0LU,7
WN8 0LW,7
WN8 0ND,7
WN8 0NE,7
WN8 0NF,7
WN8 0NG,7
WN8 0NH,7
WN8 0NJ,7
WN8 0NL,7
WN8 0NN,7
WN8 0NP,7
WN8 0NQ,7
WN8 0NR,7
WN8 0NS,7
WN8 0NT,7
WN8 0NU,7
WN8 0NW,7
WN8 0NX,7
WN8 0NY,7
WN8 0NZ,7
WN8 0PA,9
WN8 0PB,9
WN8 0PD,9
WN8 0PE,9
WN8 0PF,9
WN8 0PG,7
WN8 0PJ,8
WN8 0PT,8
WN8 0PY,8
WN8 0PZ,8
WN8 0QB,8
WN8 0QD,8
WN8 0QE,8
WN8 0QF,8
WN8 0QG,8
WN8 0QH,8
WN8 0QP,8
WN8 0QQ,8
WN8 0QR,8
WN8 0QS,8
WN8 0QT,8
WN8 0QY,8
WN8 0QZ,7
WN8 0RR,6
WN8 0SX,8
WN8 0SY,8
WN8 0SZ,8
WN8 0WA,2
WN8 0WS,2
WN8 0WT,2
WN8 0WU,2
WN8 0WW,2
WN8 0WX,2
WN8 0WY,2
WN8 0WZ,8
WN8 0XA,2
WN8 0XB,2
WN8 0XD,2
WN8 0YZ,2
WN8 1AA,2
WN8 1AB,
WN8 1AD,2
WN8 1AE,
WN8 1AF,
WN8 1AH,2
WN8 1AJ,2
WN8 1AL,
WN8 1AN,
WN8 1AP,2
WN8 1AQ,
WN8 1AR,
WN8 1AS,
WN8 1AT,
WN8 1AU,2
WN8 1AW,2
WN8 1AX,
WN8 1AY,2
WN8 1AZ,2
WN8 1BA,2
WN8 1BB,2
WN8 1BD,2
WN8 1BE,2
WN8 1BF,2
WN8 1BG,2
WN8 1BH,2
WN8 1BJ,2
WN8 1BL,2
WN8 1BN,2
WN8 1BP,2
WN8 1BQ,2
WN8 1BR,2
WN8 1BS,2
WN8 1BT,2
WN8 1BU,2
WN8 1BW,2
WN8 1BX,2
WN8 1BY,2
WN8 1BZ,2
WN8 1HH,
WN8 6AA,1
WN8 6AB,1
WN8 6AD,1
WN8 6AE,1
WN8 6AF,1
WN8 6AG,2
WN8 6AH,1
WN8 6AJ,2
WN8 6AL,1
WN8 6AN,1
WN8 6AP,1
WN8 6AQ,2
WN8 6AR,1
WN8 6AS,2
WN8 6AT,2
WN8 6AU,2
WN8 6AW,1
WN8 6AX,2
WN8 6AY,2
WN8 6AZ,2
WN8 6BA,2
WN8 6BB,1
WN8 6BD,2
WN8 6BE,1
WN8 6BF,1
WN8 6BG,1
WN8 6BH,1
WN8 6BJ,1
WN8 6BL,1
WN8 6BN,1
WN8 6BP,1
WN8 6BQ,1
WN8 6BS,1
WN8 6BT,1
WN8 6BU,1
WN8 6BW,2
WN8 6BX,1
WN8 6BY,1
WN8 6BZ,1
WN8 6DA,1
WN8 6DB,1
WN8 6DD,1
WN8 6DE,1
WN8 6DF,1
WN8 6DG,2
WN8 6DH,2
WN8 6DJ,2
WN8 6DL,2
WN8 6DN,2
WN8 6DP,2
WN8 6DQ,2
WN8 6DR,2
WN8 6DS,1
WN8 6DT,1
WN8 6DU,1
WN8 6DW,2
WN8 6DX,2
WN8 6DY,3
WN8 6DZ,9
WN8 6EA,1
WN8 6EB,1
WN8 6ED,1
WN8 6EE,3
WN8 6EF,3
WN8 6EG,3
WN8 6EH,1
WN8 6EJ,1
WN8 6EL,1
WN8 6EN,2
WN8 6EP,2
WN8 6EQ,3
WN8 6ER,2
WN8 6ES,2
WN8 6EU,9
WN8 6EW,9
WN8 6EX,9
WN8 6EY,9
WN8 6EZ,9
WN8 6FA,2
WN8 6FB,2
WN8 6FD,2
WN8 6FE,2
WN8 6FF,2
WN8 6FG,2
WN8 6FH,2
WN8 6FJ,2
WN8 6FL,2
WN8 6FN,2
WN8 6FP,2
WN8 6FQ,2
WN8 6FR,2
WN8 6FS,2
WN8 6FT,2
WN8 6FU,2
WN8 6FW,2
WN8 6FX,2
WN8 6FY,2
WN8 6FZ,2
WN8 6GA,2
WN8 6GB,2
WN8 6GD,2
WN8 6GE,2
WN8 6GF,2
WN8 6GG,2
WN8 6GH,2
WN8 6GJ,2
WN8 6GL,2
WN8 6GN,2
WN8 6GP,2
WN8 6GQ,2
WN8 6GR,2
WN8 6GS,2
WN8 6GT,2
WN8 6GU,2
WN8 6GX,9
WN8 6GY,2
WN8 6GZ,2
WN8 6HA,1
WN8 6HB,1
WN8 6HD,1
WN8 6HE,1
WN8 6HF,3
WN8 6HG,2
WN8 6HH,2
WN8 6HJ,1
WN8 6JA,2
WN8 6JB,2
WN8 6JD,2
WN8 6JE,2
WN8 6JF,2
WN8 6JG,2
WN8 6JH,2
WN8 6JJ,1
WN8 6JL,2
WN8 6JN,5
WN8 6JP,2
WN8 6JQ,2
WN8 6JR,5
WN8 6JS,2
WN8 6JT,2
WN8 6JU,2
WN8 6JW,5
WN8 6JX,2
WN8 6JY,2
WN8 6JZ,2
WN8 6LA,2
WN8 6LB,1
WN8 6LD,1
WN8 6LE,1
WN8 6LF,1
WN8 6LG,2
WN8 6LH,2
WN8 6LJ,1
WN8 6LL,1
WN8 6LN,1
WN8 6LP,2
WN8 6LQ,1
WN8 6LR,2
WN8 6LS,1
WN8 6LT,2
WN8 6LU,1
WN8 6LW,2
WN8 6LX,1
WN8 6LY,1
WN8 6LZ,2
WN8 6NA,1
WN8 6NB,1
WN8 6ND,1
WN8 6NE,1
WN8 6NF,1
WN8 6NG,1
WN8 6NH,2
WN8 6NJ,1
WN8 6NL,2
WN8 6NN,1
WN8 6NP,2
WN8 6NQ,1
WN8 6NR,1
WN8 6NS,1
WN8 6NT,1
WN8 6NU,1
WN8 6NW,1
WN8 6NX,1
WN8 6NY,1
WN8 6NZ,2
WN8 6PA,1
WN8 6PB,1
WN8 6PD,1
WN8 6PE,1
WN8 6PF,1
WN8 6PG,2
WN8 6PH,1
WN8 6PJ,9
WN8 6PL,1
WN8 6PN,1
WN8 6PP,9
WN8 6PQ,2
WN8 6PR,9
WN8 6PS,9
WN8 6PT,9
WN8 6PU,9
WN8 6PW,2
WN8 6PX,9
WN8 6PY,1
WN8 6PZ,1
WN8 6QA,1
WN8 6QB,2
WN8 6QD,1
WN8 6QE,1
WN8 6QF,1
WN8 6QG,2
WN8 6QH,2
WN8 6QJ,9
WN8 6QL,2
WN8 6QN,9
WN8 6QP,3
WN8 6QQ,2
WN8 6QR,9
WN8 6QS,3
WN8 6QT,2
WN8 6QU,2
WN8 6QW,9
WN8 6QX,2
WN8 6QY,2
WN8 6QZ,2
WN8 6RA,2
WN8 6RB,2
WN8 6RD,2
WN8 6RE,2
WN8 6RF,2
WN8 6RG,2
WN8 6RH,2
WN8 6RJ,9
WN8 6RL,2
WN8 6RN,2
WN8 6RP,2
WN8 6RQ,2
WN8 6RR,2
WN8 6RS,2
WN8 6RT,9
WN8 6RU,9
WN8 6RW,2
WN8 6RX,9
WN8 6RY,2
WN8 6RZ,2
WN8 6SA,2
WN8 6SB,2
WN8 6SD,9
WN8 6SE,2
WN8 6SF,9
WN8 6SG,1
WN8 6SH,9
WN8 6SJ,9
WN8 6SL,9
WN8 6SN,9
WN8 6SP,9
WN8 6SQ,9
WN8 6SR,9
WN8 6SS,3
WN8 6ST,9
WN8 6SU,3
WN8 6SW,9
WN8 6SX,9
WN8 6SY,9
WN8 6SZ,9
WN8 6TA,9
WN8 6TB,9
WN8 6TD,9
WN8 6TE,3
WN8 6TF,3
WN8 6TG,3
WN8 6TH,3
WN8 6TJ,3
WN8 6TL,3
WN8 6TN,9
WN8 6TP,2
WN8 6TQ,3
WN8 6TR,2
WN8 6TS,3
WN8 6TT,3
WN8 6TU,2
WN8 6TW,3
WN8 6TX,2
WN8 6TY,2
WN8 6TZ,2
WN8 6UA,3
WN8 6UB,2
WN8 6UD,9
WN8 6UE,9
WN8 6UF,9
WN8 6UG,9
WN8 6UH,3
WN8 6UJ,3
WN8 6UL,3
WN8 6UN,3
WN8 6UP,3
WN8 6UQ,3
WN8 6UR,3
WN8 6US,9
WN8 6UT,9
WN8 6UU,9
WN8 6UW,9
WN8 6UX,9
WN8 6UY,9
WN8 6UZ,9
WN8 6WA,2
WN8 6WB,2
WN8 6WD,2
WN8 6WE,2
WN8 6WF,2
WN8 6WG,2
WN8 6WH,2
WN8 6WJ,2
WN8 6WL,2
WN8 6WN,2
WN8 6WP,2
WN8 6WQ,2
WN8 6WR,2
WN8 6WS,2
WN8 6WT,2
WN8 6WU,2
WN8 6WW,2
WN8 6WY,2
WN8 6WZ,2
WN8 6XD,2
WN8 6XH,2
WN8 6XJ,5
WN8 6XL,5
WN8 6XN,3
WN8 6XP,7
WN8 6XR,2
WN8 6XS,9
WN8 6XT,2
WN8 6XU,2
WN8 6XW,9
WN8 6XX,2
WN8 6XY,2
WN8 6XZ,2
WN8 6YA,2
WN8 6YB,9
WN8 6YD,3
WN8 6ZU,9
WN8 6ZW,9
WN8 6ZY,9
WN8 7AA,10
WN8 7AB,10
WN8 7AD,10
WN8 7AE,9
WN8 7AF,10
WN8 7AG,10
WN8 7AL,9
WN8 7AN,9
WN8 7AP,9
WN8 7AQ,10
WN8 7AR,9
WN8 7AS,9
WN8 7AW,9
WN8 7BA,9
WN8 7BB,9
WN8 7BD,9
WN8 7BE,9
WN8 7BF,9
WN8 7DA,9
WN8 7DB,9
WN8 7DD,9
WN8 7DE,9
WN8 7DG,9
WN8 7DH,9
WN8 7DJ,9
WN8 7DL,9
WN8 7DN,9
WN8 7DP,9
WN8 7DQ,10
WN8 7DR,9
WN8 7DS,9
WN8 7DT,9
WN8 7DU,9
WN8 7EA,9
WN8 7EB,10
WN8 7ED,10
WN8 7EE,10
WN8 7EF,2
WN8 7EG,10
WN8 7FA,9
WN8 7FB,9
WN8 7FD,9
WN8 7FE,2
WN8 7FF,2
WN8 7FG,2
WN8 7FH,2
WN8 7GX,2
WN8 7GY,9
WN8 7GZ,2
WN8 7HA,10
WN8 7HB,10
WN8 7HD,10
WN8 7HE,10
WN8 7HF,10
WN8 7HG,10
WN8 7HH,10
WN8 7HP,10
WN8 7HQ,10
WN8 7HR,10
WN8 7HS,10
WN8 7HT,10
WN8 7HX,10
WN8 7HY,10
WN8 7HZ,9
WN8 7JA,10
WN8 7JH,10
WN8 7JJ,10
WN8 7JL,10
WN8 7JN,10
WN8 7LA,7
WN8 7LB,7
WN8 7LD,7
WN8 7LF,9
WN8 7LH,7
WN8 7LJ,7
WN8 7LL,7
WN8 7LN,7
WN8 7LW,7
WN8 7LY,7
WN8 7LZ,7
WN8 7NA,7
WN8 7NB,7
WN8 7ND,7
WN8 7NE,7
WN8 7NF,7
WN8 7NG,7
WN8 7NH,9
WN8 7NJ,9
WN8 7NL,9
WN8 7NN,9
WN8 7NP,9
WN8 7NQ,9
WN8 7NS,9
WN8 7NT,9
WN8 7NU,9
WN8 7NW,9
WN8 7PA,9
WN8 7PB,9
WN8 7PD,9
WN8 7PE,9
WN8 7PF,9
WN8 7PG,9
WN8 7PH,9
WN8 7PJ,9
WN8 7PQ,9
WN8 7PZ,9
WN8 7RA,10
WN8 7RB,10
WN8 7RD,10
WN8 7RE,10
WN8 7RF,10
WN8 7RH,10
WN8 7RJ,10
WN8 7RP,10
WN8 7RR,10
WN8 7RS,10
WN8 7RT,10
WN8 7RU,10
WN8 7RX,10
WN8 7RY,10
WN8 7RZ,8
WN8 7SD,7
WN8 7SE,9
WN8 7SF,7
WN8 7SH,9
WN8 7TA,10
WN8 7TG,10
WN8 7TH,10
WN8 7TN,9
WN8 7TQ,10
WN8 7TS,10
WN8 7TT,7
WN8 7TU,7
WN8 7TW,10
WN8 7UA,7
WN8 7UB,7
WN8 7UG,7
WN8 7UH,7
WN8 7UN,7
WN8 7UQ,7
WN8 7UT,7
WN8 7UU,7
WN8 7UW,7
WN8 7UX,7
WN8 7UY,7
WN8 7UZ,7
WN8 7WQ,2
WN8 7WR,2
WN8 7WS,2
WN8 7WT,2
WN8 7WU,2
WN8 7WW,7
WN8 7WX,2
WN8 7WY,2
WN8 7WZ,2
WN8 7XA,7
WN8 7XB,7
WN8 7XD,7
WN8 7XE,7
WN8 7XF,7
WN8 8AA,5
WN8 8AB,2
WN8 8AD,2
WN8 8AE,2
WN8 8AF,2
WN8 8AG,4
WN8 8AH,2
WN8 8AJ,4
WN8 8AL,4
WN8 8AN,4
WN8 8AP,4
WN8 8AQ,4
WN8 8AR,2
WN8 8AS,5
WN8 8AT,4
WN8 8AU,4
WN8 8AW,4
WN8 8AX,5
WN8 8AY,5
WN8 8AZ,4
WN8 8BA,4
WN8 8BB,4
WN8 8BD,2
WN8 8BE,4
WN8 8BF,4
WN8 8BG,4
WN8 8BH,4
WN8 8BJ,4
WN8 8BL,4
WN8 8BN,4
WN8 8BP,4
WN8 8BQ,4
WN8 8BS,4
WN8 8BT,5
WN8 8BU,5
WN8 8BW,4
WN8 8BX,4
WN8 8BY,5
WN8 8BZ,4
WN8 8DA,5
WN8 8DB,5
WN8 8DE,2
WN8 8DF,4
WN8 8DG,4
WN8 8DH,2
WN8 8DJ,4
WN8 8DL,4
WN8 8DN,4
WN8 8DP,4
WN8 8DQ,2
WN8 8DR,4
WN8 8DS,2
WN8 8DT,2
WN8 8DU,2
WN8 8DW,2
WN8 8DY,5
WN8 8DZ,5
WN8 8EA,5
WN8 8EB,5
WN8 8ED,5
WN8 8EE,5
WN8 8EF,5
WN8 8EG,5
WN8 8EH,4
WN8 8EJ,4
WN8 8EL,4
WN8 8EN,4
WN8 8EP,2
WN8 8EQ,5
WN8 8ER,2
WN8 8ES,2
WN8 8ET,2
WN8 8EU,2
WN8 8EW,2
WN8 8EX,4
WN8 8EY,2
WN8 8EZ,2
WN8 8FA,2
WN8 8FB,2
WN8 8FD,2
WN8 8FE,2
WN8 8FF,2
WN8 8FG,2
WN8 8FH,2
WN8 8FJ,2
WN8 8FL,2
WN8 8FN,2
WN8 8FP,2
WN8 8FQ,2
WN8 8FR,2
WN8 8FS,2
WN8 8FT,2
WN8 8FU,2
WN8 8FW,2
WN8 8FX,2
WN8 8FY,2
WN8 8FZ,2
WN8 8GA,2
WN8 8GB,2
WN8 8GD,2
WN8 8HA,4
WN8 8HB,5
WN8 8HD,2
WN8 8HE,5
WN8 8HF,5
WN8 8HG,2
WN8 8HH,2
WN8 8HJ,2
WN8 8HL,2
WN8 8HN,2
WN8 8HP,5
WN8 8HQ,2
WN8 8HR,5
WN8 8HS,5
WN8 8HT,5
WN8 8HU,5
WN8 8HW,5
WN8 8HX,5
WN8 8HY,5
WN8 8HZ,5
WN8 8JA,5
WN8 8JB,5
WN8 8JD,5
WN8 8JE,5
WN8 8JF,5
WN8 8JG,2
WN8 8JH,2
WN8 8JJ,5
WN8 8JL,5
WN8 8JQ,5
WN8 8JX,5
WN8 8JZ,5
WN8 8LA,5
WN8 8LB,5
WN8 8LE,5
WN8 8LF,5
WN8 8LH,5
WN8 8LJ,5
WN8 8LL,5
WN8 8LN,5
WN8 8LP,5
WN8 8LQ,5
WN8 8LR,2
WN8 8LW,5
WN8 8NA,2
WN8 8NB,2
WN8 8ND,2
WN8 8NE,4
WN8 8NF,4
WN8 8NG,2
WN8 8NH,2
WN8 8NJ,2
WN8 8NL,2
WN8 8NN,2
WN8 8NP,2
WN8 8NQ,2
WN8 8NR,2
WN8 8NS,2
WN8 8NT,2
WN8 8NU,2
WN8 8NW,2
WN8 8NX,2
WN8 8NY,2
WN8 8NZ,2
WN8 8PA,4
WN8 8PB,4
WN8 8PD,4
WN8 8PE,4
WN8 8PF,4
WN8 8PG,4
WN8 8PH,2
WN8 8PJ,2
WN8 8PL,2
WN8 8PN,2
WN8 8PP,2
WN8 8PQ,4
WN8 8PR,2
WN8 8PS,2
WN8 8PT,2
WN8 8PU,2
WN8 8PW,2
WN8 8PX,2
WN8 8PY,2
WN8 8PZ,4
WN8 8QA,5
WN8 8QB,2
WN8 8QD,2
WN8 8QE,2
WN8 8QF,2
WN8 8QG,5
WN8 8QH,2
WN8 8QJ,2
WN8 8QL,5
WN8 8QN,2
WN8 8QP,5
WN8 8QQ,5
WN8 8QR,5
WN8 8QS,5
WN8 8QT,5
WN8 8QU,5
WN8 8QW,2
WN8 8QX,5
WN8 8QY,5
WN8 8QZ,5
WN8 8RA,5
WN8 8RB,5
WN8 8RD,5
WN8 8RE,2
WN8 8RH,5
WN8 8RJ,5
WN8 8RL,5
WN8 8RN,5
WN8 8RP,5
WN8 8RR,5
WN8 8RW,2
WN8 8TA,5
WN8 8TL,5
WN8 8TP,5
WN8 8TR,5
WN8 8TS,5
WN8 8TT,5
WN8 8TU,5
WN8 8TX,5
WN8 8TY,5
WN8 8TZ,5
WN8 8UE,5
WN8 8UH,5
WN8 8UJ,5
WN8 8UN,5
WN8 8UP,5
WN8 8UT,5
WN8 8UY,5
WN8 8UZ,5
WN8 8WH,2
WN8 8WJ,2
WN8 8WL,2
WN8 8WN,2
WN8 8WP,2
WN8 8WQ,2
WN8 8WR,2
WN8 8WS,2
WN8 8WT,2
WN8 8WU,2
WN8 8WW,2
WN8 8WX,2
WN8 8WY,2
WN8 8WZ,5
WN8 8XA,2
WN8 8XB,2
WN8 8XD,2
WN8 8YZ,2
WN8 8ZD,5
WN8 9AA,3
WN8 9AB,3
WN8 9AD,3
WN8 9AE,3
WN8 9AF,3
WN8 9AG,3
WN8 9AH,3
WN8 9AJ,3
WN8 9AL,1
WN8 9AN,1
WN8 9AP,1
WN8 9AQ,3
WN8 9AR,3
WN8 9AS,3
WN8 9AT,6
WN8 9AU,1
WN8 9AW,1
WN8 9AX,1
WN8 9AY,3
WN8 9AZ,1
WN8 9BA,1
WN8 9BB,1
WN8 9BD,3
WN8 9BE,3
WN8 9BF,1
WN8 9BG,3
WN8 9BH,1
WN8 9BJ,1
WN8 9BL,1
WN8 9BN,1
WN8 9BP,3
WN8 9BQ,3
WN8 9BS,1
WN8 9BT,1
WN8 9BU,1
WN8 9BW,1
WN8 9BX,3
WN8 9BY,3
WN8 9BZ,1
WN8 9DA,6
WN8 9DB,2
WN8 9DD,3
WN8 9DE,3
WN8 9DH,2
WN8 9DJ,2
WN8 9DL,1
WN8 9DN,1
WN8 9DP,2
WN8 9DR,2
WN8 9DS,2
WN8 9DT,2
WN8 9DU,2
WN8 9DW,2
WN8 9DX,2
WN8 9DY,2
WN8 9DZ,2
WN8 9EA,3
WN8 9EB,3
WN8 9ED,3
WN8 9EF,2
WN8 9EG,3
WN8 9EN,1
WN8 9EP,1
WN8 9ER,1
WN8 9ES,1
WN8 9ET,1
WN8 9EU,1
WN8 9EW,1
WN8 9EX,1
WN8 9EY,1
WN8 9EZ,1
WN8 9FA,1
WN8 9FB,1
WN8 9FD,1
WN8 9FE,1
WN8 9FF,1
WN8 9FG,1
WN8 9FH,2
WN8 9FJ,1
WN8 9FL,2
WN8 9FN,1
WN8 9FP,2
WN8 9FQ,2
WN8 9FR,1
WN8 9FS,2
WN8 9FW,2
WN8 9GZ,1
WN8 9HA,1
WN8 9HB,1
WN8 9HD,1
WN8 9HE,1
WN8 9HF,1
WN8 9HG,1
WN8 9HH,1
WN8 9HJ,1
WN8 9HL,1
WN8 9HN,1
WN8 9HP,1
WN8 9HQ,1
WN8 9HR,1
WN8 9HS,1
WN8 9HT,1
WN8 9HW,1
WN8 9HY,1
WN8 9HZ,1
WN8 9JA,1
WN8 9JB,1
WN8 9JD,2
WN8 9JE,2
WN8 9JN,3
WN8 9JP,2
WN8 9JR,3
WN8 9JS,3
WN8 9JT,3
WN8 9JU,3
WN8 9JW,3
WN8 9JX,3
WN8 9JY,3
WN8 9JZ,3
WN8 9LA,3
WN8 9LL,1
WN8 9LN,1
WN8 9LP,1
WN8 9LR,1
WN8 9LS,1
WN8 9LT,1
WN8 9LU,1
WN8 9LX,1
WN8 9LY,1
WN8 9LZ,1
WN8 9NA,1
WN8 9NB,1
WN8 9ND,1
WN8 9NE,1
WN8 9NF,1
WN8 9NG,3
WN8 9NH,3
WN8 9NJ,3
WN8 9NL,3
WN8 9NN,3
WN8 9NP,3
WN8 9NQ,3
WN8 9NR,3
WN8 9NS,3
WN8 9NT,3
WN8 9NU,1
WN8 9PA,6
WN8 9PB,6
WN8 9PD,6
WN8 9PE,6
WN8 9PF,6
WN8 9PG,6
WN8 9PH,6
WN8 9PJ,2
WN8 9PL,6
WN8 9PN,6
WN8 9PP,6
WN8 9PQ,6
WN8 9PR,6
WN8 9PS,6
WN8 9PT,6
WN8 9PU,6
WN8 9PW,6
WN8 9PX,6
WN8 9PY,6
WN8 9PZ,4
WN8 9QA,6
WN8 9QB,6
WN8 9QD,6
WN8 9QE,6
WN8 9QF,6
WN8 9QG,6
WN8 9QH,6
WN8 9QJ,6
WN8 9QL,6
WN8 9QN,7
WN8 9QP,6
WN8 9QQ,6
WN8 9QR,6
WN8 9QS,6
WN8 9QT,6
WN8 9QU,6
WN8 9QW,1
WN8 9QX,6
WN8 9QY,6
WN8 9QZ,6
WN8 9RA,6
WN8 9RB,6
WN8 9RD,6
WN8 9RN,6
WN8 9SA,2
WN8 9SB,2
WN8 9SD,2
WN8 9SF,4
WN8 9SG,4
WN8 9SH,4
WN8 9SJ,4
WN8 9SL,4
WN8 9SP,4
WN8 9SR,4
WN8 9SS,4
WN8 9SU,4
WN8 9SX,4
WN8 9SY,4
WN8 9SZ,2
WN8 9TA,2
WN8 9TB,2
WN8 9TD,4
WN8 9TF,1
WN8 9TG,4
WN8 9TH,4
WN8 9TJ,4
WN8 9TL,4
WN8 9TN,4
WN8 9TP,6
WN8 9TQ,4
WN8 9TR,2
WN8 9TS,2
WN8 9TT,2
WN8 9TU,2
WN8 9TW,4
WN8 9TX,2
WN8 9TY,2
WN8 9TZ,2
WN8 9UA,2
WN8 9UB,2
WN8 9UD,2
WN8 9UE,2
WN8 9UF,2
WN8 9UH,2
WN8 9UJ,2
WN8 9UL,2
WN8 9UN,2
WN8 9UP,2
WN8 9UQ,4
WN8 9UT,2
WN8 9UU,2
WN8 9UW,2
WN8 9WA,2
WN8 9WJ,2
WN8 9WL,2
WN8 9WN,2
WN8 9WP,2
WN8 9WQ,2
WN8 9WR,2
WN8 9WS,2
WN8 9WT,2
WN8 9WU,2
WN8 9WW,2
WN8 9WX,2
WN8 9WY,2
WN8 9WZ,2
WN8 9XA,2
WN8 9XB,2
WN8 9ZP,2
WN8 9ZQ,2
WN8 9ZR,2
WN8 9ZS,2
WN8 9ZT,2
