ZE1 0NA,
ZE1 0NB,
ZE1 0ND,
ZE1 0NE,
ZE1 0NF,
ZE1 0NG,
ZE1 0NH,
ZE1 0NJ,
ZE1 0NL,
ZE1 0NN,
ZE1 0NP,
ZE1 0NQ,
ZE1 0NR,
ZE1 0NS,
ZE1 0NT,
ZE1 0NU,
ZE1 0NW,
ZE1 0NX,
ZE1 0NY,
ZE1 0NZ,
ZE1 0PA,
ZE1 0PB,
ZE1 0PD,
ZE1 0PE,
ZE1 0PF,
ZE1 0PG,
ZE1 0PH,
ZE1 0PJ,
ZE1 0PL,
ZE1 0PN,
ZE1 0PP,
ZE1 0PQ,
ZE1 0PR,
ZE1 0PS,
ZE1 0PT,
ZE1 0PU,
ZE1 0PW,
ZE1 0PX,
ZE1 0PY,
ZE1 0PZ,
ZE1 0QA,
ZE1 0QB,
ZE1 0QD,
ZE1 0QE,
ZE1 0QF,
ZE1 0QG,
ZE1 0QH,
ZE1 0QJ,
ZE1 0QL,
ZE1 0QN,
ZE1 0QP,
ZE1 0QQ,
ZE1 0QR,
ZE1 0QS,
ZE1 0QT,
ZE1 0QU,
ZE1 0QW,
ZE1 0QX,
ZE1 0QY,
ZE1 0QZ,
ZE1 0RA,
ZE1 0RB,
ZE1 0RD,
ZE1 0RE,
ZE1 0RF,
ZE1 0RG,
ZE1 0RH,
ZE1 0RJ,
ZE1 0RL,
ZE1 0RN,
ZE1 0RP,
ZE1 0RQ,
ZE1 0RR,
ZE1 0RS,
ZE1 0RT,
ZE1 0RU,
ZE1 0RW,
ZE1 0RX,
ZE1 0RY,
ZE1 0RZ,
ZE1 0SA,
ZE1 0SB,
ZE1 0SD,
ZE1 0SE,
ZE1 0SF,
ZE1 0SG,
ZE1 0SH,
ZE1 0SJ,
ZE1 0SL,
ZE1 0SN,
ZE1 0SP,
ZE1 0SQ,
ZE1 0SR,
ZE1 0SS,
ZE1 0ST,
ZE1 0SU,
ZE1 0SW,
ZE1 0SX,
ZE1 0SY,
ZE1 0SZ,
ZE1 0TA,
ZE1 0TB,
ZE1 0TD,
ZE1 0TE,
ZE1 0TF,
ZE1 0TG,
ZE1 0TH,
ZE1 0TJ,
ZE1 0TL,
ZE1 0TN,
ZE1 0TP,
ZE1 0TQ,
ZE1 0TR,
ZE1 0TS,
ZE1 0TT,
ZE1 0TU,
ZE1 0TW,
ZE1 0TX,
ZE1 0TY,
ZE1 0TZ,
ZE1 0UA,
ZE1 0UB,
ZE1 0UD,
ZE1 0UE,
ZE1 0UF,
ZE1 0UG,
ZE1 0UH,
ZE1 0UJ,
ZE1 0UL,
ZE1 0UN,
ZE1 0UP,
ZE1 0UQ,
ZE1 0UR,
ZE1 0US,
ZE1 0UT,
ZE1 0UU,
ZE1 0UW,
ZE1 0UX,
ZE1 0UY,
ZE1 0UZ,
ZE1 0WA,
ZE1 0WB,
ZE1 0WD,
ZE1 0WG,
ZE1 0WH,
ZE1 0WJ,
ZE1 0WL,
ZE1 0WN,
ZE1 0WP,
ZE1 0WQ,
ZE1 0WS,
ZE1 0WT,
ZE1 0WU,
ZE1 0WW,
ZE1 0WX,
ZE1 0WY,
ZE1 0WZ,
ZE1 0XA,
ZE1 0XB,
ZE1 0XD,
ZE1 0XE,
ZE1 0XF,
ZE1 0XG,
ZE1 0XH,
ZE1 0XJ,
ZE1 0XL,
ZE1 0XN,
ZE1 0XP,
ZE1 0XQ,
ZE1 0XR,
ZE1 0XS,
ZE1 0XT,
ZE1 0XU,
ZE1 0XW,
ZE1 0XX,
ZE1 0XY,
ZE1 0XZ,
ZE1 0YA,
ZE1 0YB,
ZE1 0YD,
ZE1 0YE,
ZE1 0YF,
ZE1 0YG,
ZE1 0YH,
ZE1 0YJ,
ZE1 0YL,
ZE1 0YN,
ZE1 0YP,
ZE1 0YQ,
ZE1 0YR,
ZE1 0YS,
ZE1 0YT,
ZE1 0YU,
ZE1 0YW,
ZE1 0YX,
ZE1 0ZB,
ZE1 0ZD,
ZE1 0ZE,
ZE1 0ZF,
ZE1 0ZG,
ZE1 0ZH,
ZE1 0ZJ,
ZE1 0ZQ,
ZE1 9AA,
ZE1 9AB,
ZE1 9BA,
ZE1 9BB,
ZE1 9SA,
ZE1 9SB,
ZE1 9SD,
ZE1 9SE,
ZE1 9SF,
ZE1 9SG,
ZE1 9SH,
ZE1 9SJ,
ZE1 9SL,
ZE1 9SN,
ZE1 9SP,
ZE1 9SQ,
ZE1 9SR,
ZE1 9SS,
ZE1 9ST,
ZE1 9SU,
ZE1 9SW,
ZE1 9SX,
ZE1 9SY,
ZE1 9SZ,
ZE1 9TA,
ZE1 9TB,
ZE1 9ZZ,
ZE2 9AA,
ZE2 9AB,
ZE2 9AD,
ZE2 9AE,
ZE2 9AF,
ZE2 9AG,
ZE2 9AH,
ZE2 9AJ,
ZE2 9AL,
ZE2 9AN,
ZE2 9AP,
ZE2 9AQ,
ZE2 9AR,
ZE2 9AS,
ZE2 9AT,
ZE2 9AU,
ZE2 9AW,
ZE2 9AX,
ZE2 9AY,
ZE2 9AZ,
ZE2 9BA,
ZE2 9BB,
ZE2 9BD,
ZE2 9BE,
ZE2 9BF,
ZE2 9BG,
ZE2 9BH,
ZE2 9BJ,
ZE2 9BL,
ZE2 9BN,
ZE2 9BP,
ZE2 9BQ,
ZE2 9BS,
ZE2 9BT,
ZE2 9BU,
ZE2 9BW,
ZE2 9BX,
ZE2 9BY,
ZE2 9BZ,
ZE2 9DA,
ZE2 9DB,
ZE2 9DD,
ZE2 9DE,
ZE2 9DF,
ZE2 9DG,
ZE2 9DH,
ZE2 9DJ,
ZE2 9DL,
ZE2 9DN,
ZE2 9DP,
ZE2 9DQ,
ZE2 9DR,
ZE2 9DS,
ZE2 9DT,
ZE2 9DU,
ZE2 9DW,
ZE2 9DX,
ZE2 9DY,
ZE2 9DZ,
ZE2 9EA,
ZE2 9EB,
ZE2 9ED,
ZE2 9EE,
ZE2 9EF,
ZE2 9EG,
ZE2 9EH,
ZE2 9EJ,
ZE2 9EL,
ZE2 9EN,
ZE2 9EP,
ZE2 9EQ,
ZE2 9ER,
ZE2 9ES,
ZE2 9ET,
ZE2 9EU,
ZE2 9EW,
ZE2 9EX,
ZE2 9EY,
ZE2 9EZ,
ZE2 9FA,
ZE2 9FB,
ZE2 9FD,
ZE2 9FE,
ZE2 9FG,
ZE2 9FJ,
ZE2 9FL,
ZE2 9FN,
ZE2 9FP,
ZE2 9FQ,
ZE2 9GA,
ZE2 9GB,
ZE2 9GD,
ZE2 9GE,
ZE2 9GF,
ZE2 9GG,
ZE2 9GH,
ZE2 9GJ,
ZE2 9GL,
ZE2 9GW,
ZE2 9GY,
ZE2 9GZ,
ZE2 9HA,
ZE2 9HB,
ZE2 9HD,
ZE2 9HE,
ZE2 9HF,
ZE2 9HG,
ZE2 9HH,
ZE2 9HJ,
ZE2 9HL,
ZE2 9HN,
ZE2 9HP,
ZE2 9HQ,
ZE2 9HR,
ZE2 9HS,
ZE2 9HT,
ZE2 9HU,
ZE2 9HW,
ZE2 9HX,
ZE2 9HY,
ZE2 9HZ,
ZE2 9JA,
ZE2 9JB,
ZE2 9JD,
ZE2 9JE,
ZE2 9JF,
ZE2 9JG,
ZE2 9JH,
ZE2 9JJ,
ZE2 9JL,
ZE2 9JN,
ZE2 9JP,
ZE2 9JQ,
ZE2 9JR,
ZE2 9JS,
ZE2 9JT,
ZE2 9JU,
ZE2 9JW,
ZE2 9JX,
ZE2 9JY,
ZE2 9JZ,
ZE2 9LA,
ZE2 9LB,
ZE2 9LD,
ZE2 9LE,
ZE2 9LF,
ZE2 9LG,
ZE2 9LH,
ZE2 9LJ,
ZE2 9LL,
ZE2 9LN,
ZE2 9LP,
ZE2 9LQ,
ZE2 9LR,
ZE2 9LS,
ZE2 9LT,
ZE2 9LU,
ZE2 9LW,
ZE2 9LX,
ZE2 9LY,
ZE2 9LZ,
ZE2 9NA,
ZE2 9NB,
ZE2 9ND,
ZE2 9NE,
ZE2 9NF,
ZE2 9NG,
ZE2 9NH,
ZE2 9NJ,
ZE2 9NL,
ZE2 9NN,
ZE2 9NP,
ZE2 9NQ,
ZE2 9NR,
ZE2 9NS,
ZE2 9NT,
ZE2 9NU,
ZE2 9NW,
ZE2 9NX,
ZE2 9NY,
ZE2 9NZ,
ZE2 9PA,
ZE2 9PB,
ZE2 9PD,
ZE2 9PE,
ZE2 9PF,
ZE2 9PG,
ZE2 9PH,
ZE2 9PJ,
ZE2 9PL,
ZE2 9PN,
ZE2 9PP,
ZE2 9PQ,
ZE2 9PR,
ZE2 9PS,
ZE2 9PT,
ZE2 9PU,
ZE2 9PW,
ZE2 9PX,
ZE2 9PY,
ZE2 9PZ,
ZE2 9QA,
ZE2 9QB,
ZE2 9QD,
ZE2 9QE,
ZE2 9QF,
ZE2 9QG,
ZE2 9QH,
ZE2 9QJ,
ZE2 9QL,
ZE2 9QN,
ZE2 9QP,
ZE2 9QQ,
ZE2 9QR,
ZE2 9QS,
ZE2 9QT,
ZE2 9QU,
ZE2 9QW,
ZE2 9QX,
ZE2 9QY,
ZE2 9QZ,
ZE2 9RA,
ZE2 9RB,
ZE2 9RD,
ZE2 9RE,
ZE2 9RF,
ZE2 9RG,
ZE2 9RH,
ZE2 9RJ,
ZE2 9RL,
ZE2 9RN,
ZE2 9RP,
ZE2 9RQ,
ZE2 9RR,
ZE2 9RS,
ZE2 9RT,
ZE2 9RU,
ZE2 9RW,
ZE2 9RX,
ZE2 9RY,
ZE2 9RZ,
ZE2 9SA,
ZE2 9SB,
ZE2 9SD,
ZE2 9SE,
ZE2 9SF,
ZE2 9SG,
ZE2 9SH,
ZE2 9SJ,
ZE2 9SL,
ZE2 9SN,
ZE2 9SP,
ZE2 9SQ,
ZE2 9SR,
ZE2 9SS,
ZE2 9ST,
ZE2 9SU,
ZE2 9SW,
ZE2 9SX,
ZE2 9SY,
ZE2 9SZ,
ZE2 9TA,
ZE2 9TB,
ZE2 9TD,
ZE2 9TE,
ZE2 9TF,
ZE2 9TG,
ZE2 9TH,
ZE2 9TJ,
ZE2 9TL,
ZE2 9TN,
ZE2 9TP,
ZE2 9TQ,
ZE2 9TR,
ZE2 9TS,
ZE2 9TT,
ZE2 9TU,
ZE2 9TW,
ZE2 9TX,
ZE2 9TY,
ZE2 9TZ,
ZE2 9UA,
ZE2 9UB,
ZE2 9UD,
ZE2 9UE,
ZE2 9UF,
ZE2 9UG,
ZE2 9UH,
ZE2 9UJ,
ZE2 9UL,
ZE2 9UN,
ZE2 9UP,
ZE2 9UQ,
ZE2 9UR,
ZE2 9US,
ZE2 9UT,
ZE2 9UU,
ZE2 9UW,
ZE2 9UX,
ZE2 9UY,
ZE2 9UZ,
ZE2 9WF,
ZE2 9WG,
ZE2 9WH,
ZE2 9WJ,
ZE2 9WL,
ZE2 9WN,
ZE2 9WW,
ZE2 9WX,
ZE2 9WY,
ZE2 9WZ,
ZE2 9XA,
ZE2 9XB,
ZE2 9XF,
ZE2 9XG,
ZE2 9XH,
ZE2 9XJ,
ZE2 9XL,
ZE2 9XN,
ZE2 9XP,
ZE2 9XQ,
ZE2 9XR,
ZE2 9XS,
ZE2 9XT,
ZE2 9XU,
ZE2 9XW,
ZE2 9XX,
ZE2 9YA,
ZE2 9YB,
ZE2 9YD,
ZE2 9YE,
ZE2 9YF,
ZE2 9YG,
ZE2 9YH,
ZE2 9YJ,
ZE2 9YL,
ZE2 9YN,
ZE2 9YP,
ZE2 9YQ,
ZE2 9YR,
ZE2 9YZ,
ZE2 9ZG,
ZE3 9JJ,
ZE3 9JL,
ZE3 9JN,
ZE3 9JP,
ZE3 9JR,
ZE3 9JS,
ZE3 9JT,
ZE3 9JU,
ZE3 9JW,
ZE3 9JX,
ZE3 9JY,
ZE3 9JZ,
ZE3 9XP,
ZE1 0AA,
ZE1 0AB,
ZE1 0AD,
ZE1 0AE,
ZE1 0AF,
ZE1 0AG,
ZE1 0AH,
ZE1 0AJ,
ZE1 0AL,
ZE1 0AN,
ZE1 0AP,
ZE1 0AQ,
ZE1 0AR,
ZE1 0AS,
ZE1 0AT,
ZE1 0AU,
ZE1 0AW,
ZE1 0AX,
ZE1 0AY,
ZE1 0AZ,
ZE1 0BA,
ZE1 0BB,
ZE1 0BD,
ZE1 0BE,
ZE1 0BF,
ZE1 0BG,
ZE1 0BH,
ZE1 0BJ,
ZE1 0BL,
ZE1 0BN,
ZE1 0BP,
ZE1 0BQ,
ZE1 0BR,
ZE1 0BS,
ZE1 0BT,
ZE1 0BU,
ZE1 0BW,
ZE1 0BX,
ZE1 0BY,
ZE1 0BZ,
ZE1 0DA,
ZE1 0DB,
ZE1 0DD,
ZE1 0DE,
ZE1 0DF,
ZE1 0DG,
ZE1 0DH,
ZE1 0DJ,
ZE1 0DL,
ZE1 0DN,
ZE1 0DP,
ZE1 0DQ,
ZE1 0DR,
ZE1 0DS,
ZE1 0DT,
ZE1 0DU,
ZE1 0DW,
ZE1 0DX,
ZE1 0DY,
ZE1 0DZ,
ZE1 0EA,
ZE1 0EB,
ZE1 0ED,
ZE1 0EE,
ZE1 0EF,
ZE1 0EG,
ZE1 0EH,
ZE1 0EJ,
ZE1 0EL,
ZE1 0EN,
ZE1 0EP,
ZE1 0EQ,
ZE1 0ER,
ZE1 0ES,
ZE1 0ET,
ZE1 0EU,
ZE1 0EW,
ZE1 0EX,
ZE1 0EY,
ZE1 0EZ,
ZE1 0FA,
ZE1 0FB,
ZE1 0FD,
ZE1 0FE,
ZE1 0FG,
ZE1 0FL,
ZE1 0FN,
ZE1 0GA,
ZE1 0GB,
ZE1 0GD,
ZE1 0GE,
ZE1 0GF,
ZE1 0GG,
ZE1 0GH,
ZE1 0GJ,
ZE1 0GN,
ZE1 0GQ,
ZE1 0GR,
ZE1 0GS,
ZE1 0GT,
ZE1 0GU,
ZE1 0GY,
ZE1 0GZ,
ZE1 0HA,
ZE1 0HB,
ZE1 0HD,
ZE1 0HE,
ZE1 0HF,
ZE1 0HG,
ZE1 0HH,
ZE1 0HJ,
ZE1 0HL,
ZE1 0HN,
ZE1 0HP,
ZE1 0HQ,
ZE1 0HR,
ZE1 0HS,
ZE1 0HT,
ZE1 0HU,
ZE1 0HW,
ZE1 0HX,
ZE1 0HY,
ZE1 0HZ,
ZE1 0JA,
ZE1 0JB,
ZE1 0JD,
ZE1 0JE,
ZE1 0JF,
ZE1 0JG,
ZE1 0JH,
ZE1 0JJ,
ZE1 0JL,
ZE1 0JN,
ZE1 0JP,
ZE1 0JQ,
ZE1 0JR,
ZE1 0JS,
ZE1 0JT,
ZE1 0JU,
ZE1 0JW,
ZE1 0JX,
ZE1 0JY,
ZE1 0JZ,
ZE1 0LA,
ZE1 0LB,
ZE1 0LD,
ZE1 0LE,
ZE1 0LF,
ZE1 0LG,
ZE1 0LH,
ZE1 0LJ,
ZE1 0LL,
ZE1 0LN,
ZE1 0LP,
ZE1 0LQ,
ZE1 0LR,
ZE1 0LS,
ZE1 0LT,
ZE1 0LU,
ZE1 0LW,
ZE1 0LX,
ZE1 0LY,
ZE1 0LZ,
